Sample time,AE_POWER(kW),DG_1_POWER(GByte),DG_2_POWER(GByte),DG_3_POWER(GByte),GE162(kW),GE163(A),GE164,GE262(kW),GE263(A),GE264,GE362(kW),GE363(A),GE364,HEADING(degree),LAT-DEG(degree),LAT-MIN(min),LAT-NS,LONG-DEG(degree),LONG-EW,LONG-MIN(min),SPEED(knots),Unnamed: 22,LATITUDE(DD),LONGITUDE(DD)
2025-12-22 00:05:00,994.26013,1532,749.0,1449.0,498.31974,758.73257,0.84615,498.8005,775.72575,0.82607,0.0,0.0,0.0,100.7,53.0,32.0,78.0,9.0,69.0,52.0,0.0,Idle,53.53333333333333,9.866666666666667
2025-12-22 00:10:00,999.20759,1532,749.0,1449.0,499.21968,761.42917,0.84495,499.25221,777.28562,0.82617,0.0,0.0,0.0,100.7,53.0,32.0,78.0,9.0,69.0,52.0,0.0,Idle,53.53333333333333,9.866666666666667
2025-12-22 00:15:00,1005.29188,1532,749.0,1449.0,500.9184,762.34723,0.85022,505.52525,782.55602,0.83107,0.0,0.0,0.0,100.8,53.0,32.0,78.0,9.0,69.0,52.0,0.0,Idle,53.53333333333333,9.866666666666667
2025-12-22 00:20:00,1004.55207,1532,749.0,1449.0,495.99293,757.45565,0.84708,504.92735,781.37768,0.82703,0.0,0.0,0.0,100.88922,53.0,32.0,78.0,9.0,69.0,52.0,0.0,Idle,53.53333333333333,9.866666666666667
2025-12-22 00:25:00,1001.91443,1532,749.0,1449.0,498.96877,762.93218,0.84326,502.05524,780.02228,0.82838,0.0,0.0,0.0,101.0,53.0,32.0,78.0,9.0,69.0,52.0,0.0,Idle,53.53333333333333,9.866666666666667
2025-12-22 00:30:00,1001.34875,1532,749.0,1449.0,500.32708,764.00568,0.84542,495.86797,772.30261,0.82558,0.0,0.0,0.0,100.9233,53.0,32.0,78.0,9.0,69.0,52.0,0.0,Idle,53.53333333333333,9.866666666666667
2025-12-22 00:35:00,989.34058,1532,749.0,1449.0,495.74587,756.15878,0.84624,492.46686,768.97176,0.82143,0.0,0.0,0.0,100.8,53.0,32.0,78.0,9.0,69.0,52.0,0.0,Idle,53.53333333333333,9.866666666666667
2025-12-22 00:40:00,999.8331,1532,749.0,1449.0,497.83574,760.99634,0.84231,503.35997,781.81525,0.82676,0.0,0.0,0.0,100.81377,53.0,32.0,78.0,9.0,69.0,52.0,0.0,Idle,53.53333333333333,9.866666666666667
2025-12-22 00:45:00,1000.58889,1532,749.0,1449.0,496.18793,757.9025,0.84461,502.86532,780.38444,0.82889,0.0,0.0,0.0,100.9,53.0,32.0,78.0,9.0,69.0,52.0,0.0,Idle,53.53333333333333,9.866666666666667
2025-12-22 00:50:00,993.09593,1532,749.0,1449.0,494.98578,756.73373,0.84559,500.7622,777.56545,0.82686,0.0,0.0,0.0,100.9,53.0,32.0,78.0,9.0,69.0,52.0,0.0,Idle,53.53333333333333,9.866666666666667
2025-12-22 00:55:00,1006.99379,1532,749.0,1449.0,503.54381,768.16843,0.84648,503.06174,781.36953,0.82737,0.0,0.0,0.0,100.9,53.0,32.0,78.0,9.0,69.0,52.0,0.0,Idle,53.53333333333333,9.866666666666667
2025-12-22 01:00:00,1004.34506,1532,749.0,1449.0,507.13373,771.14324,0.84727,502.07078,780.57784,0.82872,0.0,0.0,0.0,100.96785,53.0,32.0,78.0,9.0,69.0,52.0,0.0,Idle,53.53333333333333,9.866666666666667
2025-12-22 01:05:00,993.78349,1532,749.0,1449.0,497.18127,759.17858,0.84357,497.22831,773.76202,0.8283,0.0,0.0,0.0,101.03416,53.0,32.0,78.0,9.0,69.0,52.0,0.0,Idle,53.53333333333333,9.866666666666667
2025-12-22 01:10:00,997.1453,1532,749.0,1449.0,493.99071,756.81146,0.83974,502.51692,778.35007,0.83004,0.0,0.0,0.0,101.12486,53.0,32.0,78.0,9.0,69.0,52.0,0.0,Idle,53.53333333333333,9.866666666666667
2025-12-22 01:15:00,994.68799,1532,749.0,1449.0,495.74917,758.53828,0.84066,500.75404,776.81466,0.82818,0.0,0.0,0.0,101.3,53.0,32.0,78.0,9.0,69.0,52.0,0.0,Idle,53.53333333333333,9.866666666666667
2025-12-22 01:20:00,1000.76244,1532,749.0,1449.0,495.13924,757.90095,0.8429,504.18171,779.60396,0.82905,0.0,0.0,0.0,101.33435,53.0,32.0,78.0,9.0,69.0,52.0,0.0,Idle,53.53333333333333,9.866666666666667
2025-12-22 01:25:00,1001.88744,1532,749.0,1449.0,500.59582,764.51538,0.84528,505.43634,783.73657,0.83,0.0,0.0,0.0,101.4,53.0,32.0,78.0,9.0,69.0,52.0,0.0,Idle,53.53333333333333,9.866666666666667
2025-12-22 01:30:00,1008.41981,1532.45875,749.0,1449.0,505.03381,768.11297,0.84657,500.91417,777.44866,0.82781,0.0,0.0,0.0,101.33002,53.0,32.0,78.0,9.0,69.0,52.0,0.0,Idle,53.53333333333333,9.866666666666667
2025-12-22 01:35:00,1008.35042,1533,749.0,1449.0,502.54357,766.56638,0.84244,507.10338,786.79131,0.82907,0.0,0.0,0.0,100.90544,53.0,32.0,78.0,9.0,69.0,52.0,0.0,Idle,53.53333333333333,9.866666666666667
2025-12-22 01:40:00,1004.99022,1533,749.0,1449.0,500.73416,763.29464,0.84698,506.86871,783.07092,0.83002,0.0,0.0,0.0,100.73766,53.0,32.0,78.0,9.0,69.0,52.0,0.0,Idle,53.53333333333333,9.866666666666667
2025-12-22 01:45:00,1003.25214,1533,749.0,1449.0,504.34402,767.72635,0.84691,499.60149,775.09638,0.82844,0.0,0.0,0.0,100.61018,53.0,32.0,78.0,9.0,69.0,52.0,0.0,Idle,53.53333333333333,9.866666666666667
2025-12-22 01:50:00,997.88622,1533,749.74904,1449.0,499.15994,762.41297,0.84532,501.71933,778.19112,0.82893,0.0,0.0,0.0,100.50858,53.0,32.0,78.0,9.0,69.0,52.0,0.0,Idle,53.53333333333333,9.866666666666667
2025-12-22 01:55:00,1002.10299,1533,750.0,1449.0,500.4771,764.39055,0.84347,501.91218,777.46234,0.82898,0.0,0.0,0.0,100.57668,53.0,32.0,78.0,9.0,69.0,52.0,0.0,Idle,53.53333333333333,9.866666666666667
2025-12-22 02:00:00,1003.93591,1533,750.0,1449.0,501.62377,766.54335,0.84287,503.04039,780.05623,0.83,0.0,0.0,0.0,100.68737,53.0,32.0,78.0,9.0,69.0,52.0,0.0,Idle,53.53333333333333,9.866666666666667
2025-12-22 02:05:00,1011.6578,1533,750.0,1449.0,504.99473,770.56322,0.84481,508.26175,786.45673,0.82857,0.0,0.0,0.0,100.84671,53.0,32.0,78.0,9.0,69.0,52.0,0.0,Idle,53.53333333333333,9.866666666666667
2025-12-22 02:10:00,1000.6693,1533,750.0,1449.0,501.48339,765.05884,0.84698,501.99024,777.87721,0.82702,0.0,0.0,0.0,101.00831,53.0,32.0,78.0,9.0,69.0,52.0,0.0,Idle,53.53333333333333,9.866666666666667
2025-12-22 02:15:00,1014.48722,1533,750.0,1449.0,504.34084,770.33365,0.84497,507.76956,785.04144,0.83218,0.0,0.0,0.0,101.31358,53.0,32.0,78.0,9.0,69.0,52.0,0.0,Idle,53.53333333333333,9.866666666666667
2025-12-22 02:20:00,1039.48704,1533,750.0,1449.0,523.14411,793.93487,0.84719,517.45208,801.16881,0.82904,0.0,0.0,0.0,101.4,53.0,32.0,78.0,9.0,69.0,52.0,0.0,Idle,53.53333333333333,9.866666666666667
2025-12-22 02:25:00,1049.61063,1533,750.0,1449.0,526.49985,798.86959,0.84889,523.1909,808.31309,0.8356,0.0,0.0,0.0,101.32371,53.0,32.0,78.0,9.0,69.0,52.0,0.0,Idle,53.53333333333333,9.866666666666667
2025-12-22 02:30:00,1027.80063,1533,750.0,1449.0,514.62494,782.99256,0.84514,513.53489,794.26369,0.82825,0.0,0.0,0.0,101.23311,53.0,32.0,78.0,9.0,69.0,52.0,0.0,Idle,53.53333333333333,9.866666666666667
2025-12-22 02:35:00,1016.23438,1533,750.0,1449.0,507.99117,773.94784,0.84673,509.8293,789.53471,0.8314,0.0,0.0,0.0,100.92717,53.0,32.0,78.0,9.0,69.0,52.0,0.0,Idle,53.53333333333333,9.866666666666667
2025-12-22 02:40:00,1009.04197,1533,750.0,1449.0,506.44285,769.3228,0.84936,506.35505,784.78701,0.82648,0.0,0.0,0.0,100.81244,53.0,32.0,78.0,9.0,69.0,52.0,0.0,Idle,53.53333333333333,9.866666666666667
2025-12-22 02:45:00,1005.58517,1533,750.0,1449.0,502.99845,764.78967,0.84664,504.11297,782.26348,0.82806,0.0,0.0,0.0,100.74565,53.0,32.0,78.0,9.0,69.0,52.0,0.0,Idle,53.53333333333333,9.866666666666667
2025-12-22 02:50:00,1013.61106,1533,750.0,1449.0,508.26072,772.53545,0.84866,507.35304,784.53625,0.83247,0.0,0.0,0.0,100.7,53.0,32.0,78.0,9.0,69.0,52.0,0.0,Idle,53.53333333333333,9.866666666666667
2025-12-22 02:55:00,1012.82562,1533,750.0,1449.0,507.27298,769.61128,0.84953,506.2674,783.96218,0.82994,0.0,0.0,0.0,100.8,53.0,32.0,78.0,9.0,69.0,52.0,0.0,Idle,53.53333333333333,9.866666666666667
2025-12-22 03:00:00,1003.57397,1533,750.0,1449.0,502.12471,763.18614,0.84778,498.55414,776.46869,0.82476,0.0,0.0,0.0,100.87987,53.0,32.0,78.0,9.0,69.0,52.0,0.0,Idle,53.53333333333333,9.866666666666667
2025-12-22 03:05:00,1068.65495,1533,750.0,1449.0,533.87062,807.55675,0.85038,533.65716,822.8141,0.83174,0.0,0.0,0.0,100.97047,53.0,32.0,78.0,9.0,69.0,52.0,0.0,Idle,53.53333333333333,9.866666666666667
2025-12-22 03:10:00,1001.98802,1533,750.0,1449.0,499.73875,762.65483,0.84385,499.27082,778.83016,0.82196,0.0,0.0,0.0,101.07299,53.0,32.0,78.0,9.0,69.0,52.0,0.0,Idle,53.53333333333333,9.866666666666667
2025-12-22 03:15:00,971.88925,1533,750.0,1449.0,485.34789,743.52361,0.83859,485.3072,758.23687,0.82295,0.0,0.0,0.0,101.25485,53.0,32.0,78.0,9.0,69.0,52.0,0.0,Idle,53.53333333333333,9.866666666666667
2025-12-22 03:20:00,984.1245,1533,750.0,1449.0,490.78686,751.21363,0.84041,493.37879,768.8281,0.82351,0.0,0.0,0.0,101.3,53.0,32.0,78.0,9.0,69.0,52.0,0.0,Idle,53.53333333333333,9.866666666666667
2025-12-22 03:25:00,987.80202,1533,750.0,1449.0,494.83669,757.04838,0.83996,494.77921,771.52458,0.82204,0.0,0.0,0.0,101.3,53.0,32.0,78.0,9.0,69.0,52.0,0.0,Idle,53.53333333333333,9.866666666666667
2025-12-22 03:30:00,1006.19416,1533.68568,750.0,1449.0,502.50761,766.45488,0.84214,505.93382,783.2643,0.82859,0.0,0.0,0.0,101.3,53.0,32.0,78.0,9.0,69.0,52.0,0.0,Idle,53.53333333333333,9.866666666666667
2025-12-22 03:35:00,987.72681,1534,750.0,1449.0,496.05634,757.78845,0.84189,489.92371,765.44791,0.8214,0.0,0.0,0.0,101.15288,53.0,32.0,78.0,9.0,69.0,52.0,0.0,Idle,53.53333333333333,9.866666666666667
2025-12-22 03:40:00,986.90191,1534,750.0,1449.0,491.48834,752.92084,0.83674,495.64435,771.36529,0.82377,0.0,0.0,0.0,101.03678,53.0,32.0,78.0,9.0,69.0,52.0,0.0,Idle,53.53333333333333,9.866666666666667
2025-12-22 03:45:00,988.84487,1534,750.0,1449.0,495.54669,756.43778,0.84399,491.69379,767.6196,0.82185,0.0,0.0,0.0,100.8838,53.0,32.0,78.0,9.0,69.0,52.0,0.0,Idle,53.53333333333333,9.866666666666667
2025-12-22 03:50:00,985.37136,1534,750.89182,1449.0,498.53775,760.02121,0.84452,487.67108,762.56904,0.82358,0.0,0.0,0.0,100.74392,53.0,32.0,78.0,9.0,69.0,52.0,0.0,Idle,53.53333333333333,9.866666666666667
2025-12-22 03:55:00,837.53982,1534,751.0,1449.0,420.79117,665.84558,0.81378,417.95812,678.40554,0.79201,0.0,0.0,0.0,100.58051,53.0,32.0,78.0,9.0,69.0,52.0,0.0,Idle,53.53333333333333,9.866666666666667
2025-12-22 04:00:00,893.18385,1534,751.0,1449.0,445.31019,693.5013,0.8248,446.91287,708.89273,0.8101,0.0,0.0,0.0,100.49405,53.0,32.0,78.0,9.0,69.0,52.0,0.0,Idle,53.53333333333333,9.866666666666667
2025-12-22 04:05:00,902.00099,1534,751.0,1449.0,449.64588,698.69113,0.82528,450.74933,712.99346,0.8106,0.0,0.0,0.0,100.4,53.0,32.0,78.0,9.0,69.0,52.0,0.0,Idle,53.53333333333333,9.866666666666667
2025-12-22 04:10:00,897.36959,1534,751.0,1449.0,449.31962,699.78642,0.82616,450.11373,712.81776,0.81205,0.0,0.0,0.0,100.3526,53.0,32.0,78.0,9.0,69.0,52.0,0.0,Idle,53.53333333333333,9.866666666666667
2025-12-22 04:15:00,854.47849,1534,751.0,1449.0,427.79208,673.25591,0.81946,429.94511,688.18818,0.80285,0.0,0.0,0.0,100.3,53.0,32.0,78.0,9.0,69.0,52.0,0.0,Idle,53.53333333333333,9.866666666666667
2025-12-22 04:20:00,855.38511,1534,751.0,1449.0,423.41243,666.45997,0.81836,432.48552,688.77011,0.803,0.0,0.0,0.0,100.3,53.0,32.0,78.0,9.0,69.0,52.0,0.0,Idle,53.53333333333333,9.866666666666667
2025-12-22 04:25:00,860.89569,1534,751.0,1449.0,426.28481,669.41779,0.82056,435.16923,693.06334,0.80702,0.0,0.0,0.0,100.31243,53.0,32.0,78.0,9.0,69.0,52.0,0.0,Idle,53.53333333333333,9.866666666666667
2025-12-22 04:30:00,863.69696,1534,751.0,1449.0,426.40041,670.76766,0.82239,434.80192,693.38853,0.80411,0.0,0.0,0.0,100.4,53.0,32.0,78.0,9.0,69.0,52.0,0.0,Idle,53.53333333333333,9.866666666666667
2025-12-22 04:35:00,989.52609,1534,751.0,1449.0,493.81273,757.82557,0.84303,496.84004,773.91068,0.82309,0.0,0.0,0.0,100.54546,53.0,32.0,78.0,9.0,69.0,52.0,0.0,Idle,53.53333333333333,9.866666666666667
2025-12-22 04:40:00,1020.63233,1534,751.0,1449.0,513.62861,781.80045,0.8444,508.23977,789.82274,0.82501,0.0,0.0,0.0,100.61206,53.0,32.0,78.0,9.0,69.0,52.0,0.0,Idle,53.53333333333333,9.866666666666667
2025-12-22 04:45:00,1037.14759,1534,751.0,1449.0,514.92219,787.08245,0.84338,522.77076,807.2882,0.83359,0.0,0.0,0.0,100.7,53.0,32.0,78.0,9.0,69.0,52.0,0.0,Idle,53.53333333333333,9.866666666666667
2025-12-22 04:50:00,1045.15944,1534,751.0,1449.0,521.48139,796.06115,0.84416,525.25213,811.775,0.83254,0.0,0.0,0.0,100.74173,53.0,32.0,78.0,9.0,69.0,52.0,0.0,Idle,53.53333333333333,9.866666666666667
2025-12-22 04:55:00,1009.94106,1534,751.0,1449.0,504.44268,771.60625,0.84136,507.48753,784.34689,0.83442,0.0,0.0,0.0,100.9,53.0,32.0,78.0,9.0,69.0,52.0,0.0,Idle,53.53333333333333,9.866666666666667
2025-12-22 05:00:00,1017.69747,1534,751.0,1449.0,508.61474,775.74441,0.8438,508.46229,783.68619,0.83448,0.0,0.0,0.0,100.92667,53.0,32.0,78.0,9.0,69.0,52.0,0.0,Idle,53.53333333333333,9.866666666666667
2025-12-22 05:05:00,1026.45748,1534,751.0,1449.0,515.18152,785.6334,0.84364,512.13758,789.71994,0.83168,0.0,0.0,0.0,101.0,53.0,32.0,78.0,9.0,69.0,52.0,0.0,Idle,53.53333333333333,9.866666666666667
2025-12-22 05:10:00,1043.781,1534,751.0,1449.0,521.14165,794.47212,0.84499,522.40889,804.10834,0.83484,0.0,0.0,0.0,101.0,53.0,32.0,78.0,9.0,69.0,52.0,0.0,Idle,53.53333333333333,9.866666666666667
2025-12-22 05:15:00,1041.26523,1534,751.0,1449.0,520.73495,792.86051,0.84469,517.63093,798.95667,0.832,0.0,0.0,0.0,101.2,53.0,32.0,78.0,9.0,69.0,52.0,0.0,Idle,53.53333333333333,9.866666666666667
2025-12-22 05:20:00,983.80625,1534,751.0,1449.0,489.60869,754.39855,0.83381,491.59627,765.28682,0.82363,0.0,0.0,0.0,101.2,53.0,32.0,78.0,9.0,69.0,52.0,0.0,Idle,53.53333333333333,9.866666666666667
2025-12-22 05:25:00,868.6328,1534,751.0,1449.0,437.34154,685.39907,0.82107,431.49057,688.98141,0.80354,0.0,0.0,0.0,101.2,53.0,32.0,78.0,9.0,69.0,52.0,0.0,Idle,53.53333333333333,9.866666666666667
2025-12-22 05:30:00,879.25963,1534,751.0,1449.0,443.89409,692.19373,0.82282,434.26659,693.3389,0.80407,0.0,0.0,0.0,101.2,53.0,32.0,78.0,9.0,69.0,52.0,0.0,Idle,53.53333333333333,9.866666666666667
2025-12-22 05:35:00,874.20685,1535,751.0,1449.0,441.65963,691.11117,0.82104,434.74555,694.88225,0.80165,0.0,0.0,0.0,101.1,53.0,32.0,78.0,9.0,69.0,52.0,0.0,Idle,53.53333333333333,9.866666666666667
2025-12-22 05:40:00,881.82151,1535,751.0,1449.0,445.45245,695.35152,0.82327,435.86408,696.56989,0.80321,0.0,0.0,0.0,101.1,53.0,32.0,78.0,9.0,69.0,52.0,0.0,Idle,53.53333333333333,9.866666666666667
2025-12-22 05:45:00,878.27708,1535,751.0,1449.0,444.5083,692.90003,0.82521,434.59926,692.97204,0.80172,0.0,0.0,0.0,101.13921,53.0,32.0,78.0,9.0,69.0,52.0,0.0,Idle,53.53333333333333,9.866666666666667
2025-12-22 05:50:00,880.59744,1535,751.0,1449.0,444.29954,694.35908,0.82288,435.96753,697.03276,0.80222,0.0,0.0,0.0,101.3074,53.0,32.0,78.0,9.0,69.0,52.0,0.0,Idle,53.53333333333333,9.866666666666667
2025-12-22 05:55:00,873.42151,1535,751.69912,1449.0,439.88843,687.62611,0.82082,432.1655,691.47931,0.80382,0.0,0.0,0.0,101.4,53.0,32.0,78.0,9.0,69.0,52.0,0.0,Idle,53.53333333333333,9.866666666666667
2025-12-22 06:00:00,853.71545,1535,752.0,1449.0,428.82375,674.17739,0.81879,423.63969,679.06775,0.80048,0.0,0.0,0.0,101.3201,53.0,32.0,78.0,9.0,69.0,52.0,0.0,Idle,53.53333333333333,9.866666666666667
2025-12-22 06:05:00,850.21601,1535,752.0,1449.0,426.14186,672.9782,0.81627,423.41797,679.37731,0.79892,0.0,0.0,0.0,101.24186,53.0,32.0,78.0,9.0,69.0,52.0,0.0,Idle,53.53333333333333,9.866666666666667
2025-12-22 06:10:00,843.92597,1535,752.0,1449.0,422.05627,667.15762,0.81396,420.1577,675.47215,0.80009,0.0,0.0,0.0,101.13863,53.0,32.0,78.0,9.0,69.0,52.0,0.0,Idle,53.53333333333333,9.866666666666667
2025-12-22 06:15:00,863.99939,1535,752.0,1449.0,430.81869,679.85672,0.81815,432.15551,690.71811,0.80501,0.0,0.0,0.0,101.15392,53.0,32.0,78.0,9.0,69.0,52.0,0.0,Idle,53.53333333333333,9.866666666666667
2025-12-22 06:20:00,827.13085,1535,752.0,1449.0,414.08374,657.67845,0.80838,412.13558,665.89908,0.79195,0.0,0.0,0.0,101.03881,53.0,32.0,78.0,9.0,69.0,52.0,0.0,Idle,53.53333333333333,9.866666666666667
2025-12-22 06:25:00,740.6022,1535,752.0,1449.0,364.96354,602.23564,0.77802,374.44227,621.72436,0.77219,0.0,0.0,0.0,100.96074,53.0,32.0,78.0,9.0,69.0,52.0,0.0,Idle,53.53333333333333,9.866666666666667
2025-12-22 06:30:00,736.17259,1535,752.0,1449.0,363.39435,602.91179,0.77878,373.01282,621.50139,0.77278,0.0,0.0,0.0,100.88139,53.0,32.0,78.0,9.0,69.0,52.0,0.0,Idle,53.53333333333333,9.866666666666667
2025-12-22 06:35:00,748.00143,1535,752.0,1449.0,371.05092,614.81224,0.77683,376.70131,630.92776,0.76827,0.0,0.0,0.0,100.75256,53.0,32.0,78.0,9.0,69.0,52.0,0.0,Idle,53.53333333333333,9.866666666666667
2025-12-22 06:40:00,721.18552,1535,752.0,1449.0,367.30645,603.14478,0.78679,353.40947,600.005,0.75818,0.0,0.0,0.0,100.7,53.0,32.0,78.0,9.0,69.0,52.0,0.0,Idle,53.53333333333333,9.866666666666667
2025-12-22 06:45:00,715.14518,1535,752.0,1449.0,360.57617,594.33614,0.77937,356.23894,600.33862,0.76357,0.0,0.0,0.0,100.66984,53.0,32.0,78.0,9.0,69.0,52.0,0.0,Idle,53.53333333333333,9.866666666666667
2025-12-22 06:50:00,720.65686,1535,752.0,1449.0,363.80804,596.98742,0.78553,358.47669,605.51162,0.75979,0.0,0.0,0.0,100.6,53.0,32.0,78.0,9.0,69.0,52.0,0.0,Idle,53.53333333333333,9.866666666666667
2025-12-22 06:55:00,723.67326,1535,752.0,1449.0,365.36517,599.99368,0.78392,358.76326,607.43202,0.7586,0.0,0.0,0.0,100.6,53.0,32.0,78.0,9.0,69.0,52.0,0.0,Idle,53.53333333333333,9.866666666666667
2025-12-22 07:00:00,724.41695,1535,752.0,1449.0,365.77583,600.02334,0.78215,357.93781,606.14879,0.75816,0.0,0.0,0.0,100.74163,53.0,32.0,78.0,9.0,69.0,52.0,0.0,Idle,53.53333333333333,9.866666666666667
2025-12-22 07:05:00,724.4074,1535,752.0,1449.0,365.57657,599.42911,0.78642,357.2768,605.96877,0.75807,0.0,0.0,0.0,100.9823,53.0,32.0,78.0,9.0,69.0,52.0,0.0,Idle,53.53333333333333,9.866666666666667
2025-12-22 07:10:00,688.24462,1535,752.0,1449.0,352.17102,579.02547,0.78444,333.5539,574.91682,0.74521,0.0,0.0,0.0,101.07106,53.0,32.0,78.0,9.0,69.0,52.0,0.0,Idle,53.53333333333333,9.866666666666667
2025-12-22 07:15:00,615.35831,1535,752.0,1449.0,308.15166,521.83589,0.75933,306.32588,531.85761,0.74232,0.0,0.0,0.0,101.07668,53.0,32.0,78.0,9.0,69.0,52.0,0.0,Idle,53.53333333333333,9.866666666666667
2025-12-22 07:20:00,612.31361,1535,752.0,1449.0,301.67629,517.32597,0.75181,311.3371,537.17821,0.74252,0.0,0.0,0.0,101.20328,53.0,32.0,78.0,9.0,69.0,52.0,0.0,Idle,53.53333333333333,9.866666666666667
2025-12-22 07:25:00,617.38535,1535,752.0,1449.0,306.58312,521.70632,0.7564,310.78536,538.26332,0.74137,0.0,0.0,0.0,101.3,53.0,32.0,78.0,9.0,69.0,52.0,0.0,Idle,53.53333333333333,9.866666666666667
2025-12-22 07:30:00,619.16056,1535,752.0,1449.0,309.80508,522.70455,0.76289,308.87619,535.75291,0.73788,0.0,0.0,0.0,101.29695,53.0,32.0,78.0,9.0,69.0,52.0,0.0,Idle,53.53333333333333,9.866666666666667
2025-12-22 07:35:00,630.08057,1535,752.0,1449.0,313.67801,529.31661,0.76423,317.40304,546.85989,0.74302,0.0,0.0,0.0,101.10633,53.0,32.0,78.0,9.0,69.0,52.0,0.0,Idle,53.53333333333333,9.866666666666667
2025-12-22 07:40:00,630.17637,1535,752.0,1449.0,315.41769,529.74173,0.76923,313.60882,541.07815,0.7476,0.0,0.0,0.0,101.06663,53.0,32.0,78.0,9.0,69.0,52.0,0.0,Idle,53.53333333333333,9.866666666666667
2025-12-22 07:45:00,541.10319,1535,752.0,1449.0,264.9704,476.64,0.71308,272.32269,494.85613,0.70864,0.0,0.0,0.0,101.04512,53.0,32.0,78.0,9.0,69.0,52.0,0.0,Idle,53.53333333333333,9.866666666666667
2025-12-22 07:50:00,518.1683,1535,752.0,1449.0,257.24564,427.28628,0.77064,262.84623,436.50544,0.77039,0.0,0.0,0.0,100.96145,53.0,32.0,78.0,9.0,69.0,52.0,0.0,Idle,53.53333333333333,9.866666666666667
2025-12-22 07:55:00,617.85925,1535,752.0,1449.0,310.13233,479.81781,0.83193,309.51402,483.29388,0.82282,0.0,0.0,0.0,100.79083,53.0,32.0,78.0,9.0,69.0,52.0,0.0,Idle,53.53333333333333,9.866666666666667
2025-12-22 08:00:00,618.3802,1535,752.0,1449.0,308.6374,478.10912,0.83218,309.03497,482.82787,0.82388,0.0,0.0,0.0,100.71247,53.0,32.0,78.0,9.0,69.0,52.0,0.0,Idle,53.53333333333333,9.866666666666667
2025-12-22 08:05:00,616.82902,1535,752.0,1449.0,309.69554,480.64867,0.83041,308.39566,483.6268,0.81875,0.0,0.0,0.0,100.8,53.0,32.0,78.0,9.0,69.0,52.0,0.0,Idle,53.53333333333333,9.866666666666667
2025-12-22 08:10:00,623.38332,1535,752.0,1449.0,313.3062,483.69769,0.83302,311.26753,484.61246,0.82572,0.0,0.0,0.0,100.86018,53.0,32.0,78.0,9.0,69.0,52.0,0.0,Idle,53.53333333333333,9.866666666666667
2025-12-22 08:15:00,607.80265,1535,752.0,1449.0,303.97376,472.99023,0.82874,304.8835,477.61426,0.81884,0.0,0.0,0.0,100.76358,53.0,32.0,78.0,9.0,69.0,52.0,0.0,Idle,53.53333333333333,9.866666666666667
2025-12-22 08:20:00,617.54142,1535.45861,752.0,1449.0,307.7483,479.07445,0.82939,307.10266,482.5965,0.81458,0.0,0.0,0.0,100.7,53.0,32.0,78.0,9.0,69.0,52.0,0.0,Idle,53.53333333333333,9.866666666666667
2025-12-22 08:25:00,622.93605,1536,752.0,1449.0,311.14989,483.40099,0.82683,310.94685,489.25041,0.81191,0.0,0.0,0.0,100.60939,53.0,32.0,78.0,9.0,69.0,52.0,0.0,Idle,53.53333333333333,9.866666666666667
2025-12-22 08:30:00,620.21156,1536,752.0,1449.0,310.4611,484.76984,0.8236,309.21578,488.58292,0.80811,0.0,0.0,0.0,100.6,53.0,32.0,78.0,9.0,69.0,52.0,0.0,Idle,53.53333333333333,9.866666666666667
2025-12-22 08:35:00,624.79975,1536,752.0,1449.0,314.09031,491.54258,0.82256,311.4897,492.87469,0.81091,0.0,0.0,0.0,100.5,53.0,32.0,78.0,9.0,69.0,52.0,0.0,Idle,53.53333333333333,9.866666666666667
2025-12-22 08:40:00,617.59966,1536,752.0,1449.0,309.47718,484.48808,0.82184,308.87385,488.32954,0.81201,0.0,0.0,0.0,100.5,53.0,32.0,78.0,9.0,69.0,52.0,0.0,Idle,53.53333333333333,9.866666666666667
2025-12-22 08:45:00,614.80645,1536,752.0,1449.0,306.4225,480.97706,0.81813,307.23209,485.82917,0.81358,0.0,0.0,0.0,100.53779,53.0,32.0,78.0,9.0,69.0,52.0,0.0,Idle,53.53333333333333,9.866666666666667
2025-12-22 08:50:00,611.95766,1536,752.0,1449.0,305.31949,479.79901,0.81823,306.3144,485.12672,0.81115,0.0,0.0,0.0,100.7922,53.0,32.0,78.0,9.0,69.0,52.0,0.0,Idle,53.53333333333333,9.866666666666667
2025-12-22 08:55:00,616.61607,1536,753.0,1449.0,307.96378,482.28935,0.82088,308.21736,484.72615,0.81708,0.0,0.0,0.0,101.2,53.0,32.0,78.0,9.0,69.0,52.0,0.0,Idle,53.53333333333333,9.866666666666667
2025-12-22 09:00:00,615.56079,1536,753.0,1449.0,306.1386,478.48182,0.82615,308.8017,482.27172,0.82401,0.0,0.0,0.0,101.1345,53.0,32.0,78.0,9.0,69.0,52.0,0.0,Idle,53.53333333333333,9.866666666666667
2025-12-22 09:05:00,612.4332,1536,753.0,1449.0,305.02258,478.6451,0.82127,311.13246,485.14359,0.82459,0.0,0.0,0.0,101.04367,53.0,32.0,78.0,9.0,69.0,52.0,0.0,Idle,53.53333333333333,9.866666666666667
2025-12-22 09:10:00,636.151,1536,753.0,1449.0,317.08232,499.19874,0.81879,319.49911,499.99401,0.82161,0.0,0.0,0.0,100.92873,53.0,32.0,78.0,9.0,69.0,52.0,0.0,Idle,53.53333333333333,9.866666666666667
2025-12-22 09:15:00,600.91027,1536,753.0,1449.0,298.78773,469.4753,0.81866,301.42216,473.66327,0.81515,0.0,0.0,0.0,100.70625,53.0,32.0,78.0,9.0,69.0,52.0,0.0,Idle,53.53333333333333,9.866666666666667
2025-12-22 09:20:00,597.14696,1536,753.0,1449.0,297.23853,468.00815,0.81839,300.13198,470.88142,0.81962,0.0,0.0,0.0,100.6,53.0,32.0,78.0,9.0,69.0,52.0,0.0,Idle,53.53333333333333,9.866666666666667
2025-12-22 09:25:00,607.91269,1536,753.0,1449.0,302.71898,475.15885,0.82115,304.5574,478.39173,0.81491,0.0,0.0,0.0,100.54618,53.0,32.0,78.0,9.0,69.0,52.0,0.0,Idle,53.53333333333333,9.866666666666667
2025-12-22 09:30:00,607.79391,1536,753.0,1449.0,302.7463,473.81981,0.82733,304.57821,478.37877,0.81895,0.0,0.0,0.0,100.5,53.0,32.0,78.0,9.0,69.0,52.0,0.0,Idle,53.53333333333333,9.866666666666667
2025-12-22 09:35:00,606.17254,1536,753.0,1449.0,302.97927,474.99053,0.82539,303.73739,477.0868,0.81837,0.0,0.0,0.0,100.5,53.0,32.0,78.0,9.0,69.0,52.0,0.0,Idle,53.53333333333333,9.866666666666667
2025-12-22 09:40:00,609.13117,1536,753.0,1449.0,303.20454,476.48945,0.8219,305.17842,479.3182,0.82028,0.0,0.0,0.0,100.51689,53.0,32.0,78.0,9.0,69.0,52.0,0.0,Idle,53.53333333333333,9.866666666666667
2025-12-22 09:45:00,602.9537,1536,753.0,1449.0,300.28265,471.04777,0.8214,303.01551,474.11769,0.81925,0.0,0.0,0.0,100.6,53.0,32.0,78.0,9.0,69.0,52.0,0.0,Idle,53.53333333333333,9.866666666666667
2025-12-22 09:50:00,594.89478,1536,753.0,1449.0,295.25034,466.81395,0.81373,298.80675,469.92041,0.81519,0.0,0.0,0.0,100.6,53.0,32.0,78.0,9.0,69.0,52.0,0.0,Idle,53.53333333333333,9.866666666666667
2025-12-22 09:55:00,600.78742,1536,753.0,1449.0,299.08051,474.92657,0.81199,303.14383,481.36662,0.80956,0.0,0.0,0.0,101.03482,53.0,32.0,78.0,9.0,69.0,52.0,0.0,Idle,53.53333333333333,9.866666666666667
2025-12-22 10:00:00,593.94999,1536,753.0,1449.0,303.20817,474.69851,0.82265,292.37509,467.30698,0.80118,0.0,0.0,0.0,101.33972,53.0,32.0,78.0,9.0,69.0,52.0,0.0,Idle,53.53333333333333,9.866666666666667
2025-12-22 10:05:00,582.83265,1536,753.0,1449.0,299.69551,468.93634,0.8229,280.51273,453.55618,0.79604,0.0,0.0,0.0,101.48486,53.0,32.0,78.0,9.0,69.0,52.0,0.0,Idle,53.53333333333333,9.866666666666667
2025-12-22 10:10:00,514.13959,1536,753.0,1449.0,263.44818,426.67157,0.79361,250.14368,415.43624,0.77172,0.0,0.0,0.0,101.40004,53.0,32.0,78.0,9.0,69.0,52.0,0.0,Idle,53.53333333333333,9.866666666666667
2025-12-22 10:15:00,439.87267,1536,753.0,1449.0,225.12755,415.62873,0.70047,216.45675,414.18162,0.67406,0.0,0.0,0.0,101.88752,53.0,32.0,78.0,9.0,69.0,52.0,0.0,Idle,53.53333333333333,9.866666666666667
2025-12-22 10:20:00,446.78863,1536,753.0,1449.0,222.49984,440.37663,0.65134,221.80006,448.87716,0.63602,0.0,0.0,0.0,101.94508,53.0,32.0,78.0,9.0,69.0,52.0,0.0,Idle,53.53333333333333,9.866666666666667
2025-12-22 10:25:00,501.2401,1536,753.0,1449.0,249.3152,487.53381,0.66072,256.23907,499.66996,0.65863,0.0,0.0,0.0,101.93928,53.0,32.0,78.0,9.0,69.0,52.0,0.0,Idle,53.53333333333333,9.866666666666667
2025-12-22 10:30:00,468.28878,1536,753.0,1449.0,231.31663,462.83359,0.64507,237.9806,476.25174,0.643,0.0,0.0,0.0,101.88584,53.0,32.0,78.0,9.0,69.0,52.0,0.0,Idle,53.53333333333333,9.866666666666667
2025-12-22 10:35:00,520.68578,1536,753.0,1449.0,256.86047,486.85534,0.673,262.03139,501.20912,0.66581,0.0,0.0,0.0,101.42943,53.0,32.0,78.0,9.0,69.0,52.0,0.0,Idle,53.53333333333333,9.866666666666667
2025-12-22 10:40:00,516.98089,1536,753.0,1449.0,253.70382,485.41758,0.67479,265.07202,505.10404,0.67383,0.0,0.0,0.0,101.2163,53.0,32.0,78.0,9.0,69.0,52.0,0.0,Idle,53.53333333333333,9.866666666666667
2025-12-22 10:45:00,579.8222,1536,753.0,1449.0,290.65902,523.34777,0.71022,286.74334,530.41897,0.68833,0.0,0.0,0.0,101.12357,53.0,32.0,78.0,9.0,69.0,52.0,0.0,Idle,53.53333333333333,9.866666666666667
2025-12-22 10:50:00,602.4966,1536,753.0,1449.0,305.25422,536.84017,0.72082,307.87534,549.82399,0.70926,0.0,0.0,0.0,100.23737,53.0,32.0,78.0,9.0,69.0,52.0,0.10616,Ballast,53.53333333333333,9.866666666666667
2025-12-22 10:55:00,911.42158,1536,753.0,1449.0,455.99336,723.44028,0.80516,450.75046,728.88521,0.79085,0.0,0.0,0.0,189.8399,53.0,32.0,78.0,9.0,69.0,52.0,2.78996,Ballast,53.53333333333333,9.866666666666667
2025-12-22 11:00:00,638.58576,1536,753.0,1449.0,313.45026,556.30611,0.71486,329.64635,582.48525,0.7194,0.0,0.0,0.0,285.08364,53.0,32.0,78.0,9.0,69.0,52.0,2.46944,Ballast,53.53333333333333,9.866666666666667
2025-12-22 11:05:00,506.13207,1536,753.0,1449.0,241.54844,465.48522,0.66893,264.99771,498.90159,0.681,0.0,0.0,0.0,286.22243,53.0,32.0,78.0,9.0,69.0,51.63425,6.57219,Ballast,53.53333333333333,9.860570833333334
2025-12-22 11:10:00,489.67528,1536,753.0,1449.0,244.90892,463.78967,0.6807,244.06051,476.89057,0.66077,0.0,0.0,0.0,286.84832,53.0,32.0,78.0,9.0,69.0,50.75708,8.73817,Ballast,53.53333333333333,9.845951333333334
2025-12-22 11:15:00,453.44511,1536,753.0,1449.0,224.54308,410.37702,0.71073,228.52369,422.015,0.69954,0.0,0.0,0.0,287.16411,53.0,33.0,78.0,9.0,69.0,48.56599,10.57017,Ballast,53.55,9.809433166666667
2025-12-22 11:20:00,467.43943,1536,753.0,1449.0,231.97971,405.44156,0.74119,234.0999,414.93076,0.73271,0.0,0.0,0.0,287.18104,53.0,33.0,78.0,9.0,69.0,47.44207,10.53498,Ballast,53.55,9.790701166666667
2025-12-22 11:25:00,542.4741,1536,753.0,1449.0,276.66559,457.08613,0.77983,266.70064,456.87404,0.75083,0.0,0.0,0.0,283.03203,53.0,33.0,78.0,9.0,69.0,46.32976,10.26827,Ballast,53.55,9.772162666666667
2025-12-22 11:30:00,535.86871,1536,753.0,1449.0,272.87011,453.72723,0.77643,263.31437,453.19643,0.74606,0.0,0.0,0.0,279.1414,53.0,33.0,78.0,9.0,69.0,45.22286,9.90119,Ballast,53.55,9.753714333333333
2025-12-22 11:35:00,555.02944,1536,753.0,1449.0,283.04734,465.56678,0.78547,270.8568,461.87646,0.75683,0.0,0.0,0.0,274.2423,53.0,33.0,78.0,9.0,69.0,43.06656,9.38022,Ballast,53.55,9.717776
2025-12-22 11:40:00,552.80135,1536,753.0,1449.0,281.77214,463.52178,0.7846,270.04483,460.81953,0.75363,0.0,0.0,0.0,279.31342,53.0,33.0,78.0,9.0,69.0,42.01095,9.15851,Ballast,53.55,9.7001825
2025-12-22 11:45:00,537.66125,1536,753.0,1449.0,272.01406,453.38904,0.77377,264.27406,453.13113,0.74913,0.0,0.0,0.0,283.37111,53.0,33.21685,78.0,9.0,69.0,41.00014,8.81105,Ballast,53.55361416666667,9.683335666666666
2025-12-22 11:50:00,538.37774,1536.29411,753.0,1449.0,274.58146,456.37691,0.78123,264.59422,455.70124,0.7489,0.0,0.0,0.0,283.14524,53.0,34.0,78.0,9.0,69.0,40.03203,8.83663,Ballast,53.56666666666667,9.6672005
2025-12-22 11:55:00,500.66738,1537,753.0,1449.0,253.38079,422.65009,0.77433,248.99853,426.97226,0.74988,0.0,0.0,0.0,299.71563,53.0,34.0,78.0,9.0,69.0,38.05733,10.92237,Ballast,53.56666666666667,9.634288833333333
2025-12-22 12:00:00,502.91562,1537,753.0,1449.0,252.52253,422.90071,0.7686,249.60157,427.8871,0.74661,0.0,0.0,0.0,311.0265,53.0,34.2624,78.0,9.0,69.0,37.0,11.10222,Ballast,53.571039999999996,9.616666666666667
2025-12-22 12:05:00,505.23947,1537,753.0,1449.0,254.75543,425.35687,0.76922,250.09991,429.43291,0.74951,0.0,0.0,0.0,316.12587,53.0,35.0,78.0,9.0,69.0,36.01502,10.52809,Ballast,53.583333333333336,9.600250333333333
2025-12-22 12:10:00,500.769,1537,753.0,1449.0,253.10236,423.03743,0.76907,249.14875,425.48621,0.74902,0.0,0.0,0.0,317.42962,53.0,35.26285,78.0,9.0,69.0,35.19738,10.41217,Ballast,53.587714166666665,9.586623
2025-12-22 12:15:00,417.8618,1537,753.0,1449.0,203.13802,358.18285,0.72981,212.77445,373.15433,0.73257,0.0,0.0,0.0,307.69733,53.0,36.0115,78.0,9.0,69.0,33.5271,10.3278,Ballast,53.60019166666667,9.558785
2025-12-22 12:20:00,391.59412,1537,753.0,1449.0,187.66112,338.13265,0.71733,201.94583,356.87604,0.72737,0.0,0.0,0.0,309.84787,53.0,37.0,78.0,9.0,69.0,32.58546,10.26064,Ballast,53.61666666666667,9.543091
2025-12-22 12:25:00,395.97464,1537,753.0,1449.0,192.35223,345.7195,0.71704,203.70862,358.48394,0.73075,0.0,0.0,0.0,326.23789,53.0,37.0,78.0,9.0,69.0,31.90614,10.18791,Ballast,53.61666666666667,9.531769
2025-12-22 12:30:00,428.75007,1537,753.0,1449.0,210.07297,370.38221,0.73221,222.1795,385.76248,0.74258,0.0,0.0,0.0,337.20041,53.0,37.92816,78.0,9.0,69.0,31.0,9.68126,Ballast,53.632136,9.516666666666667
2025-12-22 12:35:00,440.01828,1537,754.0,1449.0,217.67463,377.2252,0.74395,222.40253,385.84068,0.73966,0.0,0.0,0.0,346.11259,53.0,39.0,78.0,9.0,69.0,30.71129,8.38024,Ballast,53.65,9.511854833333333
2025-12-22 12:40:00,403.49077,1537,754.0,1449.0,197.63099,349.77853,0.72778,207.41263,364.08355,0.731,0.0,0.0,0.0,345.263,53.0,39.42494,78.0,9.0,69.0,30.0,10.26099,Ballast,53.657082333333335,9.5
2025-12-22 12:45:00,406.28737,1537,754.0,1449.0,197.86482,351.41818,0.72745,207.61299,364.26275,0.7305,0.0,0.0,0.0,346.20402,53.0,40.01015,78.0,9.0,69.0,30.0,10.98441,Ballast,53.66683583333333,9.5
2025-12-22 12:50:00,393.11796,1537,754.0,1449.0,190.92996,340.82761,0.72131,202.3005,357.27121,0.72666,0.0,0.0,0.0,345.42552,53.0,41.0,78.0,9.0,69.0,29.87796,10.96901,Ballast,53.68333333333333,9.497966
2025-12-22 12:55:00,396.16728,1537,754.0,1449.0,192.61766,344.77515,0.7177,203.75057,360.80613,0.72548,0.0,0.0,0.0,322.42914,53.0,42.0,78.0,9.0,69.0,28.73195,10.24002,Ballast,53.7,9.478865833333334
2025-12-22 13:00:00,392.9881,1537,754.0,1449.0,190.84266,341.87445,0.71798,202.79744,357.74046,0.72967,0.0,0.0,0.0,315.3817,53.0,42.81495,78.0,9.0,69.0,27.92397,10.38601,Ballast,53.7135825,9.4653995
2025-12-22 13:05:00,399.79247,1537,754.0,1449.0,194.04681,346.58533,0.72273,206.18369,361.7482,0.73397,0.0,0.0,0.0,309.65284,53.0,43.0,78.0,9.0,69.0,27.0,10.63629,Ballast,53.71666666666667,9.45
2025-12-22 13:10:00,407.50507,1537,754.0,1449.0,199.28136,352.60895,0.72979,208.878,366.75777,0.73353,0.0,0.0,0.0,304.2758,53.0,43.65214,78.0,9.0,69.0,26.01769,10.80026,Ballast,53.72753566666667,9.433628166666667
2025-12-22 13:15:00,410.9179,1537,754.0,1449.0,201.18138,353.66693,0.73329,210.38486,366.21493,0.73917,0.0,0.0,0.0,329.56444,53.0,44.46457,78.0,9.0,69.0,24.0645,10.64425,Ballast,53.741076166666666,9.401075
2025-12-22 13:20:00,401.15167,1537,754.0,1449.0,195.03089,346.47471,0.72479,205.09879,360.53613,0.72823,0.0,0.0,0.0,342.61549,53.0,45.0,78.0,9.0,69.0,24.0,10.54061,Ballast,53.75,9.4
2025-12-22 13:25:00,397.57798,1537,754.0,1449.0,192.73771,344.68687,0.72165,205.18562,361.13258,0.72986,0.0,0.0,0.0,341.34588,53.0,45.95807,78.0,9.0,69.0,23.03522,10.71625,Ballast,53.765967833333335,9.383920333333334
2025-12-22 13:30:00,402.85419,1537,754.0,1449.0,196.93512,349.53428,0.72517,207.22121,363.33057,0.73434,0.0,0.0,0.0,341.19087,53.0,46.49046,78.0,9.0,69.0,23.0,11.21747,Ballast,53.774841,9.383333333333333
2025-12-22 13:35:00,405.79128,1537,754.0,1449.0,197.3447,351.77527,0.72329,208.90306,366.66632,0.73233,0.0,0.0,0.0,340.29182,53.0,48.0,78.0,9.0,69.0,22.0,12.26233,Ballast,53.8,9.366666666666667
2025-12-22 13:40:00,409.40886,1537,754.0,1449.0,200.26784,354.12227,0.73045,209.02966,364.45434,0.74006,0.0,0.0,0.0,328.41301,53.0,48.82732,78.0,9.0,69.0,21.26499,12.27592,Ballast,53.81378866666667,9.3544165
2025-12-22 13:45:00,410.84769,1537,754.0,1449.0,200.16577,353.52046,0.73134,209.75453,365.41023,0.73878,0.0,0.0,0.0,320.35353,53.0,49.29046,78.0,9.0,69.0,20.45641,12.24296,Ballast,53.82150766666667,9.340940166666666
2025-12-22 13:50:00,409.42465,1537,754.0,1449.0,201.03434,353.7721,0.73203,210.41575,368.35604,0.73509,0.0,0.0,0.0,320.11746,53.0,50.0,78.0,9.0,69.0,19.55786,12.27315,Ballast,53.833333333333336,9.325964333333333
2025-12-22 13:55:00,410.18312,1537,754.0,1449.0,200.65197,351.38495,0.736,208.99919,365.91602,0.73615,0.0,0.0,0.0,310.34975,53.0,51.0,78.0,9.0,69.0,17.56178,12.19638,Ballast,53.85,9.292696333333334
2025-12-22 14:00:00,405.53034,1537,754.0,1449.0,197.09828,348.22121,0.72928,206.67979,364.41558,0.7298,0.0,0.0,0.0,300.33757,53.0,51.67961,78.0,9.0,69.0,16.4542,11.97586,Ballast,53.86132683333334,9.274236666666667
2025-12-22 14:05:00,397.41185,1537,754.0,1449.0,193.67467,344.3239,0.7253,203.11552,358.47685,0.7281,0.0,0.0,0.0,297.38245,53.0,52.0,78.0,9.0,69.0,15.2901,12.15556,Ballast,53.86666666666667,9.254835
2025-12-22 14:10:00,409.10718,1537,754.0,1449.0,210.90204,365.87477,0.74267,202.3404,367.58045,0.70916,0.0,0.0,0.0,284.85558,53.0,52.0,78.0,9.0,69.0,13.94997,12.02815,Ballast,53.86666666666667,9.2324995
2025-12-22 14:15:00,432.21249,1537,754.0,1449.0,225.5065,384.57079,0.75731,206.85905,375.88477,0.70931,0.0,0.0,0.0,271.10973,53.0,52.0,78.0,9.0,69.0,11.69974,8.34573,Ballast,53.86666666666667,9.194995666666667
2025-12-22 14:20:00,430.61352,1537,754.0,1449.0,225.20513,385.0486,0.7551,205.84807,377.35353,0.70134,0.0,0.0,0.0,272.27982,53.0,52.0,78.0,9.0,69.0,10.83484,7.65897,Ballast,53.86666666666667,9.180580666666666
2025-12-22 14:25:00,444.00645,1537,754.0,1449.0,231.80886,392.84231,0.75941,212.86985,383.67087,0.71435,0.0,0.0,0.0,271.87003,53.0,52.0,78.0,9.0,69.0,9.95901,7.89993,Ballast,53.86666666666667,9.1659835
2025-12-22 14:30:00,457.47526,1537,754.0,1449.0,239.38948,401.55041,0.76929,217.2003,390.29932,0.71604,0.0,0.0,0.0,267.63588,53.0,52.0,78.0,9.0,69.0,8.89906,9.459,Ballast,53.86666666666667,9.148317666666667
2025-12-22 14:35:00,407.38176,1537,754.0,1449.0,199.21485,353.50368,0.72645,209.15522,366.54538,0.73484,0.0,0.0,0.0,266.3499,53.0,52.0,78.0,9.0,69.0,6.44736,12.56921,Ballast,53.86666666666667,9.107455999999999
2025-12-22 14:40:00,406.71442,1537,754.0,1449.0,198.41306,351.96006,0.72937,208.63586,365.49453,0.73158,0.0,0.0,0.0,252.67595,53.0,52.0,78.0,9.0,69.0,5.02645,12.73061,Ballast,53.86666666666667,9.083774166666666
2025-12-22 14:45:00,397.54883,1537,754.0,1449.0,193.26497,345.95761,0.72169,203.61322,360.16906,0.73074,0.0,0.0,0.0,248.54483,53.0,52.0,78.0,9.0,69.0,3.61603,12.94133,Ballast,53.86666666666667,9.060267166666666
2025-12-22 14:50:00,394.59879,1537,754.0,1449.0,191.90858,344.11739,0.72217,203.50929,360.90518,0.72755,0.0,0.0,0.0,248.06433,53.0,51.39464,78.0,9.0,69.0,2.35426,13.09203,Ballast,53.856577333333334,9.039237666666667
2025-12-22 14:55:00,404.74812,1537,754.0,1449.0,196.71739,350.41473,0.72336,206.95201,366.07762,0.72943,0.0,0.0,0.0,251.18167,53.0,51.0,78.0,8.53113,69.0,27.66315,13.3,Ballast,53.85,8.992182499999998
2025-12-22 15:00:00,406.54993,1537,754.0,1449.0,198.55104,353.82159,0.72429,207.87517,368.17714,0.72776,0.0,0.0,0.0,260.19207,53.0,50.89997,78.0,8.0,69.0,58.103,13.54541,Ballast,53.84833283333333,8.968383333333334
2025-12-22 15:05:00,401.79181,1537,754.0,1449.0,196.09476,348.22331,0.72445,206.42116,364.88545,0.72913,0.0,0.0,0.0,260.22279,53.0,50.0,78.0,8.0,69.0,56.53892,13.71536,Ballast,53.833333333333336,8.942315333333333
2025-12-22 15:10:00,396.70805,1537,754.0,1449.0,194.28841,347.9517,0.72253,202.55324,362.69547,0.7178,0.0,0.0,0.0,260.13662,53.0,50.0,78.0,8.0,69.0,55.02461,13.93516,Ballast,53.833333333333336,8.917076833333333
2025-12-22 15:15:00,395.34263,1537,754.0,1449.0,204.35,354.6744,0.74439,189.93097,351.03513,0.69958,0.0,0.0,0.0,265.27777,53.0,50.0,78.0,8.0,69.0,51.82003,14.3502,Ballast,53.833333333333336,8.863667166666668
2025-12-22 15:20:00,393.17297,1537,754.0,1449.0,190.58948,346.56457,0.70771,202.11076,360.73918,0.72027,0.0,0.0,0.0,270.8058,53.0,50.0,78.0,8.0,69.0,50.27645,14.54553,Ballast,53.833333333333336,8.837940833333333
2025-12-22 15:25:00,394.28894,1537,754.0,1449.0,190.85275,345.29682,0.7155,202.8597,361.13736,0.72385,0.0,0.0,0.0,274.20719,53.0,50.0,78.0,8.0,69.0,48.54895,14.61563,Ballast,53.833333333333336,8.809149166666666
2025-12-22 15:30:00,435.54274,1537,754.0,1449.0,215.32422,379.90512,0.73187,221.83489,390.72817,0.73325,0.0,0.0,0.0,285.00541,53.0,50.0,78.0,8.0,69.0,46.9905,13.4662,Ballast,53.833333333333336,8.783175
2025-12-22 15:35:00,396.05785,1537,754.0,1449.0,195.54416,351.17374,0.72116,199.89645,357.4464,0.722,0.0,0.0,0.0,312.31096,53.0,51.0,78.0,8.0,69.0,44.47641,14.82265,Ballast,53.85,8.7412735
2025-12-22 15:40:00,408.44528,1537,754.0,1449.0,211.64814,367.02531,0.74503,197.01481,358.19922,0.70734,0.0,0.0,0.0,316.55304,53.0,51.71122,78.0,8.0,69.0,43.24282,15.83439,Ballast,53.86185366666667,8.720713666666667
2025-12-22 15:45:00,421.71915,1537,754.0,1449.0,212.85819,370.58236,0.74115,206.70578,367.94222,0.72126,0.0,0.0,0.0,331.70845,53.0,52.48821,78.0,8.0,69.0,42.04214,15.84037,Ballast,53.8748035,8.700702333333334
2025-12-22 15:50:00,393.30755,1537,754.0,1449.0,189.9719,345.66308,0.70979,202.28194,359.70246,0.72551,0.0,0.0,0.0,333.39625,53.0,53.42084,78.0,8.0,69.0,41.18043,16.12947,Ballast,53.89034733333333,8.6863405
2025-12-22 15:55:00,389.09279,1537,754.0,1449.0,187.74105,340.62556,0.71185,201.1532,356.21894,0.72666,0.0,0.0,0.0,329.20615,53.0,55.36573,78.0,8.0,69.0,39.3566,16.9443,Ballast,53.922762166666665,8.655943333333333
2025-12-22 16:00:00,391.46483,1537,754.0,1449.0,190.79176,344.79215,0.71219,201.71176,359.71715,0.72333,0.0,0.0,0.0,310.39696,53.0,56.11969,78.0,8.0,69.0,38.22049,16.7848,Ballast,53.935328166666665,8.637008166666666
2025-12-22 16:05:00,387.98771,1537,754.0,1449.0,187.77515,340.36982,0.71117,200.23575,356.77337,0.72291,0.0,0.0,0.0,296.81004,53.0,57.0,78.0,8.0,69.0,36.57419,16.83773,Ballast,53.95,8.609569833333333
2025-12-22 16:10:00,399.1783,1537,754.0,1449.0,193.87203,349.57617,0.71796,205.1377,365.85205,0.72329,0.0,0.0,0.0,285.3371,53.0,57.0,78.0,8.0,69.0,34.85131,16.87808,Ballast,53.95,8.580855166666666
2025-12-22 16:15:00,393.90036,1537,754.0,1449.0,191.39373,347.82353,0.71197,202.94659,362.90295,0.72233,0.0,0.0,0.0,280.1284,53.0,58.0,78.0,8.0,69.0,31.14809,16.76604,Ballast,53.96666666666667,8.519134833333334
2025-12-22 16:20:00,389.60632,1537,754.0,1449.0,187.85936,341.86638,0.71144,200.71944,358.73974,0.72104,0.0,0.0,0.0,280.10418,53.0,58.0,78.0,8.0,69.0,29.28144,16.88946,Ballast,53.96666666666667,8.488024
2025-12-22 16:25:00,387.01051,1537,754.0,1449.0,187.63283,341.22232,0.71144,200.59641,357.98643,0.72265,0.0,0.0,0.0,280.26525,53.0,58.0,78.0,8.0,69.0,27.40436,16.79466,Ballast,53.96666666666667,8.456739333333333
2025-12-22 16:30:00,395.07877,1537,754.0,1449.0,199.50584,353.35638,0.72985,195.69787,355.90199,0.70928,0.0,0.0,0.0,282.19173,53.0,58.0,78.0,8.0,69.0,25.50234,16.88542,Ballast,53.96666666666667,8.425039
2025-12-22 16:35:00,418.33541,1537,754.0,1449.0,216.31646,374.99542,0.74418,201.86431,368.1985,0.70587,0.0,0.0,0.0,282.31353,53.0,59.0,78.0,8.0,69.0,21.71796,17.16407,Ballast,53.983333333333334,8.361966
2025-12-22 16:40:00,409.3197,1537.40163,754.0,1449.0,209.71239,366.11853,0.73948,199.31689,365.13816,0.70301,0.0,0.0,0.0,282.43797,53.0,59.0,78.0,8.0,69.0,19.81354,17.15178,Ballast,53.983333333333334,8.330225666666667
2025-12-22 16:45:00,396.10176,1538,754.0,1449.0,204.30025,361.20643,0.7311,193.99241,358.35804,0.69608,0.0,0.0,0.0,282.19076,53.0,59.0,78.0,8.0,69.0,17.93861,16.66841,Ballast,53.983333333333334,8.298976833333333
2025-12-22 16:50:00,434.0306,1538,754.0,1449.0,210.73583,378.29014,0.72018,223.02026,393.04169,0.73244,0.0,0.0,0.0,282.08296,53.68067,18.88947,78.0,8.0,69.0,16.28423,14.4425,Ballast,53.9954945,8.271403833333334
2025-12-22 16:55:00,434.40795,1538,754.0,1449.0,211.74844,377.09941,0.72711,222.90063,390.88931,0.73541,0.0,0.0,0.0,275.19608,54.0,0.0,78.0,8.0,69.0,13.36988,12.31247,Ballast,54.0,8.222831333333334
2025-12-22 17:00:00,510.97851,1538,754.0,1449.0,254.4073,439.32423,0.74496,258.57591,450.0085,0.74262,0.0,0.0,0.0,275.21817,54.0,0.0,78.0,8.0,69.0,11.91643,12.04512,Ballast,54.0,8.198607166666667
2025-12-22 17:05:00,495.41008,1538,754.0,1449.0,245.33925,381.83035,0.83011,249.63596,394.99774,0.81486,0.0,0.0,0.0,276.92819,54.0,0.0,78.0,8.0,69.0,10.53485,12.67288,Ballast,54.0,8.175580833333333
2025-12-22 17:10:00,458.11801,1538,754.0,1449.0,222.38638,340.3688,0.84133,234.23797,362.20727,0.83054,0.0,0.0,0.0,279.29115,54.0,0.0,78.0,8.0,69.0,9.12623,13.08856,Ballast,54.0,8.152103833333333
2025-12-22 17:15:00,471.61051,1538,754.0,1449.0,242.8172,362.657,0.86067,228.86509,357.58841,0.82257,0.0,0.0,0.0,287.62088,54.0,0.0,78.0,8.0,69.0,6.18896,13.35909,Ballast,54.0,8.103149333333333
2025-12-22 17:20:00,461.83965,1538,754.80857,1449.0,239.88144,357.95285,0.86404,222.52912,349.44471,0.81924,0.0,0.0,0.0,297.61211,54.0,0.86208,78.0,8.0,69.0,4.65144,13.4,Ballast,54.014368,8.077524
2025-12-22 17:25:00,469.10673,1538,755.0,1449.0,242.75392,362.26096,0.86381,225.17077,353.92246,0.81676,0.0,0.0,0.0,300.17151,54.0,1.0,78.0,8.0,69.0,3.39007,13.40662,Ballast,54.016666666666666,8.056501166666667
2025-12-22 17:30:00,471.92491,1538,755.0,1449.0,241.83964,361.95928,0.86018,229.92719,359.02853,0.82039,0.0,0.0,0.0,299.32103,54.0,1.4356,78.0,8.0,69.0,1.99352,13.41737,Ballast,54.02392666666667,8.033225333333334
2025-12-22 17:35:00,468.50822,1538,755.0,1449.0,230.23006,349.50136,0.8464,238.00753,366.5515,0.83506,0.0,0.0,0.0,299.06443,54.0,2.0,78.0,7.33475,69.0,39.19994,13.44799,Ballast,54.03333333333333,7.988082333333333
2025-12-22 17:40:00,463.76138,1538,755.0,1449.0,228.22932,346.88254,0.84743,236.61902,363.31821,0.83444,0.0,0.0,0.0,299.24047,54.0,2.98519,78.0,7.0,69.0,57.87593,13.30694,Ballast,54.04975316666667,7.9645988333333335
2025-12-22 17:45:00,467.2661,1538,755.0,1449.0,228.55365,347.59774,0.8494,237.42195,364.37166,0.83796,0.0,0.0,0.0,299.24037,54.0,3.0,78.0,7.0,69.0,56.5422,13.3,Ballast,54.05,7.94237
2025-12-22 17:50:00,466.21375,1538,755.0,1449.0,228.44022,348.74904,0.84632,238.65172,366.25671,0.8368,0.0,0.0,0.0,299.05282,54.0,3.47355,78.0,7.0,69.0,55.28444,13.28018,Ballast,54.0578925,7.921407333333333
2025-12-22 17:55:00,464.16607,1538,755.0,1449.0,227.13423,346.65659,0.84516,236.4134,364.0261,0.8318,0.0,0.0,0.0,298.96825,54.0,4.0,78.0,7.0,69.0,52.5142,13.18799,Ballast,54.06666666666667,7.875236666666667
2025-12-22 18:00:00,468.12791,1538,755.0,1449.0,230.11056,352.39342,0.84498,239.09044,368.46057,0.83377,0.0,0.0,0.0,301.45304,54.0,4.92742,78.0,7.0,69.0,51.26037,13.16064,Ballast,54.08212366666667,7.8543395
2025-12-22 18:05:00,468.89578,1538,755.0,1449.0,229.64885,352.58399,0.83868,238.84733,369.00037,0.83503,0.0,0.0,0.0,302.1649,54.0,5.0,78.0,7.0,69.0,49.82553,13.06179,Ballast,54.083333333333336,7.8304255000000005
2025-12-22 18:10:00,466.527,1538,755.0,1449.0,229.07143,351.80721,0.83848,238.71768,367.71542,0.8338,0.0,0.0,0.0,302.20833,54.0,5.58374,78.0,7.0,69.0,48.57411,13.01186,Ballast,54.093062333333336,7.8095685
2025-12-22 18:15:00,467.3666,1538,755.0,1449.0,229.14698,351.06865,0.84458,237.03182,365.85554,0.83749,0.0,0.0,0.0,302.00782,54.0,6.30617,78.0,7.0,69.0,46.0313,13.1,Ballast,54.10510283333333,7.767188333333333
2025-12-22 18:20:00,466.71582,1538,755.0,1449.0,229.00872,350.33687,0.84565,238.06275,366.58131,0.84104,0.0,0.0,0.0,301.73684,54.0,7.0,78.0,7.0,69.0,44.68043,13.01845,Ballast,54.11666666666667,7.744673833333334
2025-12-22 18:25:00,463.47274,1538,755.0,1449.0,227.83801,347.77245,0.84671,235.98572,364.64521,0.83671,0.0,0.0,0.0,301.63815,54.0,7.01865,78.0,7.0,69.0,43.4591,13.0,Ballast,54.1169775,7.724318333333334
2025-12-22 18:30:00,461.50218,1538,755.0,1449.0,225.95938,344.19739,0.845,233.5163,361.11756,0.83528,0.0,0.0,0.0,300.82985,54.0,8.0,78.0,7.0,69.0,42.23698,12.97579,Ballast,54.13333333333333,7.7039496666666665
2025-12-22 18:35:00,468.6487,1538,755.0,1449.0,229.49261,352.02696,0.84321,238.95974,369.24738,0.83375,0.0,0.0,0.0,300.79768,54.0,8.65264,78.0,7.0,69.0,39.56586,12.9,Ballast,54.144210666666666,7.659431
2025-12-22 18:40:00,469.22396,1538,755.0,1449.0,229.92921,353.94739,0.84072,238.95453,370.74138,0.83221,0.0,0.0,0.0,300.88589,54.0,9.0,78.0,7.0,69.0,38.34661,12.87932,Ballast,54.15,7.639110166666667
2025-12-22 18:45:00,465.46977,1538,755.0,1449.0,228.10524,351.54043,0.84106,237.89569,368.00797,0.83483,0.0,0.0,0.0,300.95283,54.0,9.28176,78.0,7.0,69.0,37.0454,12.89301,Ballast,54.154696,7.617423333333333
2025-12-22 18:50:00,468.13837,1538,755.0,1449.0,230.38252,352.45522,0.84356,239.25162,368.74306,0.83719,0.0,0.0,0.0,300.99084,54.0,10.0,78.0,7.0,69.0,35.70343,12.75337,Ballast,54.166666666666664,7.595057166666667
2025-12-22 18:55:00,466.77448,1538,755.0,1449.0,230.18563,351.00156,0.84805,237.92521,367.96559,0.83445,0.0,0.0,0.0,301.06413,54.0,10.91506,78.0,7.0,69.0,33.29296,12.61017,Ballast,54.18191766666666,7.554882666666667
2025-12-22 19:00:00,468.42027,1538,755.0,1449.0,229.02253,347.92297,0.85031,239.40235,368.08535,0.83654,0.0,0.0,0.0,300.7163,54.0,11.0,78.0,7.0,69.0,31.98485,12.6,Ballast,54.18333333333333,7.533080833333333
2025-12-22 19:05:00,470.01534,1538,755.0,1449.0,229.69299,348.26347,0.85165,239.43056,368.10693,0.83874,0.0,0.0,0.0,284.07415,54.0,11.4234,78.0,7.0,69.0,30.66873,12.28061,Ballast,54.19039,7.5111455
2025-12-22 19:10:00,468.56379,1538,755.0,1449.0,230.02273,349.68043,0.84819,238.55703,367.06874,0.84106,0.0,0.0,0.0,269.02473,54.0,11.41278,78.0,7.0,69.0,29.39769,12.25812,Ballast,54.190213,7.4899615
2025-12-22 19:15:00,471.82763,1538,755.0,1449.0,232.27293,355.30746,0.84578,241.07756,372.20846,0.83458,0.0,0.0,0.0,270.82482,54.0,11.0,78.0,7.0,69.0,26.51602,12.4,Ballast,54.18333333333333,7.4419336666666664
2025-12-22 19:20:00,468.21397,1538,755.0,1449.0,229.72093,349.95301,0.84877,238.7569,369.43825,0.83447,0.0,0.0,0.0,271.12152,54.0,11.0,78.0,7.0,69.0,25.15737,12.4,Ballast,54.18333333333333,7.4192895
2025-12-22 19:25:00,473.20614,1538,755.0,1449.0,230.39782,351.05004,0.84759,242.1159,373.26331,0.83534,0.0,0.0,0.0,271.14224,54.0,11.0,78.0,7.0,69.0,23.64141,12.3437,Ballast,54.18333333333333,7.3940235
2025-12-22 19:30:00,470.87026,1538,755.0,1449.0,230.23041,350.02376,0.85137,239.04657,369.91461,0.83279,0.0,0.0,0.0,271.64768,54.0,11.0,78.0,7.0,69.0,22.35366,12.3,Ballast,54.18333333333333,7.372561
2025-12-22 19:35:00,468.96025,1538,755.0,1449.0,229.72278,349.967,0.84924,238.31912,369.00279,0.83217,0.0,0.0,0.0,271.82547,54.0,11.0,78.0,7.0,69.0,19.49877,12.2,Ballast,54.18333333333333,7.3249795
2025-12-22 19:40:00,468.195,1538,755.0,1449.0,228.98107,348.50736,0.84781,238.27832,367.38233,0.83816,0.0,0.0,0.0,272.09363,54.0,11.0,78.0,7.0,69.0,18.15767,12.2,Ballast,54.18333333333333,7.302627833333333
2025-12-22 19:45:00,471.90075,1538,755.0,1449.0,232.43836,353.72122,0.84953,240.47181,371.64044,0.83698,0.0,0.0,0.0,271.97963,54.0,11.0,78.0,7.0,69.0,16.65825,12.2,Ballast,54.18333333333333,7.2776375
2025-12-22 19:50:00,508.23158,1538,755.0,1449.0,252.0517,380.06884,0.85754,255.43405,392.36325,0.84059,0.0,0.0,0.0,272.0183,54.0,11.0,78.0,7.0,69.0,15.3791,12.09883,Ballast,54.18333333333333,7.256318333333334
2025-12-22 19:55:00,468.57803,1538,755.0,1449.0,241.83898,361.75338,0.86245,225.50156,355.80286,0.81814,0.0,0.0,0.0,272.06555,54.0,11.0,78.0,7.0,69.0,12.568,11.99872,Ballast,54.18333333333333,7.209466666666667
2025-12-22 20:00:00,470.25199,1538,755.0,1449.0,243.08034,363.8724,0.86241,226.41876,358.5665,0.81301,0.0,0.0,0.0,271.92276,54.0,11.0,78.0,7.0,69.0,11.29656,11.98924,Ballast,54.18333333333333,7.188276
2025-12-22 20:05:00,466.12698,1538,755.0,1449.0,236.27805,355.86722,0.8552,229.80831,360.52893,0.82113,0.0,0.0,0.0,272.14321,54.0,11.0,78.0,7.0,69.0,9.78759,11.94276,Ballast,54.18333333333333,7.1631265
2025-12-22 20:10:00,470.66594,1538,755.0,1449.0,230.33806,351.19049,0.8485,239.75384,371.31188,0.83286,0.0,0.0,0.0,271.99377,54.0,11.0,78.0,7.0,69.0,8.4893,11.87965,Ballast,54.18333333333333,7.141488333333333
2025-12-22 20:15:00,457.34172,1538,755.0,1449.0,224.37296,342.521,0.84868,232.78134,361.89155,0.83302,0.0,0.0,0.0,272.10968,54.0,11.0,78.0,7.0,69.0,5.70416,11.9,Ballast,54.18333333333333,7.095069333333333
2025-12-22 20:20:00,464.49666,1538,755.0,1449.0,228.49531,348.89208,0.84633,238.04094,369.2486,0.83035,0.0,0.0,0.0,272.00779,54.0,11.0,78.0,7.0,69.0,4.43966,11.88794,Ballast,54.18333333333333,7.073994333333333
2025-12-22 20:25:00,463.53997,1538,755.0,1449.0,227.13063,348.0765,0.84139,236.66145,365.81416,0.83229,0.0,0.0,0.0,272.16939,54.0,11.0,78.0,7.0,69.0,3.09672,11.87582,Ballast,54.18333333333333,7.051612
2025-12-22 20:30:00,463.66662,1538,755.0,1449.0,227.15564,347.54492,0.84628,237.42483,366.59286,0.83387,0.0,0.0,0.0,271.958,54.0,11.0,78.0,7.0,69.0,1.65773,11.9,Ballast,54.18333333333333,7.027628833333333
2025-12-22 20:35:00,463.67338,1538,755.0,1449.0,229.07309,350.00666,0.84499,238.45466,368.51518,0.83393,0.0,0.0,0.0,272.10322,54.0,11.0,78.0,6.12787,69.0,51.32031,11.8996,Ballast,54.18333333333333,6.9832085
2025-12-22 20:40:00,492.06268,1538,755.0,1449.0,244.111,371.69683,0.84395,250.11298,385.58686,0.83374,0.0,0.0,0.0,272.15319,54.0,11.0,78.0,6.0,69.0,57.60663,11.83256,Ballast,54.18333333333333,6.9601105
2025-12-22 20:45:00,499.93482,1538,755.0,1449.0,246.28612,375.22668,0.8481,252.1707,388.87169,0.83719,0.0,0.0,0.0,270.34367,54.0,11.0,78.0,6.0,69.0,56.34866,11.78785,Ballast,54.18333333333333,6.939144333333333
2025-12-22 20:50:00,468.79109,1538,755.0,1449.0,238.62338,361.12954,0.85212,229.55817,360.84109,0.81964,0.0,0.0,0.0,269.81343,54.0,11.0,78.0,6.0,69.0,54.91909,11.83621,Ballast,54.18333333333333,6.915318166666666
2025-12-22 20:55:00,462.56239,1538,755.0,1449.0,239.67555,359.3251,0.86049,224.17317,354.70118,0.81113,0.0,0.0,0.0,269.99973,54.0,11.0,78.0,6.0,69.0,52.30644,11.9,Ballast,54.18333333333333,6.871774
2025-12-22 21:00:00,460.7084,1538.39001,755.0,1449.0,238.82565,358.21844,0.85963,223.11887,352.08534,0.81767,0.0,0.0,0.0,270.12278,54.0,11.0,78.0,6.0,69.0,50.83088,11.80283,Ballast,54.18333333333333,6.847181333333333
2025-12-22 21:05:00,467.67711,1539,755.0,1449.0,243.4603,364.34252,0.86402,225.83793,356.09126,0.81692,0.0,0.0,0.0,269.94987,54.0,11.0,78.0,6.0,69.0,49.52383,11.82424,Ballast,54.18333333333333,6.825397166666667
2025-12-22 21:10:00,470.07502,1539,755.0,1449.0,242.67152,363.97317,0.85783,226.74496,357.29373,0.81318,0.0,0.0,0.0,269.93324,54.0,11.0,78.0,6.0,69.0,48.26794,11.8,Ballast,54.18333333333333,6.804465666666667
2025-12-22 21:15:00,468.73888,1539,755.0,1449.0,243.07039,361.62191,0.86591,225.70419,353.91763,0.82087,0.0,0.0,0.0,269.97876,54.0,11.0,78.0,6.0,69.0,45.48814,11.87592,Ballast,54.18333333333333,6.758135666666667
2025-12-22 21:20:00,467.2531,1539,755.0,1449.0,242.5356,362.60812,0.86448,226.10302,354.86633,0.82078,0.0,0.0,0.0,269.80877,54.0,11.0,78.0,6.0,69.0,44.19256,11.88799,Ballast,54.18333333333333,6.736542666666667
2025-12-22 21:25:00,470.94011,1539,755.0,1449.0,244.33638,365.38001,0.86423,226.342,357.1555,0.81566,0.0,0.0,0.0,270.13652,54.0,11.0,78.0,6.0,69.0,42.70374,11.82911,Ballast,54.18333333333333,6.711729
2025-12-22 21:30:00,472.75504,1539,755.0,1449.0,245.5738,368.20377,0.86123,227.57254,359.04334,0.81588,0.0,0.0,0.0,270.01423,54.0,11.0,78.0,6.0,69.0,41.44494,11.83892,Ballast,54.18333333333333,6.690749
2025-12-22 21:35:00,482.50656,1539,756.0,1449.0,237.04213,358.03453,0.85292,244.72483,374.32375,0.84076,0.0,0.0,0.0,269.95298,54.0,11.0,78.0,6.0,69.0,38.65893,11.85201,Ballast,54.18333333333333,6.6443155
2025-12-22 21:40:00,475.98079,1539,756.0,1449.0,232.65838,353.30365,0.85242,242.06892,372.04872,0.83941,0.0,0.0,0.0,269.86601,54.0,11.0,78.0,6.0,69.0,37.39794,11.9,Ballast,54.18333333333333,6.623299
2025-12-22 21:45:00,469.47302,1539,756.0,1449.0,229.75514,350.12355,0.84921,239.36971,369.29342,0.83892,0.0,0.0,0.0,270.08455,54.0,11.0,78.0,6.0,69.0,36.00291,11.9,Ballast,54.18333333333333,6.6000485
2025-12-22 21:50:00,468.64242,1539,756.0,1449.0,229.9448,349.2041,0.84933,239.26378,367.91134,0.83994,0.0,0.0,0.0,269.82673,54.0,11.0,78.0,6.0,69.0,34.61267,11.81851,Ballast,54.18333333333333,6.5768778333333335
2025-12-22 21:55:00,469.88692,1539,756.0,1449.0,228.8771,350.76359,0.84284,238.60067,368.29476,0.83556,0.0,0.0,0.0,270.07455,54.0,11.0,78.0,6.0,69.0,31.93765,11.8,Ballast,54.18333333333333,6.5322941666666665
2025-12-22 22:00:00,472.26211,1539,756.0,1449.0,230.84322,352.27374,0.8448,241.17159,372.43881,0.83505,0.0,0.0,0.0,269.92011,54.0,11.0,78.0,6.0,69.0,30.58597,11.8,Ballast,54.18333333333333,6.509766166666667
2025-12-22 22:05:00,474.58655,1539,756.0,1449.0,231.81004,354.9966,0.84774,242.76486,374.9591,0.83421,0.0,0.0,0.0,269.85632,54.0,11.0,78.0,6.0,69.0,29.33109,11.8,Ballast,54.18333333333333,6.4888515
2025-12-22 22:10:00,471.32821,1539,756.0,1449.0,230.12557,352.44792,0.84395,240.45414,371.15384,0.83163,0.0,0.0,0.0,269.9763,54.0,11.0,78.0,6.0,69.0,27.89098,11.76073,Ballast,54.18333333333333,6.464849666666667
2025-12-22 22:15:00,470.65906,1539,756.0,1449.0,230.47247,351.84558,0.84768,241.25617,373.98642,0.83,0.0,0.0,0.0,269.70112,54.0,11.0,78.0,6.0,69.0,25.30556,11.85872,Ballast,54.18333333333333,6.421759333333333
2025-12-22 22:20:00,473.00186,1539,756.0,1449.0,230.79069,350.87511,0.84948,242.08777,374.43716,0.83399,0.0,0.0,0.0,269.84565,54.0,11.0,78.0,6.0,69.0,23.81532,11.95757,Ballast,54.18333333333333,6.396922
2025-12-22 22:25:00,461.45123,1539,756.0,1449.0,226.49796,344.18427,0.85061,235.59584,365.95621,0.8291,0.0,0.0,0.0,270.28548,54.0,11.0,78.0,6.0,69.0,22.50337,11.99108,Ballast,54.18333333333333,6.375056166666667
2025-12-22 22:30:00,464.2753,1539,756.0,1449.0,226.99226,345.96952,0.84635,237.84741,369.55753,0.83149,0.0,0.0,0.0,270.07126,54.0,11.0,78.0,6.0,69.0,21.21181,11.92931,Ballast,54.18333333333333,6.353530166666666
2025-12-22 22:35:00,465.97486,1539,756.0,1449.0,228.69942,347.89399,0.84977,239.05254,369.85387,0.8362,0.0,0.0,0.0,262.82863,54.0,11.0,78.0,6.0,69.0,18.44612,11.97798,Ballast,54.18333333333333,6.307435333333333
2025-12-22 22:40:00,470.02682,1539,756.0,1449.0,229.85007,351.39489,0.84445,240.24074,372.54822,0.8342,0.0,0.0,0.0,263.05377,54.0,11.0,78.0,6.0,69.0,17.10133,11.98793,Ballast,54.18333333333333,6.285022166666667
2025-12-22 22:45:00,471.99508,1539,756.0,1449.0,231.09358,351.93113,0.84521,241.15972,371.68364,0.83403,0.0,0.0,0.0,262.9017,54.0,11.0,78.0,6.0,69.0,15.65505,12.0,Ballast,54.18333333333333,6.2609175
2025-12-22 22:50:00,467.01146,1539,756.0,1449.0,229.31594,348.37589,0.8489,239.05639,369.79641,0.8343,0.0,0.0,0.0,262.51426,54.0,11.0,78.0,6.0,69.0,14.39228,12.0,Ballast,54.18333333333333,6.239871333333333
2025-12-22 22:55:00,470.50353,1539,756.0,1449.0,230.98343,351.1854,0.85157,240.66976,372.40776,0.83097,0.0,0.0,0.0,263.00415,54.0,10.0,78.0,6.0,69.0,11.58424,12.17755,Ballast,54.166666666666664,6.193070666666666
2025-12-22 23:00:00,468.47856,1539,756.0,1449.0,229.87162,349.94508,0.84597,239.08788,370.58331,0.83264,0.0,0.0,0.0,263.31126,54.0,10.0,78.0,6.0,69.0,10.30736,12.27651,Ballast,54.166666666666664,6.171789333333333
2025-12-22 23:05:00,465.34752,1539,756.0,1449.0,228.93269,347.48103,0.85165,238.81676,368.30261,0.83504,0.0,0.0,0.0,263.35055,54.0,10.0,78.0,6.0,69.0,8.77031,12.33853,Ballast,54.166666666666664,6.146171833333334
2025-12-22 23:10:00,468.57028,1539,756.0,1449.0,229.48555,348.4354,0.85258,239.48604,369.69886,0.83645,0.0,0.0,0.0,263.08536,54.0,10.0,78.0,6.0,69.0,7.46083,12.41209,Ballast,54.166666666666664,6.1243471666666665
2025-12-22 23:15:00,477.50646,1539,756.0,1449.0,232.83687,355.16292,0.84836,242.73598,376.24901,0.83426,0.0,0.0,0.0,262.77261,54.0,10.0,78.0,6.0,69.0,4.5847,12.51821,Ballast,54.166666666666664,6.076411666666667
2025-12-22 23:20:00,470.13211,1539,756.0,1449.0,231.17674,351.66161,0.85274,240.2822,370.68689,0.83515,0.0,0.0,0.0,262.58778,54.0,10.0,78.0,6.0,69.0,3.29249,12.50515,Ballast,54.166666666666664,6.054874833333334
2025-12-22 23:25:00,469.52708,1539,756.0,1449.0,231.26098,351.55019,0.85023,238.69582,368.98049,0.83334,0.0,0.0,0.0,263.02221,54.0,10.0,78.0,6.0,69.0,1.7042,12.56035,Ballast,54.166666666666664,6.028403333333333
2025-12-22 23:30:00,473.62278,1539,756.0,1449.0,231.64661,352.9279,0.84909,241.60957,372.43465,0.8376,0.0,0.0,0.0,262.8481,54.0,9.56667,78.0,6.0,69.0,0.40475,12.58577,Ballast,54.1594445,6.0067458333333335
2025-12-22 23:35:00,469.61051,1539,756.0,1449.0,229.86451,350.37295,0.85047,239.22252,368.3396,0.83806,0.0,0.0,0.0,262.70319,54.0,9.0,78.0,5.0,69.0,57.49692,12.67403,Ballast,54.15,5.9582820000000005
2025-12-22 23:40:00,468.25236,1539,756.0,1449.0,229.15717,348.82406,0.84756,239.92482,369.84608,0.83577,0.0,0.0,0.0,261.84384,54.0,9.0,78.0,5.0,69.0,56.08162,12.62984,Ballast,54.15,5.934693666666667
2025-12-22 23:45:00,468.70629,1539,756.0,1449.0,229.1022,348.67157,0.84768,239.23729,369.89244,0.83515,0.0,0.0,0.0,261.87802,54.0,9.0,78.0,5.0,69.0,54.58915,12.77672,Ballast,54.15,5.909819166666667
2025-12-22 23:50:00,477.68203,1539,756.0,1449.0,232.56851,353.9778,0.84749,243.82827,377.60377,0.83143,0.0,0.0,0.0,261.67219,54.0,9.0,78.0,5.0,69.0,53.23827,12.84809,Ballast,54.15,5.8873045
2025-12-22 23:55:00,479.54455,1539,756.0,1449.0,235.38048,356.65707,0.85397,243.29351,376.50286,0.83336,0.0,0.0,0.0,261.96678,54.0,9.0,78.0,5.0,69.0,50.33662,12.92084,Ballast,54.15,5.838943666666667
2025-12-23 00:00:00,473.30332,1539,756.0,1449.0,230.77922,351.72081,0.84632,240.88529,372.64611,0.83208,0.0,0.0,0.0,262.0814,54.0,9.0,78.0,5.0,69.0,48.72139,12.88812,Ballast,54.15,5.812023166666666
2025-12-23 00:05:00,469.49192,1539,756.0,1449.0,229.99526,350.33865,0.8479,239.7695,371.84321,0.82956,0.0,0.0,0.0,262.33176,54.0,8.07328,78.0,5.0,69.0,47.38528,12.9,Ballast,54.134554666666666,5.789754666666667
2025-12-23 00:10:00,467.03296,1539,756.0,1449.0,227.62953,346.92547,0.84662,238.41712,368.54056,0.8355,0.0,0.0,0.0,262.29709,54.0,8.0,78.0,5.0,69.0,45.84913,12.99574,Ballast,54.13333333333333,5.764152166666666
2025-12-23 00:15:00,469.27401,1539,756.0,1449.0,229.54442,349.08475,0.84906,239.26108,370.88307,0.83629,0.0,0.0,0.0,262.24049,54.0,8.0,78.0,5.0,69.0,42.93436,13.02857,Ballast,54.13333333333333,5.715572666666667
2025-12-23 00:20:00,470.04838,1539,756.0,1449.0,229.44227,349.18713,0.84869,239.79323,371.51729,0.82946,0.0,0.0,0.0,262.11028,54.0,8.0,78.0,5.0,69.0,41.48744,13.0517,Ballast,54.13333333333333,5.691457333333333
2025-12-23 00:25:00,467.02964,1539,756.0,1449.0,228.40949,347.63322,0.84815,238.13183,369.93737,0.83043,0.0,0.0,0.0,262.13769,54.0,8.0,78.0,5.0,69.0,40.01666,13.08795,Ballast,54.13333333333333,5.666944333333333
2025-12-23 00:30:00,469.15508,1539,756.0,1449.0,229.27976,348.96942,0.84399,239.14147,368.15466,0.83356,0.0,0.0,0.0,261.99989,54.0,8.0,78.0,5.0,69.0,38.52235,13.1,Ballast,54.13333333333333,5.642039166666667
2025-12-23 00:35:00,478.0594,1539,756.0,1449.0,234.56284,356.89917,0.8456,243.28393,375.38399,0.83292,0.0,0.0,0.0,262.12697,54.0,7.31535,78.0,5.0,69.0,35.54869,13.11531,Ballast,54.1219225,5.592478166666667
2025-12-23 00:40:00,465.29961,1539,756.0,1449.0,228.71168,346.44362,0.8494,237.25907,366.22275,0.83262,0.0,0.0,0.0,261.66094,54.0,7.0,78.0,5.0,69.0,34.1201,13.13622,Ballast,54.11666666666667,5.568668333333333
2025-12-23 00:45:00,482.1001,1539,756.0,1449.0,236.41662,358.13103,0.85039,247.66744,380.12486,0.83414,0.0,0.0,0.0,261.96385,54.0,7.0,78.0,5.0,69.0,32.57306,13.13626,Ballast,54.11666666666667,5.542884333333333
2025-12-23 00:50:00,505.29461,1539,756.0,1449.0,249.82957,378.21795,0.8527,255.33977,391.12366,0.83547,0.0,0.0,0.0,261.82103,54.0,7.0,78.0,5.0,69.0,31.17254,13.16987,Ballast,54.11666666666667,5.519542333333334
2025-12-23 00:55:00,472.09254,1539,756.0,1449.0,245.26584,364.68303,0.86185,226.97662,356.53243,0.8175,0.0,0.0,0.0,261.93197,54.0,7.0,78.0,5.0,69.0,28.19196,13.24817,Ballast,54.11666666666667,5.469866
2025-12-23 01:00:00,470.22136,1539,756.0,1449.0,244.08069,363.55561,0.86042,226.87899,356.05106,0.82105,0.0,0.0,0.0,261.77391,54.0,7.0,78.0,5.0,69.0,26.59777,13.20839,Ballast,54.11666666666667,5.443296166666666
2025-12-23 01:05:00,474.51037,1539,756.0,1449.0,245.14971,366.49064,0.86058,227.53318,355.53933,0.82118,0.0,0.0,0.0,262.05413,54.0,7.0,78.0,5.0,69.0,25.20055,13.25196,Ballast,54.11666666666667,5.4200091666666665
2025-12-23 01:10:00,478.66681,1539,756.0,1449.0,247.92363,371.39954,0.86059,229.87559,360.44435,0.81963,0.0,0.0,0.0,262.46535,54.0,6.52691,78.0,5.0,69.0,23.6013,13.3,Ballast,54.10878183333333,5.393355
2025-12-23 01:15:00,469.4054,1539.33535,756.0,1449.0,236.0116,355.51918,0.85459,230.99217,359.16436,0.82851,0.0,0.0,0.0,260.66739,54.0,6.0,78.0,5.0,69.0,20.6095,13.28787,Ballast,54.1,5.343491666666667
2025-12-23 01:20:00,463.48863,1540,756.0,1449.0,227.57231,345.92232,0.84604,234.8757,361.70495,0.83525,0.0,0.0,0.0,260.79642,54.0,6.0,78.0,5.0,69.0,19.21172,13.36506,Ballast,54.1,5.320195333333333
2025-12-23 01:25:00,403.17315,1540,756.0,1449.0,41.71302,76.91815,0.18752,363.09949,555.30329,0.84194,0.0,0.0,0.0,260.73053,54.0,6.0,78.0,5.0,69.0,17.60033,13.41206,Ballast,54.1,5.293338833333333
2025-12-23 01:30:00,387.80804,1540,756.0,1449.0,0.0,0.0,0.0,387.21429,595.39339,0.83776,0.0,0.0,0.0,261.08498,54.0,6.0,78.0,5.0,69.0,16.18194,13.38795,Ballast,54.1,5.269699
2025-12-23 01:35:00,382.33061,1540,756.4171,1449.0,0.0,0.0,0.0,380.41267,589.79323,0.83123,0.0,0.0,0.0,261.11485,54.0,6.0,78.0,5.0,69.0,13.1574,13.4,Ballast,54.1,5.21929
2025-12-23 01:40:00,384.86325,1540,757.0,1449.0,0.0,0.0,0.0,384.94778,591.73645,0.83969,0.0,0.0,0.0,261.32938,54.0,5.0176,78.0,5.0,69.0,11.5746,13.4,Ballast,54.08362666666667,5.19291
2025-12-23 01:45:00,380.29969,1540,757.0,1449.0,0.0,0.0,0.0,380.67496,588.75577,0.83351,0.0,0.0,0.0,260.94287,54.0,5.0,78.0,5.0,69.0,10.12975,13.42426,Ballast,54.083333333333336,5.168829166666667
2025-12-23 01:50:00,372.78201,1540,757.0,1449.0,0.0,0.0,0.0,371.05281,574.49875,0.83212,0.0,0.0,0.0,260.582,54.0,5.0,78.0,5.0,69.0,8.55102,13.51699,Ballast,54.083333333333336,5.142517
2025-12-23 01:55:00,375.63533,1540,757.0,1449.0,0.0,0.0,0.0,376.14031,584.30971,0.82927,0.0,0.0,0.0,261.84255,54.0,5.0,78.0,5.0,69.0,5.51591,13.6,Ballast,54.083333333333336,5.091931833333334
2025-12-23 02:00:00,375.47452,1540,757.0,1449.0,0.0,0.0,0.0,375.12352,581.12248,0.8308,0.0,0.0,0.0,262.0812,54.0,5.0,78.0,5.0,69.0,4.00159,13.56342,Ballast,54.083333333333336,5.066693166666667
2025-12-23 02:05:00,376.72833,1540,757.0,1449.0,0.0,0.0,0.0,377.18293,585.35379,0.83121,0.0,0.0,0.0,262.30739,54.0,5.0,78.0,5.0,69.0,2.48354,13.54486,Ballast,54.083333333333336,5.0413923333333335
2025-12-23 02:10:00,377.33582,1540,757.0,1449.0,0.0,0.0,0.0,377.72684,587.54076,0.83054,0.0,0.0,0.0,261.62476,54.0,4.83266,78.0,5.0,69.0,0.93018,13.53961,Ballast,54.080544333333336,5.015503
2025-12-23 02:15:00,376.9411,1540,757.0,1449.0,0.0,0.0,0.0,377.60043,584.68105,0.83155,0.0,0.0,0.0,262.06707,54.0,4.0,78.0,4.0,69.0,57.84902,13.57593,Ballast,54.06666666666667,4.964150333333333
2025-12-23 02:20:00,372.06767,1540,757.0,1449.0,0.0,0.0,0.0,371.92879,577.12584,0.82855,0.0,0.0,0.0,262.21181,54.0,4.0,78.0,4.0,69.0,56.40566,13.6,Ballast,54.06666666666667,4.940094333333334
2025-12-23 02:25:00,375.70872,1540,757.0,1449.0,0.0,0.0,0.0,375.21774,581.33062,0.83645,0.0,0.0,0.0,261.60216,54.0,4.0,78.0,4.0,69.0,54.77348,13.61193,Ballast,54.06666666666667,4.9128913333333335
2025-12-23 02:30:00,379.47919,1540,757.0,1449.0,0.0,0.0,0.0,380.15626,589.83031,0.82974,0.0,0.0,0.0,262.10935,54.0,4.0,78.0,4.0,69.0,53.36565,13.61212,Ballast,54.06666666666667,4.8894275
2025-12-23 02:35:00,377.96654,1540,757.0,1449.0,0.0,0.0,0.0,377.71496,584.20176,0.83272,0.0,0.0,0.0,261.90874,54.0,4.0,78.0,4.0,69.0,50.29323,13.58789,Ballast,54.06666666666667,4.8382205
2025-12-23 02:40:00,379.76003,1540,757.0,1449.0,0.0,0.0,0.0,380.42025,591.14092,0.83294,0.0,0.0,0.0,261.98596,54.0,4.0,78.0,4.0,69.0,48.62777,13.6,Ballast,54.06666666666667,4.810462833333333
2025-12-23 02:45:00,382.69837,1540,757.0,1449.0,0.0,0.0,0.0,382.78439,591.89978,0.83588,0.0,0.0,0.0,261.82008,54.0,3.14846,78.0,4.0,69.0,47.21855,13.57591,Ballast,54.052474333333336,4.786975833333333
2025-12-23 02:50:00,385.90059,1540,757.0,1449.0,0.0,0.0,0.0,385.03643,594.85928,0.83449,0.0,0.0,0.0,262.08549,54.0,3.0,78.0,4.0,69.0,45.59669,13.52426,Ballast,54.05,4.759944833333334
2025-12-23 02:55:00,382.65604,1540,757.0,1449.0,0.0,0.0,0.0,383.89214,590.86022,0.83839,0.0,0.0,0.0,261.95311,54.0,3.0,78.0,4.0,69.0,42.55922,13.57821,Ballast,54.05,4.709320333333333
2025-12-23 03:00:00,383.11583,1540,757.0,1449.0,0.0,0.0,0.0,382.58714,587.57041,0.83732,0.0,0.0,0.0,262.10843,54.0,3.0,78.0,4.0,69.0,41.08442,13.58387,Ballast,54.05,4.684740333333333
2025-12-23 03:05:00,380.05735,1540,757.0,1449.0,0.0,0.0,0.0,379.9095,588.78013,0.83108,0.0,0.0,0.0,261.67318,54.0,3.0,78.0,4.0,69.0,39.52494,13.54813,Ballast,54.05,4.658749
2025-12-23 03:10:00,377.38141,1540,757.0,1449.0,0.0,0.0,0.0,378.36291,586.52682,0.83081,0.0,0.0,0.0,262.08407,54.0,3.0,78.0,4.0,69.0,38.02678,13.49893,Ballast,54.05,4.633779666666666
2025-12-23 03:15:00,377.60139,1540,757.0,1449.0,0.0,0.0,0.0,378.15387,584.86951,0.83169,0.0,0.0,0.0,262.24648,54.0,2.25603,78.0,4.0,69.0,34.97866,13.42405,Ballast,54.0376005,4.582977666666666
2025-12-23 03:20:00,383.17852,1540,757.0,1449.0,0.0,0.0,0.0,383.37897,595.69844,0.83004,0.0,0.0,0.0,261.94024,54.0,2.0,78.0,4.0,69.0,33.48226,13.41197,Ballast,54.03333333333333,4.558037666666666
2025-12-23 03:25:00,374.3434,1540,757.0,1449.0,0.0,0.0,0.0,375.86061,581.09909,0.8331,0.0,0.0,0.0,261.82042,54.0,2.0,78.0,4.0,69.0,31.9533,13.43058,Ballast,54.03333333333333,4.532555
2025-12-23 03:30:00,375.20587,1540,757.0,1449.0,0.0,0.0,0.0,375.03576,579.54135,0.83459,0.0,0.0,0.0,262.21399,54.0,2.0,78.0,4.0,69.0,30.4685,13.43452,Ballast,54.03333333333333,4.507808333333333
2025-12-23 03:35:00,379.1888,1540,757.0,1449.0,0.0,0.0,0.0,380.07109,586.85663,0.83506,0.0,0.0,0.0,262.31818,54.0,2.0,78.0,4.0,69.0,27.45502,13.41902,Ballast,54.03333333333333,4.457583666666666
2025-12-23 03:40:00,380.76888,1540,757.0,1449.0,0.0,0.0,0.0,380.79476,587.75564,0.83741,0.0,0.0,0.0,261.48618,54.0,2.0,78.0,4.0,69.0,25.90136,13.28039,Ballast,54.03333333333333,4.431689333333333
2025-12-23 03:45:00,380.35672,1540,757.0,1449.0,0.0,0.0,0.0,378.39717,583.50754,0.83684,0.0,0.0,0.0,253.09182,54.0,1.79581,78.0,4.0,69.0,24.45735,13.19187,Ballast,54.02993016666667,4.4076225
2025-12-23 03:50:00,381.59292,1540,757.0,1449.0,0.0,0.0,0.0,380.54636,587.41015,0.8342,0.0,0.0,0.0,243.14051,54.0,1.0,78.0,4.0,69.0,23.08922,13.01347,Ballast,54.016666666666666,4.384820333333334
2025-12-23 03:55:00,408.5353,1540,757.0,1449.0,0.0,0.0,0.0,410.30106,627.56341,0.83909,0.0,0.0,0.0,232.89204,54.0,0.2429,78.0,4.0,69.0,20.53541,12.89479,Ballast,54.00404833333333,4.342256833333333
2025-12-23 04:00:00,399.70418,1540,757.0,1449.0,0.0,0.0,0.0,398.94232,610.59273,0.84011,0.0,0.0,0.0,233.40303,54.0,0.0,78.0,4.0,69.0,19.37538,12.78547,Ballast,54.0,4.322923
2025-12-23 04:05:00,380.10644,1540,757.0,1449.0,0.0,0.0,0.0,381.35768,586.2749,0.83739,0.0,0.0,0.0,233.73915,53.30685,40.84647,78.0,4.0,69.0,18.19764,12.88213,Ballast,53.987624499999995,4.303294
2025-12-23 04:10:00,382.20334,1540,757.0,1449.0,0.0,0.0,0.0,382.81164,590.30471,0.83435,0.0,0.0,0.0,233.85853,53.0,59.0,78.0,4.0,69.0,16.88272,12.8458,Ballast,53.983333333333334,4.281378666666667
2025-12-23 04:15:00,383.1012,1540,757.96763,1449.0,0.0,0.0,0.0,381.77642,590.53559,0.83449,0.0,0.0,0.0,233.38849,53.0,58.0,78.0,4.0,69.0,14.52067,12.69698,Ballast,53.96666666666667,4.242011166666667
2025-12-23 04:20:00,381.37895,1540,758.0,1449.0,0.0,0.0,0.0,382.78622,589.3266,0.83681,0.0,0.0,0.0,231.79799,53.0,57.48085,78.0,4.0,69.0,13.35723,12.59061,Ballast,53.958014166666665,4.2226205
2025-12-23 04:25:00,384.55948,1540,758.0,1449.0,0.0,0.0,0.0,384.70279,592.30617,0.8365,0.0,0.0,0.0,230.85237,53.0,57.0,78.0,4.0,69.0,12.22664,12.58507,Ballast,53.95,4.203777333333333
2025-12-23 04:30:00,387.78829,1540,758.0,1449.0,0.0,0.0,0.0,388.76004,598.997,0.83907,0.0,0.0,0.0,231.43953,53.0,56.47132,78.0,4.0,69.0,11.06036,12.64959,Ballast,53.94118866666667,4.184339333333333
2025-12-23 04:35:00,399.82927,1540,758.0,1449.0,0.0,0.0,0.0,399.65662,610.56405,0.84407,0.0,0.0,0.0,230.06657,53.0,55.43082,78.0,4.0,69.0,8.72934,12.56385,Ballast,53.923847,4.145489
2025-12-23 04:40:00,395.43232,1540,758.0,1449.0,0.0,0.0,0.0,393.95039,602.89077,0.84279,0.0,0.0,0.0,230.20393,53.0,55.0,78.0,4.0,69.0,7.61436,12.54101,Ballast,53.916666666666664,4.126906
2025-12-23 04:45:00,381.52947,1540,758.0,1449.0,0.0,0.0,0.0,381.5436,585.04414,0.83941,0.0,0.0,0.0,229.0634,53.0,54.38691,78.0,4.0,69.0,6.51274,12.43688,Ballast,53.9064485,4.108545666666667
2025-12-23 04:50:00,382.26589,1540,758.0,1449.0,0.0,0.0,0.0,381.39811,585.79891,0.83728,0.0,0.0,0.0,230.48136,53.0,54.0,78.0,4.0,69.0,5.41734,12.48591,Ballast,53.9,4.090289
2025-12-23 04:55:00,419.90186,1540,758.0,1449.0,0.0,0.0,0.0,421.96871,647.7854,0.84075,0.0,0.0,0.0,230.8106,53.0,53.0,78.0,4.0,69.0,3.19153,12.50619,Ballast,53.88333333333333,4.053192166666666
2025-12-23 05:00:00,421.76889,1540,758.0,1449.0,0.0,0.0,0.0,421.38027,644.07152,0.84044,0.0,0.0,0.0,229.73289,53.0,52.3234,78.0,4.0,69.0,2.05249,12.43507,Ballast,53.872056666666666,4.034208166666667
2025-12-23 05:05:00,403.38255,1540,758.0,1449.0,0.0,0.0,0.0,401.50749,615.80075,0.83864,0.0,0.0,0.0,229.59631,53.0,52.0,78.0,4.0,69.0,0.88847,12.41423,Ballast,53.86666666666667,4.014807833333333
2025-12-23 05:10:00,391.10055,1540,758.0,1449.0,0.0,0.0,0.0,390.49511,601.18097,0.83407,0.0,0.0,0.0,229.83584,53.0,51.2779,78.0,3.7825,69.0,12.78346,12.37917,Ballast,53.85463166666667,3.995557666666667
2025-12-23 05:15:00,379.92495,1540,758.0,1449.0,0.0,0.0,0.0,380.9598,584.45274,0.83817,0.0,0.0,0.0,230.99772,53.0,50.24421,78.0,3.0,69.0,57.57317,12.49533,Ballast,53.8374035,3.9595528333333334
2025-12-23 05:20:00,390.62287,1540,758.0,1449.0,0.0,0.0,0.0,389.6751,594.37625,0.844,0.0,0.0,0.0,230.47664,53.0,50.0,78.0,3.0,69.0,56.44676,12.37359,Ballast,53.833333333333336,3.9407793333333334
2025-12-23 05:25:00,391.71816,1540,758.0,1449.0,0.0,0.0,0.0,392.76536,598.8551,0.84437,0.0,0.0,0.0,230.16176,53.0,49.24374,78.0,3.0,69.0,55.35737,12.32849,Ballast,53.820729,3.9226228333333335
2025-12-23 05:30:00,396.3553,1540,758.0,1449.0,0.0,0.0,0.0,393.89914,604.3315,0.8386,0.0,0.0,0.0,231.62795,53.0,49.0,78.0,3.0,69.0,54.25922,12.42337,Ballast,53.81666666666667,3.904320333333333
2025-12-23 05:35:00,389.74245,1540,758.0,1449.0,0.0,0.0,0.0,389.44534,600.36185,0.83494,0.0,0.0,0.0,230.45914,53.0,48.0,78.0,3.0,69.0,51.91383,12.40585,Ballast,53.8,3.8652305
2025-12-23 05:40:00,383.57997,1540,758.0,1449.0,0.0,0.0,0.0,384.28214,590.538,0.83744,0.0,0.0,0.0,231.28343,53.0,47.28029,78.0,3.0,69.0,50.79386,12.4,Ballast,53.78800483333333,3.8465643333333333
2025-12-23 05:45:00,385.3927,1540,758.0,1449.0,0.0,0.0,0.0,386.15987,594.34362,0.83753,0.0,0.0,0.0,230.74623,53.0,47.0,78.0,3.0,69.0,49.68829,12.32635,Ballast,53.78333333333333,3.8281381666666667
2025-12-23 05:50:00,379.14969,1540,758.0,1449.0,0.0,0.0,0.0,380.3047,585.49018,0.83737,0.0,0.0,0.0,230.71766,53.0,46.29771,78.0,3.0,69.0,48.59397,12.2481,Ballast,53.7716285,3.8098995
2025-12-23 05:55:00,382.20145,1540,758.0,1449.0,0.0,0.0,0.0,382.81755,588.84727,0.83786,0.0,0.0,0.0,230.79481,53.0,45.33326,78.0,3.0,69.0,46.40969,12.23509,Ballast,53.755554333333336,3.7734948333333334
2025-12-23 06:00:00,394.10416,1540,758.0,1449.0,0.0,0.0,0.0,395.35533,606.64926,0.84182,0.0,0.0,0.0,230.55749,53.0,45.0,78.0,3.0,69.0,45.30948,12.18465,Ballast,53.75,3.7551579999999998
2025-12-23 06:05:00,397.82854,1540,758.0,1449.0,0.0,0.0,0.0,399.00608,609.72228,0.84605,0.0,0.0,0.0,230.79399,53.0,44.36049,78.0,3.0,69.0,44.22753,12.15538,Ballast,53.7393415,3.7371255
2025-12-23 06:10:00,398.29227,1540,758.0,1449.0,0.0,0.0,0.0,399.04156,611.60671,0.8403,0.0,0.0,0.0,231.04265,53.0,44.0,78.0,3.0,69.0,43.14706,12.13636,Ballast,53.733333333333334,3.7191176666666665
2025-12-23 06:15:00,396.41238,1540,758.0,1449.0,0.0,0.0,0.0,396.39426,606.40523,0.84063,0.0,0.0,0.0,230.67665,53.0,43.0,78.0,3.0,69.0,40.89897,12.04488,Ballast,53.71666666666667,3.6816495
2025-12-23 06:20:00,390.76979,1540,758.0,1449.0,0.0,0.0,0.0,391.00415,598.43348,0.84412,0.0,0.0,0.0,204.65004,53.0,42.40737,78.0,3.0,69.0,40.0,11.2088,Ballast,53.7067895,3.6666666666666665
2025-12-23 06:25:00,391.19598,1540,758.0,1449.0,0.0,0.0,0.0,388.8091,594.70403,0.84349,0.0,0.0,0.0,195.14764,53.0,41.8595,78.0,3.0,69.0,39.65146,11.03092,Ballast,53.69765833333334,3.660857666666667
2025-12-23 06:30:00,391.12656,1540,758.0,1449.0,0.0,0.0,0.0,391.77424,600.1004,0.84186,0.0,0.0,0.0,195.5874,53.0,41.0,78.0,3.0,69.0,39.0,11.28298,Ballast,53.68333333333333,3.65
2025-12-23 06:35:00,389.56817,1540,758.0,1449.0,0.0,0.0,0.0,390.54278,599.2928,0.83958,0.0,0.0,0.0,198.08597,53.0,39.6319,78.0,3.0,69.0,38.09429,11.52179,Ballast,53.660531666666664,3.6349048333333336
2025-12-23 06:40:00,397.57037,1540,758.0,1449.0,0.0,0.0,0.0,397.69913,605.95495,0.84392,0.0,0.0,0.0,195.0055,53.0,38.99621,78.0,3.0,69.0,38.0,11.55467,Ballast,53.649936833333335,3.6333333333333333
2025-12-23 06:45:00,401.24495,1540,758.0,1449.0,0.0,0.0,0.0,401.3496,611.6258,0.847,0.0,0.0,0.0,194.91125,53.0,38.0,78.0,3.0,69.0,37.5274,11.48519,Ballast,53.63333333333333,3.6254566666666665
2025-12-23 06:50:00,403.42039,1540,758.68739,1449.0,0.0,0.0,0.0,403.36619,612.34028,0.84671,0.0,0.0,0.0,194.92641,53.0,37.36031,78.0,3.0,69.0,37.0,11.59344,Ballast,53.622671833333335,3.6166666666666667
2025-12-23 06:55:00,392.66663,1540,759.0,1449.0,0.0,0.0,0.0,392.53292,600.25361,0.83978,0.0,0.0,0.0,193.90061,53.0,36.0,78.0,3.0,69.0,36.09852,11.47522,Ballast,53.6,3.601642
2025-12-23 07:00:00,399.32038,1540,759.0,1449.0,0.0,0.0,0.0,399.78721,608.73131,0.8447,0.0,0.0,0.0,194.79971,53.0,35.06495,78.0,3.0,69.0,36.0,11.56941,Ballast,53.58441583333333,3.6
2025-12-23 07:05:00,393.61135,1540,759.0,1449.0,0.0,0.0,0.0,395.35891,600.78452,0.84743,0.0,0.0,0.0,195.53849,53.0,34.40537,78.0,3.0,69.0,35.83992,11.61913,Ballast,53.57342283333333,3.5973319999999998
2025-12-23 07:10:00,398.12945,1540,759.0,1449.0,0.0,0.0,0.0,396.33187,604.90367,0.84309,0.0,0.0,0.0,195.12801,53.0,33.75391,78.0,3.0,69.0,35.0,11.61085,Ballast,53.562565166666666,3.5833333333333335
2025-12-23 07:15:00,400.76415,1540,759.0,1449.0,0.0,0.0,0.0,400.25606,607.49348,0.84579,0.0,0.0,0.0,196.13902,53.0,32.00036,78.0,3.0,69.0,34.39776,13.44549,Ballast,53.53333933333333,3.573296
2025-12-23 07:20:00,404.11651,1540,759.0,1449.0,0.0,0.0,0.0,401.79065,608.89283,0.84634,0.0,0.0,0.0,195.45755,53.0,31.15688,78.0,3.0,69.0,34.0,13.49847,Ballast,53.51928133333333,3.5666666666666664
2025-12-23 07:25:00,402.29296,1540,759.0,1449.0,0.0,0.0,0.0,400.37231,608.39178,0.84502,0.0,0.0,0.0,195.20902,53.0,30.30582,78.0,3.0,69.0,33.85522,13.45186,Ballast,53.505097,3.5642536666666667
2025-12-23 07:30:00,401.02986,1540,759.0,1449.0,0.0,0.0,0.0,400.79041,609.32112,0.84365,0.0,0.0,0.0,194.65252,53.0,29.44619,78.0,3.0,69.0,33.0,13.49916,Ballast,53.49076983333333,3.55
2025-12-23 07:35:00,396.84113,1540,759.0,1449.0,0.0,0.0,0.0,397.22628,603.7994,0.8506,0.0,0.0,0.0,197.18701,53.0,27.91326,78.0,3.0,69.0,32.39962,11.9138,Ballast,53.465221,3.5399936666666667
2025-12-23 07:40:00,389.17487,1540,759.0,1449.0,0.0,0.0,0.0,389.55889,592.23275,0.84604,0.0,0.0,0.0,198.79754,53.0,27.0,78.0,3.0,69.0,32.0,11.78815,Ballast,53.45,3.533333333333333
2025-12-23 07:45:00,387.95146,1540,759.0,1449.0,0.0,0.0,0.0,387.25993,586.74008,0.84817,0.0,0.0,0.0,199.16238,53.0,26.2464,78.0,3.0,69.0,31.86348,11.77335,Ballast,53.43744,3.531058
2025-12-23 07:50:00,395.31727,1540,759.0,1449.0,0.0,0.0,0.0,394.82271,598.0385,0.84805,0.0,0.0,0.0,199.65668,53.0,25.58496,78.0,3.0,69.0,31.0,11.73178,Ballast,53.426416,3.5166666666666666
2025-12-23 07:55:00,422.27684,1540,759.0,1449.0,0.0,0.0,0.0,422.39495,636.90066,0.85172,0.0,0.0,0.0,198.68576,53.0,24.0,78.0,3.0,69.0,30.28451,11.91197,Ballast,53.4,3.504741833333333
2025-12-23 08:00:00,437.78825,1540,759.0,1449.0,0.0,0.0,0.0,437.43827,656.55767,0.85539,0.0,0.0,0.0,198.133,53.0,23.22049,78.0,3.0,69.0,30.0,11.85799,Ballast,53.38700816666667,3.5
2025-12-23 08:05:00,456.54087,1540,759.0,1449.0,0.0,0.0,0.0,454.47665,679.90754,0.86068,0.0,0.0,0.0,198.45797,53.0,22.54012,78.0,3.0,69.0,29.83712,11.8533,Ballast,53.37566866666667,3.497285333333333
2025-12-23 08:10:00,420.4167,1540,759.0,1449.0,0.0,0.0,0.0,420.35387,632.0411,0.85162,0.0,0.0,0.0,199.64415,53.0,21.84047,78.0,3.0,69.0,29.0,12.03573,Ballast,53.36400783333333,3.4833333333333334
2025-12-23 08:15:00,417.28758,1540,759.0,1449.0,0.0,0.0,0.0,416.10952,625.3496,0.85203,0.0,0.0,0.0,199.24463,53.0,20.13312,78.0,3.0,69.0,28.21366,12.10031,Ballast,53.335552,3.4702276666666667
2025-12-23 08:20:00,423.26666,1540,759.0,1449.0,0.0,0.0,0.0,424.60882,638.81386,0.85256,0.0,0.0,0.0,199.30309,53.0,19.43136,78.0,3.0,69.0,28.0,11.97378,Ballast,53.323856,3.466666666666667
2025-12-23 08:25:00,429.99631,1540,759.0,1449.0,0.0,0.0,0.0,431.00086,650.73791,0.8466,0.0,0.0,0.0,198.50924,53.0,18.73696,78.0,3.0,69.0,27.62234,11.97212,Ballast,53.31228266666667,3.4603723333333334
2025-12-23 08:30:00,428.0468,1540,759.0,1449.0,0.0,0.0,0.0,427.58087,643.74163,0.84779,0.0,0.0,0.0,199.06076,53.0,18.0,78.0,3.0,69.0,27.0,12.05073,Ballast,53.3,3.45
2025-12-23 08:35:00,405.29965,1540,759.0,1449.0,0.0,0.0,0.0,406.90409,612.62906,0.8466,0.0,0.0,0.0,198.8085,53.0,16.33522,78.0,3.0,69.0,26.01779,12.23953,Ballast,53.272253666666664,3.4336298333333333
2025-12-23 08:40:00,413.18196,1540,759.0,1449.0,0.0,0.0,0.0,413.06754,623.63596,0.84681,0.0,0.0,0.0,199.47672,53.0,15.61146,78.0,3.0,69.0,26.0,12.36201,Ballast,53.260191,3.4333333333333336
2025-12-23 08:45:00,396.76513,1540,759.0,1449.0,0.0,0.0,0.0,396.40536,597.40685,0.84892,0.0,0.0,0.0,197.522,53.0,14.86971,78.0,3.0,69.0,25.35579,12.47585,Ballast,53.2478285,3.4225965
2025-12-23 08:50:00,396.19042,1540,759.0,1449.0,0.0,0.0,0.0,398.75904,602.50029,0.84698,0.0,0.0,0.0,197.35908,53.0,14.0,78.0,3.0,69.0,25.0,12.60121,Ballast,53.233333333333334,3.4166666666666665
2025-12-23 08:55:00,408.94911,1540,759.0,1449.0,0.0,0.0,0.0,408.80189,614.50823,0.85491,0.0,0.0,0.0,196.32939,53.0,12.33127,78.0,3.0,69.0,24.0,12.61807,Ballast,53.205521166666664,3.4
2025-12-23 09:00:00,405.6077,1540,759.0,1449.0,0.0,0.0,0.0,406.06815,614.18684,0.85117,0.0,0.0,0.0,197.04062,53.0,11.55156,78.0,3.0,69.0,24.0,12.82006,Ballast,53.192526,3.4
2025-12-23 09:05:00,408.185,1540,759.0,1449.0,0.0,0.0,0.0,405.61371,613.14784,0.84991,0.0,0.0,0.0,197.20685,53.0,10.75979,78.0,3.0,69.0,23.4244,12.9,Ballast,53.179329833333334,3.390406666666667
2025-12-23 09:10:00,408.39921,1540,759.0,1449.0,0.0,0.0,0.0,406.42888,615.05109,0.84981,0.0,0.0,0.0,197.26546,53.0,9.96659,78.0,3.0,69.0,23.0,12.93679,Ballast,53.16610983333333,3.3833333333333333
2025-12-23 09:15:00,417.16708,1540,759.95027,1449.0,0.0,0.0,0.0,416.86425,634.49355,0.84829,0.0,0.0,0.0,197.46513,53.0,8.17188,78.0,3.0,69.0,22.0,12.99015,Ballast,53.136198,3.3666666666666667
2025-12-23 09:20:00,415.33461,1540,760.0,1449.0,0.0,0.0,0.0,415.50659,634.79159,0.84689,0.0,0.0,0.0,196.9122,53.0,7.36969,78.0,3.0,69.0,22.0,13.03505,Ballast,53.122828166666665,3.3666666666666667
2025-12-23 09:25:00,409.19102,1540,760.0,1449.0,0.0,0.0,0.0,408.1597,622.72725,0.84406,0.0,0.0,0.0,197.12603,53.0,6.56123,78.0,3.0,69.0,21.34128,13.11559,Ballast,53.10935383333333,3.355688
2025-12-23 09:30:00,404.29392,1540,760.0,1449.0,0.0,0.0,0.0,405.08665,620.81244,0.84185,0.0,0.0,0.0,197.36467,53.0,5.74467,78.0,3.0,69.0,21.0,13.22523,Ballast,53.0957445,3.35
2025-12-23 09:35:00,401.98226,1540,760.0,1449.0,78.63029,123.81011,0.33574,320.67234,493.26459,0.83102,0.0,0.0,0.0,196.78818,53.0,4.0,78.0,3.0,69.0,20.0,13.2,Ballast,53.06666666666667,3.3333333333333335
2025-12-23 09:40:00,393.98611,1540,760.0,1449.0,364.59363,556.84289,0.85122,29.13556,52.41372,0.13342,0.0,0.0,0.0,197.15828,53.0,3.10369,78.0,3.0,69.0,20.0,13.19773,Ballast,53.05172816666666,3.3333333333333335
2025-12-23 09:45:00,403.03713,1540,760.0,1449.0,334.24179,508.28976,0.84931,67.14641,110.552,0.28478,0.0,0.0,0.0,198.01243,53.0,2.29051,78.0,3.0,69.0,19.03381,13.28266,Ballast,53.03817516666667,3.3172301666666666
2025-12-23 09:50:00,390.54645,1540,760.0,1449.0,162.95364,252.09183,0.72806,226.80464,347.49787,0.8383,0.0,0.0,0.0,197.88865,53.0,1.46652,78.0,3.0,69.0,19.0,13.24277,Ballast,53.024442,3.3166666666666664
2025-12-23 09:55:00,398.33676,1540,760.0,1449.0,0.0,0.0,0.0,398.1375,611.6396,0.84276,0.0,0.0,0.0,198.1697,52.82514,10.31621,78.0,3.0,69.0,18.0,13.45721,Ballast,52.99707683333333,3.3
2025-12-23 10:00:00,394.92096,1540,760.0,1449.0,0.0,0.0,0.0,394.2116,602.40639,0.84576,0.0,0.0,0.0,197.46543,52.0,59.0,78.0,3.0,69.0,17.36253,13.40502,Ballast,52.983333333333334,3.2893755000000002
2025-12-23 10:05:00,391.22088,1540,760.0,1449.0,0.0,0.0,0.0,390.08324,600.35181,0.83726,0.0,0.0,0.0,197.86204,52.0,58.00207,78.0,3.0,69.0,17.0,13.48175,Ballast,52.96670116666667,3.283333333333333
2025-12-23 10:10:00,389.08327,1540,760.0,1449.0,0.0,0.0,0.0,388.14963,598.73843,0.83671,0.0,0.0,0.0,198.40281,52.0,57.17087,78.0,3.0,69.0,16.47007,13.56729,Ballast,52.95284783333334,3.2745011666666666
2025-12-23 10:15:00,394.70146,1540,760.0,1449.0,0.0,0.0,0.0,394.09817,604.84737,0.83923,0.0,0.0,0.0,196.80797,52.0,55.50698,78.0,3.0,69.0,15.54882,13.38776,Ballast,52.925116333333335,3.259147
2025-12-23 10:20:00,399.16778,1540,760.0,1449.0,0.0,0.0,0.0,399.95178,616.92665,0.83759,0.0,0.0,0.0,195.08642,52.0,54.67063,78.0,3.0,69.0,15.0,13.38498,Ballast,52.91117716666667,3.25
2025-12-23 10:25:00,393.41816,1540,760.0,1449.0,0.0,0.0,0.0,393.79709,606.05506,0.83832,0.0,0.0,0.0,194.78743,52.0,53.83206,78.0,3.0,69.0,14.91542,13.40407,Ballast,52.897201,3.2485903333333335
2025-12-23 10:30:00,393.35004,1540,760.0,1449.0,0.0,0.0,0.0,393.46535,605.72262,0.83832,0.0,0.0,0.0,194.83074,52.0,52.98105,78.0,3.0,69.0,14.0,13.47207,Ballast,52.8830175,3.2333333333333334
2025-12-23 10:35:00,394.54238,1540,760.0,1449.0,0.0,0.0,0.0,393.69802,606.66689,0.8376,0.0,0.0,0.0,175.83581,52.0,51.14765,78.0,3.0,69.0,14.0,12.71874,Ballast,52.85246083333333,3.2333333333333334
2025-12-23 10:40:00,382.45962,1540,760.0,1449.0,0.0,0.0,0.0,382.17669,587.2364,0.83799,0.0,0.0,0.0,176.89585,52.0,50.31472,78.0,3.0,69.0,14.0,12.9646,Ballast,52.83857866666666,3.2333333333333334
2025-12-23 10:45:00,385.55587,1540,760.0,1449.0,0.0,0.0,0.0,385.27922,590.45133,0.84154,0.0,0.0,0.0,177.00865,52.0,49.47357,78.0,3.0,69.0,14.0,12.91661,Ballast,52.8245595,3.2333333333333334
2025-12-23 10:50:00,383.44251,1540,760.0,1449.0,0.0,0.0,0.0,384.16607,589.84429,0.84123,0.0,0.0,0.0,177.31159,52.0,48.63804,78.0,3.0,69.0,14.0,12.77661,Ballast,52.810634,3.2333333333333334
2025-12-23 10:55:00,390.00624,1540,760.0,1449.0,0.0,0.0,0.0,387.58683,595.03284,0.84144,0.0,0.0,0.0,172.49594,52.0,47.0,78.0,3.0,69.0,14.0,12.46672,Ballast,52.78333333333333,3.2333333333333334
2025-12-23 11:00:00,386.54709,1540,760.0,1449.0,0.0,0.0,0.0,385.53882,591.93238,0.84077,0.0,0.0,0.0,171.77693,52.0,46.0,78.0,3.0,69.0,14.0,12.41474,Ballast,52.766666666666666,3.2333333333333334
2025-12-23 11:05:00,392.5156,1540,760.0,1449.0,0.0,0.0,0.0,391.02317,601.31269,0.83863,0.0,0.0,0.0,172.01765,52.0,45.19396,78.0,3.0,69.0,14.0,12.6099,Ballast,52.75323266666667,3.2333333333333334
2025-12-23 11:10:00,387.20073,1540,760.0,1449.0,0.0,0.0,0.0,389.56839,599.48243,0.83771,0.0,0.0,0.0,172.00658,52.0,44.37391,78.0,3.0,69.0,14.0,12.58338,Ballast,52.739565166666665,3.2333333333333334
2025-12-23 11:15:00,382.7542,1540,760.0,1449.0,0.0,0.0,0.0,382.46496,587.86724,0.83907,0.0,0.0,0.0,172.37513,52.0,42.7409,78.0,3.0,69.0,14.0,12.74253,Ballast,52.71234833333333,3.2333333333333334
2025-12-23 11:20:00,398.03254,1540,760.0,1449.0,0.0,0.0,0.0,394.81313,608.60796,0.83599,0.0,0.0,0.0,172.29646,52.0,41.92048,78.0,3.0,69.0,14.0,12.61084,Ballast,52.69867466666667,3.2333333333333334
2025-12-23 11:25:00,418.52238,1540,760.0,1449.0,0.0,0.0,0.0,418.51672,643.66637,0.83675,0.0,0.0,0.0,172.4018,52.0,41.0,78.0,3.0,69.0,14.0,12.55583,Ballast,52.68333333333333,3.2333333333333334
2025-12-23 11:30:00,415.08226,1540,760.0,1449.0,0.0,0.0,0.0,416.14944,640.33198,0.83833,0.0,0.0,0.0,171.08636,52.0,40.10278,78.0,3.0,69.0,14.0,12.5821,Ballast,52.66837966666667,3.2333333333333334
2025-12-23 11:35:00,390.15914,1540,760.0,1449.0,0.0,0.0,0.0,390.84357,602.33795,0.83836,0.0,0.0,0.0,172.45204,52.0,38.47095,78.0,3.0,69.0,14.0,12.56454,Ballast,52.6411825,3.2333333333333334
2025-12-23 11:40:00,387.17378,1540,760.0,1449.0,0.0,0.0,0.0,386.99577,599.0188,0.83303,0.0,0.0,0.0,171.62243,52.0,37.6626,78.0,3.0,69.0,14.0,12.52405,Ballast,52.62771,3.2333333333333334
2025-12-23 11:45:00,382.97558,1540,760.0,1449.0,0.0,0.0,0.0,381.94785,588.56463,0.83425,0.0,0.0,0.0,172.22427,52.0,36.85596,78.0,3.0,69.0,14.0,12.48442,Ballast,52.614266,3.2333333333333334
2025-12-23 11:50:00,392.12768,1540,760.0,1449.0,0.0,0.0,0.0,391.39199,597.46277,0.84261,0.0,0.0,0.0,171.93995,52.0,36.0,78.0,3.0,69.0,14.28938,12.39396,Ballast,52.6,3.2381563333333334
2025-12-23 11:55:00,382.75891,1540,760.49871,1449.0,0.0,0.0,0.0,384.25694,590.28524,0.83965,0.0,0.0,0.0,176.9138,52.0,34.23946,78.0,3.0,69.0,15.0,12.84952,Ballast,52.57065766666667,3.25
2025-12-23 12:00:00,381.18204,1540,761.0,1449.0,0.0,0.0,0.0,381.72178,585.78783,0.83924,0.0,0.0,0.0,177.09232,52.0,33.40088,78.0,3.0,69.0,14.8455,13.01097,Ballast,52.55668133333333,3.247425
2025-12-23 12:05:00,390.80154,1540,761.0,1449.0,0.0,0.0,0.0,390.47224,595.39941,0.84278,0.0,0.0,0.0,173.908,52.0,32.56889,78.0,3.0,69.0,14.74147,12.54102,Ballast,52.54281483333333,3.2456911666666666
2025-12-23 12:10:00,408.56977,1540,761.0,1449.0,0.0,0.0,0.0,409.58484,619.80645,0.85346,0.0,0.0,0.0,173.81865,52.0,31.76181,78.0,3.0,69.0,15.0,12.5,Ballast,52.5293635,3.25
2025-12-23 12:15:00,376.19209,1540,761.0,1449.0,0.0,0.0,0.0,375.63951,574.1887,0.84123,0.0,0.0,0.0,171.36586,52.0,30.0,78.0,3.0,69.0,15.0,12.41771,Ballast,52.5,3.25
2025-12-23 12:20:00,382.07021,1540,761.0,1449.0,0.0,0.0,0.0,383.05498,582.41538,0.84627,0.0,0.0,0.0,170.81887,52.0,29.16907,78.0,3.0,69.0,15.0,12.3,Ballast,52.486151166666666,3.25
2025-12-23 12:25:00,383.99988,1540,761.0,1449.0,0.0,0.0,0.0,383.31613,582.94308,0.84572,0.0,0.0,0.0,170.83502,52.0,28.38431,78.0,3.0,69.0,15.0,12.34272,Ballast,52.473071833333336,3.25
2025-12-23 12:30:00,385.76801,1540,761.0,1449.0,0.0,0.0,0.0,387.2106,590.18301,0.84557,0.0,0.0,0.0,171.1706,52.0,27.59861,78.0,3.0,69.0,15.0,12.43291,Ballast,52.459976833333336,3.25
2025-12-23 12:35:00,417.33966,1540,761.0,1449.0,0.0,0.0,0.0,416.87601,636.31913,0.84669,0.0,0.0,0.0,171.13823,52.0,26.0,78.0,3.0,69.0,15.0,12.32589,Ballast,52.43333333333333,3.25
2025-12-23 12:40:00,419.19959,1540,761.0,1449.0,0.0,0.0,0.0,419.85998,641.31852,0.84367,0.0,0.0,0.0,170.83644,52.0,25.02044,78.0,3.0,69.0,15.0,12.33921,Ballast,52.41700733333333,3.25
2025-12-23 12:45:00,412.05791,1540,761.0,1449.0,0.0,0.0,0.0,411.93744,630.57956,0.84186,0.0,0.0,0.0,170.91211,52.0,24.237,78.0,3.0,69.0,15.0,12.33613,Ballast,52.40395,3.25
2025-12-23 12:50:00,388.0156,1540,761.0,1449.0,0.0,0.0,0.0,387.32006,590.20473,0.84518,0.0,0.0,0.0,171.10358,52.0,23.45422,78.0,3.0,69.0,15.1317,12.30008,Ballast,52.39090366666667,3.252195
2025-12-23 12:55:00,394.5958,1540,761.0,1449.0,0.0,0.0,0.0,394.51945,604.58463,0.84,0.0,0.0,0.0,171.52741,52.0,21.91776,78.0,3.0,69.0,16.0,12.12778,Ballast,52.365296,3.2666666666666666
2025-12-23 13:00:00,393.24762,1540,761.0,1449.0,0.0,0.0,0.0,393.19272,602.68629,0.83878,0.0,0.0,0.0,171.108,52.0,21.0,78.0,3.0,69.0,16.0,11.94798,Ballast,52.35,3.2666666666666666
2025-12-23 13:05:00,387.30755,1540,761.0,1449.0,0.0,0.0,0.0,386.83639,593.58166,0.84045,0.0,0.0,0.0,171.09455,52.0,20.17225,78.0,3.0,69.0,16.0,11.91197,Ballast,52.33620416666667,3.2666666666666666
2025-12-23 13:10:00,387.65056,1540,761.0,1449.0,0.0,0.0,0.0,387.51306,593.3269,0.84228,0.0,0.0,0.0,165.50168,52.0,19.42951,78.0,3.0,69.0,16.0,11.85641,Ballast,52.323825166666666,3.2666666666666666
2025-12-23 13:15:00,401.3412,1540,761.0,1449.0,0.0,0.0,0.0,398.56159,611.91631,0.83924,0.0,0.0,0.0,124.35115,52.0,18.11135,78.0,3.0,69.0,17.54423,10.92775,Ballast,52.301855833333335,3.292403833333333
2025-12-23 13:20:00,400.70459,1540,761.0,1449.0,0.0,0.0,0.0,401.20016,617.69637,0.83834,0.0,0.0,0.0,127.27764,52.0,18.0,78.0,3.0,69.0,18.50438,11.22626,Ballast,52.3,3.308406333333333
2025-12-23 13:25:00,398.3901,1540,761.0,1449.0,0.0,0.0,0.0,399.6423,614.60974,0.84028,0.0,0.0,0.0,129.50389,52.0,17.25172,78.0,3.0,69.0,19.41825,11.22782,Ballast,52.28752866666667,3.3236375000000002
2025-12-23 13:30:00,396.27132,1540,761.0,1449.0,90.62365,142.56001,0.39931,306.18435,472.35934,0.83328,0.0,0.0,0.0,129.63586,52.0,17.0,78.0,3.0,69.0,20.33521,11.21699,Ballast,52.28333333333333,3.3389201666666666
2025-12-23 13:35:00,386.2969,1540,761.0,1449.0,203.83242,304.81319,0.86336,183.30154,294.26426,0.80326,0.0,0.0,0.0,128.76902,52.0,16.0,78.0,3.0,69.0,22.20203,11.22415,Ballast,52.266666666666666,3.3700338333333333
2025-12-23 13:40:00,384.3713,1540,761.0,1449.0,203.38528,303.10144,0.87093,181.33331,292.64332,0.79922,0.0,0.0,0.0,128.97236,52.0,15.3186,78.0,3.0,69.0,23.14324,11.17535,Ballast,52.25531,3.385720666666667
2025-12-23 13:45:00,385.09127,1540,761.0,1449.0,203.42831,303.15569,0.86952,181.16009,293.08917,0.79941,0.0,0.0,0.0,129.17992,52.0,15.0,78.0,3.0,69.0,24.09579,11.24218,Ballast,52.25,3.4015965
2025-12-23 13:50:00,408.83715,1540,761.0,1449.0,211.52351,317.62816,0.86086,199.4067,314.68033,0.8149,0.0,0.0,0.0,128.60071,52.0,14.42769,78.0,3.0,69.0,25.04617,11.20699,Ballast,52.2404615,3.4174361666666666
2025-12-23 13:55:00,406.12859,1540,761.0,1449.0,200.66117,307.25835,0.84534,202.6349,315.8097,0.8293,0.0,0.0,0.0,127.46459,52.0,13.56047,78.0,3.0,69.0,27.0,11.23586,Ballast,52.226007833333334,3.45
2025-12-23 14:00:00,395.52364,1540,761.0,1449.0,197.53435,302.77104,0.84482,198.94537,310.07753,0.82948,0.0,0.0,0.0,113.37871,52.0,13.0,78.0,3.0,69.0,28.07506,11.043,Ballast,52.21666666666667,3.4679176666666667
2025-12-23 14:05:00,388.19993,1540,761.0,1449.0,192.2899,296.09391,0.8409,196.02639,305.99387,0.82895,0.0,0.0,0.0,108.77275,52.0,13.0,78.0,3.0,69.0,29.21345,11.09271,Ballast,52.21666666666667,3.4868908333333333
2025-12-23 14:10:00,388.89252,1540,761.0,1449.0,195.41903,298.42974,0.84702,192.26483,303.64525,0.81956,0.0,0.0,0.0,109.54969,52.0,13.0,78.0,3.0,69.0,30.36997,11.2491,Ballast,52.21666666666667,3.5061661666666666
2025-12-23 14:15:00,390.35151,1540,761.0,1449.0,192.87652,297.92471,0.83973,197.99614,311.1538,0.82096,0.0,0.0,0.0,110.03684,52.0,12.0,78.0,3.0,69.0,32.6562,11.21321,Ballast,52.2,3.54427
2025-12-23 14:20:00,374.41485,1540,761.0,1449.0,184.05387,283.79719,0.8402,192.07426,299.38567,0.82769,0.0,0.0,0.0,110.00466,52.0,12.0,78.0,3.0,69.0,33.80205,11.11395,Ballast,52.2,3.5633675
2025-12-23 14:25:00,422.25621,1540,761.0,1449.0,215.9846,391.09584,0.7319,202.11514,389.9378,0.6842,0.0,0.0,0.0,116.45453,52.0,12.0,78.0,3.0,69.0,35.00323,11.20433,Ballast,52.2,3.583387166666667
2025-12-23 14:30:00,436.06893,1540,761.0,1449.0,216.80426,434.85111,0.64488,218.52055,446.9981,0.62675,0.0,0.0,0.0,127.00938,52.0,11.29534,78.0,3.0,69.0,36.07075,11.03569,Ballast,52.18825566666667,3.6011791666666664
2025-12-23 14:35:00,477.74629,1540,761.0,1449.0,235.2282,457.62995,0.66029,244.02176,476.90993,0.65299,0.0,0.0,0.0,129.69767,52.0,11.0,78.0,3.0,69.0,37.7416,7.39899,Idle,52.18333333333333,3.6290266666666664
2025-12-23 14:40:00,480.44374,1540,761.0,1449.0,233.19187,456.69314,0.65575,246.28299,479.74627,0.66116,0.0,0.0,0.0,133.6242,52.0,10.19821,78.0,3.0,69.0,38.03672,6.40465,Idle,52.169970166666666,3.633945333333333
2025-12-23 14:45:00,502.6216,1540,761.0,1449.0,258.39046,486.69014,0.68362,246.87493,488.54133,0.64984,0.0,0.0,0.0,132.84654,52.0,10.0,78.0,3.0,69.0,39.0,4.53875,Idle,52.166666666666664,3.65
2025-12-23 14:50:00,544.52946,1540,761.0,1449.0,266.46984,507.20249,0.67736,278.80419,527.79596,0.6792,0.0,0.0,0.0,139.62839,52.0,10.0,78.0,3.0,69.0,39.0,3.7308,Idle,52.166666666666664,3.65
2025-12-23 14:55:00,460.65852,1540,761.0,1449.0,227.07288,450.98821,0.65089,232.80285,466.55979,0.64272,0.0,0.0,0.0,137.08521,52.0,10.0,78.0,3.0,69.0,39.745,2.29456,Idle,52.166666666666664,3.6624166666666667
2025-12-23 15:00:00,521.88336,1540,761.0,1449.0,268.39107,505.61825,0.68325,257.29722,505.79909,0.65797,0.0,0.0,0.0,133.46402,52.0,10.0,78.0,3.0,69.0,40.0,0.699,Idle,52.166666666666664,3.6666666666666665
2025-12-23 15:05:00,470.56258,1540,761.0,1449.0,227.8536,454.79668,0.64516,240.84655,473.16863,0.6546,0.0,0.0,0.0,138.94253,52.0,10.0,78.0,3.0,69.0,40.0,0.37538,Idle,52.166666666666664,3.6666666666666665
2025-12-23 15:10:00,455.96897,1540,761.0,1449.0,223.05727,447.35921,0.6438,232.68629,463.72814,0.64755,0.0,0.0,0.0,146.3535,52.0,10.0,78.0,3.0,69.0,40.0,0.51148,Idle,52.166666666666664,3.6666666666666665
2025-12-23 15:15:00,461.80508,1540,761.16501,1449.0,225.97511,451.20083,0.64797,235.60709,467.77685,0.6474,0.0,0.0,0.0,137.80129,52.0,10.0,78.0,3.0,69.0,39.13199,0.35819,Idle,52.166666666666664,3.6521998333333334
2025-12-23 15:20:00,450.97111,1540,762.0,1449.0,219.739,442.3544,0.64386,230.21179,458.49399,0.64545,0.0,0.0,0.0,134.09101,52.0,10.0,78.0,3.0,69.0,39.0,0.20742,Idle,52.166666666666664,3.65
2025-12-23 15:25:00,358.18337,1540,762.0,1449.0,134.885,235.68411,0.58224,221.56487,369.83388,0.78054,0.0,0.0,0.0,133.68602,52.0,10.0,78.0,3.0,69.0,39.0,0.16744,Idle,52.166666666666664,3.65
2025-12-23 15:30:00,351.27389,1540,762.0,1449.0,0.0,0.0,0.0,352.18609,555.9014,0.81865,0.0,0.0,0.0,137.83865,52.0,10.0,78.0,3.0,69.0,39.0,0.22294,Idle,52.166666666666664,3.65
2025-12-23 15:35:00,349.59933,1540,762.0,1449.0,0.0,0.0,0.0,352.01119,553.40337,0.82432,0.0,0.0,0.0,134.28547,52.0,10.0,78.0,3.0,69.0,39.0,0.15664,Idle,52.166666666666664,3.65
2025-12-23 15:40:00,346.69943,1540,762.0,1449.0,0.0,0.0,0.0,347.85108,548.26913,0.82012,0.0,0.0,0.0,135.48862,52.0,10.0,78.0,3.0,69.0,39.0,0.19119,Idle,52.166666666666664,3.65
2025-12-23 15:45:00,345.79626,1540,762.0,1449.0,0.0,0.0,0.0,345.93568,546.3958,0.81761,0.0,0.0,0.0,131.85251,52.0,10.0,78.0,3.0,69.0,39.0,0.21152,Idle,52.166666666666664,3.65
2025-12-23 15:50:00,351.68054,1540,762.0,1449.0,0.0,0.0,0.0,350.74021,551.72642,0.81783,0.0,0.0,0.0,128.43243,52.0,10.0,78.0,3.0,69.0,39.0,0.21002,Idle,52.166666666666664,3.65
2025-12-23 15:55:00,346.68397,1540,762.0,1449.0,0.0,0.0,0.0,346.25458,544.38589,0.81892,0.0,0.0,0.0,130.1626,52.0,10.0,78.0,3.0,69.0,39.0,0.35411,Idle,52.166666666666664,3.65
2025-12-23 16:00:00,349.52102,1540,762.0,1449.0,0.0,0.0,0.0,349.57212,552.9789,0.81974,0.0,0.0,0.0,126.76387,52.0,10.0,78.0,3.0,69.0,39.0,0.28139,Idle,52.166666666666664,3.65
2025-12-23 16:05:00,346.05189,1540,762.0,1449.0,0.0,0.0,0.0,346.02839,548.71043,0.81216,0.0,0.0,0.0,121.60852,52.0,10.0,78.0,3.0,69.0,39.0,0.35674,Idle,52.166666666666664,3.65
2025-12-23 16:10:00,344.27413,1540,762.0,1449.0,0.0,0.0,0.0,343.05896,541.79117,0.81763,0.0,0.0,0.0,118.05953,52.0,10.0,78.0,3.0,69.0,39.0,0.26863,Idle,52.166666666666664,3.65
2025-12-23 16:15:00,353.55781,1540,762.0,1449.0,0.0,0.0,0.0,352.33464,553.15678,0.82402,0.0,0.0,0.0,111.57113,52.0,10.0,78.0,3.0,69.0,39.0,0.30643,Idle,52.166666666666664,3.65
2025-12-23 16:20:00,348.7575,1540,762.0,1449.0,0.0,0.0,0.0,349.01018,551.48577,0.81728,0.0,0.0,0.0,112.18102,52.0,10.0,78.0,3.0,69.0,39.0,0.24795,Idle,52.166666666666664,3.65
2025-12-23 16:25:00,348.03492,1540,762.0,1449.0,0.0,0.0,0.0,348.93719,550.93354,0.82112,0.0,0.0,0.0,109.9218,52.0,10.0,78.0,3.0,69.0,39.0,0.30789,Idle,52.166666666666664,3.65
2025-12-23 16:30:00,346.19697,1540,762.0,1449.0,0.0,0.0,0.0,345.47041,546.00873,0.82103,0.0,0.0,0.0,106.70139,52.0,10.0,78.0,3.0,69.0,39.0,0.24963,Idle,52.166666666666664,3.65
2025-12-23 16:35:00,350.32937,1540,762.0,1449.0,0.0,0.0,0.0,350.36629,554.50491,0.81781,0.0,0.0,0.0,109.12847,52.0,10.0,78.0,3.0,69.0,39.0,0.29396,Idle,52.166666666666664,3.65
2025-12-23 16:40:00,344.59199,1540,762.0,1449.0,0.0,0.0,0.0,344.05155,543.92134,0.81878,0.0,0.0,0.0,107.41006,52.0,10.0,78.0,3.0,69.0,39.0,0.26567,Idle,52.166666666666664,3.65
2025-12-23 16:45:00,348.42957,1540,762.0,1449.0,0.0,0.0,0.0,348.02126,549.66897,0.81933,0.0,0.0,0.0,104.74524,52.0,10.0,78.0,3.0,69.0,39.0,0.29035,Idle,52.166666666666664,3.65
2025-12-23 16:50:00,348.88034,1540,762.0,1449.0,0.0,0.0,0.0,349.24722,554.09791,0.81893,0.0,0.0,0.0,104.94312,52.0,10.0,78.0,3.0,69.0,39.0,0.3454,Idle,52.166666666666664,3.65
2025-12-23 16:55:00,345.14675,1540,762.0,1449.0,0.0,0.0,0.0,344.785,546.23376,0.81621,0.0,0.0,0.0,99.09387,52.0,10.0,78.0,3.0,69.0,39.0,0.20262,Idle,52.166666666666664,3.65
2025-12-23 17:00:00,345.9483,1540,762.0,1449.0,0.0,0.0,0.0,345.50148,548.87792,0.81645,0.0,0.0,0.0,99.75957,52.0,10.0,78.0,3.0,69.0,39.0,0.23887,Idle,52.166666666666664,3.65
2025-12-23 17:05:00,348.24073,1540,762.0,1449.0,0.0,0.0,0.0,347.52598,548.54623,0.8186,0.0,0.0,0.0,102.9224,52.0,10.0,78.0,3.0,69.0,39.0,0.15523,Idle,52.166666666666664,3.65
2025-12-23 17:10:00,350.26553,1540,762.0,1449.0,0.0,0.0,0.0,350.64267,554.48631,0.81781,0.0,0.0,0.0,102.72118,52.0,10.0,78.0,3.0,69.0,39.0,0.25049,Idle,52.166666666666664,3.65
2025-12-23 17:15:00,345.04728,1540,762.0,1449.0,0.0,0.0,0.0,345.71162,547.02222,0.8177,0.0,0.0,0.0,95.57317,52.0,10.0,78.0,3.0,69.0,39.0,0.20108,Idle,52.166666666666664,3.65
2025-12-23 17:20:00,349.4727,1540,762.0,1449.0,0.0,0.0,0.0,349.14381,550.7782,0.81937,0.0,0.0,0.0,98.03129,52.0,10.0,78.0,3.0,69.0,39.0,0.22702,Idle,52.166666666666664,3.65
2025-12-23 17:25:00,350.94061,1540,762.0,1449.0,0.0,0.0,0.0,349.9763,553.05178,0.81969,0.0,0.0,0.0,98.7044,52.0,10.0,78.0,3.0,69.0,39.0,0.20807,Idle,52.166666666666664,3.65
2025-12-23 17:30:00,346.97694,1540,762.0,1449.0,0.0,0.0,0.0,347.96021,548.20503,0.82106,0.0,0.0,0.0,96.14012,52.0,10.0,78.0,3.0,69.0,39.0,0.17221,Idle,52.166666666666664,3.65
2025-12-23 17:35:00,348.56125,1540,762.0,1449.0,348.28037,547.72511,0.82291,0.0,0.0,0.0,0.0,0.0,0.0,100.95129,52.0,10.0,78.0,3.0,69.0,39.0,0.32791,Idle,52.166666666666664,3.65
2025-12-23 17:40:00,351.65267,1540,762.0,1449.0,351.0982,550.34345,0.82671,0.0,0.0,0.0,0.0,0.0,0.0,86.60644,52.0,10.0,78.0,3.0,69.0,39.0,0.24444,Idle,52.166666666666664,3.65
2025-12-23 17:45:00,345.36774,1540,762.0,1449.0,345.0899,540.12096,0.82615,0.0,0.0,0.0,0.0,0.0,0.0,84.40486,52.0,10.0,78.0,3.0,69.0,39.0,0.30911,Idle,52.166666666666664,3.65
2025-12-23 17:50:00,356.30224,1540,762.0,1449.0,356.40729,553.30429,0.83781,0.0,0.0,0.0,0.0,0.0,0.0,96.67144,52.0,10.0,78.0,3.0,69.0,39.0,0.20311,Idle,52.166666666666664,3.65
2025-12-23 17:55:00,355.33772,1540,762.0,1449.0,354.46018,551.5476,0.83166,0.0,0.0,0.0,0.0,0.0,0.0,89.09268,52.0,10.0,78.0,3.0,69.0,39.0,0.1757,Idle,52.166666666666664,3.65
2025-12-23 18:00:00,347.90216,1540,762.0,1449.0,348.53761,544.42114,0.83071,0.0,0.0,0.0,0.0,0.0,0.0,82.93653,52.0,9.74742,78.0,3.0,69.0,39.0,0.17081,Idle,52.162457,3.65
2025-12-23 18:05:00,352.84415,1540,762.0,1449.0,352.26863,546.20823,0.83351,0.0,0.0,0.0,0.0,0.0,0.0,71.11416,52.0,9.74309,78.0,3.0,69.0,39.0,0.32142,Idle,52.162384833333334,3.65
2025-12-23 18:10:00,346.76934,1540,762.0,1449.0,347.42628,541.44318,0.82877,0.0,0.0,0.0,0.0,0.0,0.0,84.77916,52.0,10.0,78.0,3.0,69.0,39.0,0.49843,Idle,52.166666666666664,3.65
2025-12-23 18:15:00,354.17338,1540,762.0,1449.0,353.77294,549.43508,0.8312,0.0,0.0,0.0,0.0,0.0,0.0,91.91456,52.0,9.65421,78.0,3.0,69.0,39.0,0.48766,Idle,52.1609035,3.65
2025-12-23 18:20:00,347.74659,1540,762.0,1449.0,347.15614,541.13826,0.83282,0.0,0.0,0.0,0.0,0.0,0.0,70.52911,52.0,9.0,78.0,3.0,69.0,39.0,0.2252,Idle,52.15,3.65
2025-12-23 18:25:00,351.17921,1540,762.0,1449.0,350.63383,545.26498,0.83077,0.0,0.0,0.0,0.0,0.0,0.0,65.37642,52.0,9.55451,78.0,3.0,69.0,39.0,0.42698,Idle,52.15924183333333,3.65
2025-12-23 18:30:00,350.133,1540,762.0,1449.0,349.40854,546.92774,0.82794,0.0,0.0,0.0,0.0,0.0,0.0,82.28626,52.0,10.0,78.0,3.0,69.0,39.0,0.18506,Idle,52.166666666666664,3.65
2025-12-23 18:35:00,348.61631,1540,762.0,1449.0,349.40082,544.40868,0.83218,0.0,0.0,0.0,0.0,0.0,0.0,82.08109,52.0,10.0,78.0,3.0,69.0,39.0,0.19171,Idle,52.166666666666664,3.65
2025-12-23 18:40:00,357.99039,1540,762.0,1449.0,358.0972,553.25257,0.83754,0.0,0.0,0.0,0.0,0.0,0.0,76.11812,52.0,9.90529,78.0,3.0,69.0,39.0,0.23077,Idle,52.16508816666666,3.65
2025-12-23 18:45:00,352.26597,1540,762.0,1449.0,351.75442,548.68574,0.8308,0.0,0.0,0.0,0.0,0.0,0.0,76.73729,52.0,9.0,78.0,3.0,69.0,39.0,0.18042,Idle,52.15,3.65
2025-12-23 18:50:00,354.75595,1540,762.0,1449.0,354.52077,552.62825,0.82638,0.0,0.0,0.0,0.0,0.0,0.0,72.86243,52.0,9.0,78.0,3.0,69.0,39.0,0.25731,Idle,52.15,3.65
2025-12-23 18:55:00,355.21281,1540.45357,762.0,1449.0,356.27729,552.70634,0.83404,0.0,0.0,0.0,0.0,0.0,0.0,71.84041,52.0,10.0,78.0,3.0,69.0,39.0,0.70196,Idle,52.166666666666664,3.65
2025-12-23 19:00:00,351.31552,1541,762.0,1449.0,352.08673,547.00759,0.83203,0.0,0.0,0.0,0.0,0.0,0.0,99.06617,52.0,10.0,78.0,3.0,69.0,39.0,0.65959,Idle,52.166666666666664,3.65
2025-12-23 19:05:00,354.26372,1541,762.0,1449.0,353.18699,551.99695,0.82616,0.0,0.0,0.0,0.0,0.0,0.0,77.35511,52.0,9.19393,78.0,3.0,69.0,39.0,0.52436,Idle,52.15323216666667,3.65
2025-12-23 19:10:00,352.49651,1541,762.0,1449.0,351.88611,546.12268,0.83066,0.0,0.0,0.0,0.0,0.0,0.0,50.36877,52.0,9.09335,78.0,3.0,69.0,39.0,0.46097,Idle,52.15155583333333,3.65
2025-12-23 19:15:00,347.25158,1541,762.0,1449.0,348.22158,543.1364,0.82971,0.0,0.0,0.0,0.0,0.0,0.0,86.18986,52.0,9.91033,78.0,3.0,69.0,39.0,0.4614,Idle,52.165172166666665,3.65
2025-12-23 19:20:00,352.31003,1541,762.0,1449.0,352.37342,551.37524,0.82968,0.0,0.0,0.0,0.0,0.0,0.0,63.85958,52.0,9.0,78.0,3.0,69.0,39.0,0.33626,Idle,52.15,3.65
2025-12-23 19:25:00,354.08563,1541,762.0,1449.0,352.61207,550.73701,0.82905,0.0,0.0,0.0,0.0,0.0,0.0,62.17094,52.0,9.42831,78.0,3.0,69.0,39.0,0.36415,Idle,52.1571385,3.65
2025-12-23 19:30:00,348.80718,1541,762.0,1449.0,348.29693,543.69427,0.82922,0.0,0.0,0.0,0.0,0.0,0.0,76.53838,52.0,10.0,78.0,3.0,69.0,39.0,0.25103,Idle,52.166666666666664,3.65
2025-12-23 19:35:00,347.45392,1541,762.0,1449.0,346.71277,543.86324,0.82799,0.0,0.0,0.0,0.0,0.0,0.0,63.03439,52.0,9.27373,78.0,3.0,69.0,39.0,0.27729,Idle,52.154562166666665,3.65
2025-12-23 19:40:00,351.08396,1541,762.0,1449.0,351.39344,550.28237,0.82658,0.0,0.0,0.0,0.0,0.0,0.0,75.92132,52.0,10.0,78.0,3.0,69.0,39.0,0.17316,Idle,52.166666666666664,3.65
2025-12-23 19:45:00,349.0622,1541,762.0,1449.0,349.71561,544.08905,0.83238,0.0,0.0,0.0,0.0,0.0,0.0,73.1286,52.0,9.18966,78.0,3.0,69.0,39.0,0.4521,Idle,52.153161,3.65
2025-12-23 19:50:00,347.50576,1541,762.0,1449.0,347.22921,541.37271,0.83009,0.0,0.0,0.0,0.0,0.0,0.0,51.38837,52.0,9.14175,78.0,3.0,69.0,39.0,0.50309,Idle,52.1523625,3.65
2025-12-23 19:55:00,353.47866,1541,762.0,1449.0,353.37719,552.28883,0.82774,0.0,0.0,0.0,0.0,0.0,0.0,82.73184,52.0,9.82649,78.0,3.0,69.0,39.0,0.58329,Idle,52.163774833333335,3.65
2025-12-23 20:00:00,348.93249,1541,762.0,1449.0,348.32613,543.01388,0.83204,0.0,0.0,0.0,0.0,0.0,0.0,60.6416,52.0,9.0,78.0,3.0,69.0,39.0,0.53359,Idle,52.15,3.65
2025-12-23 20:05:00,350.01791,1541,762.0,1449.0,349.80464,544.82021,0.83001,0.0,0.0,0.0,0.0,0.0,0.0,52.09753,52.0,9.2872,78.0,3.0,69.0,39.0,0.70925,Idle,52.154786666666666,3.65
2025-12-23 20:10:00,350.39977,1541,762.0,1449.0,351.36091,546.97521,0.83438,0.0,0.0,0.0,0.0,0.0,0.0,75.88897,52.0,10.0,78.0,3.0,69.0,39.0,0.34435,Idle,52.166666666666664,3.65
2025-12-23 20:15:00,386.03742,1541,762.0,1449.0,386.202,590.84335,0.84832,0.0,0.0,0.0,0.0,0.0,0.0,52.15902,52.0,9.0,78.0,3.0,69.0,39.0,0.48463,Idle,52.15,3.65
2025-12-23 20:20:00,379.26657,1541,762.0,1449.0,378.67356,576.99006,0.84689,0.0,0.0,0.0,0.0,0.0,0.0,56.89713,52.0,9.60772,78.0,3.0,69.0,39.0,0.61333,Idle,52.160128666666665,3.65
2025-12-23 20:25:00,365.22801,1541,762.0,1449.0,364.42725,559.15054,0.84249,0.0,0.0,0.0,0.0,0.0,0.0,77.38406,52.0,9.54755,78.0,3.0,69.0,39.0,0.6484,Idle,52.159125833333334,3.65
2025-12-23 20:30:00,362.55899,1541,762.0,1449.0,362.76148,557.32339,0.84409,0.0,0.0,0.0,0.0,0.0,0.0,51.44762,52.0,9.0,78.0,3.0,69.0,39.0,0.58229,Idle,52.15,3.65
2025-12-23 20:35:00,359.38741,1541,762.0,1449.0,357.81925,555.92317,0.83397,0.0,0.0,0.0,0.0,0.0,0.0,77.52331,52.0,9.87138,78.0,3.0,69.0,39.0,0.52222,Idle,52.164523,3.65
2025-12-23 20:40:00,360.54324,1541,762.0,1449.0,359.21817,558.52797,0.83227,0.0,0.0,0.0,0.0,0.0,0.0,58.47043,52.0,9.0,78.0,3.0,69.0,39.0,0.66942,Idle,52.15,3.65
2025-12-23 20:45:00,354.8932,1541,762.0,1449.0,356.3177,554.16033,0.83364,0.0,0.0,0.0,0.0,0.0,0.0,48.21002,52.0,9.18727,78.0,3.0,69.0,39.0,0.76686,Idle,52.153121166666665,3.65
2025-12-23 20:50:00,354.79015,1541,762.0,1449.0,355.06656,553.5669,0.82953,0.0,0.0,0.0,0.0,0.0,0.0,70.96835,52.0,9.92795,78.0,3.0,69.0,39.0,0.33883,Idle,52.165465833333336,3.65
2025-12-23 20:55:00,356.43033,1541,762.0,1449.0,355.45844,553.04339,0.82904,0.0,0.0,0.0,0.0,0.0,0.0,50.95347,52.0,9.0,78.0,3.0,69.0,39.0,0.43017,Idle,52.15,3.65
2025-12-23 21:00:00,354.8658,1541,762.0,1449.0,355.02979,553.90362,0.83002,0.0,0.0,0.0,0.0,0.0,0.0,67.33773,52.0,9.0,78.0,3.0,69.0,39.0,0.26924,Idle,52.15,3.65
2025-12-23 21:05:00,348.28996,1541,762.0,1449.0,349.40188,546.30317,0.82752,0.0,0.0,0.0,0.0,0.0,0.0,63.4977,52.0,9.0,78.0,3.0,69.0,39.0,0.52319,Idle,52.15,3.65
2025-12-23 21:10:00,351.99389,1541,762.0,1449.0,352.24724,549.58678,0.83298,0.0,0.0,0.0,0.0,0.0,0.0,50.35889,52.0,9.0,78.0,3.0,69.0,39.0,0.56809,Idle,52.15,3.65
2025-12-23 21:15:00,353.11523,1541,762.0,1449.0,352.98863,548.48244,0.83703,0.0,0.0,0.0,0.0,0.0,0.0,68.82903,52.0,9.0,78.0,3.0,69.0,39.0,0.51858,Idle,52.15,3.65
2025-12-23 21:20:00,349.04726,1541,762.0,1449.0,349.73338,544.6709,0.8315,0.0,0.0,0.0,0.0,0.0,0.0,48.68807,52.0,9.0,78.0,3.0,69.0,39.0,0.40968,Idle,52.15,3.65
2025-12-23 21:25:00,351.00114,1541,762.0,1449.0,351.50633,549.33051,0.83132,0.0,0.0,0.0,0.0,0.0,0.0,63.42398,52.0,9.0,78.0,3.0,69.0,39.0,0.27677,Idle,52.15,3.65
2025-12-23 21:30:00,354.34967,1541,762.0,1449.0,353.06648,551.91168,0.82923,0.0,0.0,0.0,0.0,0.0,0.0,63.98416,52.0,9.0,78.0,3.0,69.0,39.0,0.19515,Idle,52.15,3.65
2025-12-23 21:35:00,342.15389,1541,762.0,1449.0,342.14542,532.23489,0.83385,0.0,0.0,0.0,0.0,0.0,0.0,65.49461,52.0,9.0,78.0,3.0,69.0,39.0,0.12393,Idle,52.15,3.65
2025-12-23 21:40:00,352.29844,1541,762.0,1449.0,355.29174,554.39921,0.8336,0.0,0.0,0.0,0.0,0.0,0.0,66.18381,52.0,9.0,78.0,3.0,69.0,39.0,0.13509,Idle,52.15,3.65
2025-12-23 21:45:00,382.96109,1541.17127,762.0,1449.0,382.42849,594.89615,0.83497,0.0,0.0,0.0,0.0,0.0,0.0,67.21361,52.0,9.0,78.0,3.0,69.0,39.0,0.19757,Idle,52.15,3.65
2025-12-23 21:50:00,374.46802,1542,762.0,1449.0,373.1738,578.92014,0.83495,0.0,0.0,0.0,0.0,0.0,0.0,60.31616,52.0,9.0,78.0,3.0,69.0,39.0,0.12553,Idle,52.15,3.65
2025-12-23 21:55:00,348.65887,1542,762.0,1449.0,347.55053,539.93424,0.83596,0.0,0.0,0.0,0.0,0.0,0.0,66.15561,52.0,9.0,78.0,3.0,69.0,39.0,0.12571,Idle,52.15,3.65
2025-12-23 22:00:00,348.66224,1542,762.0,1449.0,349.29222,543.7325,0.83452,0.0,0.0,0.0,0.0,0.0,0.0,67.16685,52.0,9.0,78.0,3.0,69.0,39.0,0.08773,Idle,52.15,3.65
2025-12-23 22:05:00,345.89226,1542,762.0,1449.0,345.5067,535.98284,0.83415,0.0,0.0,0.0,0.0,0.0,0.0,63.51053,52.0,9.0,78.0,3.0,69.0,39.0,0.23073,Idle,52.15,3.65
2025-12-23 22:10:00,348.7392,1542,762.0,1449.0,348.02285,538.24187,0.83862,0.0,0.0,0.0,0.0,0.0,0.0,60.04421,52.0,9.0,78.0,3.0,69.0,39.0,0.10646,Idle,52.15,3.65
2025-12-23 22:15:00,348.54536,1542,762.0,1449.0,348.86851,538.82451,0.83819,0.0,0.0,0.0,0.0,0.0,0.0,62.06633,52.0,9.0,78.0,3.0,69.0,39.0,0.15951,Idle,52.15,3.65
2025-12-23 22:20:00,347.77931,1542,762.0,1449.0,347.57227,536.65532,0.83763,0.0,0.0,0.0,0.0,0.0,0.0,62.20424,52.0,9.0,78.0,3.0,69.0,39.0,0.13241,Idle,52.15,3.65
2025-12-23 22:25:00,345.93515,1542,762.0,1449.0,345.99855,535.16523,0.8382,0.0,0.0,0.0,0.0,0.0,0.0,65.52557,52.0,9.0,78.0,3.0,69.0,39.0,0.24232,Idle,52.15,3.65
2025-12-23 22:30:00,351.81384,1542,762.0,1449.0,351.28271,545.1983,0.8346,0.0,0.0,0.0,0.0,0.0,0.0,58.14903,52.0,9.0,78.0,3.0,69.0,39.0,0.12419,Idle,52.15,3.65
2025-12-23 22:35:00,346.86184,1542,762.0,1449.0,346.91132,536.96055,0.83446,0.0,0.0,0.0,0.0,0.0,0.0,58.1621,52.0,9.0,78.0,3.0,69.0,39.0,0.16944,Idle,52.15,3.65
2025-12-23 22:40:00,347.09695,1542,762.0,1449.0,347.69156,539.88542,0.83522,0.0,0.0,0.0,0.0,0.0,0.0,61.69582,52.0,9.0,78.0,3.0,69.0,39.0,0.13688,Idle,52.15,3.65
2025-12-23 22:45:00,350.35178,1542,762.0,1449.0,349.19303,542.33888,0.83583,0.0,0.0,0.0,0.0,0.0,0.0,64.91492,52.0,9.0,78.0,3.0,69.0,39.0,0.42718,Idle,52.15,3.65
2025-12-23 22:50:00,343.53895,1542,762.0,1449.0,342.58475,531.98312,0.83519,0.0,0.0,0.0,0.0,0.0,0.0,49.01456,52.0,9.0,78.0,3.0,69.0,39.0,0.42698,Idle,52.15,3.65
2025-12-23 22:55:00,346.34682,1542,762.0,1449.0,346.80067,539.9686,0.83444,0.0,0.0,0.0,0.0,0.0,0.0,70.99543,52.0,9.0,78.0,3.0,69.0,39.0,0.37645,Idle,52.15,3.65
2025-12-23 23:00:00,345.69972,1542,762.0,1449.0,345.9787,536.59291,0.83533,0.0,0.0,0.0,0.0,0.0,0.0,52.39692,52.0,9.0,78.0,3.0,69.0,39.0,0.30331,Idle,52.15,3.65
2025-12-23 23:05:00,345.81842,1542,762.0,1449.0,345.40177,534.56064,0.83711,0.0,0.0,0.0,0.0,0.0,0.0,58.71099,52.0,9.0,78.0,3.0,69.0,39.0,0.37487,Idle,52.15,3.65
2025-12-23 23:10:00,343.38651,1542,762.0,1449.0,342.97948,534.24676,0.83196,0.0,0.0,0.0,0.0,0.0,0.0,71.33821,52.0,9.0,78.0,3.0,69.0,39.0,0.44858,Idle,52.15,3.65
2025-12-23 23:15:00,342.28531,1542,762.0,1449.0,343.5217,533.65342,0.83727,0.0,0.0,0.0,0.0,0.0,0.0,52.95482,52.0,9.0,78.0,3.0,69.0,39.0,0.50472,Idle,52.15,3.65
2025-12-23 23:20:00,344.79274,1542,762.0,1449.0,345.33222,535.756,0.83643,0.0,0.0,0.0,0.0,0.0,0.0,69.39281,52.0,9.0,78.0,3.0,69.0,39.0,0.28538,Idle,52.15,3.65
2025-12-23 23:25:00,347.43152,1542,762.0,1449.0,346.49142,539.87186,0.83462,0.0,0.0,0.0,0.0,0.0,0.0,53.33916,52.0,9.0,78.0,3.0,69.0,39.0,0.35853,Idle,52.15,3.65
2025-12-23 23:30:00,346.07164,1542,762.0,1449.0,345.9916,539.41636,0.833,0.0,0.0,0.0,0.0,0.0,0.0,60.6526,52.0,9.52657,78.0,3.0,69.0,39.0,0.41023,Idle,52.15877616666667,3.65
2025-12-23 23:35:00,341.3905,1542,762.0,1449.0,341.1216,530.88451,0.83109,0.0,0.0,0.0,0.0,0.0,0.0,55.82283,52.0,9.0,78.0,3.0,69.0,39.0,0.22623,Idle,52.15,3.65
2025-12-23 23:40:00,337.36064,1542,762.0,1449.0,335.98469,526.541,0.82784,0.0,0.0,0.0,0.0,0.0,0.0,58.3065,52.0,9.0,78.0,3.0,69.0,39.0,0.19564,Idle,52.15,3.65
2025-12-23 23:45:00,343.4249,1542,762.0,1449.0,344.79428,536.77856,0.83333,0.0,0.0,0.0,0.0,0.0,0.0,68.95471,52.0,9.0,78.0,3.0,69.0,39.0,0.1596,Idle,52.15,3.65
2025-12-23 23:50:00,341.433,1542,762.0,1449.0,342.07768,531.80768,0.83494,0.0,0.0,0.0,0.0,0.0,0.0,65.89251,52.0,9.0,78.0,3.0,69.0,39.0,0.3788,Idle,52.15,3.65
2025-12-23 23:55:00,342.22463,1542,762.0,1449.0,341.05472,531.96083,0.82983,0.0,0.0,0.0,0.0,0.0,0.0,62.41684,52.0,9.61817,78.0,3.0,69.0,39.0,0.47241,Idle,52.16030283333333,3.65
2025-12-24 00:00:00,340.66897,1542,762.0,1449.0,341.07937,533.88026,0.82612,0.0,0.0,0.0,0.0,0.0,0.0,78.34183,52.0,9.64085,78.0,3.0,69.0,39.0,0.39908,Idle,52.16068083333333,3.65
2025-12-24 00:05:00,341.98201,1542,762.0,1449.0,341.94128,531.71681,0.83406,0.0,0.0,0.0,0.0,0.0,0.0,62.17178,52.0,9.0,78.0,3.0,69.0,39.0,0.64818,Idle,52.15,3.65
2025-12-24 00:10:00,342.45068,1542,762.0,1449.0,343.4648,534.69291,0.83541,0.0,0.0,0.0,0.0,0.0,0.0,42.78991,52.0,9.0,78.0,3.0,69.0,39.0,0.58974,Idle,52.15,3.65
2025-12-24 00:15:00,344.62985,1542,762.0,1449.0,344.59013,537.0336,0.83342,0.0,0.0,0.0,0.0,0.0,0.0,77.77752,52.0,9.56087,78.0,3.0,69.0,39.0,0.49708,Idle,52.159347833333335,3.65
2025-12-24 00:20:00,360.39315,1542,762.0,1449.0,361.05704,554.53017,0.84323,0.0,0.0,0.0,0.0,0.0,0.0,55.43682,52.0,9.0,78.0,3.0,69.0,39.0,0.37543,Idle,52.15,3.65
2025-12-24 00:25:00,365.85359,1542,762.0,1449.0,364.56234,561.23858,0.84252,0.0,0.0,0.0,0.0,0.0,0.0,48.79533,52.0,9.0,78.0,3.0,69.0,39.0,0.47232,Idle,52.15,3.65
2025-12-24 00:30:00,347.70554,1542,762.0,1449.0,347.31863,540.59795,0.8338,0.0,0.0,0.0,0.0,0.0,0.0,69.90392,52.0,9.92945,78.0,3.0,69.0,39.0,0.24682,Idle,52.16549083333334,3.65
2025-12-24 00:35:00,339.69084,1542,762.0,1449.0,340.84736,529.86716,0.83435,0.0,0.0,0.0,0.0,0.0,0.0,52.59326,52.0,9.0,78.0,3.0,69.0,39.0,0.33804,Idle,52.15,3.65
2025-12-24 00:40:00,344.67109,1542.80022,762.0,1449.0,343.55177,532.22764,0.83863,0.0,0.0,0.0,0.0,0.0,0.0,60.72769,52.0,9.8209,78.0,3.0,69.0,39.0,0.32047,Idle,52.16368166666667,3.65
2025-12-24 00:45:00,347.57122,1543,762.0,1449.0,347.74546,540.12671,0.8345,0.0,0.0,0.0,0.0,0.0,0.0,77.53033,52.0,10.0,78.0,3.0,69.0,39.0,0.26961,Idle,52.166666666666664,3.65
2025-12-24 00:50:00,343.69744,1543,762.0,1449.0,343.604,535.45931,0.83559,0.0,0.0,0.0,0.0,0.0,0.0,71.37594,52.0,9.00127,78.0,3.0,69.0,39.0,0.80396,Idle,52.15002116666667,3.65
2025-12-24 00:55:00,346.03205,1543,762.0,1449.0,345.60113,538.41195,0.83314,0.0,0.0,0.0,0.0,0.0,0.0,59.77832,52.0,9.80877,78.0,3.0,69.0,39.0,0.75418,Idle,52.1634795,3.65
2025-12-24 01:00:00,346.58988,1543,762.0,1449.0,345.80466,538.84438,0.8337,0.0,0.0,0.0,0.0,0.0,0.0,86.83455,52.0,10.0,78.0,3.0,69.0,39.0,0.47912,Idle,52.166666666666664,3.65
2025-12-24 01:05:00,344.92991,1543,762.0,1449.0,344.07577,535.24407,0.83551,0.0,0.0,0.0,0.0,0.0,0.0,76.52078,52.0,9.29378,78.0,3.0,69.0,39.0,0.74238,Idle,52.15489633333333,3.65
2025-12-24 01:10:00,337.62082,1543,762.0,1449.0,338.35116,528.64767,0.83033,0.0,0.0,0.0,0.0,0.0,0.0,46.91614,52.0,9.0,78.0,3.0,69.0,39.0,0.31492,Idle,52.15,3.65
2025-12-24 01:15:00,341.72827,1543,762.0,1449.0,341.74962,531.63373,0.83447,0.0,0.0,0.0,0.0,0.0,0.0,80.24206,52.0,9.70462,78.0,3.0,69.0,39.0,0.49441,Idle,52.161743666666666,3.65
2025-12-24 01:20:00,340.68852,1543,762.0,1449.0,340.77432,531.66969,0.83062,0.0,0.0,0.0,0.0,0.0,0.0,64.44747,52.0,9.0,78.0,3.0,69.0,39.0,0.70589,Idle,52.15,3.65
2025-12-24 01:25:00,341.03963,1543,762.0,1449.0,340.40089,530.23136,0.8324,0.0,0.0,0.0,0.0,0.0,0.0,37.57606,52.0,9.0,78.0,3.0,69.0,39.0,0.50544,Idle,52.15,3.65
2025-12-24 01:30:00,345.17888,1543,762.0,1449.0,345.38925,539.34123,0.82865,0.0,0.0,0.0,0.0,0.0,0.0,51.16252,52.0,9.42464,78.0,3.0,69.0,39.0,0.77486,Idle,52.15707733333333,3.65
2025-12-24 01:35:00,350.41569,1543,762.0,1449.0,350.99035,545.87886,0.83606,0.0,0.0,0.0,0.0,0.0,0.0,73.92279,52.0,9.0,78.0,3.0,69.0,39.0,0.67922,Idle,52.15,3.65
2025-12-24 01:40:00,377.02707,1543,762.0,1449.0,377.6836,584.89465,0.83709,0.0,0.0,0.0,0.0,0.0,0.0,42.27258,52.0,9.0,78.0,3.0,69.0,39.0,0.34917,Idle,52.15,3.65
2025-12-24 01:45:00,377.30566,1543,762.0,1449.0,377.01973,586.33785,0.83328,0.0,0.0,0.0,0.0,0.0,0.0,47.76388,52.0,9.23541,78.0,3.0,69.0,39.0,0.76535,Idle,52.1539235,3.65
2025-12-24 01:50:00,343.18807,1543,762.0,1449.0,342.59009,532.32146,0.8364,0.0,0.0,0.0,0.0,0.0,0.0,80.07939,52.0,10.0,78.0,3.0,69.0,39.0,0.43584,Idle,52.166666666666664,3.65
2025-12-24 01:55:00,343.12632,1543,762.0,1449.0,343.15561,533.79368,0.83295,0.0,0.0,0.0,0.0,0.0,0.0,47.2456,52.0,9.0,78.0,3.0,69.0,39.0,0.32637,Idle,52.15,3.65
2025-12-24 02:00:00,348.80722,1543,762.0,1449.0,347.79603,541.40286,0.83143,0.0,0.0,0.0,0.0,0.0,0.0,45.70849,52.0,9.29825,78.0,3.0,69.0,39.0,0.78969,Idle,52.15497083333333,3.65
2025-12-24 02:05:00,343.71021,1543,762.0,1449.0,344.56388,535.28239,0.8337,0.0,0.0,0.0,0.0,0.0,0.0,82.16537,52.0,10.0,78.0,3.0,69.0,39.0,0.44474,Idle,52.166666666666664,3.65
2025-12-24 02:10:00,340.15145,1543,762.0,1449.0,340.37103,527.86347,0.83422,0.0,0.0,0.0,0.0,0.0,0.0,94.38055,52.0,9.85309,78.0,3.0,69.0,39.0,0.55889,Idle,52.164218166666664,3.65
2025-12-24 02:15:00,342.19824,1543,762.0,1449.0,340.85037,531.86861,0.83231,0.0,0.0,0.0,0.0,0.0,0.0,51.77657,52.0,9.61613,78.0,3.0,69.0,39.0,0.86338,Idle,52.16026883333333,3.65
2025-12-24 02:20:00,346.34475,1543,762.0,1449.0,345.96138,536.13694,0.8412,0.0,0.0,0.0,0.0,0.0,0.0,87.46742,52.0,10.0,78.0,3.0,69.0,39.0,0.64695,Idle,52.166666666666664,3.65
2025-12-24 02:25:00,339.88013,1543,762.0,1449.0,339.85268,527.66881,0.83323,0.0,0.0,0.0,0.0,0.0,0.0,105.13009,52.0,10.0,78.0,3.0,69.0,39.0,0.58457,Idle,52.166666666666664,3.65
2025-12-24 02:30:00,342.14604,1543,762.0,1449.0,341.92743,531.86545,0.83591,0.0,0.0,0.0,0.0,0.0,0.0,91.58669,52.0,9.90404,78.0,3.0,69.0,39.0,0.54156,Idle,52.16506733333333,3.65
2025-12-24 02:35:00,344.26855,1543,762.0,1449.0,343.76907,533.81599,0.83366,0.0,0.0,0.0,0.0,0.0,0.0,68.22753,52.0,10.0,78.0,3.0,69.0,39.0,0.74104,Idle,52.166666666666664,3.65
2025-12-24 02:40:00,346.28572,1543,762.0,1449.0,344.98314,534.34799,0.83717,0.0,0.0,0.0,0.0,0.0,0.0,103.63324,52.0,10.0,78.0,3.0,69.0,39.0,0.42761,Idle,52.166666666666664,3.65
2025-12-24 02:45:00,342.10098,1543,762.0,1449.0,341.86917,531.32856,0.83507,0.0,0.0,0.0,0.0,0.0,0.0,105.04566,52.0,10.0,78.0,3.0,69.0,39.0,0.4728,Idle,52.166666666666664,3.65
2025-12-24 02:50:00,340.91145,1543,762.0,1449.0,341.91768,534.51306,0.8298,0.0,0.0,0.0,0.0,0.0,0.0,87.64281,52.0,10.0,78.0,3.0,69.0,39.0,0.28208,Idle,52.166666666666664,3.65
2025-12-24 02:55:00,351.89684,1543,762.0,1449.0,352.2083,544.56544,0.84037,0.0,0.0,0.0,0.0,0.0,0.0,83.72413,52.0,10.0,78.0,3.0,69.0,39.0,0.78723,Idle,52.166666666666664,3.65
2025-12-24 03:00:00,348.75873,1543,762.0,1449.0,349.50081,538.02381,0.84061,0.0,0.0,0.0,0.0,0.0,0.0,118.78005,52.0,10.0,78.0,3.0,69.0,39.0,0.41756,Idle,52.166666666666664,3.65
2025-12-24 03:05:00,353.07791,1543,762.0,1449.0,354.21601,547.83801,0.83682,0.0,0.0,0.0,0.0,0.0,0.0,115.63189,52.0,10.0,78.0,3.0,69.0,39.0,0.54756,Idle,52.166666666666664,3.65
2025-12-24 03:10:00,349.00967,1543,762.0,1449.0,350.13503,542.84163,0.83468,0.0,0.0,0.0,0.0,0.0,0.0,106.59664,52.0,10.0,78.0,3.0,69.0,39.0,0.29738,Idle,52.166666666666664,3.65
2025-12-24 03:15:00,353.07649,1543,762.0,1449.0,352.56909,543.74986,0.83873,0.0,0.0,0.0,0.0,0.0,0.0,110.29578,52.0,10.0,78.0,3.0,69.0,39.0,0.29452,Idle,52.166666666666664,3.65
2025-12-24 03:20:00,349.81805,1543,762.0,1449.0,350.71529,541.36314,0.83991,0.0,0.0,0.0,0.0,0.0,0.0,115.37223,52.0,10.0,78.0,3.0,69.0,39.0,0.31811,Idle,52.166666666666664,3.65
2025-12-24 03:25:00,351.34972,1543,762.0,1449.0,351.65405,545.15914,0.83612,0.0,0.0,0.0,0.0,0.0,0.0,112.34823,52.0,10.0,78.0,3.0,69.0,39.0,0.25759,Idle,52.166666666666664,3.65
2025-12-24 03:30:00,352.16294,1543,762.0,1449.0,352.88486,545.04802,0.84072,0.0,0.0,0.0,0.0,0.0,0.0,113.3363,52.0,10.0,78.0,3.0,69.0,39.0,0.34163,Idle,52.166666666666664,3.65
2025-12-24 03:35:00,352.3834,1544,762.0,1449.0,351.10652,542.65258,0.84234,0.0,0.0,0.0,0.0,0.0,0.0,118.72537,52.0,10.0,78.0,3.0,69.0,39.0,0.36746,Idle,52.166666666666664,3.65
2025-12-24 03:40:00,354.39921,1544,762.0,1449.0,356.33184,551.85335,0.83527,0.0,0.0,0.0,0.0,0.0,0.0,118.88509,52.0,10.0,78.0,3.0,69.0,39.0,0.28889,Idle,52.166666666666664,3.65
2025-12-24 03:45:00,355.44476,1544,762.0,1449.0,355.7283,547.33603,0.84281,0.0,0.0,0.0,0.0,0.0,0.0,120.6612,52.0,10.0,78.0,3.0,69.0,39.0,0.29157,Idle,52.166666666666664,3.65
2025-12-24 03:50:00,356.30931,1544,762.0,1449.0,357.35051,549.93126,0.84543,0.0,0.0,0.0,0.0,0.0,0.0,121.62957,52.0,10.0,78.0,3.0,69.0,39.0,0.22963,Idle,52.166666666666664,3.65
2025-12-24 03:55:00,370.39257,1544,762.0,1449.0,370.18872,563.60298,0.84945,0.0,0.0,0.0,0.0,0.0,0.0,120.17372,52.0,10.0,78.0,3.0,69.0,39.0,0.30876,Idle,52.166666666666664,3.65
2025-12-24 04:00:00,372.5599,1544,762.0,1449.0,372.58914,568.39759,0.85005,0.0,0.0,0.0,0.0,0.0,0.0,119.73241,52.0,10.0,78.0,3.0,69.0,39.0,0.33723,Idle,52.166666666666664,3.65
2025-12-24 04:05:00,369.86024,1544,762.0,1449.0,371.48046,564.9061,0.85465,0.0,0.0,0.0,0.0,0.0,0.0,119.02958,52.0,10.0,78.0,3.0,69.0,39.0,0.31581,Idle,52.166666666666664,3.65
2025-12-24 04:10:00,363.14133,1544,762.0,1449.0,363.57923,554.84385,0.84645,0.0,0.0,0.0,0.0,0.0,0.0,114.42649,52.0,10.0,78.0,3.0,69.0,39.0,0.44761,Idle,52.166666666666664,3.65
2025-12-24 04:15:00,364.25125,1544,762.0,1449.0,365.34688,560.11866,0.84406,0.0,0.0,0.0,0.0,0.0,0.0,110.77386,52.0,10.0,78.0,3.0,69.0,39.0,0.37727,Idle,52.166666666666664,3.65
2025-12-24 04:20:00,365.9985,1544,762.0,1449.0,365.82596,557.96728,0.84852,0.0,0.0,0.0,0.0,0.0,0.0,112.21434,52.0,10.0,78.0,3.0,69.0,39.0,0.2955,Idle,52.166666666666664,3.65
2025-12-24 04:25:00,374.61965,1544,762.0,1449.0,374.13263,569.41008,0.85222,0.0,0.0,0.0,0.0,0.0,0.0,115.75746,52.0,10.0,78.0,3.0,69.0,39.0,0.34848,Idle,52.166666666666664,3.65
2025-12-24 04:30:00,391.85279,1544,762.0,1449.0,392.20862,592.61738,0.85707,0.0,0.0,0.0,0.0,0.0,0.0,113.71547,52.0,10.0,78.0,3.0,69.0,39.0,0.3937,Idle,52.166666666666664,3.65
2025-12-24 04:35:00,363.35652,1544,762.0,1449.0,364.98198,558.35787,0.84927,0.0,0.0,0.0,0.0,0.0,0.0,105.07037,52.0,10.0,78.0,3.0,69.0,39.0,0.37158,Idle,52.166666666666664,3.65
2025-12-24 04:40:00,379.48005,1544,762.0,1449.0,378.93671,576.45674,0.85183,0.0,0.0,0.0,0.0,0.0,0.0,106.41622,52.0,10.0,78.0,3.0,69.0,39.0,0.38612,Idle,52.166666666666664,3.65
2025-12-24 04:45:00,361.24062,1544,762.0,1449.0,361.02656,554.18393,0.84816,0.0,0.0,0.0,0.0,0.0,0.0,110.95761,52.0,10.0,78.0,3.0,69.0,39.0,0.31411,Idle,52.166666666666664,3.65
2025-12-24 04:50:00,366.66443,1544,762.0,1449.0,367.35202,560.99853,0.85073,0.0,0.0,0.0,0.0,0.0,0.0,110.73528,52.0,10.0,78.0,3.0,69.0,39.0,0.4043,Idle,52.166666666666664,3.65
2025-12-24 04:55:00,363.0242,1544,762.0,1449.0,362.06051,552.80104,0.84672,0.0,0.0,0.0,0.0,0.0,0.0,108.62429,52.0,10.0,78.0,3.0,69.0,39.0,0.30849,Idle,52.166666666666664,3.65
2025-12-24 05:00:00,358.00585,1544,762.0,1449.0,357.03996,547.48052,0.8447,0.0,0.0,0.0,0.0,0.0,0.0,106.77909,52.0,10.0,78.0,3.0,69.0,39.0,0.30093,Idle,52.166666666666664,3.65
2025-12-24 05:05:00,353.96922,1544,762.0,1449.0,353.53643,543.7818,0.84381,0.0,0.0,0.0,0.0,0.0,0.0,105.33062,52.0,10.0,78.0,3.0,69.0,39.0,0.26943,Idle,52.166666666666664,3.65
2025-12-24 05:10:00,369.75497,1544,762.0,1449.0,369.95712,562.64022,0.8492,0.0,0.0,0.0,0.0,0.0,0.0,105.98555,52.0,10.0,78.0,3.0,69.0,39.0,0.28368,Idle,52.166666666666664,3.65
2025-12-24 05:15:00,370.16674,1544,762.0,1449.0,369.93773,562.41775,0.8552,0.0,0.0,0.0,0.0,0.0,0.0,103.87378,52.0,10.0,78.0,3.0,69.0,39.0,0.35144,Idle,52.166666666666664,3.65
2025-12-24 05:20:00,363.29189,1544,762.0,1449.0,363.15974,554.26995,0.85224,0.0,0.0,0.0,0.0,0.0,0.0,103.52529,52.0,10.0,78.0,3.0,69.0,39.0,0.3196,Idle,52.166666666666664,3.65
2025-12-24 05:25:00,362.84232,1544,762.0,1449.0,363.26905,558.20672,0.84487,0.0,0.0,0.0,0.0,0.0,0.0,96.0907,52.0,10.0,78.0,3.0,69.0,39.0,0.29514,Idle,52.166666666666664,3.65
2025-12-24 05:30:00,374.69283,1544,762.0,1449.0,373.90915,566.9274,0.85531,0.0,0.0,0.0,0.0,0.0,0.0,90.08553,52.0,10.0,78.0,3.0,69.0,39.0,0.22132,Idle,52.166666666666664,3.65
2025-12-24 05:35:00,382.15499,1544,762.0,1449.0,384.55115,587.58165,0.84847,0.0,0.0,0.0,0.0,0.0,0.0,93.07585,52.0,10.0,78.0,3.0,69.0,39.0,0.25651,Idle,52.166666666666664,3.65
2025-12-24 05:40:00,393.91982,1544,762.0,1449.0,394.54615,605.46966,0.84293,0.0,0.0,0.0,0.0,0.0,0.0,95.21689,52.0,10.0,78.0,3.0,69.0,39.0,0.24205,Idle,52.166666666666664,3.65
2025-12-24 05:45:00,375.15319,1544,762.0,1449.0,375.37974,576.92939,0.84154,0.0,0.0,0.0,0.0,0.0,0.0,93.15443,52.0,10.0,78.0,3.0,69.0,39.0,0.28563,Idle,52.166666666666664,3.65
2025-12-24 05:50:00,364.88394,1544,762.0,1449.0,364.75533,555.04026,0.85116,0.0,0.0,0.0,0.0,0.0,0.0,87.71384,52.0,10.0,78.0,3.0,69.0,39.0,0.25305,Idle,52.166666666666664,3.65
2025-12-24 05:55:00,362.72631,1544,762.0,1449.0,362.33179,555.58417,0.84512,0.0,0.0,0.0,0.0,0.0,0.0,92.11759,52.0,10.0,78.0,3.0,69.0,39.0,0.23397,Idle,52.166666666666664,3.65
2025-12-24 06:00:00,367.5771,1544,762.0,1449.0,367.05389,558.68831,0.85311,0.0,0.0,0.0,0.0,0.0,0.0,87.71322,52.0,10.0,78.0,3.0,69.0,39.0,0.18354,Idle,52.166666666666664,3.65
2025-12-24 06:05:00,365.03071,1544,762.0,1449.0,364.98085,560.43783,0.84774,0.0,0.0,0.0,0.0,0.0,0.0,79.72626,52.0,10.0,78.0,3.0,69.0,39.0,0.23337,Idle,52.166666666666664,3.65
2025-12-24 06:10:00,372.14057,1544,762.0,1449.0,372.34456,566.98123,0.85193,0.0,0.0,0.0,0.0,0.0,0.0,90.42389,52.0,10.0,78.0,3.0,69.0,39.0,0.26189,Idle,52.166666666666664,3.65
2025-12-24 06:15:00,360.52758,1544.52378,762.0,1449.0,360.40384,553.86649,0.84562,0.0,0.0,0.0,0.0,0.0,0.0,78.32843,52.0,9.57462,78.0,3.0,69.0,39.0,0.2302,Idle,52.159577,3.65
2025-12-24 06:20:00,364.02198,1545,762.0,1449.0,364.30758,556.05875,0.84824,0.0,0.0,0.0,0.0,0.0,0.0,70.11911,52.0,9.07678,78.0,3.0,69.0,39.0,0.2032,Idle,52.15127966666667,3.65
2025-12-24 06:25:00,355.94313,1545,762.0,1449.0,356.99286,547.51166,0.84552,0.0,0.0,0.0,0.0,0.0,0.0,70.57852,52.0,10.0,78.0,3.0,69.0,39.0,0.60342,Idle,52.166666666666664,3.65
2025-12-24 06:30:00,367.16711,1545,762.0,1449.0,365.57846,556.96082,0.84832,0.0,0.0,0.0,0.0,0.0,0.0,94.96091,52.0,10.0,78.0,3.0,69.0,39.0,0.41826,Idle,52.166666666666664,3.65
2025-12-24 06:35:00,362.82879,1545,762.0,1449.0,362.91829,555.77422,0.84602,0.0,0.0,0.0,0.0,0.0,0.0,61.16588,52.0,9.0,78.0,3.0,69.0,39.0,0.24496,Idle,52.15,3.65
2025-12-24 06:40:00,393.70095,1545,762.0,1449.0,395.92932,612.56613,0.83991,0.0,0.0,0.0,0.0,0.0,0.0,66.59867,52.0,9.54448,78.0,3.0,69.0,39.0,0.25836,Idle,52.15907466666667,3.65
2025-12-24 06:45:00,441.67339,1545,762.0,1449.0,358.28867,548.55698,0.8411,0.0,0.0,0.0,83.40508,135.59946,0.31453,76.36838,52.0,10.0,78.0,3.0,69.0,39.0,0.13362,Idle,52.166666666666664,3.65
2025-12-24 06:50:00,449.26108,1545,762.0,1449.0,217.16301,338.54584,0.83284,0.0,0.0,0.0,231.49682,352.5238,0.85185,75.23032,52.0,9.32304,78.0,3.0,69.0,39.0,0.28123,Idle,52.155384,3.65
2025-12-24 06:55:00,371.38652,1545,762.0,1450.0,175.83917,278.20628,0.82134,0.0,0.0,0.0,196.1845,303.78505,0.83672,51.64344,52.0,9.21341,78.0,3.0,69.0,39.0,0.4462,Idle,52.15355683333333,3.65
2025-12-24 07:00:00,376.31695,1545,762.0,1450.0,179.44657,282.10883,0.82186,0.0,0.0,0.0,196.10493,304.37086,0.83541,77.35787,52.0,10.0,78.0,3.0,69.0,39.0,0.51131,Idle,52.166666666666664,3.65
2025-12-24 07:05:00,376.01827,1545,762.0,1450.0,180.12548,281.89598,0.83069,0.0,0.0,0.0,197.45383,306.39696,0.83838,82.44472,52.0,9.5229,78.0,3.0,69.0,39.0,0.75377,Idle,52.158715,3.65
2025-12-24 07:10:00,382.72857,1545,762.0,1450.0,185.50996,286.50357,0.84074,0.0,0.0,0.0,197.46011,307.89717,0.83128,52.0702,52.0,9.0,78.0,3.0,69.0,39.0,0.35279,Idle,52.15,3.65
2025-12-24 07:15:00,425.66293,1545,762.0,1450.0,210.42524,321.97669,0.85074,0.0,0.0,0.0,216.4309,336.16243,0.83843,90.72329,52.0,10.0,78.0,3.0,69.0,39.0,0.61061,Idle,52.166666666666664,3.65
2025-12-24 07:20:00,429.52303,1545,762.0,1450.0,222.18658,333.55771,0.86818,0.0,0.0,0.0,207.73405,329.00732,0.82131,73.96497,52.0,9.18969,78.0,3.0,69.0,39.0,0.71196,Idle,52.1531615,3.65
2025-12-24 07:25:00,429.00789,1545,762.0,1450.0,221.38668,332.60768,0.87007,0.0,0.0,0.0,207.87413,328.29513,0.82401,44.75657,52.0,9.08313,78.0,3.0,69.0,39.0,0.61051,Idle,52.1513855,3.65
2025-12-24 07:30:00,431.83232,1545,762.0,1450.0,219.15784,366.19739,0.79422,0.0,0.0,0.0,215.43553,370.51491,0.76782,70.74388,52.0,10.0,78.0,3.0,69.0,39.0,0.58986,Idle,52.166666666666664,3.65
2025-12-24 07:35:00,489.54779,1545,762.0,1450.0,236.53463,462.31512,0.66238,0.0,0.0,0.0,253.72703,486.53638,0.67445,50.24077,52.0,9.0,78.0,3.0,69.0,39.0,0.43776,Idle,52.15,3.65
2025-12-24 07:40:00,543.64587,1545,762.0,1450.0,271.95222,492.8585,0.71089,0.0,0.0,0.0,272.62935,505.22358,0.6977,60.77835,52.0,9.72856,78.0,3.0,69.0,39.0,0.70404,Idle,52.16214266666667,3.65
2025-12-24 07:45:00,629.85593,1545,762.0,1450.0,304.92899,543.84369,0.72558,0.0,0.0,0.0,321.04831,567.02617,0.73082,84.78372,52.0,9.83551,78.0,3.0,69.0,39.0,0.94035,Idle,52.163925166666665,3.65
2025-12-24 07:50:00,603.01462,1545,762.0,1450.0,305.45269,539.04323,0.72962,0.0,0.0,0.0,298.48637,543.87304,0.70846,47.88901,52.0,9.0,78.0,3.0,69.0,39.0,0.68042,Idle,52.15,3.65
2025-12-24 07:55:00,825.57356,1545,762.0,1450.0,415.97693,669.73809,0.78797,0.0,0.0,0.0,409.21104,674.51967,0.77229,92.74637,52.0,10.0,78.0,3.0,69.0,39.0,0.74969,Idle,52.166666666666664,3.65
2025-12-24 08:00:00,987.72241,1545,762.0,1450.0,491.06779,758.70532,0.8315,0.0,0.0,0.0,497.20093,775.8563,0.82456,62.58328,52.0,10.0,78.0,3.0,69.0,39.60348,0.78527,Idle,52.166666666666664,3.660058
2025-12-24 08:05:00,957.27486,1545,762.0,1450.0,483.46787,750.42453,0.82463,0.0,0.0,0.0,478.1531,756.99542,0.80716,50.10215,52.0,10.0,78.0,3.0,69.0,39.59864,0.6677,Idle,52.166666666666664,3.6599773333333334
2025-12-24 08:10:00,612.94146,1545,762.0,1450.0,305.23824,534.57239,0.73399,0.0,0.0,0.0,298.5809,542.9921,0.70914,49.04202,52.0,10.0,78.0,3.0,69.0,39.0,0.70468,Idle,52.166666666666664,3.65
2025-12-24 08:15:00,449.66887,1545,762.0,1450.0,232.84848,366.13511,0.83478,0.0,0.0,0.0,216.98507,359.73239,0.79659,42.56591,52.0,10.0,78.0,3.0,69.0,39.61758,4.11287,Idle,52.166666666666664,3.660293
2025-12-24 08:20:00,466.07012,1545,762.0,1450.0,239.90363,354.30391,0.87715,0.0,0.0,0.0,226.36376,348.77349,0.8427,41.76488,52.0,10.0,78.0,3.0,69.0,40.0,6.6074,Idle,52.166666666666664,3.6666666666666665
2025-12-24 08:25:00,460.04028,1545,762.0,1450.0,237.49673,351.14529,0.87548,0.0,0.0,0.0,222.5542,342.46225,0.84206,40.58632,52.0,10.61778,78.0,3.0,69.0,40.18801,7.93573,Idle,52.176963,3.6698001666666666
2025-12-24 08:30:00,456.66217,1545,762.0,1450.0,235.43831,347.92131,0.87595,0.0,0.0,0.0,220.16845,341.61351,0.8371,40.65439,52.0,11.0,78.0,3.0,69.0,41.0,8.2221,Idle,52.18333333333333,3.6833333333333336
2025-12-24 08:35:00,461.02859,1545,762.0,1450.0,223.5964,333.62544,0.86653,0.0,0.0,0.0,238.73101,358.14853,0.86518,3.16221,52.0,12.0,78.0,3.0,69.0,41.0,9.05334,Idle,52.2,3.6833333333333336
2025-12-24 08:40:00,459.96962,1545,762.0,1450.0,223.95676,335.55004,0.86098,0.0,0.0,0.0,236.54233,354.68808,0.86015,1.90114,52.0,12.77576,78.0,3.0,69.0,41.0,9.21199,Idle,52.212929333333335,3.6833333333333336
2025-12-24 08:45:00,453.00643,1545,762.0,1450.0,219.89066,330.91418,0.86111,0.0,0.0,0.0,233.01109,350.09959,0.86321,0.76372,52.0,13.14908,78.0,3.0,69.0,41.0,9.26016,Idle,52.219151333333336,3.6833333333333336
2025-12-24 08:50:00,451.44989,1545,762.0,1450.0,219.05648,329.68463,0.86343,0.0,0.0,0.0,232.90478,349.77931,0.86433,0.98094,52.0,14.0,78.0,3.0,69.0,41.0,9.2,Idle,52.233333333333334,3.6833333333333336
2025-12-24 08:55:00,448.07498,1545,762.0,1450.0,215.64114,326.70536,0.8569,0.0,0.0,0.0,231.31992,350.17434,0.85613,11.21867,52.0,15.0,78.0,3.0,69.0,41.0,8.91802,Idle,52.25,3.6833333333333336
2025-12-24 09:00:00,446.09832,1545,762.0,1450.0,216.12178,325.75051,0.85811,0.0,0.0,0.0,229.88986,348.24367,0.85826,12.24826,52.0,15.8509,78.0,3.0,69.0,41.0,8.87189,Idle,52.264181666666666,3.6833333333333336
2025-12-24 09:05:00,451.38653,1545,762.0,1450.0,218.28482,327.54992,0.86517,0.0,0.0,0.0,233.0221,350.80541,0.86115,17.94382,52.0,16.13069,78.0,3.0,69.0,41.0,8.64255,Idle,52.26884483333333,3.6833333333333336
2025-12-24 09:10:00,457.65179,1545,762.0,1450.0,221.33054,333.30629,0.86509,0.0,0.0,0.0,236.41587,356.09666,0.86286,21.02976,52.0,17.0,78.0,3.0,69.0,41.0,8.47851,Idle,52.28333333333333,3.6833333333333336
2025-12-24 09:15:00,455.1901,1545,762.0,1450.0,220.22818,334.24563,0.85437,0.0,0.0,0.0,234.01999,351.41176,0.8632,20.73311,52.0,18.0,78.0,3.0,69.0,41.15799,8.37767,Idle,52.3,3.6859665
2025-12-24 09:20:00,434.98193,1545,762.0,1450.0,210.00409,321.43408,0.84908,0.0,0.0,0.0,226.14016,341.00979,0.86277,21.27587,52.0,18.47614,78.0,3.0,69.0,42.0,8.02108,Idle,52.307935666666665,3.7
2025-12-24 09:25:00,424.83801,1545,762.0,1450.0,204.99966,315.6551,0.84544,0.0,0.0,0.0,220.47476,335.66764,0.85007,22.75589,52.0,19.0,78.0,3.0,69.0,42.0,6.53292,Idle,52.31666666666667,3.7
2025-12-24 09:30:00,420.45789,1545,762.0,1450.0,204.1139,312.69666,0.84675,0.0,0.0,0.0,217.22979,330.38093,0.85288,21.21179,52.0,19.13721,78.0,3.0,69.0,42.0,6.00214,Idle,52.3189535,3.7
2025-12-24 09:35:00,410.07897,1545,762.0,1450.0,198.23866,307.08667,0.83592,0.0,0.0,0.0,211.40026,324.33895,0.84597,21.495,52.0,20.0,78.0,3.0,69.0,42.0,3.53001,Idle,52.333333333333336,3.7
2025-12-24 09:40:00,390.96255,1545,762.0,1450.0,188.2589,294.07126,0.82943,0.0,0.0,0.0,201.3921,311.43011,0.83904,23.93805,52.0,20.0,78.0,3.0,69.0,42.0,2.45161,Idle,52.333333333333336,3.7
2025-12-24 09:45:00,410.39922,1545,762.0,1450.0,200.15323,309.46883,0.83945,0.0,0.0,0.0,211.35,325.53325,0.84363,24.81212,52.0,20.0,78.0,3.0,69.0,42.0,1.33746,Idle,52.333333333333336,3.7
2025-12-24 09:50:00,461.82313,1545,762.0,1450.0,224.64464,346.53935,0.84351,0.0,0.0,0.0,232.91074,361.07206,0.83859,14.47325,52.0,20.0,78.0,3.0,69.0,42.0,1.67731,Idle,52.333333333333336,3.7
2025-12-24 09:55:00,457.34619,1545,762.0,1450.0,223.83949,346.38821,0.83744,0.0,0.0,0.0,232.2135,361.2292,0.83344,357.75072,52.0,20.0,78.0,3.0,69.0,41.3728,2.18791,Idle,52.333333333333336,3.6895466666666668
2025-12-24 10:00:00,386.39736,1545,762.0,1450.0,187.75059,291.39119,0.83433,0.0,0.0,0.0,197.10446,310.75183,0.82509,357.04588,52.0,20.0,78.0,3.0,69.0,41.0,2.30598,Idle,52.333333333333336,3.6833333333333336
2025-12-24 10:05:00,382.47842,1545,762.0,1450.0,200.94094,302.82837,0.85947,0.0,0.0,0.0,181.50388,293.49335,0.80375,354.75448,52.0,20.0,78.0,3.0,69.0,41.0,2.34643,Idle,52.333333333333336,3.6833333333333336
2025-12-24 10:10:00,377.81566,1545,762.0,1450.0,198.84773,301.57564,0.85842,0.0,0.0,0.0,179.6181,293.62041,0.79469,354.74821,52.0,20.0,78.0,3.0,69.0,41.0,2.43746,Idle,52.333333333333336,3.6833333333333336
2025-12-24 10:15:00,379.34725,1546,762.0,1450.0,189.89571,291.88124,0.84579,0.0,0.0,0.0,190.91392,303.9816,0.8199,351.95005,52.0,20.0,78.0,3.0,69.0,40.0,2.51743,Idle,52.333333333333336,3.6666666666666665
2025-12-24 10:20:00,384.07049,1546,762.0,1450.0,188.47633,290.74881,0.84438,0.0,0.0,0.0,194.58548,307.06508,0.82736,351.58624,52.0,20.0,78.0,3.0,69.0,40.0,2.50159,Idle,52.333333333333336,3.6666666666666665
2025-12-24 10:25:00,387.76536,1546,762.0,1450.0,191.33881,294.91288,0.84301,0.0,0.0,0.0,196.41769,310.89904,0.8242,345.29593,52.0,20.0,78.0,3.0,69.0,40.0,2.64786,Idle,52.333333333333336,3.6666666666666665
2025-12-24 10:30:00,372.57084,1546,762.0,1450.0,218.16134,337.67395,0.83873,0.0,0.0,0.0,153.65289,247.29764,0.66956,346.16391,52.0,20.0,78.0,3.0,69.0,39.03121,2.63524,Idle,52.333333333333336,3.6505201666666665
2025-12-24 10:35:00,387.27648,1546,762.0,1450.0,386.83064,601.40158,0.83573,0.0,0.0,0.0,0.0,0.0,0.0,349.79367,52.0,20.0,78.0,3.0,69.0,39.0,2.68163,Idle,52.333333333333336,3.65
2025-12-24 10:40:00,394.21896,1546,762.0,1450.0,395.2788,617.30301,0.83615,0.0,0.0,0.0,0.0,0.0,0.0,350.78498,52.0,20.0,78.0,3.0,69.0,38.5964,2.63059,Idle,52.333333333333336,3.643273333333333
2025-12-24 10:45:00,387.80831,1546,762.0,1450.0,388.4975,606.49288,0.8348,0.0,0.0,0.0,0.0,0.0,0.0,353.23333,52.0,20.0,78.0,3.0,69.0,38.0,2.60769,Idle,52.333333333333336,3.6333333333333333
2025-12-24 10:50:00,390.13225,1546,762.0,1450.0,389.69623,609.4837,0.83063,0.0,0.0,0.0,0.0,0.0,0.0,352.60854,52.0,20.0,78.0,3.0,69.0,38.0,2.60313,Idle,52.333333333333336,3.6333333333333333
2025-12-24 10:55:00,391.88849,1546,762.0,1450.0,391.13922,611.04949,0.83309,0.0,0.0,0.0,0.0,0.0,0.0,350.31146,52.0,20.0,78.0,3.0,69.0,37.15451,2.7742,Idle,52.333333333333336,3.6192418333333336
2025-12-24 11:00:00,393.36399,1546,762.0,1450.0,395.44805,618.99711,0.83271,0.0,0.0,0.0,0.0,0.0,0.0,354.57509,52.0,19.28596,78.0,3.0,69.0,37.0,2.65124,Idle,52.32143266666667,3.6166666666666667
2025-12-24 11:05:00,391.90662,1546,762.0,1450.0,390.85907,610.33852,0.83425,0.0,0.0,0.0,0.0,0.0,0.0,353.57589,52.0,19.0,78.0,3.0,69.0,37.0,2.61543,Idle,52.31666666666667,3.6166666666666667
2025-12-24 11:10:00,405.19159,1546,762.0,1450.0,405.44899,626.05607,0.84193,0.0,0.0,0.0,0.0,0.0,0.0,349.27235,52.0,19.0,78.0,3.0,69.0,36.65421,2.61918,Idle,52.31666666666667,3.6109035
2025-12-24 11:15:00,396.85013,1546,762.0,1450.0,397.6592,619.3407,0.83432,0.0,0.0,0.0,0.0,0.0,0.0,345.30506,52.0,19.0,78.0,3.0,69.0,36.0,2.83271,Idle,52.31666666666667,3.6
2025-12-24 11:20:00,400.51907,1546,762.0,1450.0,401.49363,621.61189,0.83719,0.0,0.0,0.0,0.0,0.0,0.0,342.53877,52.0,19.0,78.0,3.0,69.0,35.99245,2.89778,Idle,52.31666666666667,3.5998741666666665
2025-12-24 11:25:00,398.51198,1546,762.0,1450.0,398.24017,618.2306,0.8359,0.0,0.0,0.0,0.0,0.0,0.0,346.73405,52.0,19.0,78.0,3.0,69.0,35.0,2.7642,Idle,52.31666666666667,3.5833333333333335
2025-12-24 11:30:00,402.83861,1546,762.0,1450.0,402.17004,622.68061,0.84097,0.0,0.0,0.0,0.0,0.0,0.0,344.12422,52.0,19.0,78.0,3.0,69.0,35.0,2.74285,Idle,52.31666666666667,3.5833333333333335
2025-12-24 11:35:00,398.66989,1546,762.0,1450.0,400.23466,621.07695,0.84061,0.0,0.0,0.0,0.0,0.0,0.0,348.20243,52.0,19.0,78.0,3.0,69.0,34.38641,2.73302,Idle,52.31666666666667,3.573106833333333
2025-12-24 11:40:00,438.71876,1546,762.0,1450.0,438.26127,673.81938,0.84435,0.0,0.0,0.0,0.0,0.0,0.0,342.79024,52.0,19.0,78.0,3.0,69.0,34.0,2.78027,Idle,52.31666666666667,3.5666666666666664
2025-12-24 11:45:00,440.57789,1546,762.0,1450.0,439.22113,675.33867,0.84137,0.0,0.0,0.0,0.0,0.0,0.0,347.89913,52.0,19.0,78.0,3.0,69.0,34.0,2.7638,Idle,52.31666666666667,3.5666666666666664
2025-12-24 11:50:00,415.82553,1546,762.0,1450.0,415.34285,641.8013,0.83781,0.0,0.0,0.0,0.0,0.0,0.0,349.77364,52.0,19.0,78.0,3.0,69.0,33.76423,2.52984,Idle,52.31666666666667,3.5627371666666665
2025-12-24 11:55:00,397.52744,1546,762.0,1450.0,397.49438,611.91285,0.8449,0.0,0.0,0.0,0.0,0.0,0.0,347.55312,52.0,19.0,78.0,3.0,69.0,33.0,2.53436,Idle,52.31666666666667,3.55
2025-12-24 12:00:00,395.81978,1546,762.0,1450.0,395.2278,608.24853,0.84167,0.0,0.0,0.0,0.0,0.0,0.0,343.13915,52.0,19.0,78.0,3.0,69.0,33.0,2.57332,Idle,52.31666666666667,3.55
2025-12-24 12:05:00,402.27007,1546,762.0,1450.0,402.83255,619.3996,0.84318,0.0,0.0,0.0,0.0,0.0,0.0,340.42752,52.0,19.0,78.0,3.0,69.0,32.33839,2.7359,Idle,52.31666666666667,3.5389731666666666
2025-12-24 12:10:00,395.71053,1546,762.0,1450.0,395.0197,608.70806,0.83912,0.0,0.0,0.0,0.0,0.0,0.0,340.59718,52.0,19.0,78.0,3.0,69.0,32.0,2.71633,Idle,52.31666666666667,3.533333333333333
2025-12-24 12:15:00,397.70997,1546,762.0,1450.0,398.47433,613.90534,0.84117,0.0,0.0,0.0,0.0,0.0,0.0,333.70129,52.0,19.0,78.0,3.0,69.0,31.76567,2.74236,Idle,52.31666666666667,3.529427833333333
2025-12-24 12:20:00,401.25902,1546,762.0,1450.0,401.22237,617.58935,0.84109,0.0,0.0,0.0,0.0,0.0,0.0,336.64913,52.0,19.0,78.0,3.0,69.0,31.0,2.69901,Idle,52.31666666666667,3.5166666666666666
2025-12-24 12:25:00,404.1864,1546,762.0,1450.0,401.71056,614.9108,0.84449,0.0,0.0,0.0,0.0,0.0,0.0,336.44842,52.0,18.93255,78.0,3.0,69.0,31.0,2.67773,Idle,52.3155425,3.5166666666666666
2025-12-24 12:30:00,396.24032,1546,762.0,1450.0,395.73937,608.23033,0.84343,0.0,0.0,0.0,0.0,0.0,0.0,333.4887,52.0,18.0,78.0,3.0,69.0,31.0,2.68694,Idle,52.3,3.5166666666666666
2025-12-24 12:35:00,496.37373,1546,762.0,1450.0,496.22557,745.21342,0.86271,0.0,0.0,0.0,0.0,0.0,0.0,55.90085,52.0,18.55686,78.0,3.0,69.0,30.0,3.01202,Idle,52.309281,3.5
2025-12-24 12:40:00,463.5411,1546,762.0,1450.0,463.06744,694.17849,0.86425,0.0,0.0,0.0,0.0,0.0,0.0,72.30032,52.0,19.0,78.0,3.0,69.0,30.0,3.27445,Idle,52.31666666666667,3.5
2025-12-24 12:45:00,436.14065,1546,762.0,1450.0,434.4348,657.42171,0.85486,0.0,0.0,0.0,0.0,0.0,0.0,65.96687,52.0,19.0,78.0,3.0,69.0,30.96343,4.32885,Idle,52.31666666666667,3.5160571666666667
2025-12-24 12:50:00,431.97821,1546.23828,762.0,1450.0,433.7316,654.44574,0.85832,0.0,0.0,0.0,0.0,0.0,0.0,62.00543,52.0,19.0,78.0,3.0,69.0,31.0,4.57426,Idle,52.31666666666667,3.5166666666666666
2025-12-24 12:55:00,438.78486,1547,762.0,1450.0,439.43798,667.74852,0.85172,0.0,0.0,0.0,0.0,0.0,0.0,64.06491,52.0,19.0,78.0,3.0,69.0,32.0,5.00321,Idle,52.31666666666667,3.533333333333333
2025-12-24 13:00:00,435.08993,1547,762.0,1450.0,435.06384,656.95374,0.85523,0.0,0.0,0.0,0.0,0.0,0.0,63.28785,52.0,19.0,78.0,3.0,69.0,32.97987,4.97454,Idle,52.31666666666667,3.5496645
2025-12-24 13:05:00,431.59844,1547,762.0,1450.0,431.01744,651.68938,0.85999,0.0,0.0,0.0,0.0,0.0,0.0,65.32087,52.0,19.0,78.0,3.0,69.0,33.08253,5.03942,Idle,52.31666666666667,3.5513755
2025-12-24 13:10:00,438.48071,1547,762.0,1450.0,438.76959,663.05868,0.85884,0.0,0.0,0.0,0.0,0.0,0.0,65.04302,52.0,19.0,78.0,3.0,69.0,34.0,5.10089,Idle,52.31666666666667,3.5666666666666664
2025-12-24 13:15:00,433.85846,1547,762.0,1450.0,433.37273,653.47982,0.85998,0.0,0.0,0.0,0.0,0.0,0.0,64.08076,52.0,19.0,78.0,3.0,69.0,35.0,5.11927,Idle,52.31666666666667,3.5833333333333335
2025-12-24 13:20:00,435.03934,1547,762.0,1450.0,436.5872,658.90816,0.86215,0.0,0.0,0.0,0.0,0.0,0.0,66.62982,52.0,19.61494,78.0,3.0,69.0,35.40255,5.24697,Idle,52.326915666666665,3.5900425
2025-12-24 13:25:00,436.50905,1547,762.0,1450.0,436.07613,659.74966,0.85781,0.0,0.0,0.0,0.0,0.0,0.0,66.31034,52.0,20.0,78.0,3.0,69.0,36.0,5.13836,Idle,52.333333333333336,3.6
2025-12-24 13:30:00,440.47325,1547,762.0,1450.0,438.37242,664.69229,0.8568,0.0,0.0,0.0,0.0,0.0,0.0,66.30601,52.0,20.0,78.0,3.0,69.0,36.59419,5.08409,Idle,52.333333333333336,3.6099031666666668
2025-12-24 13:35:00,438.79329,1547,762.0,1450.0,437.33395,662.93457,0.85656,0.0,0.0,0.0,0.0,0.0,0.0,65.9444,52.0,20.0,78.0,3.0,69.0,37.76057,5.02318,Idle,52.333333333333336,3.6293428333333333
2025-12-24 13:40:00,431.29546,1547,762.0,1450.0,432.40825,654.15093,0.85466,0.0,0.0,0.0,0.0,0.0,0.0,66.49383,52.0,20.0,78.0,3.0,69.0,38.0,5.10323,Idle,52.333333333333336,3.6333333333333333
2025-12-24 13:45:00,431.04353,1547,762.0,1450.0,428.8434,649.96871,0.85331,0.0,0.0,0.0,0.0,0.0,0.0,67.41098,52.0,20.0,78.0,3.0,69.0,38.90575,5.14642,Idle,52.333333333333336,3.6484291666666664
2025-12-24 13:50:00,432.16174,1547,762.0,1450.0,433.0056,655.94319,0.85561,0.0,0.0,0.0,0.0,0.0,0.0,67.36639,52.0,20.0,78.0,3.0,69.0,39.09343,5.17151,Idle,52.333333333333336,3.6515571666666666
2025-12-24 13:55:00,433.12342,1547,762.0,1450.0,433.45706,653.63219,0.85998,0.0,0.0,0.0,0.0,0.0,0.0,67.92697,52.0,20.0,78.0,3.0,69.0,40.27134,5.18319,Idle,52.333333333333336,3.671189
2025-12-24 14:00:00,429.29976,1547,762.0,1450.0,429.61332,649.93816,0.85419,0.0,0.0,0.0,0.0,0.0,0.0,71.70084,52.0,20.0,78.0,3.0,69.0,41.0,5.22414,Idle,52.333333333333336,3.6833333333333336
2025-12-24 14:05:00,436.72091,1547,762.0,1450.0,435.92956,660.27636,0.85546,0.0,0.0,0.0,0.0,0.0,0.0,75.96921,52.0,20.0,78.0,3.0,69.0,41.51527,5.33407,Idle,52.333333333333336,3.691921166666667
2025-12-24 14:10:00,429.2255,1547,762.0,1450.0,429.2444,651.69959,0.85523,0.0,0.0,0.0,0.0,0.0,0.0,71.50021,52.0,20.0,78.0,3.0,69.0,42.0,5.39371,Idle,52.333333333333336,3.7
2025-12-24 14:15:00,402.33217,1547,762.0,1450.0,402.0932,616.89198,0.84755,0.0,0.0,0.0,0.0,0.0,0.0,356.76847,52.0,21.0,78.0,3.0,69.0,42.0,3.01942,Idle,52.35,3.7
2025-12-24 14:20:00,402.83822,1547,762.0,1450.0,402.82868,620.35755,0.84315,0.0,0.0,0.0,0.0,0.0,0.0,351.49839,52.0,21.0,78.0,3.0,69.0,42.0,2.21836,Idle,52.35,3.7
2025-12-24 14:25:00,404.09803,1547,762.0,1450.0,404.05639,619.11162,0.84597,0.0,0.0,0.0,0.0,0.0,0.0,344.56809,52.0,21.0,78.0,3.0,69.0,42.0,2.18517,Idle,52.35,3.7
2025-12-24 14:30:00,398.65598,1547,762.0,1450.0,399.85754,617.12129,0.84,0.0,0.0,0.0,0.0,0.0,0.0,340.02462,52.0,21.0,78.0,3.0,69.0,42.0,2.23084,Idle,52.35,3.7
2025-12-24 14:35:00,401.51989,1547,762.0,1450.0,403.21034,619.0599,0.844,0.0,0.0,0.0,0.0,0.0,0.0,336.68127,52.0,21.0,78.0,3.0,69.0,41.0,2.07123,Idle,52.35,3.6833333333333336
2025-12-24 14:40:00,405.93991,1547,762.0,1450.0,404.88161,621.0791,0.8493,0.0,0.0,0.0,0.0,0.0,0.0,335.82587,52.0,21.0,78.0,3.0,69.0,41.0,2.0561,Idle,52.35,3.6833333333333336
2025-12-24 14:45:00,406.86927,1547,762.0,1450.0,406.07344,622.63788,0.84585,0.0,0.0,0.0,0.0,0.0,0.0,337.36489,52.0,21.0,78.0,3.0,69.0,41.0,2.07831,Idle,52.35,3.6833333333333336
2025-12-24 14:50:00,395.38825,1547,762.0,1450.0,396.06895,609.51393,0.84436,0.0,0.0,0.0,0.0,0.0,0.0,338.02612,52.0,21.0,78.0,3.0,69.0,40.69188,1.88657,Idle,52.35,3.678198
2025-12-24 14:55:00,400.71071,1547,762.0,1450.0,400.21151,614.61744,0.84559,0.0,0.0,0.0,0.0,0.0,0.0,329.4631,52.0,21.0,78.0,3.0,69.0,40.0,2.03992,Idle,52.35,3.6666666666666665
2025-12-24 15:00:00,398.44872,1547,762.0,1450.0,397.30272,611.9602,0.84275,0.0,0.0,0.0,0.0,0.0,0.0,331.80813,52.0,21.0,78.0,3.0,69.0,40.0,2.01304,Idle,52.35,3.6666666666666665
2025-12-24 15:05:00,395.46427,1547,762.0,1450.0,395.54205,609.54394,0.84283,0.0,0.0,0.0,0.0,0.0,0.0,333.64381,52.0,21.0,78.0,3.0,69.0,40.0,1.87147,Idle,52.35,3.6666666666666665
2025-12-24 15:10:00,395.33844,1547,762.0,1450.0,395.7844,611.01583,0.84,0.0,0.0,0.0,0.0,0.0,0.0,333.01176,52.0,21.0,78.0,3.0,69.0,39.11925,1.90434,Idle,52.35,3.6519875
2025-12-24 15:15:00,393.99626,1548,762.0,1450.0,394.01397,608.33568,0.83697,0.0,0.0,0.0,0.0,0.0,0.0,325.17667,52.0,21.0,78.0,3.0,69.0,39.0,1.89212,Idle,52.35,3.65
2025-12-24 15:20:00,398.5605,1548,762.0,1450.0,397.25504,614.43043,0.84223,0.0,0.0,0.0,0.0,0.0,0.0,324.39235,52.0,21.0,78.0,3.0,69.0,39.0,1.88719,Idle,52.35,3.65
2025-12-24 15:25:00,399.88526,1548,762.0,1450.0,400.02795,615.12805,0.84621,0.0,0.0,0.0,0.0,0.0,0.0,324.01801,52.0,21.0,78.0,3.0,69.0,38.90001,1.91035,Idle,52.35,3.6483335
2025-12-24 15:30:00,399.71548,1548,762.0,1450.0,399.50372,614.99743,0.8445,0.0,0.0,0.0,0.0,0.0,0.0,330.95494,52.0,21.0,78.0,3.0,69.0,38.0,1.7285,Idle,52.35,3.6333333333333333
2025-12-24 15:35:00,399.41975,1548,762.0,1450.0,399.18807,612.99475,0.84752,0.0,0.0,0.0,0.0,0.0,0.0,328.70361,52.0,21.0,78.0,3.0,69.0,38.0,1.64672,Idle,52.35,3.6333333333333333
2025-12-24 15:40:00,404.61452,1548,762.0,1450.0,404.5749,622.78462,0.84428,0.0,0.0,0.0,0.0,0.0,0.0,333.15105,52.0,21.0,78.0,3.0,69.0,38.0,1.57847,Idle,52.35,3.6333333333333333
2025-12-24 15:45:00,399.58155,1548,762.0,1450.0,399.50422,612.819,0.84372,0.0,0.0,0.0,0.0,0.0,0.0,322.55905,52.0,21.0,78.0,3.0,69.0,38.0,1.5971,Idle,52.35,3.6333333333333333
2025-12-24 15:50:00,399.46906,1548,762.0,1450.0,398.53207,612.9309,0.841,0.0,0.0,0.0,0.0,0.0,0.0,326.57756,52.0,21.0,78.0,3.0,69.0,37.36707,1.58688,Idle,52.35,3.6227845
2025-12-24 15:55:00,403.03629,1548,762.0,1450.0,403.77715,620.06884,0.84694,0.0,0.0,0.0,0.0,0.0,0.0,327.06834,52.0,21.0,78.0,3.0,69.0,37.0,1.60365,Idle,52.35,3.6166666666666667
2025-12-24 16:00:00,400.218,1548,762.0,1450.0,398.60096,612.67716,0.84493,0.0,0.0,0.0,0.0,0.0,0.0,328.74556,52.0,21.0,78.0,3.0,69.0,37.0,1.61446,Idle,52.35,3.6166666666666667
2025-12-24 16:05:00,396.17761,1548,762.0,1450.0,395.29787,608.09188,0.8457,0.0,0.0,0.0,0.0,0.0,0.0,329.11988,52.0,21.0,78.0,3.0,69.0,37.0,1.73259,Idle,52.35,3.6166666666666667
2025-12-24 16:10:00,397.90547,1548,762.0,1450.0,398.10611,612.14618,0.8464,0.0,0.0,0.0,0.0,0.0,0.0,330.54259,52.0,21.0,78.0,3.0,69.0,37.0,1.65809,Idle,52.35,3.6166666666666667
2025-12-24 16:15:00,398.38057,1548,762.0,1450.0,398.50773,611.26396,0.84954,0.0,0.0,0.0,0.0,0.0,0.0,326.97087,52.0,21.0,78.0,3.0,69.0,36.0,1.78163,Idle,52.35,3.6
2025-12-24 16:20:00,394.32571,1548,762.0,1450.0,393.9489,605.02991,0.84411,0.0,0.0,0.0,0.0,0.0,0.0,330.95948,52.0,21.0,78.0,3.0,69.0,36.0,1.71374,Idle,52.35,3.6
2025-12-24 16:25:00,399.27158,1548,762.0,1450.0,398.73744,612.97055,0.84876,0.0,0.0,0.0,0.0,0.0,0.0,328.46268,52.0,21.0,78.0,3.0,69.0,36.0,1.66473,Idle,52.35,3.6
2025-12-24 16:30:00,401.69921,1548,762.0,1450.0,401.36015,617.05673,0.84318,0.0,0.0,0.0,0.0,0.0,0.0,324.7226,52.0,21.0,78.0,3.0,69.0,36.0,1.79542,Idle,52.35,3.6
2025-12-24 16:35:00,399.6587,1548,762.0,1450.0,399.23155,615.21869,0.84138,0.0,0.0,0.0,0.0,0.0,0.0,322.70716,52.0,22.0,78.0,3.0,69.0,35.0,1.76639,Idle,52.36666666666667,3.5833333333333335
2025-12-24 16:40:00,440.31971,1548,762.0,1450.0,442.46394,674.77451,0.85197,0.0,0.0,0.0,0.0,0.0,0.0,326.59404,52.0,22.0,78.0,3.0,69.0,35.0,1.54957,Idle,52.36666666666667,3.5833333333333335
2025-12-24 16:45:00,471.71205,1548,762.0,1450.0,470.7721,709.97766,0.862,0.0,0.0,0.0,0.0,0.0,0.0,323.60712,52.0,22.0,78.0,3.0,69.0,35.0,1.66141,Idle,52.36666666666667,3.5833333333333335
2025-12-24 16:50:00,426.83812,1548,762.0,1450.0,425.98753,652.81262,0.8478,0.0,0.0,0.0,0.0,0.0,0.0,332.72108,52.0,22.0,78.0,3.0,69.0,35.0,1.65286,Idle,52.36666666666667,3.5833333333333335
2025-12-24 16:55:00,402.99474,1548,762.0,1450.0,403.56102,619.84341,0.84662,0.0,0.0,0.0,0.0,0.0,0.0,327.04449,52.0,22.0,78.0,3.0,69.0,34.19231,1.77819,Idle,52.36666666666667,3.5698718333333335
2025-12-24 17:00:00,443.94733,1548,762.0,1450.0,443.21674,677.71827,0.85042,0.0,0.0,0.0,0.0,0.0,0.0,326.66879,52.0,22.0,78.0,3.0,69.0,34.0,1.91134,Idle,52.36666666666667,3.5666666666666664
2025-12-24 17:05:00,434.94366,1548,762.0,1450.0,434.66821,668.70471,0.84543,0.0,0.0,0.0,0.0,0.0,0.0,329.98063,52.0,22.0,78.0,3.0,69.0,34.0,1.83243,Idle,52.36666666666667,3.5666666666666664
2025-12-24 17:10:00,403.58558,1548,762.0,1450.0,403.84553,620.76113,0.84722,0.0,0.0,0.0,0.0,0.0,0.0,323.07932,52.0,22.0,78.0,3.0,69.0,34.0,1.78005,Idle,52.36666666666667,3.5666666666666664
2025-12-24 17:15:00,400.44173,1548,762.0,1450.0,400.95553,614.6205,0.84896,0.0,0.0,0.0,0.0,0.0,0.0,322.16943,52.0,22.0,78.0,3.0,69.0,33.38769,1.77455,Idle,52.36666666666667,3.5564615
2025-12-24 17:20:00,402.31895,1548,762.0,1450.0,402.51611,620.8408,0.84295,0.0,0.0,0.0,0.0,0.0,0.0,327.48575,52.0,22.0,78.0,3.0,69.0,33.0,1.85069,Idle,52.36666666666667,3.55
2025-12-24 17:25:00,400.21689,1548,762.0,1450.0,401.58522,616.19517,0.84975,0.0,0.0,0.0,0.0,0.0,0.0,322.91727,52.0,22.0,78.0,3.0,69.0,33.0,1.88435,Idle,52.36666666666667,3.55
2025-12-24 17:30:00,401.82196,1548,762.0,1450.0,402.61444,617.43604,0.84758,0.0,0.0,0.0,0.0,0.0,0.0,325.52194,52.0,22.0,78.0,3.0,69.0,33.0,1.86124,Idle,52.36666666666667,3.55
2025-12-24 17:35:00,405.75354,1548,762.0,1450.0,405.37178,622.5655,0.84719,0.0,0.0,0.0,0.0,0.0,0.0,329.50047,52.0,22.0,78.0,3.0,69.0,32.31455,1.90506,Idle,52.36666666666667,3.5385758333333333
2025-12-24 17:40:00,441.60498,1548.59505,762.0,1450.0,439.72166,672.68336,0.85045,0.0,0.0,0.0,0.0,0.0,0.0,331.41442,52.0,22.0,78.0,3.0,69.0,32.0,2.34577,Idle,52.36666666666667,3.533333333333333
2025-12-24 17:45:00,473.58726,1549,762.0,1450.0,474.94609,715.23533,0.86334,0.0,0.0,0.0,0.0,0.0,0.0,268.87414,52.0,22.0,78.0,3.0,69.0,32.0,4.81294,Idle,52.36666666666667,3.533333333333333
2025-12-24 17:50:00,452.9326,1549,762.0,1450.0,453.55044,683.38158,0.86326,0.0,0.0,0.0,0.0,0.0,0.0,48.40947,52.0,22.07093,78.0,3.0,69.0,32.0,3.99733,Idle,52.36784883333333,3.533333333333333
2025-12-24 17:55:00,439.56098,1549,762.0,1450.0,438.96762,664.28137,0.85739,0.0,0.0,0.0,0.0,0.0,0.0,97.98952,52.0,22.0,78.0,3.0,69.0,32.35631,4.62795,Idle,52.36666666666667,3.5392718333333333
2025-12-24 18:00:00,432.97611,1549,762.0,1450.0,432.85616,653.25914,0.85933,0.0,0.0,0.0,0.0,0.0,0.0,97.68087,52.0,22.0,78.0,3.0,69.0,33.0,4.8182,Idle,52.36666666666667,3.55
2025-12-24 18:05:00,434.88499,1549,762.0,1450.0,434.98786,656.88161,0.86022,0.0,0.0,0.0,0.0,0.0,0.0,98.08882,52.0,22.0,78.0,3.0,69.0,33.40477,4.69643,Idle,52.36666666666667,3.5567461666666667
2025-12-24 18:10:00,412.78336,1549,762.0,1450.0,410.93115,628.58276,0.84733,0.0,0.0,0.0,0.0,0.0,0.0,101.50616,52.0,22.0,78.0,3.0,69.0,34.0,3.6551,Idle,52.36666666666667,3.5666666666666664
2025-12-24 18:15:00,395.65349,1549,762.0,1450.0,395.55086,609.34113,0.84252,0.0,0.0,0.0,0.0,0.0,0.0,130.34706,52.0,22.0,78.0,3.0,69.0,34.0,1.91331,Idle,52.36666666666667,3.5666666666666664
2025-12-24 18:20:00,395.21798,1549,762.0,1450.0,394.83335,606.19147,0.84417,0.0,0.0,0.0,0.0,0.0,0.0,132.04493,52.0,22.0,78.0,3.0,69.0,34.0,1.87984,Idle,52.36666666666667,3.5666666666666664
2025-12-24 18:25:00,395.12983,1549,762.0,1450.0,395.75294,607.09339,0.84597,0.0,0.0,0.0,0.0,0.0,0.0,133.5264,52.0,22.0,78.0,3.0,69.0,34.0,1.77119,Idle,52.36666666666667,3.5666666666666664
2025-12-24 18:30:00,393.9387,1549,762.0,1450.0,392.94731,607.79415,0.84117,0.0,0.0,0.0,0.0,0.0,0.0,134.14805,52.0,21.56104,78.0,3.0,69.0,34.0,1.77349,Idle,52.359350666666664,3.5666666666666664
2025-12-24 18:35:00,393.50301,1549,762.0,1450.0,393.6243,604.95688,0.84435,0.0,0.0,0.0,0.0,0.0,0.0,134.94967,52.0,21.0,78.0,3.0,69.0,34.0,1.9763,Idle,52.35,3.5666666666666664
2025-12-24 18:40:00,395.5105,1549,762.0,1450.0,394.42868,606.58481,0.84204,0.0,0.0,0.0,0.0,0.0,0.0,140.88032,52.0,21.0,78.0,3.0,69.0,34.0,1.96801,Idle,52.35,3.5666666666666664
2025-12-24 18:45:00,393.33591,1549,762.0,1450.0,394.0367,608.3167,0.84014,0.0,0.0,0.0,0.0,0.0,0.0,140.30016,52.0,21.0,78.0,3.0,69.0,34.0,2.13527,Idle,52.35,3.5666666666666664
2025-12-24 18:50:00,393.95019,1549,762.0,1450.0,394.04165,610.36153,0.8382,0.0,0.0,0.0,0.0,0.0,0.0,134.57305,52.0,21.0,78.0,3.0,69.0,34.0,1.86105,Idle,52.35,3.5666666666666664
2025-12-24 18:55:00,399.50135,1549,762.0,1450.0,401.21262,614.16579,0.8503,0.0,0.0,0.0,0.0,0.0,0.0,138.81468,52.0,21.0,78.0,3.0,69.0,34.0,2.11059,Idle,52.35,3.5666666666666664
2025-12-24 19:00:00,402.51956,1549,762.0,1450.0,402.64546,614.93495,0.84863,0.0,0.0,0.0,0.0,0.0,0.0,137.87414,52.0,20.26548,78.0,3.0,69.0,34.0,2.03691,Idle,52.337758,3.5666666666666664
2025-12-24 19:05:00,396.05027,1549,762.0,1450.0,396.86813,610.91446,0.84547,0.0,0.0,0.0,0.0,0.0,0.0,140.17816,52.0,20.0,78.0,3.0,69.0,34.0,2.10979,Idle,52.333333333333336,3.5666666666666664
2025-12-24 19:10:00,418.05453,1549,762.0,1450.0,414.51025,632.97244,0.85169,0.0,0.0,0.0,0.0,0.0,0.0,135.11005,52.0,20.0,78.0,3.0,69.0,33.24389,2.03908,Idle,52.333333333333336,3.5540648333333333
2025-12-24 19:15:00,469.75175,1549,762.0,1450.0,470.02841,712.85016,0.85676,0.0,0.0,0.0,0.0,0.0,0.0,83.76976,52.0,20.0,78.0,3.0,69.0,33.85696,2.51443,Idle,52.333333333333336,3.5642826666666667
2025-12-24 19:20:00,433.71803,1549,762.0,1450.0,431.61639,650.92958,0.86102,0.0,0.0,0.0,0.0,0.0,0.0,21.96041,52.0,20.0,78.0,3.0,69.0,34.0,3.43683,Idle,52.333333333333336,3.5666666666666664
2025-12-24 19:25:00,417.3743,1549,762.0,1450.0,417.98424,633.34432,0.86003,0.0,0.0,0.0,0.0,0.0,0.0,11.59877,52.0,20.03834,78.0,3.0,69.0,34.0,7.15983,Idle,52.333972333333335,3.5666666666666664
2025-12-24 19:30:00,472.62017,1549,762.0,1450.0,471.41217,707.09171,0.8666,0.0,0.0,0.0,0.0,0.0,0.0,11.50586,52.0,21.0,78.0,3.0,69.0,34.0,8.28686,Idle,52.35,3.5666666666666664
2025-12-24 19:35:00,453.90979,1549,762.0,1450.0,453.5275,683.32608,0.86047,0.0,0.0,0.0,0.0,0.0,0.0,11.21028,52.0,22.0,78.0,3.0,69.0,34.0,8.64477,Idle,52.36666666666667,3.5666666666666664
2025-12-24 19:40:00,426.58007,1549,762.0,1450.0,426.24446,648.48055,0.85252,0.0,0.0,0.0,0.0,0.0,0.0,17.13056,52.0,22.41091,78.0,3.0,69.0,34.0,6.1451,Idle,52.373515166666664,3.5666666666666664
2025-12-24 19:45:00,403.63491,1549,762.0,1450.0,401.67099,617.24434,0.84654,0.0,0.0,0.0,0.0,0.0,0.0,30.2417,52.0,23.0,78.0,3.0,69.0,34.0,2.84573,Idle,52.38333333333333,3.5666666666666664
2025-12-24 19:50:00,403.19543,1549,762.0,1450.0,404.03669,621.06161,0.84533,0.0,0.0,0.0,0.0,0.0,0.0,25.86933,52.0,23.0,78.0,3.0,69.0,34.0,1.29329,Idle,52.38333333333333,3.5666666666666664
2025-12-24 19:55:00,339.58208,1549,762.0,1450.0,337.83564,496.59053,0.88739,0.0,0.0,0.0,0.0,0.0,0.0,331.10677,52.0,23.0,78.0,3.0,69.0,33.34882,2.51959,Idle,52.38333333333333,3.555813666666667
2025-12-24 20:00:00,322.71829,1549,762.0,1450.0,323.43322,476.38618,0.8889,0.0,0.0,0.0,0.0,0.0,0.0,333.96732,52.0,23.0,78.0,3.0,69.0,33.0,2.46436,Idle,52.38333333333333,3.55
2025-12-24 20:05:00,327.68764,1549.31412,762.0,1450.0,327.4493,482.6202,0.8878,0.0,0.0,0.0,0.0,0.0,0.0,327.01161,52.0,23.0,78.0,3.0,69.0,33.0,2.59034,Idle,52.38333333333333,3.55
2025-12-24 20:10:00,327.61192,1550,762.0,1450.0,328.28326,481.99153,0.88961,0.0,0.0,0.0,0.0,0.0,0.0,330.98329,52.0,23.0,78.0,3.0,69.0,33.0,2.55322,Idle,52.38333333333333,3.55
2025-12-24 20:15:00,329.90349,1550,762.0,1450.0,329.19584,482.56705,0.89107,0.0,0.0,0.0,0.0,0.0,0.0,337.9556,52.0,23.0,78.0,3.0,69.0,32.0,2.46141,Idle,52.38333333333333,3.533333333333333
2025-12-24 20:20:00,326.33032,1550,762.0,1450.0,325.86938,480.7757,0.88324,0.0,0.0,0.0,0.0,0.0,0.0,330.18576,52.0,23.0,78.0,3.0,69.0,32.0,2.6084,Idle,52.38333333333333,3.533333333333333
2025-12-24 20:25:00,328.33963,1550,762.0,1450.0,328.089,480.36635,0.89002,0.0,0.0,0.0,0.0,0.0,0.0,337.16662,52.0,22.49551,78.0,3.0,69.0,31.65736,2.73117,Idle,52.374925166666664,3.527622666666667
2025-12-24 20:30:00,325.08192,1550,762.0,1450.0,325.421,477.93424,0.88771,0.0,0.0,0.0,0.0,0.0,0.0,335.45847,52.0,22.0,78.0,3.0,69.0,31.0,2.5381,Idle,52.36666666666667,3.5166666666666666
2025-12-24 20:35:00,330.70682,1550,762.0,1450.0,330.94143,487.79335,0.88514,0.0,0.0,0.0,0.0,0.0,0.0,337.64639,52.0,22.0,78.0,3.0,69.0,31.0,2.54732,Idle,52.36666666666667,3.5166666666666666
2025-12-24 20:40:00,322.45904,1550,762.0,1450.0,322.6755,474.36078,0.88816,0.0,0.0,0.0,0.0,0.0,0.0,335.58517,52.0,22.0,78.0,3.0,69.0,30.29684,2.68087,Idle,52.36666666666667,3.5049473333333334
2025-12-24 20:45:00,338.6533,1550,762.0,1450.0,339.9586,498.13095,0.88919,0.0,0.0,0.0,0.0,0.0,0.0,335.44922,52.0,22.0,78.0,3.0,69.0,30.0,2.6204,Idle,52.36666666666667,3.5
2025-12-24 20:50:00,358.47955,1550,762.0,1450.0,358.29371,521.71464,0.89568,0.0,0.0,0.0,0.0,0.0,0.0,332.59267,52.0,22.0,78.0,3.0,69.0,30.0,2.80097,Idle,52.36666666666667,3.5
2025-12-24 20:55:00,325.48384,1550,762.0,1450.0,326.31078,479.99476,0.88657,0.0,0.0,0.0,0.0,0.0,0.0,327.43688,52.0,22.0,78.0,3.0,69.0,29.0,2.84729,Idle,52.36666666666667,3.4833333333333334
2025-12-24 21:00:00,324.1405,1550,762.0,1450.0,324.06013,475.85575,0.88926,0.0,0.0,0.0,0.0,0.0,0.0,330.60758,52.0,22.0,78.0,3.0,69.0,29.0,2.88926,Idle,52.36666666666667,3.4833333333333334
2025-12-24 21:05:00,330.42321,1550,762.0,1450.0,330.95663,485.39664,0.89218,0.0,0.0,0.0,0.0,0.0,0.0,336.33397,52.0,22.0,78.0,3.0,69.0,29.0,2.74918,Idle,52.36666666666667,3.4833333333333334
2025-12-24 21:10:00,327.79285,1550,762.0,1450.0,327.91896,484.28276,0.88533,0.0,0.0,0.0,0.0,0.0,0.0,337.4251,52.0,22.0,78.0,3.0,69.0,28.60811,2.73301,Idle,52.36666666666667,3.4768018333333335
2025-12-24 21:15:00,325.54027,1550,762.0,1450.0,325.97387,480.885,0.88323,0.0,0.0,0.0,0.0,0.0,0.0,319.52048,52.0,21.31126,78.0,3.0,69.0,28.0,3.10017,Idle,52.355187666666666,3.466666666666667
2025-12-24 21:20:00,331.73669,1550,762.0,1450.0,330.53967,482.86961,0.89308,0.0,0.0,0.0,0.0,0.0,0.0,331.30795,52.0,21.0,78.0,3.0,69.0,28.0,2.98692,Idle,52.35,3.466666666666667
2025-12-24 21:25:00,329.91304,1550,762.0,1450.0,329.70116,481.91197,0.88798,0.0,0.0,0.0,0.0,0.0,0.0,330.63399,52.0,21.0,78.0,3.0,69.0,27.1645,2.95324,Idle,52.35,3.452741666666667
2025-12-24 21:30:00,410.37611,1550,762.0,1450.0,417.00856,632.06861,0.86525,0.0,0.0,0.0,0.0,0.0,0.0,323.88392,52.0,21.0,78.0,3.0,69.0,27.0,3.17382,Idle,52.35,3.45
2025-12-24 21:35:00,472.91038,1550,762.0,1450.0,473.73002,711.41179,0.86368,0.0,0.0,0.0,0.0,0.0,0.0,48.86419,52.0,21.0,78.0,3.0,69.0,27.0,1.91064,Idle,52.35,3.45
2025-12-24 21:40:00,443.7369,1550,762.0,1450.0,444.26243,667.48942,0.86213,0.0,0.0,0.0,0.0,0.0,0.0,81.91965,52.0,21.0,78.0,3.0,69.0,27.0,3.40226,Idle,52.35,3.45
2025-12-24 21:45:00,433.19037,1550,762.0,1450.0,434.46138,656.16294,0.85459,0.0,0.0,0.0,0.0,0.0,0.0,80.52321,52.0,21.0,78.0,3.0,69.0,27.0,3.94304,Idle,52.35,3.45
2025-12-24 21:50:00,437.13776,1550,762.0,1450.0,435.12921,658.15445,0.85484,0.0,0.0,0.0,0.0,0.0,0.0,79.36774,52.0,21.0,78.0,3.0,69.0,27.60161,3.92811,Idle,52.35,3.4600268333333335
2025-12-24 21:55:00,433.59078,1550,762.0,1450.0,432.44206,653.92272,0.85805,0.0,0.0,0.0,0.0,0.0,0.0,72.02773,52.0,21.0,78.0,3.0,69.0,28.2101,3.79338,Idle,52.35,3.4701683333333335
2025-12-24 22:00:00,439.74232,1550,762.0,1450.0,441.45441,664.62026,0.86177,0.0,0.0,0.0,0.0,0.0,0.0,67.14812,52.0,21.0,78.0,3.0,69.0,29.0,3.57414,Idle,52.35,3.4833333333333334
2025-12-24 22:05:00,429.42684,1550,762.0,1450.0,429.01906,651.77685,0.85271,0.0,0.0,0.0,0.0,0.0,0.0,67.85637,52.0,21.0,78.0,3.0,69.0,29.0,3.61418,Idle,52.35,3.4833333333333334
2025-12-24 22:10:00,432.5625,1550,762.0,1450.0,431.62752,652.36001,0.85887,0.0,0.0,0.0,0.0,0.0,0.0,70.69641,52.0,21.0,78.0,3.0,69.0,29.69911,3.68567,Idle,52.35,3.494985166666667
2025-12-24 22:15:00,435.50452,1550,762.0,1450.0,436.03835,659.30815,0.85773,0.0,0.0,0.0,0.0,0.0,0.0,102.41556,52.0,21.0,78.0,3.0,69.0,30.20782,4.58093,Idle,52.35,3.5034636666666668
2025-12-24 22:20:00,436.76603,1550,762.0,1450.0,436.6835,660.52259,0.85683,0.0,0.0,0.0,0.0,0.0,0.0,116.89335,52.0,20.06824,78.0,3.0,69.0,31.0,5.88804,Idle,52.33447066666667,3.5166666666666666
2025-12-24 22:25:00,425.00898,1550,762.0,1450.0,423.94913,643.80711,0.85545,0.0,0.0,0.0,0.0,0.0,0.0,129.33655,52.0,20.0,78.0,3.0,69.0,31.0,6.60856,Idle,52.333333333333336,3.5166666666666666
2025-12-24 22:30:00,433.23913,1550,762.0,1450.0,433.20628,652.84788,0.8574,0.0,0.0,0.0,0.0,0.0,0.0,127.45384,52.0,19.6959,78.0,3.0,69.0,31.34191,6.93127,Idle,52.328265,3.522365166666667
2025-12-24 22:35:00,435.20787,1550,762.0,1450.0,434.74976,658.91462,0.85407,0.0,0.0,0.0,0.0,0.0,0.0,74.41716,52.0,19.0,78.0,3.0,69.0,32.0,3.94703,Idle,52.31666666666667,3.533333333333333
2025-12-24 22:40:00,426.992,1550.03519,762.0,1450.0,426.046,646.36284,0.85527,0.0,0.0,0.0,0.0,0.0,0.0,69.05365,52.0,19.0,78.0,3.0,69.0,32.92228,3.58396,Idle,52.31666666666667,3.5487046666666666
2025-12-24 22:45:00,422.90465,1551,762.0,1450.0,422.50439,642.21047,0.85239,0.0,0.0,0.0,0.0,0.0,0.0,70.34736,52.0,19.0,78.0,3.0,69.0,33.0,3.85906,Idle,52.31666666666667,3.55
2025-12-24 22:50:00,427.54235,1551,762.0,1450.0,428.06969,649.17276,0.8555,0.0,0.0,0.0,0.0,0.0,0.0,71.05357,52.0,19.0,78.0,3.0,69.0,33.53371,3.87951,Idle,52.31666666666667,3.558895166666667
2025-12-24 22:55:00,432.68144,1551,762.0,1450.0,433.91372,655.75356,0.85598,0.0,0.0,0.0,0.0,0.0,0.0,65.81175,52.0,19.0,78.0,3.0,69.0,34.08706,3.54371,Idle,52.31666666666667,3.5681176666666667
2025-12-24 23:00:00,431.8756,1551,762.0,1450.0,430.96921,651.22928,0.85668,0.0,0.0,0.0,0.0,0.0,0.0,60.61516,52.0,19.0,78.0,3.0,69.0,35.0,3.49774,Idle,52.31666666666667,3.5833333333333335
2025-12-24 23:05:00,435.65274,1551,762.0,1450.0,433.70075,655.05387,0.85565,0.0,0.0,0.0,0.0,0.0,0.0,60.05318,52.0,19.0,78.0,3.0,69.0,35.0,3.27459,Idle,52.31666666666667,3.5833333333333335
2025-12-24 23:10:00,432.03071,1551,762.0,1450.0,432.49462,656.36162,0.85317,0.0,0.0,0.0,0.0,0.0,0.0,59.90393,52.0,19.0,78.0,3.0,69.0,35.37918,3.46706,Idle,52.31666666666667,3.589653
2025-12-24 23:15:00,435.24737,1551,762.0,1450.0,436.16013,657.919,0.85978,0.0,0.0,0.0,0.0,0.0,0.0,65.32193,52.0,19.0,78.0,3.0,69.0,36.0,3.6662,Idle,52.31666666666667,3.6
2025-12-24 23:20:00,426.4682,1551,762.0,1450.0,425.93818,646.49258,0.85263,0.0,0.0,0.0,0.0,0.0,0.0,61.77597,52.0,19.0,78.0,3.0,69.0,36.79513,3.54375,Idle,52.31666666666667,3.613252166666667
2025-12-24 23:25:00,436.10833,1551,762.0,1450.0,434.15526,658.54435,0.85518,0.0,0.0,0.0,0.0,0.0,0.0,61.07117,52.0,19.0,78.0,3.0,69.0,37.0,3.60383,Idle,52.31666666666667,3.6166666666666667
2025-12-24 23:30:00,431.04841,1551,762.0,1450.0,431.84119,653.03802,0.85658,0.0,0.0,0.0,0.0,0.0,0.0,60.4573,52.0,19.0,78.0,3.0,69.0,37.22476,3.72796,Idle,52.31666666666667,3.6204126666666667
2025-12-24 23:35:00,430.95946,1551,762.0,1450.0,431.11785,650.75488,0.85704,0.0,0.0,0.0,0.0,0.0,0.0,62.61702,52.0,19.91966,78.0,3.0,69.0,38.0,3.8979,Idle,52.331994333333334,3.6333333333333333
2025-12-24 23:40:00,427.72198,1551,762.0,1450.0,428.00931,650.46162,0.85609,0.0,0.0,0.0,0.0,0.0,0.0,61.01739,52.0,20.0,78.0,3.0,69.0,38.81972,3.66573,Idle,52.333333333333336,3.6469953333333334
2025-12-24 23:45:00,435.11786,1551,762.0,1450.0,435.05531,657.39397,0.85739,0.0,0.0,0.0,0.0,0.0,0.0,65.01137,52.0,20.0,78.0,3.0,69.0,39.0,3.75324,Idle,52.333333333333336,3.65
2025-12-24 23:50:00,427.03013,1551,762.0,1450.0,428.61444,650.33763,0.85404,0.0,0.0,0.0,0.0,0.0,0.0,61.93051,52.0,20.0,78.0,3.0,69.0,39.30175,3.59803,Idle,52.333333333333336,3.6550291666666666
2025-12-24 23:55:00,433.87626,1551,762.0,1450.0,434.60657,658.81569,0.85373,0.0,0.0,0.0,0.0,0.0,0.0,63.89107,52.0,20.0,78.0,3.0,69.0,40.0,3.62014,Idle,52.333333333333336,3.6666666666666665
2025-12-25 00:00:00,434.48724,1551,762.0,1450.0,434.24556,656.69619,0.85675,0.0,0.0,0.0,0.0,0.0,0.0,63.46285,52.0,20.0,78.0,3.0,69.0,40.73314,3.54304,Idle,52.333333333333336,3.6788856666666665
2025-12-25 00:05:00,433.68668,1551,762.0,1450.0,433.17067,653.99588,0.86165,0.0,0.0,0.0,0.0,0.0,0.0,64.37326,52.0,20.0,78.0,3.0,69.0,41.0,3.76461,Idle,52.333333333333336,3.6833333333333336
2025-12-25 00:10:00,425.50366,1551,762.0,1450.0,423.75916,642.67458,0.85277,0.0,0.0,0.0,0.0,0.0,0.0,68.05041,52.0,20.0,78.0,3.0,69.0,41.28457,4.05527,Idle,52.333333333333336,3.688076166666667
2025-12-25 00:15:00,427.79559,1551,762.0,1450.0,429.57583,651.96374,0.85369,0.0,0.0,0.0,0.0,0.0,0.0,68.81306,52.0,20.0,78.0,3.0,69.0,42.0,3.92283,Idle,52.333333333333336,3.7
2025-12-25 00:20:00,433.79633,1551,762.0,1450.0,432.74442,653.30398,0.85757,0.0,0.0,0.0,0.0,0.0,0.0,68.44729,52.0,20.0,78.0,3.0,69.0,42.95965,4.05464,Idle,52.333333333333336,3.7159941666666665
2025-12-25 00:25:00,433.89126,1551,762.0,1450.0,431.80264,652.44515,0.85679,0.0,0.0,0.0,0.0,0.0,0.0,68.72516,52.0,20.0,78.0,3.0,69.0,43.0,3.82348,Idle,52.333333333333336,3.716666666666667
2025-12-25 00:30:00,428.90522,1551,762.0,1450.0,429.93117,652.18795,0.85205,0.0,0.0,0.0,0.0,0.0,0.0,60.94522,52.0,20.0,78.0,3.0,69.0,43.67074,3.93642,Idle,52.333333333333336,3.7278456666666666
2025-12-25 00:35:00,415.81033,1551,762.0,1450.0,414.26728,631.67616,0.84942,0.0,0.0,0.0,0.0,0.0,0.0,345.55138,52.0,20.40289,78.0,3.0,69.0,43.62741,4.75659,Idle,52.34004816666667,3.7271235
2025-12-25 00:40:00,403.33287,1551,762.0,1450.0,402.61398,617.78136,0.84382,0.0,0.0,0.0,0.0,0.0,0.0,345.37874,52.0,21.0,78.0,3.0,69.0,43.0,3.16505,Idle,52.35,3.716666666666667
2025-12-25 00:45:00,392.13812,1551,762.0,1450.0,392.86597,606.73668,0.83988,0.0,0.0,0.0,0.0,0.0,0.0,339.75824,52.0,21.0,78.0,3.0,69.0,43.0,2.87544,Idle,52.35,3.716666666666667
2025-12-25 00:50:00,400.76674,1551,762.0,1450.0,400.85097,617.73199,0.83985,0.0,0.0,0.0,0.0,0.0,0.0,329.50519,52.0,21.0,78.0,3.0,69.0,42.65943,3.07677,Idle,52.35,3.7109905
2025-12-25 00:55:00,404.54215,1551,762.0,1450.0,403.36321,619.70511,0.84432,0.0,0.0,0.0,0.0,0.0,0.0,334.41137,52.0,20.48049,78.0,3.0,69.0,42.0,2.98982,Idle,52.3413415,3.7
2025-12-25 01:00:00,394.5217,1551,762.0,1450.0,394.64117,610.14419,0.84052,0.0,0.0,0.0,0.0,0.0,0.0,325.89787,52.0,20.0,78.0,3.0,69.0,41.8818,3.02614,Idle,52.333333333333336,3.69803
2025-12-25 01:05:00,389.42196,1551.7973,762.0,1450.0,387.70287,603.59263,0.83323,0.0,0.0,0.0,0.0,0.0,0.0,330.52037,52.0,20.0,78.0,3.0,69.0,41.0,2.99983,Idle,52.333333333333336,3.6833333333333336
2025-12-25 01:10:00,393.39875,1552,762.0,1450.0,394.02121,606.95348,0.84162,0.0,0.0,0.0,0.0,0.0,0.0,333.56688,52.0,20.0,78.0,3.0,69.0,41.0,2.96454,Idle,52.333333333333336,3.6833333333333336
2025-12-25 01:15:00,391.10806,1552,762.0,1450.0,389.99501,603.11573,0.84098,0.0,0.0,0.0,0.0,0.0,0.0,335.99272,52.0,20.0,78.0,3.0,69.0,40.22711,2.80134,Idle,52.333333333333336,3.6704518333333334
2025-12-25 01:20:00,393.13221,1552,762.0,1450.0,393.31839,609.61894,0.83496,0.0,0.0,0.0,0.0,0.0,0.0,338.94048,52.0,20.0,78.0,3.0,69.0,40.0,2.88132,Idle,52.333333333333336,3.6666666666666665
2025-12-25 01:25:00,388.97591,1552,762.0,1450.0,387.16537,600.70214,0.83575,0.0,0.0,0.0,0.0,0.0,0.0,340.36358,52.0,20.0,78.0,3.0,69.0,40.0,2.64267,Idle,52.333333333333336,3.6666666666666665
2025-12-25 01:30:00,395.42912,1552,762.0,1450.0,396.11998,609.14914,0.84243,0.0,0.0,0.0,0.0,0.0,0.0,336.87834,52.0,20.0,78.0,3.0,69.0,39.66253,2.73852,Idle,52.333333333333336,3.6610421666666664
2025-12-25 01:35:00,393.32802,1552,762.0,1450.0,392.75071,608.2174,0.83654,0.0,0.0,0.0,0.0,0.0,0.0,334.87777,52.0,20.0,78.0,3.0,69.0,39.0,2.85413,Idle,52.333333333333336,3.65
2025-12-25 01:40:00,412.40732,1552,762.0,1450.0,414.50015,640.82236,0.83995,0.0,0.0,0.0,0.0,0.0,0.0,330.21118,52.0,20.0,78.0,3.0,69.0,39.0,2.82964,Idle,52.333333333333336,3.65
2025-12-25 01:45:00,421.54729,1552,762.0,1450.0,420.95434,651.02605,0.8363,0.0,0.0,0.0,0.0,0.0,0.0,333.36703,52.0,20.0,78.0,3.0,69.0,38.04617,2.83157,Idle,52.333333333333336,3.6341028333333334
2025-12-25 01:50:00,412.29126,1552,762.0,1450.0,411.13594,634.00272,0.84234,0.0,0.0,0.0,0.0,0.0,0.0,334.41079,52.0,20.0,78.0,3.0,69.0,38.0,2.84071,Idle,52.333333333333336,3.6333333333333333
2025-12-25 01:55:00,393.92365,1552,762.0,1450.0,394.16471,607.11583,0.83971,0.0,0.0,0.0,0.0,0.0,0.0,333.12288,52.0,19.30724,78.0,3.0,69.0,37.46475,2.66628,Idle,52.32178733333333,3.6244125
2025-12-25 02:00:00,388.19597,1552,762.0,1450.0,388.51375,602.30738,0.83764,0.0,0.0,0.0,0.0,0.0,0.0,327.23387,52.0,19.0,78.0,3.0,69.0,37.0,2.71417,Idle,52.31666666666667,3.6166666666666667
2025-12-25 02:05:00,389.9759,1552,762.0,1450.0,390.64134,605.6371,0.83529,0.0,0.0,0.0,0.0,0.0,0.0,333.45439,52.0,19.0,78.0,3.0,69.0,37.0,2.73639,Idle,52.31666666666667,3.6166666666666667
2025-12-25 02:10:00,419.55776,1552,762.0,1450.0,422.62971,650.70772,0.84229,0.0,0.0,0.0,0.0,0.0,0.0,327.44425,52.0,19.0,78.0,3.0,69.0,36.94117,2.87649,Idle,52.31666666666667,3.6156861666666664
2025-12-25 02:15:00,414.99245,1552,762.0,1450.0,414.02528,637.92409,0.8416,0.0,0.0,0.0,0.0,0.0,0.0,338.96044,52.0,19.0,78.0,3.0,69.0,36.0,2.50745,Idle,52.31666666666667,3.6
2025-12-25 02:20:00,386.21823,1552,762.0,1450.0,387.14775,600.47986,0.83404,0.0,0.0,0.0,0.0,0.0,0.0,333.51018,52.0,19.0,78.0,3.0,69.0,36.0,2.62061,Idle,52.31666666666667,3.6
2025-12-25 02:25:00,394.21765,1552,762.0,1450.0,393.89858,610.9309,0.8363,0.0,0.0,0.0,0.0,0.0,0.0,333.39494,52.0,19.0,78.0,3.0,69.0,35.3885,2.57322,Idle,52.31666666666667,3.5898083333333335
2025-12-25 02:30:00,387.51082,1552,762.0,1450.0,386.5408,599.79076,0.83498,0.0,0.0,0.0,0.0,0.0,0.0,339.31087,52.0,19.0,78.0,3.0,69.0,35.0,2.39488,Idle,52.31666666666667,3.5833333333333335
2025-12-25 02:35:00,393.53926,1552,762.0,1450.0,395.21549,611.19139,0.83702,0.0,0.0,0.0,0.0,0.0,0.0,336.88778,52.0,19.0,78.0,3.0,69.0,35.0,2.42709,Idle,52.31666666666667,3.5833333333333335
2025-12-25 02:40:00,393.04897,1552,762.0,1450.0,392.21316,611.13178,0.8339,0.0,0.0,0.0,0.0,0.0,0.0,333.52445,52.0,19.0,78.0,3.0,69.0,34.15189,2.3469,Idle,52.31666666666667,3.569198166666667
2025-12-25 02:45:00,392.87237,1552,762.0,1450.0,394.19701,607.92892,0.84139,0.0,0.0,0.0,0.0,0.0,0.0,333.82147,52.0,19.0,78.0,3.0,69.0,34.0,2.36743,Idle,52.31666666666667,3.5666666666666664
2025-12-25 02:50:00,392.04136,1552,762.0,1450.0,391.8454,606.01968,0.83936,0.0,0.0,0.0,0.0,0.0,0.0,335.12188,52.0,19.0,78.0,3.0,69.0,34.0,2.36288,Idle,52.31666666666667,3.5666666666666664
2025-12-25 02:55:00,396.32269,1552,762.0,1450.0,396.69839,614.30146,0.83545,0.0,0.0,0.0,0.0,0.0,0.0,339.53397,52.0,19.0,78.0,3.0,69.0,33.068,2.29794,Idle,52.31666666666667,3.5511333333333335
2025-12-25 03:00:00,390.89565,1552,762.0,1450.0,390.65692,604.62329,0.83911,0.0,0.0,0.0,0.0,0.0,0.0,336.67382,52.0,19.0,78.0,3.0,69.0,33.0,2.36153,Idle,52.31666666666667,3.55
2025-12-25 03:05:00,395.8249,1552,762.0,1450.0,395.63196,609.43214,0.84148,0.0,0.0,0.0,0.0,0.0,0.0,336.26261,52.0,19.0,78.0,3.0,69.0,33.0,2.34403,Idle,52.31666666666667,3.55
2025-12-25 03:10:00,418.04386,1552,762.0,1450.0,419.36669,645.94251,0.84328,0.0,0.0,0.0,0.0,0.0,0.0,337.22256,52.0,19.0,78.0,3.0,69.0,32.93434,2.28695,Idle,52.31666666666667,3.5489056666666667
2025-12-25 03:15:00,416.24644,1552,762.0,1450.0,416.80785,643.89593,0.84264,0.0,0.0,0.0,0.0,0.0,0.0,332.25219,52.0,19.0,78.0,3.0,69.0,32.0,2.21667,Idle,52.31666666666667,3.533333333333333
2025-12-25 03:20:00,388.64285,1552,762.0,1450.0,389.08174,602.14275,0.8378,0.0,0.0,0.0,0.0,0.0,0.0,331.70744,52.0,19.0,78.0,3.0,69.0,32.0,2.13359,Idle,52.31666666666667,3.533333333333333
2025-12-25 03:25:00,391.15513,1552,762.0,1450.0,390.77427,604.36937,0.84107,0.0,0.0,0.0,0.0,0.0,0.0,340.52417,52.0,19.0,78.0,3.0,69.0,32.0,1.98564,Idle,52.31666666666667,3.533333333333333
2025-12-25 03:30:00,391.85278,1552,762.0,1450.0,391.6502,608.41628,0.83486,0.0,0.0,0.0,0.0,0.0,0.0,336.50619,52.0,19.0,78.0,3.0,69.0,31.23616,1.92781,Idle,52.31666666666667,3.5206026666666665
2025-12-25 03:35:00,416.95913,1553,762.0,1450.0,415.96933,634.57136,0.85092,0.0,0.0,0.0,0.0,0.0,0.0,259.39241,52.0,19.0,78.0,3.0,69.0,31.0,3.05891,Idle,52.31666666666667,3.5166666666666666
2025-12-25 03:40:00,422.57667,1553,762.0,1450.0,422.35472,642.68699,0.85246,0.0,0.0,0.0,0.0,0.0,0.0,34.59162,52.0,19.0,78.0,3.0,69.0,31.0,3.15648,Idle,52.31666666666667,3.5166666666666666
2025-12-25 03:45:00,426.59543,1553,762.0,1450.0,427.27806,651.6528,0.85064,0.0,0.0,0.0,0.0,0.0,0.0,71.94417,52.0,19.0,78.0,3.0,69.0,31.0,3.42072,Idle,52.31666666666667,3.5166666666666666
2025-12-25 03:50:00,424.68511,1553,762.0,1450.0,425.15002,647.35826,0.84957,0.0,0.0,0.0,0.0,0.0,0.0,78.54211,52.0,19.57042,78.0,3.0,69.0,31.21524,4.33343,Idle,52.32617366666667,3.520254
2025-12-25 03:55:00,422.64146,1553,762.0,1450.0,422.69195,641.86761,0.85445,0.0,0.0,0.0,0.0,0.0,0.0,73.17233,52.0,20.0,78.0,3.0,69.0,32.1359,4.5043,Idle,52.333333333333336,3.535598333333333
2025-12-25 04:00:00,426.38115,1553,762.0,1450.0,427.61276,648.2945,0.85692,0.0,0.0,0.0,0.0,0.0,0.0,74.02036,52.0,20.0,78.0,3.0,69.0,33.0,4.86094,Idle,52.333333333333336,3.55
2025-12-25 04:05:00,425.79277,1553,762.0,1450.0,425.98511,649.9661,0.84891,0.0,0.0,0.0,0.0,0.0,0.0,75.17679,52.0,20.0,78.0,3.0,69.0,33.21642,4.92866,Idle,52.333333333333336,3.553607
2025-12-25 04:10:00,426.14231,1553,762.0,1450.0,425.84042,646.59694,0.85513,0.0,0.0,0.0,0.0,0.0,0.0,78.16023,52.0,20.0,78.0,3.0,69.0,34.0,4.94967,Idle,52.333333333333336,3.5666666666666664
2025-12-25 04:15:00,425.97779,1553,762.0,1450.0,426.29441,651.32078,0.84973,0.0,0.0,0.0,0.0,0.0,0.0,77.63947,52.0,20.0,78.0,3.0,69.0,35.0,4.90109,Idle,52.333333333333336,3.5833333333333335
2025-12-25 04:20:00,439.00005,1553,762.0,1450.0,438.23966,666.42471,0.85187,0.0,0.0,0.0,0.0,0.0,0.0,79.33162,52.0,20.0,78.0,3.0,69.0,35.4455,4.81301,Idle,52.333333333333336,3.5907583333333335
2025-12-25 04:25:00,436.67859,1553,762.0,1450.0,438.39563,661.83403,0.85827,0.0,0.0,0.0,0.0,0.0,0.0,79.84428,52.0,20.0,78.0,3.0,69.0,36.0,4.93376,Idle,52.333333333333336,3.6
2025-12-25 04:30:00,441.79646,1553,762.0,1450.0,441.01625,665.41787,0.86164,0.0,0.0,0.0,0.0,0.0,0.0,77.68811,52.0,20.0,78.0,3.0,69.0,36.56833,4.89606,Idle,52.333333333333336,3.6094721666666665
2025-12-25 04:35:00,444.82374,1553,762.0,1450.0,444.62596,670.75432,0.85671,0.0,0.0,0.0,0.0,0.0,0.0,77.33469,52.0,20.0,78.0,3.0,69.0,37.70101,5.05581,Idle,52.333333333333336,3.6283501666666664
2025-12-25 04:40:00,441.99559,1553,762.0,1450.0,440.24779,665.48193,0.85718,0.0,0.0,0.0,0.0,0.0,0.0,79.22827,52.0,20.0,78.0,3.0,69.0,38.0,5.12007,Idle,52.333333333333336,3.6333333333333333
2025-12-25 04:45:00,436.24534,1553,762.0,1450.0,436.21514,656.04666,0.86001,0.0,0.0,0.0,0.0,0.0,0.0,80.89691,52.0,20.0,78.0,3.0,69.0,38.89137,5.02555,Idle,52.333333333333336,3.6481895
2025-12-25 04:50:00,432.78695,1553,762.0,1450.0,431.45676,651.88433,0.85972,0.0,0.0,0.0,0.0,0.0,0.0,81.0814,52.0,20.0,78.0,3.0,69.0,39.0,3.87278,Idle,52.333333333333336,3.65
2025-12-25 04:55:00,455.28511,1553,762.0,1450.0,456.28517,684.45929,0.86441,0.0,0.0,0.0,0.0,0.0,0.0,83.6743,52.0,20.0,78.0,3.0,69.0,40.0,2.82697,Idle,52.333333333333336,3.6666666666666665
2025-12-25 05:00:00,455.20292,1553,762.0,1450.0,456.14543,685.99803,0.86369,0.0,0.0,0.0,0.0,0.0,0.0,84.55257,52.0,20.0,78.0,3.0,69.0,40.0,2.56176,Idle,52.333333333333336,3.6666666666666665
2025-12-25 05:05:00,470.72293,1553,762.0,1450.0,472.03542,711.64892,0.86173,0.0,0.0,0.0,0.0,0.0,0.0,82.05503,52.0,20.0,78.0,3.0,69.0,40.51846,2.56813,Idle,52.333333333333336,3.675307666666667
2025-12-25 05:10:00,464.96567,1553,762.0,1450.0,465.3342,702.46794,0.85874,0.0,0.0,0.0,0.0,0.0,0.0,76.28917,52.0,20.0,78.0,3.0,69.0,41.0,2.47453,Idle,52.333333333333336,3.6833333333333336
2025-12-25 05:15:00,425.78872,1553,762.0,1450.0,427.05212,645.3813,0.85592,0.0,0.0,0.0,0.0,0.0,0.0,68.89691,52.0,21.0,78.0,3.0,69.0,41.0,2.53329,Idle,52.35,3.6833333333333336
2025-12-25 05:20:00,425.78729,1553,762.0,1450.0,425.39619,643.63139,0.85711,0.0,0.0,0.0,0.0,0.0,0.0,67.57972,52.0,21.0,78.0,3.0,69.0,41.8225,2.56186,Idle,52.35,3.697041666666667
2025-12-25 05:25:00,428.23757,1553,762.0,1450.0,427.31587,645.41839,0.86004,0.0,0.0,0.0,0.0,0.0,0.0,68.10957,52.0,21.0,78.0,3.0,69.0,42.0,2.52684,Idle,52.35,3.7
2025-12-25 05:30:00,431.36166,1553,762.0,1450.0,431.6165,654.5273,0.85635,0.0,0.0,0.0,0.0,0.0,0.0,69.83744,52.0,21.0,78.0,3.0,69.0,42.0,2.49142,Idle,52.35,3.7
2025-12-25 05:35:00,426.8585,1553,762.0,1450.0,427.43117,646.12939,0.8588,0.0,0.0,0.0,0.0,0.0,0.0,74.32041,52.0,21.0,78.0,3.0,69.0,43.0,2.3575,Idle,52.35,3.716666666666667
2025-12-25 05:40:00,411.29568,1553,762.0,1450.0,411.25946,627.18825,0.85074,0.0,0.0,0.0,0.0,0.0,0.0,71.78756,52.0,21.0,78.0,3.0,69.0,43.0,1.92381,Idle,52.35,3.716666666666667
2025-12-25 05:45:00,406.5227,1553,762.0,1450.0,405.99658,623.52664,0.84464,0.0,0.0,0.0,0.0,0.0,0.0,99.08598,52.0,21.0,78.0,3.0,69.0,43.0,0.58,Idle,52.35,3.716666666666667
2025-12-25 05:50:00,407.07477,1553,762.0,1450.0,405.37202,620.27523,0.847,0.0,0.0,0.0,0.0,0.0,0.0,133.62431,52.0,21.0,78.0,3.0,69.0,43.0,1.05622,Idle,52.35,3.716666666666667
2025-12-25 05:55:00,400.06713,1554,762.0,1450.0,399.90522,613.17389,0.84716,0.0,0.0,0.0,0.0,0.0,0.0,148.09447,52.0,21.0,78.0,3.0,69.0,43.0,1.29001,Idle,52.35,3.716666666666667
2025-12-25 06:00:00,402.07109,1554,762.0,1450.0,401.95709,617.75183,0.84637,0.0,0.0,0.0,0.0,0.0,0.0,147.42095,52.0,21.0,78.0,3.0,69.0,43.0,1.24765,Idle,52.35,3.716666666666667
2025-12-25 06:05:00,404.01013,1554,762.0,1450.0,404.52885,621.61122,0.84355,0.0,0.0,0.0,0.0,0.0,0.0,147.72505,52.0,21.0,78.0,3.0,69.0,43.0,1.30112,Idle,52.35,3.716666666666667
2025-12-25 06:10:00,406.62751,1554,762.0,1450.0,405.65153,618.20509,0.84994,0.0,0.0,0.0,0.0,0.0,0.0,147.87793,52.0,20.43646,78.0,3.0,69.0,43.0,1.36714,Idle,52.34060766666666,3.716666666666667
2025-12-25 06:15:00,412.31083,1554,762.0,1450.0,412.35057,627.47911,0.85336,0.0,0.0,0.0,0.0,0.0,0.0,145.49602,52.0,20.0,78.0,3.0,69.0,42.20671,1.42908,Idle,52.333333333333336,3.7034451666666666
2025-12-25 06:20:00,466.98242,1554,762.0,1450.0,469.60207,706.568,0.86122,0.0,0.0,0.0,0.0,0.0,0.0,136.19309,52.0,20.0,78.0,3.0,69.0,42.0,1.73139,Idle,52.333333333333336,3.7
2025-12-25 06:25:00,468.30636,1554,762.0,1450.0,468.58826,705.18818,0.86318,0.0,0.0,0.0,0.0,0.0,0.0,115.47619,52.0,20.0,78.0,3.0,69.0,42.12965,2.07723,Idle,52.333333333333336,3.702160833333333
2025-12-25 06:30:00,459.14192,1554,762.0,1450.0,457.78948,685.37282,0.86662,0.0,0.0,0.0,0.0,0.0,0.0,80.55282,52.0,20.0,78.0,3.0,69.0,43.0,2.30648,Idle,52.333333333333336,3.716666666666667
2025-12-25 06:35:00,444.98568,1554,762.0,1450.0,443.51111,675.96473,0.85414,0.0,0.0,0.0,0.0,0.0,0.0,335.55971,52.0,20.0,78.0,3.0,69.0,42.77432,5.34897,Idle,52.333333333333336,3.7129053333333335
2025-12-25 06:40:00,441.34565,1554,762.0,1450.0,441.81504,671.13347,0.85494,0.0,0.0,0.0,0.0,0.0,0.0,335.66029,52.0,20.92617,78.0,3.0,69.0,42.0,6.39347,Idle,52.3487695,3.7
2025-12-25 06:45:00,430.81996,1554,762.0,1450.0,429.27297,650.28828,0.85222,0.0,0.0,0.0,0.0,0.0,0.0,336.74531,52.0,21.0,78.0,3.0,69.0,42.0,6.34718,Idle,52.35,3.7
2025-12-25 06:50:00,420.28795,1554,762.0,1450.0,419.34466,639.46245,0.84976,0.0,0.0,0.0,0.0,0.0,0.0,129.64026,52.0,21.0,78.0,3.0,69.0,41.62209,4.61023,Idle,52.35,3.6937015
2025-12-25 06:55:00,409.37222,1554,762.0,1450.0,408.82981,626.75506,0.84665,0.0,0.0,0.0,0.0,0.0,0.0,85.29158,52.0,22.0,78.0,3.0,69.0,41.0,2.24673,Idle,52.36666666666667,3.6833333333333336
2025-12-25 07:00:00,405.84791,1554,762.0,1450.0,405.59341,623.22715,0.84368,0.0,0.0,0.0,0.0,0.0,0.0,352.7378,52.0,22.0,78.0,3.0,69.0,41.0,2.31388,Idle,52.36666666666667,3.6833333333333336
2025-12-25 07:05:00,405.36209,1554,762.0,1450.0,404.53989,620.41457,0.8461,0.0,0.0,0.0,0.0,0.0,0.0,350.33555,52.0,22.0,78.0,3.0,69.0,41.0,2.25966,Idle,52.36666666666667,3.6833333333333336
2025-12-25 07:10:00,406.58268,1554,762.0,1450.0,406.22127,623.92746,0.84505,0.0,0.0,0.0,0.0,0.0,0.0,351.38189,52.0,22.0,78.0,3.0,69.0,41.0,2.15802,Idle,52.36666666666667,3.6833333333333336
2025-12-25 07:15:00,404.77212,1554,762.0,1450.0,404.86262,621.6638,0.8471,0.0,0.0,0.0,0.0,0.0,0.0,347.03598,52.0,22.0,78.0,3.0,69.0,40.0,2.16257,Idle,52.36666666666667,3.6666666666666665
2025-12-25 07:20:00,403.73315,1554,762.0,1450.0,403.01961,622.82143,0.84172,0.0,0.0,0.0,0.0,0.0,0.0,346.36254,52.0,22.0,78.0,3.0,69.0,40.0,2.18706,Idle,52.36666666666667,3.6666666666666665
2025-12-25 07:25:00,403.03985,1554,762.0,1450.0,401.63962,618.76864,0.8438,0.0,0.0,0.0,0.0,0.0,0.0,349.84988,52.0,22.0,78.0,3.0,69.0,40.0,2.1758,Idle,52.36666666666667,3.6666666666666665
2025-12-25 07:30:00,403.14887,1554,762.0,1450.0,403.50968,621.16799,0.84319,0.0,0.0,0.0,0.0,0.0,0.0,348.26546,52.0,22.0,78.0,3.0,69.0,39.46177,2.18255,Idle,52.36666666666667,3.6576961666666667
2025-12-25 07:35:00,400.63656,1554,762.0,1450.0,402.05148,617.14348,0.84551,0.0,0.0,0.0,0.0,0.0,0.0,346.04048,52.0,22.0,78.0,3.0,69.0,39.0,2.21854,Idle,52.36666666666667,3.65
2025-12-25 07:40:00,403.80195,1554,762.0,1450.0,403.12212,626.35901,0.83677,0.0,0.0,0.0,0.0,0.0,0.0,344.19791,52.0,22.0,78.0,3.0,69.0,39.0,2.20972,Idle,52.36666666666667,3.65
2025-12-25 07:45:00,410.53807,1554,762.0,1450.0,410.06696,632.07597,0.84623,0.0,0.0,0.0,0.0,0.0,0.0,341.66705,52.0,22.0,78.0,3.0,69.0,38.65681,2.24376,Idle,52.36666666666667,3.6442801666666664
2025-12-25 07:50:00,411.64398,1554,762.0,1450.0,410.98712,634.70124,0.84091,0.0,0.0,0.0,0.0,0.0,0.0,344.3543,52.0,22.0,78.0,3.0,69.0,38.0,2.14551,Idle,52.36666666666667,3.6333333333333333
2025-12-25 07:55:00,413.80484,1554,762.0,1450.0,414.41453,635.25221,0.84696,0.0,0.0,0.0,0.0,0.0,0.0,349.76271,52.0,22.0,78.0,3.0,69.0,38.0,2.18497,Idle,52.36666666666667,3.6333333333333333
2025-12-25 08:00:00,412.56775,1554,762.0,1450.0,411.44882,632.74066,0.84677,0.0,0.0,0.0,0.0,0.0,0.0,348.02428,52.0,22.0,78.0,3.0,69.0,37.8031,2.26965,Idle,52.36666666666667,3.6300516666666667
2025-12-25 08:05:00,412.38197,1554,762.0,1450.0,412.31594,631.46077,0.84736,0.0,0.0,0.0,0.0,0.0,0.0,349.07346,52.0,22.0,78.0,3.0,69.0,37.0,2.21756,Idle,52.36666666666667,3.6166666666666667
2025-12-25 08:10:00,402.84411,1554,762.0,1450.0,403.74215,619.02525,0.84561,0.0,0.0,0.0,0.0,0.0,0.0,348.54223,52.0,22.0,78.0,3.0,69.0,37.0,2.16044,Idle,52.36666666666667,3.6166666666666667
2025-12-25 08:15:00,412.07408,1554.20972,762.0,1450.0,412.33442,633.12076,0.84812,0.0,0.0,0.0,0.0,0.0,0.0,340.96399,52.0,22.0,78.0,3.0,69.0,36.77752,2.3861,Idle,52.36666666666667,3.6129586666666667
2025-12-25 08:20:00,409.90988,1555,762.0,1450.0,409.09629,626.85889,0.84773,0.0,0.0,0.0,0.0,0.0,0.0,347.47504,52.0,22.0,78.0,3.0,69.0,36.0,2.23656,Idle,52.36666666666667,3.6
2025-12-25 08:25:00,400.0238,1555,762.0,1450.0,399.67216,606.4612,0.8566,0.0,0.0,0.0,0.0,0.0,0.0,345.9411,52.0,22.57872,78.0,3.0,69.0,36.0,2.25923,Idle,52.376312,3.6
2025-12-25 08:30:00,388.8981,1555,762.0,1450.0,388.16272,592.07208,0.85008,0.0,0.0,0.0,0.0,0.0,0.0,347.0674,52.0,23.0,78.0,3.0,69.0,36.0,2.2908,Idle,52.38333333333333,3.6
2025-12-25 08:35:00,393.58188,1555,762.0,1450.0,394.01756,599.74514,0.85253,0.0,0.0,0.0,0.0,0.0,0.0,350.99663,52.0,23.0,78.0,3.0,69.0,35.0,2.24633,Idle,52.38333333333333,3.5833333333333335
2025-12-25 08:40:00,396.49593,1555,762.0,1450.0,394.93509,599.86541,0.85624,0.0,0.0,0.0,0.0,0.0,0.0,352.14007,52.0,23.0,78.0,3.0,69.0,35.0,2.277,Idle,52.38333333333333,3.5833333333333335
2025-12-25 08:45:00,482.91043,1555,762.0,1450.0,484.83445,731.11568,0.86114,0.0,0.0,0.0,0.0,0.0,0.0,255.5009,52.0,23.0,78.0,3.0,69.0,35.0,2.65121,Idle,52.38333333333333,3.5833333333333335
2025-12-25 08:50:00,486.00945,1555,762.0,1450.0,485.60402,731.9029,0.86004,0.0,0.0,0.0,0.0,0.0,0.0,25.29582,52.0,23.0,78.0,3.0,69.0,34.71336,2.52616,Idle,52.38333333333333,3.578556
2025-12-25 08:55:00,412.88795,1555,762.0,1450.0,414.02628,622.4887,0.86175,0.0,0.0,0.0,0.0,0.0,0.0,89.05568,52.0,23.0,78.0,3.0,69.0,35.0,2.30076,Idle,52.38333333333333,3.5833333333333335
2025-12-25 09:00:00,445.9683,1555,762.0,1450.0,445.52948,662.89674,0.87342,0.0,0.0,0.0,0.0,0.0,0.0,81.62658,52.0,23.0,78.0,3.0,69.0,35.0,3.2576,Idle,52.38333333333333,3.5833333333333335
2025-12-25 09:05:00,455.12739,1555,762.0,1450.0,453.89352,676.45936,0.87113,0.0,0.0,0.0,0.0,0.0,0.0,80.72112,52.0,23.0,78.0,3.0,69.0,35.1232,3.96831,Idle,52.38333333333333,3.5853866666666665
2025-12-25 09:10:00,425.58323,1555,762.0,1450.0,423.44672,635.19796,0.86312,0.0,0.0,0.0,0.0,0.0,0.0,80.75458,52.0,23.0,78.0,3.0,69.0,36.0,4.39068,Idle,52.38333333333333,3.6
2025-12-25 09:15:00,418.24438,1555,762.0,1450.0,416.98694,627.58896,0.86346,0.0,0.0,0.0,0.0,0.0,0.0,82.38253,52.0,23.0,78.0,3.0,69.0,37.0,4.83605,Idle,52.38333333333333,3.6166666666666667
2025-12-25 09:20:00,423.22713,1555,762.0,1450.0,424.79569,640.67507,0.86238,0.0,0.0,0.0,0.0,0.0,0.0,83.38132,52.0,23.0,78.0,3.0,69.0,37.21347,4.77572,Idle,52.38333333333333,3.6202245
2025-12-25 09:25:00,419.31147,1555,762.0,1450.0,419.55439,630.98504,0.8644,0.0,0.0,0.0,0.0,0.0,0.0,84.04609,52.0,22.06621,78.0,3.0,69.0,38.0,4.78644,Idle,52.367770166666666,3.6333333333333333
2025-12-25 09:30:00,426.54104,1555,762.0,1450.0,426.05234,638.56105,0.8695,0.0,0.0,0.0,0.0,0.0,0.0,82.86958,52.0,22.0,78.0,3.0,69.0,38.29389,4.73996,Idle,52.36666666666667,3.6382315
2025-12-25 09:35:00,417.61635,1555,762.0,1450.0,417.06248,633.08729,0.86015,0.0,0.0,0.0,0.0,0.0,0.0,83.45659,52.0,22.0,78.0,3.0,69.0,39.3547,4.80794,Idle,52.36666666666667,3.6559116666666664
2025-12-25 09:40:00,417.38464,1555,762.0,1450.0,417.67947,627.20616,0.86648,0.0,0.0,0.0,0.0,0.0,0.0,78.53239,52.0,22.0,78.0,3.0,69.0,40.0,4.61949,Idle,52.36666666666667,3.6666666666666665
2025-12-25 09:45:00,415.80277,1555,762.0,1450.0,414.85057,627.25656,0.86102,0.0,0.0,0.0,0.0,0.0,0.0,70.96076,52.0,22.0,78.0,3.0,69.0,40.37861,4.45927,Idle,52.36666666666667,3.6729768333333332
2025-12-25 09:50:00,419.51902,1555,762.0,1450.0,420.23881,633.05083,0.86065,0.0,0.0,0.0,0.0,0.0,0.0,71.2479,52.0,22.0,78.0,3.0,69.0,41.0,4.56411,Idle,52.36666666666667,3.6833333333333336
2025-12-25 09:55:00,410.92774,1555,762.0,1450.0,410.31885,622.23339,0.85766,0.0,0.0,0.0,0.0,0.0,0.0,70.23351,52.0,22.0,78.0,3.0,69.0,42.0,4.60908,Idle,52.36666666666667,3.7
2025-12-25 10:00:00,393.83928,1555,762.0,1450.0,393.46276,601.7139,0.85173,0.0,0.0,0.0,0.0,0.0,0.0,61.68484,52.0,22.0,78.0,3.0,69.0,42.1612,2.97383,Idle,52.36666666666667,3.7026866666666667
2025-12-25 10:05:00,384.33883,1555,762.0,1450.0,383.23181,592.49971,0.84003,0.0,0.0,0.0,0.0,0.0,0.0,31.42418,52.0,22.0,78.0,3.0,69.0,42.94588,0.65272,Idle,52.36666666666667,3.715764666666667
2025-12-25 10:10:00,383.05196,1555,762.0,1450.0,383.00509,587.01039,0.84742,0.0,0.0,0.0,0.0,0.0,0.0,165.45067,52.0,22.0,78.0,3.0,69.0,42.0,1.98109,Idle,52.36666666666667,3.7
2025-12-25 10:15:00,379.92697,1555,762.0,1450.0,380.11796,584.38454,0.84628,0.0,0.0,0.0,0.0,0.0,0.0,348.36729,52.0,22.0,78.0,3.0,69.0,42.0,2.56645,Idle,52.36666666666667,3.7
2025-12-25 10:20:00,384.05702,1555,762.0,1450.0,384.64525,593.81188,0.84436,0.0,0.0,0.0,0.0,0.0,0.0,342.97534,52.0,22.0,78.0,3.0,69.0,41.86729,2.57006,Idle,52.36666666666667,3.6977881666666668
2025-12-25 10:25:00,375.40901,1555,762.0,1450.0,375.48125,580.01872,0.8401,0.0,0.0,0.0,0.0,0.0,0.0,349.12627,52.0,22.0,78.0,3.0,69.0,41.0,2.67643,Idle,52.36666666666667,3.6833333333333336
2025-12-25 10:30:00,378.57858,1555,762.0,1450.0,379.34275,584.6482,0.84382,0.0,0.0,0.0,0.0,0.0,0.0,345.84193,52.0,22.0,78.0,3.0,69.0,41.0,2.60605,Idle,52.36666666666667,3.6833333333333336
2025-12-25 10:35:00,381.61066,1555,762.0,1450.0,381.19305,588.85302,0.84186,0.0,0.0,0.0,0.0,0.0,0.0,347.53517,52.0,22.0,78.0,3.0,69.0,40.48079,2.55517,Idle,52.36666666666667,3.6746798333333333
2025-12-25 10:40:00,375.72794,1555,762.0,1450.0,375.66332,581.46838,0.83754,0.0,0.0,0.0,0.0,0.0,0.0,346.84248,52.0,22.0,78.0,3.0,69.0,40.0,2.72991,Idle,52.36666666666667,3.6666666666666665
2025-12-25 10:45:00,375.79833,1555.55308,762.0,1450.0,375.86571,579.58272,0.84231,0.0,0.0,0.0,0.0,0.0,0.0,347.46865,52.0,22.0,78.0,3.0,69.0,40.0,2.62708,Idle,52.36666666666667,3.6666666666666665
2025-12-25 10:50:00,379.25063,1556,762.0,1450.0,377.69593,579.26798,0.84606,0.0,0.0,0.0,0.0,0.0,0.0,345.7728,52.0,22.0,78.0,3.0,69.0,40.0,2.76508,Idle,52.36666666666667,3.6666666666666665
2025-12-25 10:55:00,381.84656,1556,762.0,1450.0,381.82119,589.68749,0.84241,0.0,0.0,0.0,0.0,0.0,0.0,344.03582,52.0,22.0,78.0,3.0,69.0,39.0,2.76022,Idle,52.36666666666667,3.65
2025-12-25 11:00:00,370.57932,1556,762.0,1450.0,370.73696,574.22768,0.8403,0.0,0.0,0.0,0.0,0.0,0.0,344.20678,52.0,21.81991,78.0,3.0,69.0,39.0,2.75467,Idle,52.363665166666664,3.65
2025-12-25 11:05:00,379.49017,1556,762.0,1450.0,377.84257,581.18748,0.84339,0.0,0.0,0.0,0.0,0.0,0.0,339.18646,52.0,21.0,78.0,3.0,69.0,38.55115,2.89286,Idle,52.35,3.6425191666666668
2025-12-25 11:10:00,375.85171,1556,762.0,1450.0,376.07474,583.18388,0.84035,0.0,0.0,0.0,0.0,0.0,0.0,341.70808,52.0,21.0,78.0,3.0,69.0,38.0,2.9216,Idle,52.35,3.6333333333333333
2025-12-25 11:15:00,377.45322,1556,762.0,1450.0,376.64747,581.83251,0.84304,0.0,0.0,0.0,0.0,0.0,0.0,339.84718,52.0,21.0,78.0,3.0,69.0,37.9097,2.90191,Idle,52.35,3.6318283333333334
2025-12-25 11:20:00,370.66914,1556,762.0,1450.0,370.98115,574.85081,0.8414,0.0,0.0,0.0,0.0,0.0,0.0,343.56034,52.0,21.0,78.0,3.0,69.0,37.0,3.0214,Idle,52.35,3.6166666666666667
2025-12-25 11:25:00,381.63627,1556,762.0,1450.0,381.56548,588.50997,0.84548,0.0,0.0,0.0,0.0,0.0,0.0,349.57948,52.0,21.0,78.0,3.0,69.0,37.0,2.9397,Idle,52.35,3.6166666666666667
2025-12-25 11:30:00,375.8863,1556,762.0,1450.0,375.64477,581.94463,0.83807,0.0,0.0,0.0,0.0,0.0,0.0,346.22591,52.0,21.0,78.0,3.0,69.0,37.0,2.85706,Idle,52.35,3.6166666666666667
2025-12-25 11:35:00,371.67549,1556,762.0,1450.0,373.39424,576.61601,0.84124,0.0,0.0,0.0,0.0,0.0,0.0,342.87634,52.0,21.0,78.0,3.0,69.0,36.0,2.90271,Idle,52.35,3.6
2025-12-25 11:40:00,380.54268,1556,762.0,1450.0,378.79364,585.9114,0.83678,0.0,0.0,0.0,0.0,0.0,0.0,340.56012,52.0,21.0,78.0,3.0,69.0,36.0,3.01064,Idle,52.35,3.6
2025-12-25 11:45:00,379.96713,1556,762.0,1450.0,379.78899,586.04841,0.84217,0.0,0.0,0.0,0.0,0.0,0.0,343.28882,52.0,21.0,78.0,3.0,69.0,35.60751,2.8529,Idle,52.35,3.5934585
2025-12-25 11:50:00,371.18756,1556,762.0,1450.0,371.14556,574.97628,0.83957,0.0,0.0,0.0,0.0,0.0,0.0,338.9705,52.0,21.0,78.0,3.0,69.0,35.0,2.9847,Idle,52.35,3.5833333333333335
2025-12-25 11:55:00,375.50161,1556,762.0,1450.0,376.10551,582.35956,0.84045,0.0,0.0,0.0,0.0,0.0,0.0,343.03752,52.0,20.0,78.0,3.0,69.0,35.0,2.82297,Idle,52.333333333333336,3.5833333333333335
2025-12-25 12:00:00,383.33525,1556,762.0,1450.0,381.24582,586.84104,0.84328,0.0,0.0,0.0,0.0,0.0,0.0,337.74015,52.0,20.0,78.0,3.0,69.0,34.00421,3.01812,Idle,52.333333333333336,3.5667368333333336
2025-12-25 12:05:00,380.34885,1556,762.0,1450.0,380.99514,585.54507,0.8469,0.0,0.0,0.0,0.0,0.0,0.0,328.76872,52.0,20.0,78.0,3.0,69.0,34.0,3.08539,Idle,52.333333333333336,3.5666666666666664
2025-12-25 12:10:00,372.35414,1556,762.0,1450.0,373.80595,574.91965,0.84391,0.0,0.0,0.0,0.0,0.0,0.0,336.24402,52.0,20.0,78.0,3.0,69.0,34.0,2.98029,Idle,52.333333333333336,3.5666666666666664
2025-12-25 12:15:00,355.19172,1556,762.0,1450.0,354.59388,547.15898,0.8407,0.0,0.0,0.0,0.0,0.0,0.0,343.18745,52.0,20.0,78.0,3.0,69.0,33.0,2.94423,Idle,52.333333333333336,3.55
2025-12-25 12:20:00,361.61304,1556,762.0,1450.0,361.22553,554.73326,0.84773,0.0,0.0,0.0,0.0,0.0,0.0,339.02728,52.0,20.0,78.0,3.0,69.0,33.0,2.90626,Idle,52.333333333333336,3.55
2025-12-25 12:25:00,353.11719,1556,762.0,1450.0,354.46616,546.69347,0.84226,0.0,0.0,0.0,0.0,0.0,0.0,340.10816,52.0,20.0,78.0,3.0,69.0,32.69059,2.95942,Idle,52.333333333333336,3.5448431666666664
2025-12-25 12:30:00,361.60659,1556,762.0,1450.0,360.36762,554.20482,0.84399,0.0,0.0,0.0,0.0,0.0,0.0,343.88251,52.0,20.0,78.0,3.0,69.0,32.0,2.91426,Idle,52.333333333333336,3.533333333333333
2025-12-25 12:35:00,317.51184,1556,762.0,1450.0,316.67217,472.12161,0.87484,0.0,0.0,0.0,0.0,0.0,0.0,344.97965,52.0,20.0,78.0,3.0,69.0,32.0,2.79751,Idle,52.333333333333336,3.533333333333333
2025-12-25 12:40:00,296.33498,1556,762.0,1450.0,296.67273,435.79922,0.89398,0.0,0.0,0.0,0.0,0.0,0.0,341.24781,52.0,20.0,78.0,3.0,69.0,31.04533,2.87838,Idle,52.333333333333336,3.5174221666666665
2025-12-25 12:45:00,337.44685,1556,762.0,1450.0,343.58078,525.71719,0.85497,0.0,0.0,0.0,0.0,0.0,0.0,347.62421,52.0,20.0,78.0,3.0,69.0,31.0,2.82932,Idle,52.333333333333336,3.5166666666666666
2025-12-25 12:50:00,458.46555,1556,762.0,1450.0,458.02564,691.61201,0.86108,0.0,0.0,0.0,0.0,0.0,0.0,167.08967,52.0,20.0,78.0,3.0,69.0,31.0,2.76286,Idle,52.333333333333336,3.5166666666666666
2025-12-25 12:55:00,395.16487,1556,762.0,1450.0,394.46946,594.97533,0.86303,0.0,0.0,0.0,0.0,0.0,0.0,61.98347,52.0,20.0,78.0,3.0,69.0,31.0,3.09148,Idle,52.333333333333336,3.5166666666666666
2025-12-25 13:00:00,389.85298,1556,762.0,1450.0,388.74281,588.34348,0.85819,0.0,0.0,0.0,0.0,0.0,0.0,62.99328,52.0,20.0,78.0,3.0,69.0,31.0,4.043,Idle,52.333333333333336,3.5166666666666666
2025-12-25 13:05:00,396.54596,1556,762.0,1450.0,396.58076,599.84973,0.86123,0.0,0.0,0.0,0.0,0.0,0.0,65.17026,52.0,20.0,78.0,3.0,69.0,31.86669,4.36181,Idle,52.333333333333336,3.5311114999999997
2025-12-25 13:10:00,422.00635,1556,762.0,1450.0,423.80876,632.70024,0.87003,0.0,0.0,0.0,0.0,0.0,0.0,66.2317,52.0,20.0,78.0,3.0,69.0,32.0,4.5784,Idle,52.333333333333336,3.533333333333333
2025-12-25 13:15:00,391.51069,1556,762.0,1450.0,392.01888,592.45743,0.86249,0.0,0.0,0.0,0.0,0.0,0.0,66.42005,52.0,20.0,78.0,3.0,69.0,33.0,4.572,Idle,52.333333333333336,3.55
2025-12-25 13:20:00,385.3317,1556,762.0,1450.0,384.12206,581.96752,0.85697,0.0,0.0,0.0,0.0,0.0,0.0,65.58347,52.0,20.0,78.0,3.0,69.0,33.77211,4.60899,Idle,52.333333333333336,3.5628685
2025-12-25 13:25:00,394.45583,1556.72781,762.0,1450.0,393.4653,595.20975,0.85876,0.0,0.0,0.0,0.0,0.0,0.0,63.50493,52.0,20.0,78.0,3.0,69.0,34.0,4.37698,Idle,52.333333333333336,3.5666666666666664
2025-12-25 13:30:00,386.14984,1557,762.0,1450.0,387.06485,584.70922,0.85918,0.0,0.0,0.0,0.0,0.0,0.0,62.98292,52.0,20.0,78.0,3.0,69.0,34.66283,4.35314,Idle,52.333333333333336,3.577713833333333
2025-12-25 13:35:00,392.24021,1557,762.0,1450.0,393.47717,592.54513,0.86606,0.0,0.0,0.0,0.0,0.0,0.0,64.91712,52.0,20.49668,78.0,3.0,69.0,35.5562,4.55213,Idle,52.34161133333333,3.5926033333333334
2025-12-25 13:40:00,388.71516,1557,762.0,1450.0,389.33263,591.28179,0.85454,0.0,0.0,0.0,0.0,0.0,0.0,65.13974,52.0,21.0,78.0,3.0,69.0,36.0,4.51807,Idle,52.35,3.6
2025-12-25 13:45:00,392.10226,1557,762.0,1450.0,390.87378,591.16079,0.8607,0.0,0.0,0.0,0.0,0.0,0.0,64.94186,52.0,21.0,78.0,3.0,69.0,36.46335,4.46092,Idle,52.35,3.6077225
2025-12-25 13:50:00,384.65294,1557,762.0,1450.0,384.74776,583.24675,0.85802,0.0,0.0,0.0,0.0,0.0,0.0,65.79217,52.0,21.0,78.0,3.0,69.0,37.0,4.56381,Idle,52.35,3.6166666666666667
2025-12-25 13:55:00,389.88929,1557,762.0,1450.0,390.60244,591.2349,0.8578,0.0,0.0,0.0,0.0,0.0,0.0,65.5135,52.0,21.0,78.0,3.0,69.0,38.0,4.71273,Idle,52.35,3.6333333333333333
2025-12-25 14:00:00,387.99474,1557,762.0,1450.0,387.29161,586.60512,0.85801,0.0,0.0,0.0,0.0,0.0,0.0,62.89901,52.0,21.0,78.0,3.0,69.0,38.3317,4.63804,Idle,52.35,3.6388616666666667
2025-12-25 14:05:00,391.35631,1557,762.0,1450.0,389.95472,589.99354,0.85513,0.0,0.0,0.0,0.0,0.0,0.0,65.54756,52.0,21.0,78.0,3.0,69.0,39.0,4.96003,Idle,52.35,3.65
2025-12-25 14:10:00,387.88825,1557,762.0,1450.0,387.86983,586.65397,0.85861,0.0,0.0,0.0,0.0,0.0,0.0,66.97493,52.0,21.0,78.0,3.0,69.0,39.3551,4.69474,Idle,52.35,3.655918333333333
2025-12-25 14:15:00,384.18222,1557,762.0,1450.0,383.08165,580.50942,0.85799,0.0,0.0,0.0,0.0,0.0,0.0,65.00194,52.0,21.60092,78.0,3.0,69.0,40.33087,4.95374,Idle,52.36001533333334,3.6721811666666664
2025-12-25 14:20:00,393.10959,1557,762.0,1450.0,392.10907,590.77404,0.85874,0.0,0.0,0.0,0.0,0.0,0.0,65.13438,52.0,22.0,78.0,3.0,69.0,41.0,4.97728,Idle,52.36666666666667,3.6833333333333336
2025-12-25 14:25:00,395.04085,1557,762.0,1450.0,394.14965,590.23236,0.86427,0.0,0.0,0.0,0.0,0.0,0.0,65.07892,52.0,22.0,78.0,3.0,69.0,41.38028,4.9246,Idle,52.36666666666667,3.689671333333333
2025-12-25 14:30:00,397.6659,1557,762.0,1450.0,396.31948,594.38952,0.86494,0.0,0.0,0.0,0.0,0.0,0.0,64.84383,52.0,22.0,78.0,3.0,69.0,42.0,5.121,Idle,52.36666666666667,3.7
2025-12-25 14:35:00,395.49476,1557,762.0,1450.0,396.06162,597.49137,0.85903,0.0,0.0,0.0,0.0,0.0,0.0,63.64839,52.0,22.0,78.0,3.0,69.0,43.0,5.37384,Idle,52.36666666666667,3.716666666666667
2025-12-25 14:40:00,390.22993,1557,762.0,1450.0,389.37814,586.47973,0.86107,0.0,0.0,0.0,0.0,0.0,0.0,146.00984,52.0,22.0,78.0,3.0,69.0,43.38671,4.27921,Idle,52.36666666666667,3.7231118333333333
2025-12-25 14:45:00,363.09109,1557,762.0,1450.0,362.6043,554.078,0.84983,0.0,0.0,0.0,0.0,0.0,0.0,355.02298,52.0,22.69026,78.0,3.0,69.0,43.0,3.7279,Idle,52.378171,3.716666666666667
2025-12-25 14:50:00,357.40916,1557,762.0,1450.0,357.19505,548.20978,0.84626,0.0,0.0,0.0,0.0,0.0,0.0,259.62406,52.0,23.0,78.0,3.0,69.0,43.0,2.49311,Idle,52.38333333333333,3.716666666666667
2025-12-25 14:55:00,353.08242,1557,762.0,1450.0,351.62197,544.83373,0.84013,0.0,0.0,0.0,0.0,0.0,0.0,344.60304,52.0,23.0,78.0,3.0,69.0,43.0,2.2206,Idle,52.38333333333333,3.716666666666667
2025-12-25 15:00:00,348.37842,1557,762.0,1450.0,348.96951,537.76713,0.84047,0.0,0.0,0.0,0.0,0.0,0.0,346.99704,52.0,23.0,78.0,3.0,69.0,42.23383,2.12768,Idle,52.38333333333333,3.7038971666666667
2025-12-25 15:05:00,348.59695,1557,762.0,1450.0,350.20853,541.798,0.83988,0.0,0.0,0.0,0.0,0.0,0.0,347.25021,52.0,23.0,78.0,3.0,69.0,42.0,2.06804,Idle,52.38333333333333,3.7
2025-12-25 15:10:00,352.64313,1557,762.0,1450.0,353.06934,543.136,0.84277,0.0,0.0,0.0,0.0,0.0,0.0,347.3897,52.0,23.0,78.0,3.0,69.0,42.0,2.12108,Idle,52.38333333333333,3.7
2025-12-25 15:15:00,353.31,1557,762.0,1450.0,353.34125,545.37444,0.8405,0.0,0.0,0.0,0.0,0.0,0.0,347.12433,52.0,23.0,78.0,3.0,69.0,41.47818,2.0098,Idle,52.38333333333333,3.691303
2025-12-25 15:20:00,350.47492,1557,762.0,1450.0,351.21024,539.78843,0.84494,0.0,0.0,0.0,0.0,0.0,0.0,345.90808,52.0,23.0,78.0,3.0,69.0,41.0,1.99023,Idle,52.38333333333333,3.6833333333333336
2025-12-25 15:25:00,352.24535,1557,762.0,1450.0,349.65188,539.9619,0.84191,0.0,0.0,0.0,0.0,0.0,0.0,338.11499,52.0,23.0,78.0,3.0,69.0,41.0,2.06105,Idle,52.38333333333333,3.6833333333333336
2025-12-25 15:30:00,355.60994,1557,762.0,1450.0,356.1831,544.93472,0.84617,0.0,0.0,0.0,0.0,0.0,0.0,340.82682,52.0,23.0,78.0,3.0,69.0,41.0,2.04796,Idle,52.38333333333333,3.6833333333333336
2025-12-25 15:35:00,353.45253,1557,762.0,1450.0,280.67744,439.342,0.82221,76.27276,135.69545,0.3278,0.0,0.0,0.0,340.09278,52.0,23.0,78.0,3.0,69.0,40.0,2.0705,Idle,52.38333333333333,3.6666666666666665
2025-12-25 15:40:00,399.44277,1557,762.0,1450.0,190.55148,335.64381,0.73616,208.98711,365.06948,0.73734,0.0,0.0,0.0,337.11581,52.0,23.0,78.0,3.0,69.0,40.0,1.83271,Idle,52.38333333333333,3.6666666666666665
2025-12-25 15:45:00,404.1878,1557,762.0,1450.0,274.03628,470.95102,0.7589,129.85045,235.4297,0.46176,0.0,0.0,0.0,332.80044,52.0,23.0,78.0,3.0,69.0,40.0,1.95945,Idle,52.38333333333333,3.6666666666666665
2025-12-25 15:50:00,417.74108,1557,762.0,1450.0,418.79372,718.6534,0.75739,0.0,0.0,0.0,0.0,0.0,0.0,342.55694,52.0,23.0,78.0,3.0,69.0,40.0,1.74655,Idle,52.38333333333333,3.6666666666666665
2025-12-25 15:55:00,428.62104,1557,762.0,1450.0,427.73003,730.66179,0.75961,0.0,0.0,0.0,0.0,0.0,0.0,346.71047,52.0,23.0,78.0,3.0,69.0,39.0,1.71241,Idle,52.38333333333333,3.65
2025-12-25 16:00:00,432.51555,1557,762.0,1450.0,431.3051,738.30791,0.75998,0.0,0.0,0.0,0.0,0.0,0.0,341.47483,52.0,23.0,78.0,3.0,69.0,39.0,1.79961,Idle,52.38333333333333,3.65
2025-12-25 16:05:00,426.83767,1557.36154,762.0,1450.0,426.86129,730.56662,0.75636,0.0,0.0,0.0,0.0,0.0,0.0,339.44644,52.0,23.0,78.0,3.0,69.0,39.0,1.85983,Idle,52.38333333333333,3.65
2025-12-25 16:10:00,422.6431,1558,762.0,1450.0,422.71341,723.94851,0.75658,0.0,0.0,0.0,0.0,0.0,0.0,342.35552,52.0,23.0,78.0,3.0,69.0,39.0,1.84258,Idle,52.38333333333333,3.65
2025-12-25 16:15:00,431.45688,1558,762.0,1450.0,432.10964,737.03609,0.75978,0.0,0.0,0.0,0.0,0.0,0.0,343.98379,52.0,23.0,78.0,3.0,69.0,38.0,1.68536,Idle,52.38333333333333,3.6333333333333333
2025-12-25 16:20:00,418.90369,1558,762.0,1450.0,417.98226,718.32647,0.75355,0.0,0.0,0.0,0.0,0.0,0.0,343.73173,52.0,23.0,78.0,3.0,69.0,38.0,1.75415,Idle,52.38333333333333,3.6333333333333333
2025-12-25 16:25:00,423.33594,1558,762.0,1450.0,424.59545,725.59614,0.75898,0.0,0.0,0.0,0.0,0.0,0.0,342.74126,52.0,23.0,78.0,3.0,69.0,38.0,1.66341,Idle,52.38333333333333,3.6333333333333333
2025-12-25 16:30:00,421.18729,1558,762.0,1450.0,420.49424,721.81519,0.75772,0.0,0.0,0.0,0.0,0.0,0.0,341.2043,52.0,23.0,78.0,3.0,69.0,38.0,1.54884,Idle,52.38333333333333,3.6333333333333333
2025-12-25 16:35:00,425.46618,1558,762.0,1450.0,425.01815,728.64118,0.75793,0.0,0.0,0.0,0.0,0.0,0.0,335.7561,52.0,23.0715,78.0,3.0,69.0,37.89923,1.59807,Idle,52.384525,3.6316538333333335
2025-12-25 16:40:00,419.02795,1558,762.0,1450.0,420.065,720.09286,0.75472,0.0,0.0,0.0,0.0,0.0,0.0,341.12755,52.0,24.0,78.0,3.0,69.0,37.0,1.58284,Idle,52.4,3.6166666666666667
2025-12-25 16:45:00,424.88303,1558,762.0,1450.0,423.97289,724.76505,0.75657,0.0,0.0,0.0,0.0,0.0,0.0,344.44083,52.0,24.0,78.0,3.0,69.0,37.0,1.69816,Idle,52.4,3.6166666666666667
2025-12-25 16:50:00,418.8566,1558,762.0,1450.0,419.19126,720.88403,0.75376,0.0,0.0,0.0,0.0,0.0,0.0,341.03687,52.0,24.0,78.0,3.0,69.0,37.0,1.75142,Idle,52.4,3.6166666666666667
2025-12-25 16:55:00,416.16779,1558,762.0,1450.0,416.75882,716.93166,0.75201,0.0,0.0,0.0,0.0,0.0,0.0,348.75545,52.0,24.0,78.0,3.0,69.0,37.0,1.74146,Idle,52.4,3.6166666666666667
2025-12-25 17:00:00,421.94384,1558,762.0,1450.0,419.91622,723.45648,0.75485,0.0,0.0,0.0,0.0,0.0,0.0,352.21806,52.0,24.0,78.0,3.0,69.0,37.0,1.74787,Idle,52.4,3.6166666666666667
2025-12-25 17:05:00,422.39246,1558,762.0,1450.0,421.98063,723.81181,0.75623,0.0,0.0,0.0,0.0,0.0,0.0,348.21661,52.0,24.0,78.0,3.0,69.0,36.16982,1.79048,Idle,52.4,3.6028303333333334
2025-12-25 17:10:00,421.79419,1558,762.0,1450.0,420.10018,723.4361,0.75116,0.0,0.0,0.0,0.0,0.0,0.0,346.79819,52.0,24.0,78.0,3.0,69.0,36.0,1.87463,Idle,52.4,3.6
2025-12-25 17:15:00,440.02304,1558,762.0,1450.0,440.54643,744.06555,0.76694,0.0,0.0,0.0,0.0,0.0,0.0,345.92402,52.0,24.0,78.0,3.0,69.0,36.0,2.59726,Idle,52.4,3.6
2025-12-25 17:20:00,461.63463,1558,762.0,1450.0,459.21139,764.0691,0.77946,0.0,0.0,0.0,0.0,0.0,0.0,50.47346,52.0,24.22584,78.0,3.0,69.0,36.0,4.19078,Idle,52.403764,3.6
2025-12-25 17:25:00,457.0392,1558,762.0,1450.0,459.38197,769.04784,0.77411,0.0,0.0,0.0,0.0,0.0,0.0,112.31724,52.0,25.0,78.0,3.0,69.0,36.0,3.79705,Idle,52.416666666666664,3.6
2025-12-25 17:30:00,454.28459,1558,762.0,1450.0,451.37628,755.71849,0.77658,0.0,0.0,0.0,0.0,0.0,0.0,140.435,52.0,24.44354,78.0,3.0,69.0,36.0,4.55897,Idle,52.407392333333334,3.6
2025-12-25 17:35:00,460.43434,1558,762.0,1450.0,460.17119,763.92061,0.78342,0.0,0.0,0.0,0.0,0.0,0.0,139.24001,52.0,24.0,78.0,3.0,69.0,37.0,5.60334,Idle,52.4,3.6166666666666667
2025-12-25 17:40:00,464.69645,1558,762.0,1450.0,465.10583,768.96197,0.78615,0.0,0.0,0.0,0.0,0.0,0.0,142.24077,52.0,23.94953,78.0,3.0,69.0,37.41155,5.82629,Idle,52.39915883333333,3.6235258333333333
2025-12-25 17:45:00,457.93327,1558,762.0,1450.0,457.13829,760.68476,0.77898,0.0,0.0,0.0,0.0,0.0,0.0,141.70749,52.0,23.0,78.0,3.0,69.0,38.0,5.83409,Idle,52.38333333333333,3.6333333333333333
2025-12-25 17:50:00,458.19448,1558,762.0,1450.0,459.21092,762.51514,0.78075,0.0,0.0,0.0,0.0,0.0,0.0,141.94996,52.0,23.0,78.0,3.0,69.0,38.0,5.82024,Idle,52.38333333333333,3.6333333333333333
2025-12-25 17:55:00,458.22558,1558,762.0,1450.0,458.84193,767.93533,0.77519,0.0,0.0,0.0,0.0,0.0,0.0,141.34538,52.0,22.1779,78.0,3.0,69.0,39.0,5.85007,Idle,52.36963166666666,3.65
2025-12-25 18:00:00,459.66098,1558,762.0,1450.0,456.56095,764.77692,0.77549,0.0,0.0,0.0,0.0,0.0,0.0,141.45414,52.0,22.0,78.0,3.0,69.0,39.39232,5.69711,Idle,52.36666666666667,3.6565386666666666
2025-12-25 18:05:00,439.89226,1558,762.0,1450.0,439.69147,746.20437,0.7633,0.0,0.0,0.0,0.0,0.0,0.0,139.92577,52.0,22.0,78.0,3.0,69.0,40.0,4.60877,Idle,52.36666666666667,3.6666666666666665
2025-12-25 18:10:00,450.46401,1558,762.0,1450.0,449.36175,755.2255,0.76954,0.0,0.0,0.0,0.0,0.0,0.0,139.40967,52.0,21.98662,78.0,3.0,69.0,40.0,3.82326,Idle,52.36644366666667,3.6666666666666665
2025-12-25 18:15:00,426.08964,1558,762.0,1450.0,426.71235,730.79349,0.75731,0.0,0.0,0.0,0.0,0.0,0.0,137.34005,52.0,21.0,78.0,3.0,69.0,40.63568,2.56574,Idle,52.35,3.6772613333333335
2025-12-25 18:20:00,419.86005,1558.08677,762.0,1450.0,421.48982,726.57897,0.75238,0.0,0.0,0.0,0.0,0.0,0.0,138.84987,52.0,21.0,78.0,3.0,69.0,41.0,1.51694,Idle,52.35,3.6833333333333336
2025-12-25 18:25:00,417.00033,1559,762.0,1450.0,417.03914,720.28351,0.74865,0.0,0.0,0.0,0.0,0.0,0.0,139.72146,52.0,21.0,78.0,3.0,69.0,41.0,0.94076,Idle,52.35,3.6833333333333336
2025-12-25 18:30:00,422.15218,1559,762.0,1450.0,423.05227,725.85886,0.75481,0.0,0.0,0.0,0.0,0.0,0.0,148.24674,52.0,21.0,78.0,3.0,69.0,41.0,0.86796,Idle,52.35,3.6833333333333336
2025-12-25 18:35:00,419.37322,1559,762.0,1450.0,421.85164,722.57255,0.7549,0.0,0.0,0.0,0.0,0.0,0.0,150.75543,52.0,21.0,78.0,3.0,69.0,41.0,1.01338,Idle,52.35,3.6833333333333336
2025-12-25 18:40:00,419.85396,1559,762.0,1450.0,419.59364,722.92028,0.75085,0.0,0.0,0.0,0.0,0.0,0.0,157.44672,52.0,21.0,78.0,3.0,69.0,40.06292,1.10327,Idle,52.35,3.667715333333333
2025-12-25 18:45:00,424.28381,1559,762.0,1450.0,423.79821,727.01321,0.75575,0.0,0.0,0.0,0.0,0.0,0.0,156.2202,52.0,21.0,78.0,3.0,69.0,40.0,1.07554,Idle,52.35,3.6666666666666665
2025-12-25 18:50:00,423.50594,1559,762.0,1450.0,423.46653,724.17491,0.75618,0.0,0.0,0.0,0.0,0.0,0.0,156.3767,52.0,21.0,78.0,3.0,69.0,40.0,1.0646,Idle,52.35,3.6666666666666665
2025-12-25 18:55:00,428.05409,1559,762.0,1450.0,428.75237,732.67518,0.75542,0.0,0.0,0.0,0.0,0.0,0.0,157.44431,52.0,20.18359,78.0,3.0,69.0,40.0,1.04111,Idle,52.33639316666667,3.6666666666666665
2025-12-25 19:00:00,413.22196,1559,762.0,1450.0,413.73465,714.77073,0.74911,0.0,0.0,0.0,0.0,0.0,0.0,156.85625,52.0,20.0,78.0,3.0,69.0,40.0,1.17875,Idle,52.333333333333336,3.6666666666666665
2025-12-25 19:05:00,424.86075,1559,762.0,1450.0,423.94639,725.08321,0.75975,0.0,0.0,0.0,0.0,0.0,0.0,153.28143,52.0,20.0,78.0,3.0,69.0,40.0,1.04587,Idle,52.333333333333336,3.6666666666666665
2025-12-25 19:10:00,421.0232,1559,762.0,1450.0,421.15437,726.22688,0.74891,0.0,0.0,0.0,0.0,0.0,0.0,151.44499,52.0,20.0,78.0,3.0,69.0,40.0,1.0895,Idle,52.333333333333336,3.6666666666666665
2025-12-25 19:15:00,421.08845,1559,762.0,1450.0,421.54573,722.75116,0.75542,0.0,0.0,0.0,0.0,0.0,0.0,155.42798,52.0,20.0,78.0,3.0,69.0,40.0,1.0193,Idle,52.333333333333336,3.6666666666666665
2025-12-25 19:20:00,416.76502,1559,762.0,1450.0,417.49491,721.54749,0.75134,0.0,0.0,0.0,0.0,0.0,0.0,161.38414,52.0,20.0,78.0,3.0,69.0,40.0,1.24097,Idle,52.333333333333336,3.6666666666666665
2025-12-25 19:25:00,427.28364,1559,762.0,1450.0,426.94548,730.80367,0.75794,0.0,0.0,0.0,0.0,0.0,0.0,161.36548,52.0,20.0,78.0,3.0,69.0,40.0,1.38588,Idle,52.333333333333336,3.6666666666666665
2025-12-25 19:30:00,417.07591,1559,762.0,1450.0,417.89249,719.36867,0.75168,0.0,0.0,0.0,0.0,0.0,0.0,158.37833,52.0,20.0,78.0,3.0,69.0,40.0,1.37387,Idle,52.333333333333336,3.6666666666666665
2025-12-25 19:35:00,419.58188,1559,762.0,1450.0,419.02006,722.05428,0.75229,0.0,0.0,0.0,0.0,0.0,0.0,153.34488,52.0,20.0,78.0,3.0,69.0,39.0,1.39699,Idle,52.333333333333336,3.65
2025-12-25 19:40:00,419.97425,1559,762.0,1450.0,420.77748,723.15703,0.75488,0.0,0.0,0.0,0.0,0.0,0.0,152.94587,52.0,20.0,78.0,3.0,69.0,39.0,1.31887,Idle,52.333333333333336,3.65
2025-12-25 19:45:00,425.71478,1559,762.0,1450.0,425.06765,723.77676,0.76296,0.0,0.0,0.0,0.0,0.0,0.0,152.88616,52.0,20.0,78.0,3.0,69.0,39.0,1.30742,Idle,52.333333333333336,3.65
2025-12-25 19:50:00,419.91505,1559,762.0,1450.0,419.73591,720.73803,0.75322,0.0,0.0,0.0,0.0,0.0,0.0,155.00774,52.0,19.99661,78.0,3.0,69.0,39.0,1.37834,Idle,52.333276833333336,3.65
2025-12-25 19:55:00,417.09733,1559,762.0,1450.0,416.77012,718.59956,0.75096,0.0,0.0,0.0,0.0,0.0,0.0,157.04148,52.0,19.0,78.0,3.0,69.0,39.0,1.54299,Idle,52.31666666666667,3.65
2025-12-25 20:00:00,425.17061,1559,762.0,1450.0,427.9894,729.5222,0.76107,0.0,0.0,0.0,0.0,0.0,0.0,154.95266,52.0,19.0,78.0,3.0,69.0,39.0,1.56749,Idle,52.31666666666667,3.65
2025-12-25 20:05:00,425.29657,1559,762.0,1450.0,426.14995,727.36568,0.75808,0.0,0.0,0.0,0.0,0.0,0.0,156.3257,52.0,19.0,78.0,3.0,69.0,39.0,1.63686,Idle,52.31666666666667,3.65
2025-12-25 20:10:00,460.56856,1559,762.0,1450.0,464.06867,788.70677,0.76485,0.0,0.0,0.0,0.0,0.0,0.0,156.00861,52.0,19.0,78.0,3.0,69.0,39.0,1.55398,Idle,52.31666666666667,3.65
2025-12-25 20:15:00,486.52911,1559,762.0,1450.0,484.63325,818.81907,0.76816,0.0,0.0,0.0,0.0,0.0,0.0,163.72833,52.0,19.0,78.0,3.0,69.0,38.22358,1.56657,Idle,52.31666666666667,3.6370596666666666
2025-12-25 20:20:00,496.04439,1559,762.0,1450.0,497.47485,833.04999,0.77683,0.0,0.0,0.0,0.0,0.0,0.0,159.7784,52.0,19.0,78.0,3.0,69.0,38.0,1.58576,Idle,52.31666666666667,3.6333333333333333
2025-12-25 20:25:00,463.17358,1559,762.0,1450.0,463.14981,787.26252,0.76354,0.0,0.0,0.0,0.0,0.0,0.0,157.35134,52.0,19.0,78.0,3.0,69.0,38.0,1.80503,Idle,52.31666666666667,3.6333333333333333
2025-12-25 20:30:00,455.87238,1559,762.0,1450.0,456.94652,773.60771,0.76411,0.0,0.0,0.0,0.0,0.0,0.0,153.22823,52.0,19.0,78.0,3.0,69.0,38.0,1.81519,Idle,52.31666666666667,3.6333333333333333
2025-12-25 20:35:00,421.30767,1559,762.0,1450.0,420.93186,722.89616,0.75394,0.0,0.0,0.0,0.0,0.0,0.0,154.84921,52.0,18.61039,78.0,3.0,69.0,38.0,1.88489,Idle,52.310173166666665,3.6333333333333333
2025-12-25 20:40:00,427.7877,1559.30862,762.0,1450.0,428.64106,733.71882,0.75533,0.0,0.0,0.0,0.0,0.0,0.0,155.2285,52.0,18.0,78.0,3.0,69.0,38.0,1.93843,Idle,52.3,3.6333333333333333
2025-12-25 20:45:00,413.16681,1560,762.0,1450.0,414.4106,715.94298,0.75185,0.0,0.0,0.0,0.0,0.0,0.0,154.84261,52.0,18.0,78.0,3.0,69.0,38.0,1.98,Idle,52.3,3.6333333333333333
2025-12-25 20:50:00,425.85155,1560,762.0,1450.0,425.91536,729.68414,0.75583,0.0,0.0,0.0,0.0,0.0,0.0,153.21049,52.0,18.0,78.0,3.0,69.0,37.99138,1.91711,Idle,52.3,3.6331896666666665
2025-12-25 20:55:00,421.71709,1560,762.0,1450.0,422.43864,728.95309,0.75146,0.0,0.0,0.0,0.0,0.0,0.0,154.98508,52.0,18.0,78.0,3.0,69.0,37.0,2.12619,Idle,52.3,3.6166666666666667
2025-12-25 21:00:00,418.74722,1560,762.0,1450.0,418.42722,720.57465,0.75364,0.0,0.0,0.0,0.0,0.0,0.0,156.57571,52.0,18.0,78.0,3.0,69.0,37.0,2.22942,Idle,52.3,3.6166666666666667
2025-12-25 21:05:00,412.77567,1560,762.0,1450.0,414.09257,716.00625,0.74999,0.0,0.0,0.0,0.0,0.0,0.0,154.16036,52.0,18.0,78.0,3.0,69.0,37.0,2.14455,Idle,52.3,3.6166666666666667
2025-12-25 21:10:00,422.78564,1560,762.0,1450.0,423.89882,727.2876,0.75403,0.0,0.0,0.0,0.0,0.0,0.0,154.82808,52.0,17.612,78.0,3.0,69.0,37.0,2.15188,Idle,52.293533333333336,3.6166666666666667
2025-12-25 21:15:00,479.60649,1560,762.0,1450.0,480.02367,803.31958,0.77345,0.0,0.0,0.0,0.0,0.0,0.0,166.61439,52.0,17.0,78.0,3.0,69.0,37.0,1.93164,Idle,52.28333333333333,3.6166666666666667
2025-12-25 21:20:00,467.48959,1560,762.0,1450.0,465.37117,783.53576,0.76757,0.0,0.0,0.0,0.0,0.0,0.0,165.75134,52.0,17.0,78.0,3.0,69.0,36.94464,2.14598,Idle,52.28333333333333,3.615744
2025-12-25 21:25:00,422.81564,1560,762.0,1450.0,423.54318,728.55409,0.75243,0.0,0.0,0.0,0.0,0.0,0.0,159.75807,52.0,17.0,78.0,3.0,69.0,36.0,2.19164,Idle,52.28333333333333,3.6
2025-12-25 21:30:00,427.12096,1560,762.0,1450.0,426.76624,730.93416,0.75562,0.0,0.0,0.0,0.0,0.0,0.0,159.88514,52.0,17.0,78.0,3.0,69.0,36.0,2.22274,Idle,52.28333333333333,3.6
2025-12-25 21:35:00,423.0863,1560,762.0,1450.0,423.31272,723.55486,0.75712,0.0,0.0,0.0,0.0,0.0,0.0,156.91122,52.0,17.0,78.0,3.0,69.0,36.0,2.33607,Idle,52.28333333333333,3.6
2025-12-25 21:40:00,420.4217,1560,762.0,1450.0,421.34674,724.58754,0.75261,0.0,0.0,0.0,0.0,0.0,0.0,153.4679,52.0,16.76379,78.0,3.0,69.0,36.0,2.40721,Idle,52.2793965,3.6
2025-12-25 21:45:00,424.25475,1560,762.0,1450.0,423.19059,727.69419,0.74891,0.0,0.0,0.0,0.0,0.0,0.0,155.21752,52.0,16.0,78.0,3.0,69.0,36.0,2.47123,Idle,52.266666666666666,3.6
2025-12-25 21:50:00,419.39542,1560,762.0,1450.0,419.08371,721.22268,0.75604,0.0,0.0,0.0,0.0,0.0,0.0,154.50385,52.0,16.0,78.0,3.0,69.0,36.0,2.50209,Idle,52.266666666666666,3.6
2025-12-25 21:55:00,470.3124,1560,762.0,1450.0,471.66454,791.50037,0.77111,0.0,0.0,0.0,0.0,0.0,0.0,151.16249,52.0,16.0,78.0,3.0,69.0,35.0,2.94608,Idle,52.266666666666666,3.5833333333333335
2025-12-25 22:00:00,474.603,1560,762.0,1450.0,473.88759,797.30702,0.76754,0.0,0.0,0.0,0.0,0.0,0.0,115.15754,52.0,16.0,78.0,3.0,69.0,35.0,2.88027,Idle,52.266666666666666,3.5833333333333335
2025-12-25 22:05:00,459.49358,1560,762.0,1450.0,458.17548,767.07687,0.77282,0.0,0.0,0.0,0.0,0.0,0.0,70.25212,52.0,16.0,78.0,3.0,69.0,35.10277,2.14635,Idle,52.266666666666666,3.5850461666666664
2025-12-25 22:10:00,446.99926,1560,762.0,1450.0,446.15636,751.36552,0.76992,0.0,0.0,0.0,0.0,0.0,0.0,31.92437,52.0,16.0,78.0,3.0,69.0,36.0,1.82563,Idle,52.266666666666666,3.6
2025-12-25 22:15:00,459.353,1560,762.0,1450.0,459.37087,768.11568,0.7733,0.0,0.0,0.0,0.0,0.0,0.0,30.58417,52.0,16.0,78.0,3.0,69.0,36.0,5.57408,Idle,52.266666666666666,3.6
2025-12-25 22:20:00,447.4125,1560,762.0,1450.0,446.77704,752.03621,0.77306,0.0,0.0,0.0,0.0,0.0,0.0,30.26337,52.0,16.25048,78.0,3.0,69.0,36.0,6.09871,Idle,52.27084133333334,3.6
2025-12-25 22:25:00,455.42548,1560,762.0,1450.0,455.66366,760.44877,0.77759,0.0,0.0,0.0,0.0,0.0,0.0,30.05859,52.0,17.0,78.0,3.0,69.0,36.51765,6.20485,Idle,52.28333333333333,3.6086275
2025-12-25 22:30:00,450.92059,1560,762.0,1450.0,451.74224,759.32231,0.77096,0.0,0.0,0.0,0.0,0.0,0.0,30.01361,52.0,17.0,78.0,3.0,69.0,37.0,6.23143,Idle,52.28333333333333,3.6166666666666667
2025-12-25 22:35:00,452.97484,1560,762.0,1450.0,451.44746,756.56161,0.77391,0.0,0.0,0.0,0.0,0.0,0.0,29.76386,52.0,18.0,78.0,3.0,69.0,37.18605,6.23995,Idle,52.3,3.6197675
2025-12-25 22:40:00,450.81625,1560,762.0,1450.0,450.1014,755.69978,0.77369,0.0,0.0,0.0,0.0,0.0,0.0,30.10187,52.0,18.0,78.0,3.0,69.0,38.0,6.23222,Idle,52.3,3.6333333333333333
2025-12-25 22:45:00,454.76075,1560,762.0,1450.0,456.73276,761.95921,0.77661,0.0,0.0,0.0,0.0,0.0,0.0,30.02077,52.0,18.93995,78.0,3.0,69.0,38.0,6.16382,Idle,52.315665833333334,3.6333333333333333
2025-12-25 22:50:00,449.7317,1560,762.0,1450.0,450.96158,760.14743,0.76695,0.0,0.0,0.0,0.0,0.0,0.0,30.07154,52.0,19.0,78.0,3.0,69.0,38.0,6.1373,Idle,52.31666666666667,3.6333333333333333
2025-12-25 22:55:00,450.42779,1560.36544,762.0,1450.0,451.5751,756.80344,0.77294,0.0,0.0,0.0,0.0,0.0,0.0,30.85395,52.0,20.0,78.0,3.0,69.0,39.0,6.13418,Idle,52.333333333333336,3.65
2025-12-25 23:00:00,459.32701,1561,762.0,1450.0,457.88087,766.24717,0.77169,0.0,0.0,0.0,0.0,0.0,0.0,35.54215,52.0,20.0,78.0,3.0,69.0,39.0,5.96973,Idle,52.333333333333336,3.65
2025-12-25 23:05:00,457.18065,1561,762.0,1450.0,455.74157,761.4281,0.7756,0.0,0.0,0.0,0.0,0.0,0.0,38.12437,52.0,20.43376,78.0,3.0,69.0,39.49989,5.92062,Idle,52.34056266666666,3.6583315
2025-12-25 23:10:00,452.24296,1561,762.0,1450.0,452.23775,760.23887,0.76986,0.0,0.0,0.0,0.0,0.0,0.0,61.88247,52.0,21.0,78.0,3.0,69.0,40.0,5.64626,Idle,52.35,3.6666666666666665
2025-12-25 23:15:00,450.58846,1561,762.0,1450.0,449.34969,754.31978,0.77131,0.0,0.0,0.0,0.0,0.0,0.0,62.95774,52.0,21.0,78.0,3.0,69.0,41.0,5.87026,Idle,52.35,3.6833333333333336
2025-12-25 23:20:00,447.90676,1561,762.0,1450.0,445.24502,747.84079,0.76954,0.0,0.0,0.0,0.0,0.0,0.0,13.55052,52.0,21.0,78.0,3.0,69.0,41.81214,4.26447,Idle,52.35,3.696869
2025-12-25 23:25:00,422.16787,1561,762.0,1450.0,422.22633,727.38073,0.74986,0.0,0.0,0.0,0.0,0.0,0.0,12.20049,52.0,21.0,78.0,3.0,69.0,41.16992,2.6469,Idle,52.35,3.6861653333333333
2025-12-25 23:30:00,413.27129,1561,762.0,1450.0,413.18327,715.8549,0.74773,0.0,0.0,0.0,0.0,0.0,0.0,15.81153,52.0,21.69913,78.0,3.0,69.0,41.0,1.62834,Idle,52.361652166666666,3.6833333333333336
2025-12-25 23:35:00,410.91878,1561,762.0,1450.0,412.27621,714.38324,0.74674,0.0,0.0,0.0,0.0,0.0,0.0,12.68989,52.0,22.0,78.0,3.0,69.0,41.0,1.53006,Idle,52.36666666666667,3.6833333333333336
2025-12-25 23:40:00,417.24565,1561,762.0,1450.0,416.80576,718.40286,0.74912,0.0,0.0,0.0,0.0,0.0,0.0,11.90237,52.0,22.0,78.0,3.0,69.0,41.0,1.65306,Idle,52.36666666666667,3.6833333333333336
2025-12-25 23:45:00,410.27794,1561,762.0,1450.0,412.78553,717.45511,0.74438,0.0,0.0,0.0,0.0,0.0,0.0,10.8533,52.0,22.0,78.0,3.0,69.0,41.0,1.67075,Idle,52.36666666666667,3.6833333333333336
2025-12-25 23:50:00,415.13548,1561,762.0,1450.0,414.22567,714.59639,0.75111,0.0,0.0,0.0,0.0,0.0,0.0,10.25993,52.0,22.0,78.0,3.0,69.0,40.5715,1.81199,Idle,52.36666666666667,3.6761916666666665
2025-12-25 23:55:00,412.50355,1561,762.0,1450.0,411.80442,712.2003,0.75031,0.0,0.0,0.0,0.0,0.0,0.0,9.4504,52.0,22.0,78.0,3.0,69.0,40.0,1.8,Idle,52.36666666666667,3.6666666666666665
2025-12-26 00:00:00,419.0047,1561,762.0,1450.0,419.54665,724.85404,0.749,0.0,0.0,0.0,0.0,0.0,0.0,3.66887,52.0,22.0,78.0,3.0,69.0,40.0,1.90208,Idle,52.36666666666667,3.6666666666666665
2025-12-26 00:05:00,412.46571,1561,762.0,1450.0,412.00227,716.29742,0.74388,0.0,0.0,0.0,0.0,0.0,0.0,193.56639,52.0,21.92145,78.0,3.0,69.0,40.0,1.91222,Idle,52.3653575,3.6666666666666665
2025-12-26 00:10:00,418.61965,1561,762.0,1450.0,418.31404,720.05803,0.75493,0.0,0.0,0.0,0.0,0.0,0.0,147.04566,52.0,21.0,78.0,3.0,69.0,39.37695,1.88793,Idle,52.35,3.6562825
2025-12-26 00:15:00,416.70323,1561,762.0,1450.0,415.96586,719.7266,0.74827,0.0,0.0,0.0,0.0,0.0,0.0,342.48247,52.0,21.0,78.0,3.0,69.0,39.0,1.99803,Idle,52.35,3.65
2025-12-26 00:20:00,418.05167,1561,762.0,1450.0,417.17705,720.81615,0.75121,0.0,0.0,0.0,0.0,0.0,0.0,2.48485,52.0,21.0,78.0,3.0,69.0,39.0,1.93476,Idle,52.35,3.65
2025-12-26 00:25:00,416.00544,1561,762.0,1450.0,414.29885,719.30492,0.74574,0.0,0.0,0.0,0.0,0.0,0.0,1.7945,52.0,21.0,78.0,3.0,69.0,39.0,1.89095,Idle,52.35,3.65
2025-12-26 00:30:00,419.01181,1561,762.0,1450.0,418.10778,718.95722,0.75246,0.0,0.0,0.0,0.0,0.0,0.0,336.69462,52.0,21.0,78.0,3.0,69.0,38.10624,1.9861,Idle,52.35,3.635104
2025-12-26 00:35:00,416.6828,1561,762.0,1450.0,416.69094,719.18653,0.7517,0.0,0.0,0.0,0.0,0.0,0.0,357.46158,52.0,21.0,78.0,3.0,69.0,38.0,1.91291,Idle,52.35,3.6333333333333333
2025-12-26 00:40:00,414.86961,1561,762.0,1450.0,413.35494,713.89,0.75195,0.0,0.0,0.0,0.0,0.0,0.0,356.99589,52.0,21.0,78.0,3.0,69.0,38.0,1.93137,Idle,52.35,3.6333333333333333
2025-12-26 00:45:00,416.30254,1561,762.0,1450.0,414.91658,716.71699,0.7522,0.0,0.0,0.0,0.0,0.0,0.0,355.56724,52.0,21.0,78.0,3.0,69.0,37.80944,2.03941,Idle,52.35,3.6301573333333335
2025-12-26 00:50:00,417.90204,1561,762.0,1450.0,417.83266,720.16487,0.75322,0.0,0.0,0.0,0.0,0.0,0.0,357.18715,52.0,21.0,78.0,3.0,69.0,37.0,1.91737,Idle,52.35,3.6166666666666667
2025-12-26 00:55:00,454.0233,1561,762.0,1450.0,453.86321,772.84537,0.76123,0.0,0.0,0.0,0.0,0.0,0.0,350.6208,52.0,21.0,78.0,3.0,69.0,37.0,1.98409,Idle,52.35,3.6166666666666667
2025-12-26 01:00:00,440.08236,1561,762.0,1450.0,439.87769,754.23231,0.7549,0.0,0.0,0.0,0.0,0.0,0.0,32.32999,52.0,21.0,78.0,3.0,69.0,37.0,1.78263,Idle,52.35,3.6166666666666667
2025-12-26 01:05:00,414.31813,1561,762.0,1450.0,414.02746,716.72703,0.74851,0.0,0.0,0.0,0.0,0.0,0.0,127.49563,52.0,21.0,78.0,3.0,69.0,36.62671,1.74672,Idle,52.35,3.6104451666666666
2025-12-26 01:10:00,415.23603,1561,762.0,1450.0,416.26214,718.37032,0.74868,0.0,0.0,0.0,0.0,0.0,0.0,358.19446,52.0,21.0,78.0,3.0,69.0,36.0,1.88792,Idle,52.35,3.6
2025-12-26 01:15:00,414.79728,1561.08511,762.0,1450.0,414.22568,715.80958,0.74874,0.0,0.0,0.0,0.0,0.0,0.0,355.55844,52.0,21.0,78.0,3.0,69.0,36.0,1.95988,Idle,52.35,3.6
2025-12-26 01:20:00,438.52743,1562,762.0,1450.0,437.92741,745.67534,0.76149,0.0,0.0,0.0,0.0,0.0,0.0,352.87998,52.0,21.0,78.0,3.0,69.0,36.0,1.91691,Idle,52.35,3.6
2025-12-26 01:25:00,465.84084,1562,762.0,1450.0,464.27503,777.19918,0.77312,0.0,0.0,0.0,0.0,0.0,0.0,321.87602,52.0,21.0,78.0,3.0,69.0,35.31692,2.62411,Idle,52.35,3.5886153333333333
2025-12-26 01:30:00,419.1122,1562,762.0,1450.0,419.3583,721.71851,0.75536,0.0,0.0,0.0,0.0,0.0,0.0,3.09407,52.0,21.0,78.0,3.0,69.0,35.0,2.4439,Idle,52.35,3.5833333333333335
2025-12-26 01:35:00,414.28029,1562,762.0,1450.0,414.34497,714.55993,0.75153,0.0,0.0,0.0,0.0,0.0,0.0,190.52249,52.0,21.0,78.0,3.0,69.0,35.0,1.75255,Idle,52.35,3.5833333333333335
2025-12-26 01:40:00,414.83418,1562,762.0,1450.0,415.03275,720.56737,0.74599,0.0,0.0,0.0,0.0,0.0,0.0,234.68996,52.0,21.0,78.0,3.0,69.0,35.0,1.78789,Idle,52.35,3.5833333333333335
2025-12-26 01:45:00,415.33105,1562,762.0,1450.0,417.12092,719.88278,0.75201,0.0,0.0,0.0,0.0,0.0,0.0,3.03686,52.0,21.0,78.0,3.0,69.0,34.72785,1.78936,Idle,52.35,3.5787975
2025-12-26 01:50:00,407.67876,1562,762.0,1450.0,406.47336,708.67094,0.7446,0.0,0.0,0.0,0.0,0.0,0.0,5.35513,52.0,21.0,78.0,3.0,69.0,34.0,1.69958,Idle,52.35,3.5666666666666664
2025-12-26 01:55:00,418.77353,1562,762.0,1450.0,419.77741,724.9116,0.74763,0.0,0.0,0.0,0.0,0.0,0.0,5.64392,52.0,21.0,78.0,3.0,69.0,34.0,1.66986,Idle,52.35,3.5666666666666664
2025-12-26 02:00:00,411.65115,1562,762.0,1450.0,412.96134,714.55224,0.74923,0.0,0.0,0.0,0.0,0.0,0.0,4.54098,52.0,21.0,78.0,3.0,69.0,34.0,1.70896,Idle,52.35,3.5666666666666664
2025-12-26 02:05:00,412.84956,1562,762.0,1450.0,412.89384,714.40102,0.75018,0.0,0.0,0.0,0.0,0.0,0.0,4.17541,52.0,21.0,78.0,3.0,69.0,33.98095,1.74807,Idle,52.35,3.566349166666667
2025-12-26 02:10:00,407.95084,1562,762.0,1450.0,408.4335,709.74074,0.74503,0.0,0.0,0.0,0.0,0.0,0.0,5.10619,52.0,21.0,78.0,3.0,69.0,33.0,1.66859,Idle,52.35,3.55
2025-12-26 02:15:00,415.27934,1562,762.0,1450.0,415.12767,718.07654,0.74772,0.0,0.0,0.0,0.0,0.0,0.0,3.94325,52.0,21.12503,78.0,3.0,69.0,33.0,1.66685,Idle,52.35208383333333,3.55
2025-12-26 02:20:00,411.75706,1562,762.0,1450.0,410.74492,712.9467,0.74813,0.0,0.0,0.0,0.0,0.0,0.0,2.76282,52.0,22.0,78.0,3.0,69.0,33.0,1.66374,Idle,52.36666666666667,3.55
2025-12-26 02:25:00,409.90438,1562,762.0,1450.0,409.05209,710.63788,0.74451,0.0,0.0,0.0,0.0,0.0,0.0,294.26261,52.0,22.0,78.0,3.0,69.0,33.0,1.69731,Idle,52.36666666666667,3.55
2025-12-26 02:30:00,412.83831,1562,762.0,1450.0,412.97974,718.38389,0.74149,0.0,0.0,0.0,0.0,0.0,0.0,359.09763,52.0,22.0,78.0,3.0,69.0,32.34526,1.68249,Idle,52.36666666666667,3.5390876666666666
2025-12-26 02:35:00,489.85119,1562,762.0,1450.0,490.14266,816.6914,0.77797,0.0,0.0,0.0,0.0,0.0,0.0,40.11211,52.0,22.0,78.0,3.0,69.0,32.0,2.77369,Idle,52.36666666666667,3.533333333333333
2025-12-26 02:40:00,480.40555,1562,762.0,1450.0,482.88503,805.87695,0.7771,0.0,0.0,0.0,0.0,0.0,0.0,91.81507,52.0,22.0,78.0,3.0,69.0,32.22234,3.92172,Idle,52.36666666666667,3.537039
2025-12-26 02:45:00,465.03754,1562,762.0,1450.0,463.38758,780.00643,0.76814,0.0,0.0,0.0,0.0,0.0,0.0,101.46609,52.0,22.0,78.0,3.0,69.0,33.0,5.5067,Idle,52.36666666666667,3.55
2025-12-26 02:50:00,445.36297,1562,762.0,1450.0,446.13748,762.58507,0.76026,0.0,0.0,0.0,0.0,0.0,0.0,116.09181,52.0,21.80485,78.0,3.0,69.0,33.47614,5.75829,Idle,52.363414166666665,3.557935666666667
2025-12-26 02:55:00,438.95337,1562,762.0,1450.0,438.80572,751.11844,0.75653,0.0,0.0,0.0,0.0,0.0,0.0,113.5162,52.0,21.0,78.0,3.0,69.0,34.01101,4.22865,Idle,52.35,3.5668501666666668
2025-12-26 03:00:00,454.08887,1562,762.0,1450.0,454.32735,768.68256,0.7633,0.0,0.0,0.0,0.0,0.0,0.0,94.91561,52.0,21.0,78.0,3.0,69.0,35.0,4.61174,Idle,52.35,3.5833333333333335
2025-12-26 03:05:00,449.44814,1562,762.0,1450.0,451.5618,766.5756,0.76209,0.0,0.0,0.0,0.0,0.0,0.0,91.5127,52.0,21.0,78.0,3.0,69.0,35.16016,5.54387,Idle,52.35,3.5860026666666664
2025-12-26 03:10:00,450.83751,1562,762.0,1450.0,450.66067,764.37767,0.76315,0.0,0.0,0.0,0.0,0.0,0.0,91.8206,52.0,21.0,78.0,3.0,69.0,36.0,6.09929,Idle,52.35,3.6
2025-12-26 03:15:00,445.75929,1562,762.0,1450.0,445.20429,754.61148,0.76446,0.0,0.0,0.0,0.0,0.0,0.0,92.4574,52.0,21.0,78.0,3.0,69.0,37.23962,6.4,Idle,52.35,3.6206603333333334
2025-12-26 03:20:00,450.3654,1562,762.0,1450.0,449.62096,756.50765,0.77083,0.0,0.0,0.0,0.0,0.0,0.0,93.37313,52.0,21.0,78.0,3.0,69.0,38.0,6.4,Idle,52.35,3.6333333333333333
2025-12-26 03:25:00,447.86041,1562,762.0,1450.0,447.47861,755.28353,0.76878,0.0,0.0,0.0,0.0,0.0,0.0,93.18706,52.0,21.0,78.0,3.0,69.0,38.8154,6.4,Idle,52.35,3.6469233333333335
2025-12-26 03:30:00,446.37384,1562,762.0,1450.0,446.58391,751.58085,0.76695,0.0,0.0,0.0,0.0,0.0,0.0,93.03388,52.0,21.0,78.0,3.0,69.0,39.39323,6.43824,Idle,52.35,3.6565538333333336
2025-12-26 03:35:00,432.95282,1562.55601,762.0,1450.0,432.91665,736.31847,0.76078,0.0,0.0,0.0,0.0,0.0,0.0,92.88633,52.0,21.0,78.0,3.0,69.0,40.87951,4.57998,Idle,52.35,3.681325166666667
2025-12-26 03:40:00,418.23087,1563,762.0,1450.0,417.88439,719.46423,0.75269,0.0,0.0,0.0,0.0,0.0,0.0,87.75609,52.0,21.0,78.0,3.0,69.0,41.0,2.66424,Idle,52.35,3.6833333333333336
2025-12-26 03:45:00,415.80495,1563,762.0,1450.0,415.88185,720.76977,0.74581,0.0,0.0,0.0,0.0,0.0,0.0,88.84389,52.0,21.0,78.0,3.0,69.0,41.0,1.21961,Idle,52.35,3.6833333333333336
2025-12-26 03:50:00,420.17945,1563,762.0,1450.0,418.96494,720.03013,0.75588,0.0,0.0,0.0,0.0,0.0,0.0,103.26602,52.0,21.0,78.0,3.0,69.0,41.0,0.58944,Idle,52.35,3.6833333333333336
2025-12-26 03:55:00,423.6254,1563,762.0,1450.0,423.20813,724.27036,0.75533,0.0,0.0,0.0,0.0,0.0,0.0,144.17001,52.0,20.15806,78.0,3.0,69.0,41.0,1.09272,Idle,52.33596766666667,3.6833333333333336
2025-12-26 04:00:00,455.82176,1563,762.0,1450.0,457.70388,774.50053,0.76262,0.0,0.0,0.0,0.0,0.0,0.0,150.03042,52.0,20.0,78.0,3.0,69.0,41.0,1.29297,Idle,52.333333333333336,3.6833333333333336
2025-12-26 04:05:00,477.18705,1563,762.0,1450.0,477.29166,797.83019,0.7756,0.0,0.0,0.0,0.0,0.0,0.0,183.39379,52.0,20.0,78.0,3.0,69.0,41.0,2.52244,Idle,52.333333333333336,3.6833333333333336
2025-12-26 04:10:00,460.97994,1563,762.0,1450.0,461.1163,771.22327,0.77626,0.0,0.0,0.0,0.0,0.0,0.0,237.68599,52.0,20.0,78.0,3.0,69.0,41.0,3.26139,Idle,52.333333333333336,3.6833333333333336
2025-12-26 04:15:00,448.45281,1563,762.0,1450.0,449.17332,758.18709,0.76696,0.0,0.0,0.0,0.0,0.0,0.0,270.13841,52.0,20.0,78.0,3.0,69.0,40.24771,5.73001,Idle,52.333333333333336,3.6707951666666667
2025-12-26 04:20:00,445.89041,1563,762.0,1450.0,444.35786,752.14775,0.76446,0.0,0.0,0.0,0.0,0.0,0.0,267.02137,52.0,20.0,78.0,3.0,69.0,39.70511,6.52501,Idle,52.333333333333336,3.661751833333333
2025-12-26 04:25:00,446.42146,1563,762.0,1450.0,446.11252,752.57422,0.76913,0.0,0.0,0.0,0.0,0.0,0.0,267.3784,52.0,20.0,78.0,3.0,69.0,39.0,6.27506,Idle,52.333333333333336,3.65
2025-12-26 04:30:00,445.87285,1563,762.0,1450.0,446.09232,754.8882,0.76506,0.0,0.0,0.0,0.0,0.0,0.0,251.04618,52.0,20.0,78.0,3.0,69.0,38.14762,5.54757,Idle,52.333333333333336,3.635793666666667
2025-12-26 04:35:00,426.53897,1563,762.0,1450.0,426.49845,735.41775,0.75362,0.0,0.0,0.0,0.0,0.0,0.0,171.70555,52.0,20.0,78.0,3.0,69.0,38.0,1.45291,Idle,52.333333333333336,3.6333333333333333
2025-12-26 04:40:00,427.7928,1563,762.0,1450.0,427.5693,732.41485,0.75574,0.0,0.0,0.0,0.0,0.0,0.0,158.15574,52.0,20.0,78.0,3.0,69.0,38.0,0.54178,Idle,52.333333333333336,3.6333333333333333
2025-12-26 04:45:00,427.91652,1563,762.0,1450.0,428.49884,731.76534,0.76007,0.0,0.0,0.0,0.0,0.0,0.0,156.07762,52.0,20.0,78.0,3.0,69.0,38.0,0.3249,Idle,52.333333333333336,3.6333333333333333
2025-12-26 04:50:00,430.85843,1563,762.0,1450.0,431.09363,734.98337,0.76222,0.0,0.0,0.0,0.0,0.0,0.0,155.09339,52.0,20.0,78.0,3.0,69.0,38.0,0.2517,Idle,52.333333333333336,3.6333333333333333
2025-12-26 04:55:00,443.85037,1563,762.0,1450.0,443.33548,746.8243,0.77394,0.0,0.0,0.0,0.0,0.0,0.0,155.6705,52.0,20.0,78.0,3.0,69.0,38.0,0.30771,Idle,52.333333333333336,3.6333333333333333
2025-12-26 05:00:00,436.45528,1563,762.0,1450.0,437.22918,739.6225,0.76935,0.0,0.0,0.0,0.0,0.0,0.0,155.56476,52.0,20.0,78.0,3.0,69.0,38.0,0.25685,Idle,52.333333333333336,3.6333333333333333
2025-12-26 05:05:00,435.46576,1563,762.0,1450.0,434.67796,735.3124,0.76836,0.0,0.0,0.0,0.0,0.0,0.0,155.44913,52.0,20.0,78.0,3.0,69.0,38.0,0.29041,Idle,52.333333333333336,3.6333333333333333
2025-12-26 05:10:00,431.52064,1563,762.0,1450.0,431.34181,731.66858,0.76511,0.0,0.0,0.0,0.0,0.0,0.0,152.88413,52.0,20.0,78.0,3.0,69.0,38.0,0.2166,Idle,52.333333333333336,3.6333333333333333
2025-12-26 05:15:00,432.1938,1563,762.0,1450.0,432.43425,738.92423,0.76072,0.0,0.0,0.0,0.0,0.0,0.0,153.52795,52.0,20.0,78.0,3.0,69.0,38.0,0.39604,Idle,52.333333333333336,3.6333333333333333
2025-12-26 05:20:00,429.31482,1563,762.0,1450.0,430.67436,736.30374,0.75698,0.0,0.0,0.0,0.0,0.0,0.0,149.07711,52.0,20.0,78.0,3.0,69.0,38.0,0.37255,Idle,52.333333333333336,3.6333333333333333
2025-12-26 05:25:00,436.58991,1563,762.0,1450.0,438.6628,746.40658,0.76013,0.0,0.0,0.0,0.0,0.0,0.0,150.14191,52.0,20.0,78.0,3.0,69.0,38.0,0.26822,Idle,52.333333333333336,3.6333333333333333
2025-12-26 05:30:00,509.77623,1563,762.0,1450.0,509.36742,841.13055,0.78347,0.0,0.0,0.0,0.0,0.0,0.0,164.69714,52.0,19.84896,78.0,3.0,69.0,38.0,0.87284,Idle,52.330816,3.6333333333333333
2025-12-26 05:35:00,471.06907,1563,762.0,1450.0,471.17612,786.88452,0.77523,0.0,0.0,0.0,0.0,0.0,0.0,246.38579,52.0,19.0,78.0,3.0,69.0,37.6473,2.91102,Idle,52.31666666666667,3.627455
2025-12-26 05:40:00,450.46905,1563,762.0,1450.0,451.70695,759.24366,0.77143,0.0,0.0,0.0,0.0,0.0,0.0,214.56077,52.0,19.0,78.0,3.0,69.0,37.0,2.30202,Idle,52.31666666666667,3.6166666666666667
2025-12-26 05:45:00,423.51087,1563,762.0,1450.0,424.94773,726.96006,0.75469,0.0,0.0,0.0,0.0,0.0,0.0,256.42717,52.0,19.0,78.0,3.0,69.0,37.0,2.08125,Idle,52.31666666666667,3.6166666666666667
2025-12-26 05:50:00,429.69165,1563,762.0,1450.0,429.44474,735.75326,0.75798,0.0,0.0,0.0,0.0,0.0,0.0,304.1048,52.0,19.0,78.0,3.0,69.0,37.0,1.78602,Idle,52.31666666666667,3.6166666666666667
2025-12-26 05:55:00,427.66551,1564,762.0,1450.0,426.43743,728.24326,0.75797,0.0,0.0,0.0,0.0,0.0,0.0,336.84356,52.0,19.0,78.0,3.0,69.0,37.0,1.60234,Idle,52.31666666666667,3.6166666666666667
2025-12-26 06:00:00,430.99553,1564,762.0,1450.0,431.33559,737.35914,0.76025,0.0,0.0,0.0,0.0,0.0,0.0,336.70272,52.0,19.20538,78.0,3.0,69.0,37.0,1.64603,Idle,52.32008966666667,3.6166666666666667
2025-12-26 06:05:00,426.20799,1564,762.0,1450.0,426.12808,729.48458,0.75713,0.0,0.0,0.0,0.0,0.0,0.0,339.81812,52.0,20.0,78.0,3.0,69.0,36.22363,1.6341,Idle,52.333333333333336,3.603727166666667
2025-12-26 06:10:00,429.98107,1564,762.0,1450.0,430.46458,733.61442,0.76161,0.0,0.0,0.0,0.0,0.0,0.0,342.49644,52.0,20.0,78.0,3.0,69.0,36.0,1.7,Idle,52.333333333333336,3.6
2025-12-26 06:15:00,426.00831,1564,762.0,1450.0,425.37123,729.76098,0.75423,0.0,0.0,0.0,0.0,0.0,0.0,344.27791,52.0,20.0,78.0,3.0,69.0,36.0,1.71203,Idle,52.333333333333336,3.6
2025-12-26 06:20:00,419.74883,1564,762.0,1450.0,419.37344,720.7222,0.75428,0.0,0.0,0.0,0.0,0.0,0.0,345.28036,52.0,20.0,78.0,3.0,69.0,36.0,1.6831,Idle,52.333333333333336,3.6
2025-12-26 06:25:00,424.56276,1564,762.0,1450.0,423.64939,725.57995,0.75739,0.0,0.0,0.0,0.0,0.0,0.0,348.44709,52.0,20.0,78.0,3.0,69.0,36.0,1.78043,Idle,52.333333333333336,3.6
2025-12-26 06:30:00,467.71002,1564,762.0,1450.0,468.83418,789.23304,0.77084,0.0,0.0,0.0,0.0,0.0,0.0,179.13342,52.0,20.0,78.0,3.0,69.0,36.0,2.34389,Idle,52.333333333333336,3.6
2025-12-26 06:35:00,458.36701,1564,762.0,1450.0,457.11116,767.72021,0.77092,0.0,0.0,0.0,0.0,0.0,0.0,51.07578,52.0,20.74264,78.0,3.0,69.0,36.0,3.44141,Idle,52.34571066666667,3.6
2025-12-26 06:40:00,427.09793,1564,762.0,1450.0,427.76254,729.15633,0.76082,0.0,0.0,0.0,0.0,0.0,0.0,52.33861,52.0,21.0,78.0,3.0,69.0,36.0,2.61952,Idle,52.35,3.6
2025-12-26 06:45:00,433.79937,1564,762.0,1450.0,433.51504,740.20974,0.75961,0.0,0.0,0.0,0.0,0.0,0.0,48.24915,52.0,21.0,78.0,3.0,69.0,36.0,1.65458,Idle,52.35,3.6
2025-12-26 06:50:00,430.05089,1564,762.0,1450.0,430.64325,734.61058,0.75675,0.0,0.0,0.0,0.0,0.0,0.0,29.57204,52.0,21.0,78.0,3.0,69.0,36.0,1.40266,Idle,52.35,3.6
2025-12-26 06:55:00,424.99184,1564,762.0,1450.0,424.55265,726.05518,0.75557,0.0,0.0,0.0,0.0,0.0,0.0,343.85644,52.0,21.0,78.0,3.0,69.0,36.0,1.70606,Idle,52.35,3.6
2025-12-26 07:00:00,432.23784,1564,762.0,1450.0,432.88429,738.47125,0.7619,0.0,0.0,0.0,0.0,0.0,0.0,344.09258,52.0,21.0,78.0,3.0,69.0,36.0,1.69715,Idle,52.35,3.6
2025-12-26 07:05:00,430.28857,1564,762.0,1450.0,430.03478,731.33119,0.75893,0.0,0.0,0.0,0.0,0.0,0.0,346.65406,52.0,21.0,78.0,3.0,69.0,36.0,1.70726,Idle,52.35,3.6
2025-12-26 07:10:00,426.06155,1564,762.0,1450.0,426.28451,727.56057,0.76049,0.0,0.0,0.0,0.0,0.0,0.0,349.9344,52.0,21.0,78.0,3.0,69.0,35.34582,1.8,Idle,52.35,3.589097
2025-12-26 07:15:00,431.99545,1564,762.0,1450.0,431.14857,736.9254,0.7613,0.0,0.0,0.0,0.0,0.0,0.0,352.93517,52.0,22.0,78.0,3.0,69.0,35.0,1.78784,Idle,52.36666666666667,3.5833333333333335
2025-12-26 07:20:00,426.32856,1564,762.0,1450.0,426.56722,727.9037,0.75952,0.0,0.0,0.0,0.0,0.0,0.0,354.18298,52.0,22.0,78.0,3.0,69.0,35.0,1.84832,Idle,52.36666666666667,3.5833333333333335
2025-12-26 07:25:00,421.5403,1564,762.0,1450.0,422.64446,721.53302,0.75692,0.0,0.0,0.0,0.0,0.0,0.0,141.96566,52.0,22.0,78.0,3.0,69.0,35.0,1.8,Idle,52.36666666666667,3.5833333333333335
2025-12-26 07:30:00,417.85978,1564,762.0,1450.0,416.58055,715.59694,0.75558,0.0,0.0,0.0,0.0,0.0,0.0,325.78788,52.0,22.0,78.0,3.0,69.0,35.0,1.76373,Idle,52.36666666666667,3.5833333333333335
2025-12-26 07:35:00,514.3114,1564,762.0,1450.0,513.1723,844.70561,0.78883,0.0,0.0,0.0,0.0,0.0,0.0,63.83359,52.0,22.0,78.0,3.0,69.0,34.84599,2.73829,Idle,52.36666666666667,3.5807665
2025-12-26 07:40:00,477.73442,1564,762.0,1450.0,475.54317,787.28166,0.78168,0.0,0.0,0.0,0.0,0.0,0.0,59.31033,52.0,22.0,78.0,3.0,69.0,34.57947,3.02547,Idle,52.36666666666667,3.5763245
2025-12-26 07:45:00,475.56728,1564,762.0,1450.0,476.79117,791.86946,0.78217,0.0,0.0,0.0,0.0,0.0,0.0,122.77648,52.0,22.0,78.0,3.0,69.0,35.0,2.41326,Idle,52.36666666666667,3.5833333333333335
2025-12-26 07:50:00,485.43037,1564,762.0,1450.0,484.36542,800.80225,0.78266,0.0,0.0,0.0,0.0,0.0,0.0,114.53794,52.0,22.0,78.0,3.0,69.0,35.0,4.19641,Idle,52.36666666666667,3.5833333333333335
2025-12-26 07:55:00,483.7946,1564,762.0,1450.0,484.35504,788.80487,0.7949,0.0,0.0,0.0,0.0,0.0,0.0,112.65476,52.0,22.0,78.0,3.0,69.0,36.29141,8.37405,Idle,52.36666666666667,3.6048568333333333
2025-12-26 08:00:00,459.65592,1564,762.0,1450.0,459.88361,753.55659,0.78977,0.0,0.0,0.0,0.0,0.0,0.0,112.85256,52.0,22.0,78.0,3.0,69.0,37.2156,9.28134,Idle,52.36666666666667,3.62026
2025-12-26 08:05:00,435.9569,1564,762.0,1450.0,435.50134,728.01285,0.77475,0.0,0.0,0.0,0.0,0.0,0.0,114.07073,52.0,21.61282,78.0,3.0,69.0,38.29766,10.89256,Ballast,52.36021366666667,3.6382943333333335
2025-12-26 08:10:00,437.1759,1564.66669,762.0,1450.0,438.64284,734.35968,0.77477,0.0,0.0,0.0,0.0,0.0,0.0,113.58285,52.0,21.0,78.0,3.0,69.0,39.43812,11.45657,Ballast,52.35,3.657302
2025-12-26 08:15:00,473.09003,1565,762.0,1450.0,472.90675,784.66593,0.77836,0.0,0.0,0.0,0.0,0.0,0.0,113.27559,52.0,21.0,78.0,3.0,69.0,41.75578,12.11896,Ballast,52.35,3.695929666666667
2025-12-26 08:20:00,476.83851,1565,762.0,1450.0,476.51289,786.64981,0.78249,0.0,0.0,0.0,0.0,0.0,0.0,113.32356,52.0,20.23036,78.0,3.0,69.0,43.13732,12.51599,Ballast,52.33717266666667,3.7189553333333336
2025-12-26 08:25:00,472.5722,1565,762.0,1450.0,471.06331,777.20599,0.78655,0.0,0.0,0.0,0.0,0.0,0.0,113.25399,52.0,20.0,78.0,3.0,69.0,44.40768,12.64739,Ballast,52.333333333333336,3.740128
2025-12-26 08:30:00,467.28025,1565,762.0,1450.0,465.18151,766.72022,0.78609,0.0,0.0,0.0,0.0,0.0,0.0,131.48533,52.0,19.97536,78.0,3.0,69.0,45.63234,12.56144,Ballast,52.33292266666667,3.760539
2025-12-26 08:35:00,444.61256,1565,762.0,1450.0,441.96981,741.28209,0.77196,0.0,0.0,0.0,0.0,0.0,0.0,182.22424,52.0,18.23709,78.0,3.0,69.0,47.0,12.89797,Ballast,52.3039515,3.783333333333333
2025-12-26 08:40:00,486.38,1565,762.0,1450.0,486.63921,804.55418,0.77916,0.0,0.0,0.0,0.0,0.0,0.0,187.59718,52.0,17.44232,78.0,3.0,69.0,46.72644,11.41082,Ballast,52.290705333333335,3.778774
2025-12-26 08:45:00,481.831,1565,762.0,1450.0,483.86521,801.28422,0.78353,0.0,0.0,0.0,0.0,0.0,0.0,188.6522,52.0,16.84282,78.0,3.0,69.0,46.0,10.63421,Ballast,52.280713666666664,3.7666666666666666
2025-12-26 08:50:00,513.90555,1565,762.0,1450.0,516.06838,849.3791,0.7893,0.0,0.0,0.0,0.0,0.0,0.0,189.18861,52.0,16.0,78.0,3.0,69.0,46.0,10.48218,Ballast,52.266666666666666,3.7666666666666666
2025-12-26 08:55:00,518.09173,1565,762.0,1450.0,517.44688,853.23159,0.78522,0.0,0.0,0.0,0.0,0.0,0.0,189.69441,52.0,14.72585,78.0,3.0,69.0,46.0,10.5604,Ballast,52.24543083333333,3.7666666666666666
2025-12-26 09:00:00,513.54354,1565,762.0,1450.0,515.72632,848.2821,0.78869,0.0,0.0,0.0,0.0,0.0,0.0,183.47131,52.0,14.0,78.0,3.0,69.0,46.0,10.5044,Ballast,52.233333333333334,3.7666666666666666
2025-12-26 09:05:00,487.88362,1565,762.0,1450.0,487.11791,806.21948,0.78063,0.0,0.0,0.0,0.0,0.0,0.0,178.98524,52.0,13.14927,78.0,3.0,69.0,45.20722,10.5,Ballast,52.2191545,3.7534536666666667
2025-12-26 09:10:00,484.05526,1565,762.0,1450.0,481.62401,797.80372,0.78051,0.0,0.0,0.0,0.0,0.0,0.0,177.77419,52.0,12.5659,78.0,3.0,69.0,45.68845,10.57263,Ballast,52.20943166666667,3.761474166666667
2025-12-26 09:15:00,484.39423,1565,762.0,1450.0,483.71776,801.07042,0.78321,0.0,0.0,0.0,0.0,0.0,0.0,180.36548,52.0,11.0,78.0,3.0,69.0,46.0,10.36395,Ballast,52.18333333333333,3.7666666666666666
2025-12-26 09:20:00,504.99472,1565,762.0,1450.0,506.60236,837.12721,0.78462,0.0,0.0,0.0,0.0,0.0,0.0,180.08572,52.0,10.41725,78.0,3.0,69.0,45.99439,10.41403,Ballast,52.17362083333333,3.766573166666667
2025-12-26 09:25:00,525.98976,1565,762.0,1450.0,526.30112,868.59922,0.78539,0.0,0.0,0.0,0.0,0.0,0.0,179.55657,52.0,9.84362,78.0,3.0,69.0,45.0,10.5,Ballast,52.16406033333333,3.75
2025-12-26 09:30:00,518.81052,1565,762.0,1450.0,516.60732,853.09124,0.78748,0.0,0.0,0.0,0.0,0.0,0.0,179.99415,52.0,9.0,78.0,3.0,69.0,45.0,10.49082,Ballast,52.15,3.75
2025-12-26 09:35:00,480.52289,1565,762.0,1450.0,387.98616,629.42985,0.7975,0.0,0.0,0.0,93.13339,175.22576,0.33343,179.91399,52.0,7.6712,78.0,3.0,69.0,45.0,10.84476,Ballast,52.127853333333334,3.75
2025-12-26 09:40:00,426.69283,1565,762.0,1450.0,216.30066,362.40385,0.77171,0.0,0.0,0.0,211.55525,368.09403,0.74305,176.24462,52.0,6.96326,78.0,3.0,69.0,45.0,11.66426,Ballast,52.11605433333333,3.75
2025-12-26 09:45:00,428.64447,1565,762.0,1450.0,212.84002,361.02198,0.76223,0.0,0.0,0.0,214.64702,372.59062,0.7493,174.94328,52.0,6.0,78.0,3.0,69.0,45.2504,11.86682,Ballast,52.1,3.754173333333333
2025-12-26 09:50:00,470.40178,1565,762.0,1450.0,233.58659,392.21715,0.77079,0.0,0.0,0.0,239.18817,406.67605,0.75981,174.64997,52.0,5.21422,78.0,3.0,69.0,46.0,11.65429,Ballast,52.086903666666664,3.7666666666666666
2025-12-26 09:55:00,478.65789,1565,762.0,1450.0,237.88175,397.25937,0.77471,0.0,0.0,0.0,241.1007,409.47421,0.76269,179.77169,52.0,3.88069,78.0,3.0,69.0,46.0,11.02842,Ballast,52.06467816666667,3.7666666666666666
2025-12-26 10:00:00,449.90138,1565,762.0,1450.0,223.65296,379.56624,0.76193,0.0,0.0,0.0,228.54589,394.67375,0.74841,179.128,52.0,3.0,78.0,3.0,69.0,45.73204,10.37473,Ballast,52.05,3.7622006666666667
2025-12-26 10:05:00,447.58704,1565,762.0,1450.0,222.53491,378.67188,0.76025,0.0,0.0,0.0,225.77909,393.18999,0.74494,178.22439,52.0,2.3391,78.0,3.0,69.0,45.0,9.1624,Ballast,52.038985,3.75
2025-12-26 10:10:00,442.04285,1565,762.0,1450.0,219.88816,374.23079,0.75745,0.0,0.0,0.0,222.23951,388.4394,0.7428,177.04674,52.0,2.0,78.0,3.0,69.0,45.0,7.53679,Ballast,52.03333333333333,3.75
2025-12-26 10:15:00,445.10905,1565,762.0,1451.0,222.52513,378.66859,0.76188,0.0,0.0,0.0,224.30696,391.26867,0.74343,169.30912,52.0,1.0,78.0,3.0,69.0,45.0,7.15617,Ballast,52.016666666666666,3.75
2025-12-26 10:20:00,446.19747,1565,762.0,1451.0,223.49087,378.88617,0.76197,0.0,0.0,0.0,224.02153,392.80585,0.7375,162.28568,52.0,0.30922,78.0,3.0,69.0,45.07051,7.57969,Ballast,52.005153666666665,3.7511751666666666
2025-12-26 10:25:00,445.10698,1565,762.0,1451.0,222.26709,375.88124,0.76559,0.0,0.0,0.0,223.1856,389.57589,0.7437,129.12901,52.0,0.0,78.0,3.0,69.0,46.0,5.96951,Ballast,52.0,3.7666666666666666
2025-12-26 10:30:00,468.47573,1565,762.0,1451.0,227.89946,383.95044,0.76893,0.0,0.0,0.0,240.41264,407.43209,0.76251,90.80645,52.0,0.0,78.0,3.0,69.0,46.0,4.51094,Ballast,52.0,3.7666666666666666
2025-12-26 10:35:00,482.72099,1565,762.0,1451.0,243.25526,402.5702,0.78452,0.0,0.0,0.0,239.66227,410.21989,0.75338,146.34096,51.37997,36.582,78.0,3.0,69.0,47.41136,9.0814,Ballast,51.98967,3.790189333333333
2025-12-26 10:40:00,443.80174,1565,762.0,1451.0,219.48889,369.54844,0.76866,0.0,0.0,0.0,222.64409,382.82606,0.75255,101.08984,51.0,59.0,78.0,3.0,69.0,48.0,8.59118,Ballast,51.983333333333334,3.8
2025-12-26 10:45:00,435.97324,1565,762.0,1451.0,218.17728,364.9694,0.77323,0.0,0.0,0.0,218.92335,376.70309,0.75309,85.71937,51.0,59.0,78.0,3.0,69.0,49.01991,10.07614,Ballast,51.983333333333334,3.8169985
2025-12-26 10:50:00,432.98596,1565,762.0,1451.0,214.49068,361.10509,0.76874,0.0,0.0,0.0,216.54298,375.36024,0.7479,80.27735,51.0,59.0,78.0,3.0,69.0,50.25013,11.57523,Ballast,51.983333333333334,3.837502166666667
2025-12-26 10:55:00,425.80459,1566,762.0,1451.0,212.53144,356.90996,0.76999,0.0,0.0,0.0,213.37359,371.5623,0.7444,81.02192,51.0,59.0,78.0,3.0,69.0,52.69672,11.97802,Ballast,51.983333333333334,3.8782786666666667
2025-12-26 11:00:00,432.80173,1566,762.0,1451.0,213.51163,359.41358,0.76914,0.0,0.0,0.0,217.20865,373.55784,0.75333,82.26821,51.0,59.0,78.0,3.0,69.0,54.06606,11.79267,Ballast,51.983333333333334,3.901101
2025-12-26 11:05:00,436.7221,1566,762.0,1451.0,216.87712,363.10508,0.7738,0.0,0.0,0.0,221.42682,378.15803,0.75815,83.23131,51.0,59.0,78.0,3.0,69.0,55.34043,11.54297,Ballast,51.983333333333334,3.9223405
2025-12-26 11:10:00,427.48084,1566,762.0,1451.0,211.49571,358.20649,0.76527,0.0,0.0,0.0,216.04836,373.46739,0.7485,85.21976,51.0,59.0,78.0,3.0,69.0,56.53974,11.47478,Ballast,51.983333333333334,3.942329
2025-12-26 11:15:00,426.14657,1566,762.0,1451.0,210.33273,356.18226,0.76336,0.0,0.0,0.0,214.92476,370.7785,0.75171,95.59445,51.0,59.0,78.0,3.08384,69.0,53.96476,11.23794,Ballast,51.983333333333334,3.9832526666666666
2025-12-26 11:20:00,436.48347,1566,762.0,1451.0,216.12207,365.24177,0.76513,0.0,0.0,0.0,221.21287,378.57906,0.75596,101.30399,51.0,59.0,78.0,4.0,69.0,0.27521,11.65787,Ballast,51.983333333333334,4.004586833333334
2025-12-26 11:25:00,427.44281,1566,762.0,1451.0,213.45014,402.51742,0.69281,0.0,0.0,0.0,217.67841,411.65269,0.68802,109.9749,51.0,59.0,78.0,4.0,69.0,1.46144,11.59252,Ballast,51.983333333333334,4.024357333333334
2025-12-26 11:30:00,432.90163,1566,762.0,1451.0,213.33403,421.34787,0.65181,0.0,0.0,0.0,217.87117,432.22004,0.65092,114.00557,51.0,59.0,78.0,4.0,69.0,2.57446,11.08885,Ballast,51.983333333333334,4.042907666666666
2025-12-26 11:35:00,512.58177,1566,762.0,1451.0,256.52483,472.42096,0.70047,0.0,0.0,0.0,256.19896,479.3843,0.6888,115.8723,51.0,58.0,78.0,4.0,69.0,4.83352,11.20118,Ballast,51.96666666666667,4.080558666666667
2025-12-26 11:40:00,509.86381,1566,762.0,1451.0,261.89848,478.16983,0.70554,0.0,0.0,0.0,252.17338,481.4726,0.67631,117.29635,51.0,58.0,78.0,4.0,69.0,5.89858,9.40271,Ballast,51.96666666666667,4.098309666666666
2025-12-26 11:45:00,533.40388,1566,762.0,1451.0,260.0745,488.4929,0.68753,0.0,0.0,0.0,273.63848,506.94805,0.69569,122.06322,51.0,57.42008,78.0,4.0,69.0,6.76756,8.47802,Idle,51.95700133333333,4.1127926666666665
2025-12-26 11:50:00,472.53075,1566,762.0,1451.0,230.55486,445.45157,0.66665,0.0,0.0,0.0,243.62404,463.31469,0.67695,126.45756,51.0,57.0,78.0,4.0,69.0,7.45473,8.21704,Idle,51.95,4.1242455
2025-12-26 11:55:00,471.6849,1566,762.0,1451.0,239.24448,450.01521,0.6855,0.0,0.0,0.0,231.22606,454.83181,0.656,127.11818,51.0,56.94717,78.0,4.0,69.0,8.8522,5.91819,Idle,51.9491195,4.147536666666666
2025-12-26 12:00:00,509.52689,1566,762.0,1451.0,266.16757,486.35712,0.70639,0.0,0.0,0.0,247.45755,482.25991,0.66355,128.1947,51.0,56.0,78.0,4.0,69.0,9.0,5.6716,Idle,51.93333333333333,4.15
2025-12-26 12:05:00,481.96358,1566,762.0,1451.0,249.36808,462.77571,0.69579,0.0,0.0,0.0,231.60444,460.03488,0.65098,128.0513,51.0,56.0,78.0,4.0,69.0,9.86374,6.64537,Idle,51.93333333333333,4.164395666666667
2025-12-26 12:10:00,479.49313,1566,762.0,1451.0,247.7019,457.98484,0.69887,0.0,0.0,0.0,231.6551,456.17964,0.65528,128.8717,51.0,56.0,78.0,4.0,69.0,10.13817,6.89561,Idle,51.93333333333333,4.1689695
2025-12-26 12:15:00,455.21337,1566,762.0,1451.0,235.18944,445.94925,0.68038,0.0,0.0,0.0,219.34879,444.22366,0.63687,128.40712,51.0,55.0,78.0,4.0,69.0,11.0,3.67933,Idle,51.916666666666664,4.183333333333334
2025-12-26 12:20:00,449.03453,1566,762.0,1451.0,233.21425,444.135,0.67905,0.0,0.0,0.0,217.47772,444.79182,0.63124,126.41582,51.0,55.0,78.0,4.0,69.0,11.23622,1.84404,Idle,51.916666666666664,4.187270333333333
2025-12-26 12:25:00,868.37459,1566,762.0,1451.0,441.04398,706.86422,0.78307,0.0,0.0,0.0,436.15927,711.64842,0.76694,41.65776,51.0,55.0,78.0,4.0,69.0,12.0,1.30894,Idle,51.916666666666664,4.2
2025-12-26 12:30:00,719.43038,1566,762.0,1451.0,354.70738,587.47495,0.75724,0.0,0.0,0.0,355.06779,599.58023,0.74698,23.92632,51.0,55.0,78.0,4.0,69.0,11.24026,1.39515,Idle,51.916666666666664,4.187337666666667
2025-12-26 12:35:00,568.03351,1566,762.0,1451.0,293.55763,510.92651,0.72872,0.0,0.0,0.0,277.81546,513.26097,0.68498,359.38909,51.0,55.0,78.0,4.0,69.0,11.0,0.03422,Idle,51.916666666666664,4.183333333333334
2025-12-26 12:40:00,737.57007,1566,762.0,1451.0,370.02023,595.07486,0.79732,0.0,0.0,0.0,372.24379,609.64107,0.77991,116.7926,51.0,55.0,78.0,4.0,69.0,11.0,0.02286,Idle,51.916666666666664,4.183333333333334
2025-12-26 12:45:00,627.72328,1566,762.0,1451.0,314.06324,529.67767,0.75138,0.0,0.0,0.0,308.63631,538.60115,0.72307,0.22707,51.0,55.0,78.0,4.0,69.0,11.0,0.0,Idle,51.916666666666664,4.183333333333334
2025-12-26 12:50:00,488.69186,1566,762.0,1451.0,246.25575,455.76375,0.695,0.0,0.0,0.0,243.38701,464.84655,0.67367,0.11303,51.0,55.0,78.0,4.0,69.0,11.0,0.0,Idle,51.916666666666664,4.183333333333334
2025-12-26 12:55:00,501.20124,1566,762.0,1451.0,253.0659,462.61249,0.70506,0.0,0.0,0.0,249.23298,469.813,0.68547,359.86721,51.0,55.0,78.0,4.0,69.0,11.0,0.0,Idle,51.916666666666664,4.183333333333334
2025-12-26 13:00:00,461.224,1566,762.0,1451.0,233.52275,436.48244,0.68951,0.0,0.0,0.0,232.53675,448.67144,0.66889,359.8,51.0,55.0,78.0,4.0,69.0,11.0,0.0,Idle,51.916666666666664,4.183333333333334
2025-12-26 13:05:00,469.49898,1566,762.0,1451.0,235.34783,437.34564,0.69422,0.0,0.0,0.0,231.4736,448.25954,0.66599,359.73693,51.0,55.0,78.0,4.0,69.0,11.0,0.0,Idle,51.916666666666664,4.183333333333334
2025-12-26 13:10:00,445.36518,1566,762.0,1451.0,220.71658,420.70443,0.67838,0.0,0.0,0.0,223.13327,436.10749,0.66092,359.7,51.0,55.0,78.0,4.0,69.0,11.0,0.0,Idle,51.916666666666664,4.183333333333334
2025-12-26 13:15:00,389.93255,1566,762.0,1451.0,193.48703,329.25798,0.75975,0.0,0.0,0.0,196.72241,336.96952,0.7528,359.7,51.0,55.0,78.0,4.0,69.0,11.0,0.0,Idle,51.916666666666664,4.183333333333334
2025-12-26 13:20:00,383.31745,1566,762.0,1451.0,316.40909,541.18237,0.75909,0.0,0.0,0.0,67.67046,122.27795,0.26347,359.7,51.0,55.0,78.0,4.0,69.0,11.0,0.0,Idle,51.916666666666664,4.183333333333334
2025-12-26 13:25:00,343.98694,1566,762.0,1451.0,341.84542,580.46207,0.7665,0.0,0.0,0.0,0.0,0.0,0.0,359.79527,51.0,55.0,78.0,4.0,69.0,11.0,0.0,Idle,51.916666666666664,4.183333333333334
2025-12-26 13:30:00,338.60581,1566,762.0,1451.0,336.96601,574.8995,0.76156,0.0,0.0,0.0,0.0,0.0,0.0,266.38401,51.0,55.0,78.0,4.0,69.0,11.0,0.0,Idle,51.916666666666664,4.183333333333334
2025-12-26 13:35:00,362.44378,1566,762.0,1451.0,362.03395,604.3275,0.77931,0.0,0.0,0.0,0.0,0.0,0.0,0.17719,51.0,55.0,78.0,4.0,69.0,11.0,0.0,Idle,51.916666666666664,4.183333333333334
2025-12-26 13:40:00,356.37342,1566,762.0,1451.0,355.94449,597.11113,0.77467,0.0,0.0,0.0,0.0,0.0,0.0,0.25568,51.0,55.0,78.0,4.0,69.0,11.0,0.0,Idle,51.916666666666664,4.183333333333334
2025-12-26 13:45:00,336.86962,1566,762.0,1451.0,337.14649,574.7844,0.7628,0.0,0.0,0.0,0.0,0.0,0.0,0.3,51.0,55.0,78.0,4.0,69.0,11.0,0.0,Idle,51.916666666666664,4.183333333333334
2025-12-26 13:50:00,339.68066,1566,762.0,1451.0,339.90261,582.70743,0.75798,0.0,0.0,0.0,0.0,0.0,0.0,0.3,51.0,55.0,78.0,4.0,69.0,11.0,0.0,Idle,51.916666666666664,4.183333333333334
2025-12-26 13:55:00,335.06421,1566,762.0,1451.0,335.89815,572.95527,0.76093,0.0,0.0,0.0,0.0,0.0,0.0,0.3,51.0,55.0,78.0,4.0,69.0,11.0,0.0,Idle,51.916666666666664,4.183333333333334
2025-12-26 14:00:00,345.61927,1566,762.0,1451.0,345.82552,586.27593,0.76895,0.0,0.0,0.0,0.0,0.0,0.0,0.3,51.0,55.0,78.0,4.0,69.0,11.0,0.0,Idle,51.916666666666664,4.183333333333334
2025-12-26 14:05:00,338.54402,1566,762.0,1451.0,337.63795,580.32281,0.75578,0.0,0.0,0.0,0.0,0.0,0.0,0.3,51.0,55.0,78.0,4.0,69.0,11.0,0.0,Idle,51.916666666666664,4.183333333333334
2025-12-26 14:10:00,343.51135,1566,762.0,1451.0,342.75754,582.73534,0.7673,0.0,0.0,0.0,0.0,0.0,0.0,0.3,51.0,55.0,78.0,4.0,69.0,11.0,0.0,Idle,51.916666666666664,4.183333333333334
2025-12-26 14:15:00,339.30205,1566,762.0,1451.0,339.3724,579.12538,0.76498,0.0,0.0,0.0,0.0,0.0,0.0,0.3,51.0,55.0,78.0,4.0,69.0,11.0,0.0,Idle,51.916666666666664,4.183333333333334
2025-12-26 14:20:00,344.52712,1566,762.0,1451.0,343.70166,586.7777,0.76152,0.0,0.0,0.0,0.0,0.0,0.0,0.22582,51.0,55.0,78.0,4.0,69.0,11.0,0.0,Idle,51.916666666666664,4.183333333333334
2025-12-26 14:25:00,326.85082,1566,762.0,1451.0,191.31189,351.56188,0.69419,20.99043,58.33701,0.11638,118.10946,235.52851,0.54557,0.2,51.0,55.0,78.0,4.0,69.0,11.0,0.0,Idle,51.916666666666664,4.183333333333334
2025-12-26 14:30:00,396.10988,1566.50365,762.0,1451.0,186.24054,375.9424,0.64002,0.0,0.0,0.0,211.17194,398.88401,0.68221,0.2,51.0,55.0,78.0,4.0,69.0,11.0,0.0,Idle,51.916666666666664,4.183333333333334
2025-12-26 14:35:00,432.14549,1567,762.0,1451.0,218.39062,408.05796,0.69096,0.0,0.0,0.0,214.8281,412.29831,0.67437,107.43112,51.0,55.0,78.0,4.0,69.0,11.0,0.0,Idle,51.916666666666664,4.183333333333334
2025-12-26 14:40:00,439.35772,1567,762.0,1451.0,215.08557,404.63887,0.68836,0.0,0.0,0.0,220.75273,415.89138,0.68905,226.5968,51.0,55.0,78.0,4.0,69.0,11.0,0.0,Idle,51.916666666666664,4.183333333333334
2025-12-26 14:45:00,463.18737,1567,762.0,1451.0,227.8543,419.62439,0.69986,0.0,0.0,0.0,238.7095,435.05425,0.71174,0.0611,51.0,55.0,78.0,4.0,69.0,11.0,0.0,Idle,51.916666666666664,4.183333333333334
2025-12-26 14:50:00,458.1198,1567,762.0,1451.0,230.7315,422.26129,0.70395,0.0,0.0,0.0,228.63244,427.73482,0.6908,0.1,51.0,55.0,78.0,4.0,69.0,11.0,0.0,Idle,51.916666666666664,4.183333333333334
2025-12-26 14:55:00,417.96073,1567,762.0,1451.0,217.91308,365.17344,0.77461,0.0,0.0,0.0,198.79198,354.25752,0.72946,0.1,51.0,55.0,78.0,4.0,69.0,11.0,0.0,Idle,51.916666666666664,4.183333333333334
2025-12-26 15:00:00,394.03783,1567,762.0,1451.0,206.78918,343.67353,0.78156,0.0,0.0,0.0,187.80969,332.82577,0.73407,0.07408,51.0,55.0,78.0,4.0,69.0,11.0,0.0,Idle,51.916666666666664,4.183333333333334
2025-12-26 15:05:00,396.81573,1567,762.0,1451.0,210.68831,339.36384,0.80969,0.0,0.0,0.0,189.67336,328.05601,0.76158,0.0,51.0,55.0,78.0,4.0,69.0,11.0,0.0,Idle,51.916666666666664,4.183333333333334
2025-12-26 15:10:00,398.87385,1567,762.0,1451.0,398.35774,670.84795,0.77228,0.0,0.0,0.0,1.9725,6.86802,0.01092,189.5512,51.0,55.0,78.0,4.0,69.0,11.0,0.0,Idle,51.916666666666664,4.183333333333334
2025-12-26 15:15:00,407.62661,1567,762.0,1451.0,407.90319,688.13652,0.77015,0.0,0.0,0.0,0.0,0.0,0.0,359.80043,51.0,55.0,78.0,4.0,69.0,11.0,0.0,Idle,51.916666666666664,4.183333333333334
2025-12-26 15:20:00,400.16486,1567,762.0,1451.0,399.67044,677.08631,0.76719,0.0,0.0,0.0,0.0,0.0,0.0,359.70943,51.0,55.0,78.0,4.0,69.0,11.0,0.0,Idle,51.916666666666664,4.183333333333334
2025-12-26 15:25:00,404.95902,1567,762.0,1451.0,405.74863,681.50219,0.77217,0.0,0.0,0.0,0.0,0.0,0.0,359.61863,51.0,55.0,78.0,4.0,69.0,11.0,0.0,Idle,51.916666666666664,4.183333333333334
2025-12-26 15:30:00,397.47986,1567,762.0,1451.0,396.51216,672.08788,0.76659,0.0,0.0,0.0,0.0,0.0,0.0,359.52786,51.0,55.0,78.0,4.0,69.0,11.0,0.0,Idle,51.916666666666664,4.183333333333334
2025-12-26 15:35:00,403.08598,1567,762.0,1451.0,403.05666,680.36123,0.76961,0.0,0.0,0.0,0.0,0.0,0.0,359.4,51.0,55.0,78.0,4.0,69.0,11.0,0.0,Idle,51.916666666666664,4.183333333333334
2025-12-26 15:40:00,395.90826,1567,762.0,1451.0,396.0697,667.0473,0.77138,0.0,0.0,0.0,0.0,0.0,0.0,359.4,51.0,55.0,78.0,4.0,69.0,11.0,0.0,Idle,51.916666666666664,4.183333333333334
2025-12-26 15:45:00,392.15049,1567,762.0,1451.0,392.47886,653.64964,0.77768,0.0,0.0,0.0,0.0,0.0,0.0,359.4,51.0,55.0,78.0,4.0,69.0,11.0,0.0,Idle,51.916666666666664,4.183333333333334
2025-12-26 15:50:00,390.63339,1567,762.0,1451.0,390.24814,655.21943,0.77491,0.0,0.0,0.0,0.0,0.0,0.0,359.42622,51.0,55.0,78.0,4.0,69.0,11.0,0.0,Idle,51.916666666666664,4.183333333333334
2025-12-26 15:55:00,397.39958,1567,762.0,1451.0,397.43091,660.98825,0.78081,0.0,0.0,0.0,0.0,0.0,0.0,359.66423,51.0,55.0,78.0,4.0,69.0,11.0,0.0,Idle,51.916666666666664,4.183333333333334
2025-12-26 16:00:00,409.36402,1567,762.0,1451.0,408.42513,673.50641,0.78753,0.0,0.0,0.0,0.0,0.0,0.0,302.01958,51.0,55.0,78.0,4.0,69.0,11.0,0.0,Idle,51.916666666666664,4.183333333333334
2025-12-26 16:05:00,406.99833,1567,762.0,1451.0,406.89907,674.92972,0.7828,0.0,0.0,0.0,0.0,0.0,0.0,0.07882,51.0,55.0,78.0,4.0,69.0,11.0,0.0,Idle,51.916666666666664,4.183333333333334
2025-12-26 16:10:00,405.19267,1567,762.0,1451.0,404.93212,669.31596,0.78896,0.0,0.0,0.0,0.0,0.0,0.0,0.2611,51.0,55.0,78.0,4.0,69.0,11.0,0.0,Idle,51.916666666666664,4.183333333333334
2025-12-26 16:15:00,414.87106,1567,762.0,1451.0,414.83333,678.88671,0.79502,0.0,0.0,0.0,0.0,0.0,0.0,0.5294,51.0,55.0,78.0,4.0,69.0,11.0,0.0,Idle,51.916666666666664,4.183333333333334
2025-12-26 16:20:00,419.36693,1567,762.0,1451.0,419.05898,682.70448,0.79875,0.0,0.0,0.0,0.0,0.0,0.0,0.6,51.0,55.0,78.0,4.0,69.0,11.0,0.0,Idle,51.916666666666664,4.183333333333334
2025-12-26 16:25:00,409.01949,1567,762.0,1451.0,409.3536,671.38849,0.7907,0.0,0.0,0.0,0.0,0.0,0.0,0.6,51.0,55.0,78.0,4.0,69.0,11.0,0.0,Idle,51.916666666666664,4.183333333333334
2025-12-26 16:30:00,417.91646,1567,762.0,1451.0,416.28324,681.63341,0.79554,0.0,0.0,0.0,0.0,0.0,0.0,0.6,51.0,55.0,78.0,4.0,69.0,11.0,0.0,Idle,51.916666666666664,4.183333333333334
2025-12-26 16:35:00,411.81011,1567,762.0,1451.0,412.05973,680.88061,0.78424,0.0,0.0,0.0,0.0,0.0,0.0,0.6,51.0,55.0,78.0,4.0,69.0,11.0,0.0,Idle,51.916666666666664,4.183333333333334
2025-12-26 16:40:00,414.41771,1567,762.0,1451.0,415.84226,684.07615,0.79061,0.0,0.0,0.0,0.0,0.0,0.0,0.6,51.0,55.0,78.0,4.0,69.0,11.0,0.0,Idle,51.916666666666664,4.183333333333334
2025-12-26 16:45:00,413.40463,1567,762.0,1451.0,412.8638,682.73466,0.78703,0.0,0.0,0.0,0.0,0.0,0.0,0.57812,51.0,55.0,78.0,4.0,69.0,11.0,0.0,Idle,51.916666666666664,4.183333333333334
2025-12-26 16:50:00,418.72427,1567,762.0,1451.0,417.28814,685.09266,0.79232,0.0,0.0,0.0,0.0,0.0,0.0,0.5,51.0,55.0,78.0,4.0,69.0,11.0,0.0,Idle,51.916666666666664,4.183333333333334
2025-12-26 16:55:00,412.1173,1567,762.0,1451.0,412.86005,680.58863,0.78622,0.0,0.0,0.0,0.0,0.0,0.0,0.3814,51.0,55.0,78.0,4.0,69.0,11.0,0.0,Idle,51.916666666666664,4.183333333333334
2025-12-26 17:00:00,417.22229,1567,762.0,1451.0,418.02455,686.97047,0.79102,0.0,0.0,0.0,0.0,0.0,0.0,0.3,51.0,55.0,78.0,4.0,69.0,11.0,0.0,Idle,51.916666666666664,4.183333333333334
2025-12-26 17:05:00,418.40417,1567,762.0,1451.0,419.02166,687.22065,0.79139,0.0,0.0,0.0,0.0,0.0,0.0,0.2273,51.0,55.0,78.0,4.0,69.0,11.0,0.0,Idle,51.916666666666664,4.183333333333334
2025-12-26 17:10:00,419.28435,1567,762.0,1451.0,418.67889,683.53752,0.79846,0.0,0.0,0.0,0.0,0.0,0.0,0.16085,51.0,55.0,78.0,4.0,69.0,11.0,0.0,Idle,51.916666666666664,4.183333333333334
2025-12-26 17:15:00,414.3058,1568,762.0,1451.0,412.96707,675.93879,0.7923,0.0,0.0,0.0,0.0,0.0,0.0,359.81598,51.0,55.0,78.0,4.0,69.0,11.0,0.0,Idle,51.916666666666664,4.183333333333334
2025-12-26 17:20:00,409.9747,1568,762.0,1451.0,410.43625,674.24466,0.78874,0.0,0.0,0.0,0.0,0.0,0.0,359.66094,51.0,55.0,78.0,4.0,69.0,11.0,0.0,Idle,51.916666666666664,4.183333333333334
2025-12-26 17:25:00,417.16994,1568,762.0,1451.0,417.50974,685.65276,0.78784,0.0,0.0,0.0,0.0,0.0,0.0,359.54601,51.0,55.0,78.0,4.0,69.0,11.0,0.0,Idle,51.916666666666664,4.183333333333334
2025-12-26 17:30:00,412.0056,1568,762.0,1451.0,413.50906,679.15919,0.78856,0.0,0.0,0.0,0.0,0.0,0.0,359.5,51.0,55.0,78.0,4.0,69.0,11.0,0.0,Idle,51.916666666666664,4.183333333333334
2025-12-26 17:35:00,409.55666,1568,762.0,1451.0,411.06435,676.59184,0.79039,0.0,0.0,0.0,0.0,0.0,0.0,359.5,51.0,55.0,78.0,4.0,69.0,11.0,0.0,Idle,51.916666666666664,4.183333333333334
2025-12-26 17:40:00,425.40897,1568,762.0,1451.0,423.76394,692.51875,0.79579,0.0,0.0,0.0,0.0,0.0,0.0,359.45852,51.0,55.0,78.0,4.0,69.0,11.0,0.0,Idle,51.916666666666664,4.183333333333334
2025-12-26 17:45:00,438.25232,1568,762.0,1451.0,437.28969,711.91198,0.79819,0.0,0.0,0.0,0.0,0.0,0.0,359.4,51.0,55.0,78.0,4.0,69.0,11.0,0.0,Idle,51.916666666666664,4.183333333333334
2025-12-26 17:50:00,407.24257,1568,762.0,1451.0,407.12564,673.60489,0.78893,0.0,0.0,0.0,0.0,0.0,0.0,359.4,51.0,55.0,78.0,4.0,69.0,11.0,0.0,Idle,51.916666666666664,4.183333333333334
2025-12-26 17:55:00,420.95852,1568,762.0,1451.0,421.19955,688.00186,0.79551,0.0,0.0,0.0,0.0,0.0,0.0,359.4793,51.0,55.0,78.0,4.0,69.0,11.0,0.0,Idle,51.916666666666664,4.183333333333334
2025-12-26 18:00:00,410.66027,1568,762.0,1451.0,411.64339,681.04574,0.78697,0.0,0.0,0.0,0.0,0.0,0.0,359.62756,51.0,55.0,78.0,4.0,69.0,11.0,0.0,Idle,51.916666666666664,4.183333333333334
2025-12-26 18:05:00,414.34974,1568,762.0,1451.0,415.26792,680.97829,0.79184,0.0,0.0,0.0,0.0,0.0,0.0,332.66355,51.0,55.0,78.0,4.0,69.0,11.0,0.0,Idle,51.916666666666664,4.183333333333334
2025-12-26 18:10:00,406.88341,1568,762.0,1451.0,406.19607,670.51938,0.78952,0.0,0.0,0.0,0.0,0.0,0.0,0.09339,51.0,55.0,78.0,4.0,69.0,11.0,0.0,Idle,51.916666666666664,4.183333333333334
2025-12-26 18:15:00,407.81867,1568,762.0,1451.0,407.78339,672.07515,0.78976,0.0,0.0,0.0,0.0,0.0,0.0,0.61519,51.0,55.0,78.0,4.0,69.0,11.0,0.0,Idle,51.916666666666664,4.183333333333334
2025-12-26 18:20:00,406.79094,1568,762.0,1451.0,404.77838,670.54363,0.78409,0.0,0.0,0.0,0.0,0.0,0.0,0.77793,51.0,55.0,78.0,4.0,69.0,11.0,0.0,Idle,51.916666666666664,4.183333333333334
2025-12-26 18:25:00,409.00662,1568,762.0,1451.0,409.33188,674.50787,0.78936,0.0,0.0,0.0,0.0,0.0,0.0,0.9,51.0,55.0,78.0,4.0,69.0,11.0,0.0,Idle,51.916666666666664,4.183333333333334
2025-12-26 18:30:00,409.9813,1568,762.0,1451.0,408.78299,677.16356,0.78658,0.0,0.0,0.0,0.0,0.0,0.0,0.9,51.0,55.0,78.0,4.0,69.0,11.0,0.0,Loading,51.916666666666664,4.183333333333334
2025-12-26 18:35:00,408.50972,1568,762.0,1451.0,409.42733,673.66503,0.7887,0.0,0.0,0.0,0.0,0.0,0.0,0.9,51.0,55.0,78.0,4.0,69.0,11.0,0.0,Loading,51.916666666666664,4.183333333333334
2025-12-26 18:40:00,422.58083,1568,762.0,1451.0,421.23098,689.40253,0.79537,0.0,0.0,0.0,0.0,0.0,0.0,0.9,51.0,55.0,78.0,4.0,69.0,11.0,0.0,Loading,51.916666666666664,4.183333333333334
2025-12-26 18:45:00,418.21649,1568,762.0,1451.0,417.5377,684.02861,0.79303,0.0,0.0,0.0,0.0,0.0,0.0,0.86669,51.0,55.0,78.0,4.0,69.0,11.0,0.0,Loading,51.916666666666664,4.183333333333334
2025-12-26 18:50:00,411.47647,1568,762.0,1451.0,411.22748,675.7479,0.7902,0.0,0.0,0.0,0.0,0.0,0.0,0.77562,51.0,55.0,78.0,4.0,69.0,11.0,0.0,Loading,51.916666666666664,4.183333333333334
2025-12-26 18:55:00,442.58154,1568,762.0,1451.0,442.09887,729.68672,0.78937,0.0,0.0,0.0,0.0,0.0,0.0,0.59405,51.0,55.0,78.0,4.0,69.0,11.0,0.0,Loading,51.916666666666664,4.183333333333334
2025-12-26 19:00:00,447.3185,1568,762.0,1451.0,445.81337,728.65337,0.79347,0.0,0.0,0.0,0.0,0.0,0.0,0.5,51.0,55.0,78.0,4.0,69.0,11.0,0.0,Loading,51.916666666666664,4.183333333333334
2025-12-26 19:05:00,414.21508,1568,762.0,1451.0,412.85661,679.40829,0.78712,0.0,0.0,0.0,0.0,0.0,0.0,0.40315,51.0,55.0,78.0,4.0,69.0,11.0,0.0,Loading,51.916666666666664,4.183333333333334
2025-12-26 19:10:00,406.26105,1568,762.0,1451.0,403.72922,667.21914,0.78568,0.0,0.0,0.0,0.0,0.0,0.0,0.36107,51.0,55.0,78.0,4.0,69.0,11.0,0.0,Loading,51.916666666666664,4.183333333333334
2025-12-26 19:15:00,409.56804,1568,762.0,1451.0,408.77362,674.05365,0.78849,0.0,0.0,0.0,0.0,0.0,0.0,0.08079,51.0,55.0,78.0,4.0,69.0,11.0,0.0,Loading,51.916666666666664,4.183333333333334
2025-12-26 19:20:00,420.68221,1568,762.0,1451.0,419.94062,684.78813,0.79721,0.0,0.0,0.0,0.0,0.0,0.0,316.71575,51.0,55.0,78.0,4.0,69.0,11.0,0.0,Loading,51.916666666666664,4.183333333333334
2025-12-26 19:25:00,413.63441,1568,762.0,1451.0,415.7467,682.3596,0.79153,0.0,0.0,0.0,0.0,0.0,0.0,359.70526,51.0,55.0,78.0,4.0,69.0,11.0,0.0,Loading,51.916666666666664,4.183333333333334
2025-12-26 19:30:00,417.02809,1568,762.0,1451.0,417.3421,686.08607,0.78898,0.0,0.0,0.0,0.0,0.0,0.0,359.53129,51.0,55.0,78.0,4.0,69.0,11.0,0.0,Loading,51.916666666666664,4.183333333333334
2025-12-26 19:35:00,406.01812,1568.02851,762.0,1451.0,406.21255,672.37084,0.78864,0.0,0.0,0.0,0.0,0.0,0.0,359.24816,51.0,55.0,78.0,4.0,69.0,11.0,0.0,Loading,51.916666666666664,4.183333333333334
2025-12-26 19:40:00,410.44704,1569,762.0,1451.0,411.30165,678.51697,0.78657,0.0,0.0,0.0,0.0,0.0,0.0,359.16886,51.0,55.0,78.0,4.0,69.0,11.0,0.0,Loading,51.916666666666664,4.183333333333334
2025-12-26 19:45:00,405.44524,1569,762.0,1451.0,404.95063,672.54712,0.7826,0.0,0.0,0.0,0.0,0.0,0.0,359.1,51.0,55.0,78.0,4.0,69.0,11.0,0.0,Loading,51.916666666666664,4.183333333333334
2025-12-26 19:50:00,509.69644,1569,762.0,1451.0,512.55083,795.01682,0.83391,0.0,0.0,0.0,0.0,0.0,0.0,359.1,51.0,55.0,78.0,4.0,69.0,11.0,0.0,Loading,51.916666666666664,4.183333333333334
2025-12-26 19:55:00,534.35953,1569,762.0,1451.0,534.44264,822.61794,0.842,0.0,0.0,0.0,0.0,0.0,0.0,359.2,51.0,55.0,78.0,4.0,69.0,11.0,0.0,Loading,51.916666666666664,4.183333333333334
2025-12-26 20:00:00,538.4289,1569,762.0,1451.0,539.77759,828.34846,0.84504,0.0,0.0,0.0,0.0,0.0,0.0,359.2955,51.0,55.0,78.0,4.0,69.0,11.0,0.0,Loading,51.916666666666664,4.183333333333334
2025-12-26 20:05:00,533.05127,1569,762.0,1451.0,533.06796,820.19151,0.8406,0.0,0.0,0.0,0.0,0.0,0.0,359.39841,51.0,55.0,78.0,4.0,69.0,11.0,0.0,Loading,51.916666666666664,4.183333333333334
2025-12-26 20:10:00,547.2301,1569,762.0,1451.0,545.82571,835.33732,0.84772,0.0,0.0,0.0,0.0,0.0,0.0,359.48913,51.0,55.0,78.0,4.0,69.0,11.0,0.0,Loading,51.916666666666664,4.183333333333334
2025-12-26 20:15:00,551.409,1569,762.0,1451.0,552.76956,847.1444,0.84647,0.0,0.0,0.0,0.0,0.0,0.0,359.683,51.0,55.0,78.0,4.0,69.0,11.0,0.0,Loading,51.916666666666664,4.183333333333334
2025-12-26 20:20:00,542.02956,1569,762.0,1451.0,541.66868,832.04372,0.84419,0.0,0.0,0.0,0.0,0.0,0.0,359.83362,51.0,55.0,78.0,4.0,69.0,11.0,0.0,Loading,51.916666666666664,4.183333333333334
2025-12-26 20:25:00,541.59429,1569,762.0,1451.0,540.6766,831.39967,0.8414,0.0,0.0,0.0,0.0,0.0,0.0,116.21182,51.0,55.0,78.0,4.0,69.0,11.0,0.0,Loading,51.916666666666664,4.183333333333334
2025-12-26 20:30:00,550.79615,1569,762.0,1451.0,551.51655,844.4094,0.84751,0.0,0.0,0.0,0.0,0.0,0.0,0.09473,51.0,55.0,78.0,4.0,69.0,11.0,0.0,Loading,51.916666666666664,4.183333333333334
2025-12-26 20:35:00,560.35586,1569,762.0,1451.0,560.85097,852.8367,0.85001,0.0,0.0,0.0,0.0,0.0,0.0,0.36782,51.0,55.0,78.0,4.0,69.0,11.0,0.0,Loading,51.916666666666664,4.183333333333334
2025-12-26 20:40:00,556.40262,1569,762.0,1451.0,556.84774,847.7215,0.85,0.0,0.0,0.0,0.0,0.0,0.0,0.54509,51.0,55.0,78.0,4.0,69.0,11.0,0.0,Loading,51.916666666666664,4.183333333333334
2025-12-26 20:45:00,576.10924,1569,762.0,1451.0,577.49512,876.00576,0.85219,0.0,0.0,0.0,0.0,0.0,0.0,0.68319,51.0,55.0,78.0,4.0,69.0,11.0,0.0,Loading,51.916666666666664,4.183333333333334
2025-12-26 20:50:00,574.46996,1569,762.0,1451.0,575.96669,870.48832,0.85658,0.0,0.0,0.0,0.0,0.0,0.0,0.79985,51.0,55.0,78.0,4.0,69.0,11.0,0.0,Loading,51.916666666666664,4.183333333333334
2025-12-26 20:55:00,553.10005,1569,762.0,1451.0,551.31945,840.03582,0.84946,0.0,0.0,0.0,0.0,0.0,0.0,0.9,51.0,55.0,78.0,4.0,69.0,11.0,0.0,Loading,51.916666666666664,4.183333333333334
2025-12-26 21:00:00,536.34912,1569,762.0,1451.0,536.08525,825.10888,0.84356,0.0,0.0,0.0,0.0,0.0,0.0,0.9,51.0,55.0,78.0,4.0,69.0,11.0,0.0,Loading,51.916666666666664,4.183333333333334
2025-12-26 21:05:00,531.44404,1569,762.0,1451.0,529.83366,814.25915,0.84412,0.0,0.0,0.0,0.0,0.0,0.0,0.9,51.0,55.0,78.0,4.0,69.0,11.0,0.0,Loading,51.916666666666664,4.183333333333334
2025-12-26 21:10:00,526.38009,1569,762.0,1451.0,529.06607,813.37239,0.84309,0.0,0.0,0.0,0.0,0.0,0.0,0.80954,51.0,55.0,78.0,4.0,69.0,11.0,0.0,Loading,51.916666666666664,4.183333333333334
2025-12-26 21:15:00,536.09618,1569,762.0,1451.0,536.35556,825.65885,0.84309,0.0,0.0,0.0,0.0,0.0,0.0,0.59249,51.0,55.0,78.0,4.0,69.0,11.0,0.0,Loading,51.916666666666664,4.183333333333334
2025-12-26 21:20:00,530.88697,1569,762.0,1451.0,529.83702,816.84662,0.84101,0.0,0.0,0.0,0.0,0.0,0.0,0.47392,51.0,55.0,78.0,4.0,69.0,11.0,0.0,Loading,51.916666666666664,4.183333333333334
2025-12-26 21:25:00,546.19926,1569,762.0,1451.0,545.41681,832.90976,0.84782,0.0,0.0,0.0,0.0,0.0,0.0,0.34653,51.0,55.0,78.0,4.0,69.0,11.0,0.0,Loading,51.916666666666664,4.183333333333334
2025-12-26 21:30:00,547.04364,1569,762.0,1451.0,544.99661,832.42463,0.84865,0.0,0.0,0.0,0.0,0.0,0.0,0.1995,51.0,55.0,78.0,4.0,69.0,11.0,0.0,Loading,51.916666666666664,4.183333333333334
2025-12-26 21:35:00,536.90115,1570,762.0,1451.0,534.44057,819.44664,0.84772,0.0,0.0,0.0,0.0,0.0,0.0,0.1,51.0,55.0,78.0,4.0,69.0,11.0,0.0,Loading,51.916666666666664,4.183333333333334
2025-12-26 21:40:00,531.56123,1570,762.0,1451.0,529.9524,815.58839,0.84358,0.0,0.0,0.0,0.0,0.0,0.0,0.1,51.0,55.0,78.0,4.0,69.0,11.0,0.0,Loading,51.916666666666664,4.183333333333334
2025-12-26 21:45:00,540.03431,1570,762.0,1451.0,542.03603,829.0551,0.84986,0.0,0.0,0.0,0.0,0.0,0.0,0.17992,51.0,55.0,78.0,4.0,69.0,11.0,0.0,Loading,51.916666666666664,4.183333333333334
2025-12-26 21:50:00,560.4188,1570,762.0,1451.0,559.96991,856.44059,0.84837,0.0,0.0,0.0,0.0,0.0,0.0,0.2,51.0,55.0,78.0,4.0,69.0,11.0,0.0,Loading,51.916666666666664,4.183333333333334
2025-12-26 21:55:00,528.79362,1570,762.0,1451.0,528.02915,812.57583,0.84402,0.0,0.0,0.0,0.0,0.0,0.0,0.3,51.0,55.0,78.0,4.0,69.0,11.0,0.0,Loading,51.916666666666664,4.183333333333334
2025-12-26 22:00:00,519.60469,1570,762.0,1451.0,520.29587,802.20841,0.84063,0.0,0.0,0.0,0.0,0.0,0.0,0.3,51.0,55.0,78.0,4.0,69.0,11.0,0.0,Loading,51.916666666666664,4.183333333333334
2025-12-26 22:05:00,552.35788,1570,762.0,1451.0,553.10576,844.90897,0.8501,0.0,0.0,0.0,0.0,0.0,0.0,0.21446,51.0,55.0,78.0,4.0,69.0,11.0,0.0,Loading,51.916666666666664,4.183333333333334
2025-12-26 22:10:00,561.70411,1570,762.0,1451.0,562.49646,855.88521,0.85113,0.0,0.0,0.0,0.0,0.0,0.0,0.12389,51.0,55.0,78.0,4.0,69.0,11.0,0.0,Loading,51.916666666666664,4.183333333333334
2025-12-26 22:15:00,561.51926,1570,762.0,1451.0,560.3918,852.16029,0.85099,0.0,0.0,0.0,0.0,0.0,0.0,0.0,51.0,55.0,78.0,4.0,69.0,11.0,0.0,Loading,51.916666666666664,4.183333333333334
2025-12-26 22:20:00,568.45296,1570,762.0,1451.0,567.78312,861.97976,0.85504,0.0,0.0,0.0,0.0,0.0,0.0,0.0,51.0,55.0,78.0,4.0,69.0,11.0,0.0,Loading,51.916666666666664,4.183333333333334
2025-12-26 22:25:00,569.35247,1570,762.0,1451.0,571.50846,868.22146,0.85161,0.0,0.0,0.0,0.0,0.0,0.0,0.0,51.0,55.0,78.0,4.0,69.0,11.0,0.0,Loading,51.916666666666664,4.183333333333334
2025-12-26 22:30:00,561.78122,1570,762.0,1451.0,560.72991,853.48121,0.8518,0.0,0.0,0.0,0.0,0.0,0.0,0.06985,51.0,55.0,78.0,4.0,69.0,11.0,0.0,Loading,51.916666666666664,4.183333333333334
2025-12-26 22:35:00,552.03255,1570,762.0,1451.0,551.7029,843.11138,0.84658,0.0,0.0,0.0,0.0,0.0,0.0,358.5771,51.0,55.0,78.0,4.0,69.0,11.0,0.0,Loading,51.916666666666664,4.183333333333334
2025-12-26 22:40:00,554.14524,1570,762.0,1451.0,552.29647,844.92961,0.8483,0.0,0.0,0.0,0.0,0.0,0.0,359.77837,51.0,55.0,78.0,4.0,69.0,11.0,0.0,Loading,51.916666666666664,4.183333333333334
2025-12-26 22:45:00,551.82752,1570,762.0,1451.0,553.17104,844.66003,0.85165,0.0,0.0,0.0,0.0,0.0,0.0,359.66373,51.0,55.0,78.0,4.0,69.0,11.0,0.0,Loading,51.916666666666664,4.183333333333334
2025-12-26 22:50:00,551.51708,1570,762.0,1451.0,551.70257,841.22221,0.85337,0.0,0.0,0.0,0.0,0.0,0.0,359.54893,51.0,55.0,78.0,4.0,69.0,11.0,0.0,Loading,51.916666666666664,4.183333333333334
2025-12-26 22:55:00,546.62238,1570,762.0,1451.0,546.1954,838.21801,0.84409,0.0,0.0,0.0,0.0,0.0,0.0,359.4,51.0,55.0,78.0,4.0,69.0,11.0,0.0,Loading,51.916666666666664,4.183333333333334
2025-12-26 23:00:00,558.56959,1570,762.0,1451.0,558.92987,848.4015,0.85626,0.0,0.0,0.0,0.0,0.0,0.0,359.30962,51.0,55.0,78.0,4.0,69.0,11.0,0.0,Loading,51.916666666666664,4.183333333333334
2025-12-26 23:05:00,556.34785,1570,762.0,1451.0,556.74352,847.35397,0.85293,0.0,0.0,0.0,0.0,0.0,0.0,359.3,51.0,55.0,78.0,4.0,69.0,11.0,0.0,Loading,51.916666666666664,4.183333333333334
2025-12-26 23:10:00,568.21501,1570,762.0,1451.0,570.38024,869.6053,0.85072,0.0,0.0,0.0,0.0,0.0,0.0,359.3,51.0,55.0,78.0,4.0,69.0,11.0,0.0,Loading,51.916666666666664,4.183333333333334
2025-12-26 23:15:00,580.4398,1570,762.0,1451.0,578.00933,880.07329,0.85133,0.0,0.0,0.0,0.0,0.0,0.0,359.3,51.0,55.0,78.0,4.0,69.0,11.0,0.0,Loading,51.916666666666664,4.183333333333334
2025-12-26 23:20:00,563.05779,1570.85727,762.0,1451.0,563.04604,854.93636,0.85433,0.0,0.0,0.0,0.0,0.0,0.0,359.3,51.0,55.0,78.0,4.0,69.0,11.0,0.0,Loading,51.916666666666664,4.183333333333334
2025-12-26 23:25:00,555.05731,1571,762.0,1451.0,554.33124,843.32382,0.85153,0.0,0.0,0.0,0.0,0.0,0.0,359.3,51.0,55.0,78.0,4.0,69.0,11.0,0.0,Loading,51.916666666666664,4.183333333333334
2025-12-26 23:30:00,563.88638,1571,762.0,1451.0,564.68672,859.09781,0.85405,0.0,0.0,0.0,0.0,0.0,0.0,359.34752,51.0,55.0,78.0,4.0,69.0,11.0,0.0,Loading,51.916666666666664,4.183333333333334
2025-12-26 23:35:00,546.81429,1571,762.0,1451.0,547.15621,836.35237,0.84971,0.0,0.0,0.0,0.0,0.0,0.0,359.4648,51.0,55.0,78.0,4.0,69.0,11.0,0.0,Loading,51.916666666666664,4.183333333333334
2025-12-26 23:40:00,556.20128,1571,762.0,1451.0,556.49083,847.5709,0.85028,0.0,0.0,0.0,0.0,0.0,0.0,359.53146,51.0,55.0,78.0,4.0,69.0,11.0,0.0,Loading,51.916666666666664,4.183333333333334
2025-12-26 23:45:00,549.40405,1571,762.0,1451.0,548.84472,841.4577,0.84437,0.0,0.0,0.0,0.0,0.0,0.0,359.62214,51.0,55.0,78.0,4.0,69.0,11.0,0.0,Loading,51.916666666666664,4.183333333333334
2025-12-26 23:50:00,554.09861,1571,762.0,1451.0,552.19696,840.88954,0.85112,0.0,0.0,0.0,0.0,0.0,0.0,359.7,51.0,55.0,78.0,4.0,69.0,11.0,0.0,Loading,51.916666666666664,4.183333333333334
2025-12-26 23:55:00,556.8849,1571,762.0,1451.0,556.92412,847.05752,0.85225,0.0,0.0,0.0,0.0,0.0,0.0,359.83828,51.0,55.0,78.0,4.0,69.0,11.0,0.0,Loading,51.916666666666664,4.183333333333334
2025-12-27 00:00:00,561.66657,1571,762.0,1451.0,561.64434,855.15213,0.85066,0.0,0.0,0.0,0.0,0.0,0.0,353.87794,51.0,55.0,78.0,4.0,69.0,11.0,0.0,Loading,51.916666666666664,4.183333333333334
2025-12-27 00:05:00,559.77079,1571,762.0,1451.0,557.26997,849.08635,0.85183,0.0,0.0,0.0,0.0,0.0,0.0,0.0,51.0,55.0,78.0,4.0,69.0,11.0,0.0,Loading,51.916666666666664,4.183333333333334
2025-12-27 00:10:00,572.73702,1571,762.0,1451.0,571.43757,866.35102,0.85666,0.0,0.0,0.0,0.0,0.0,0.0,0.0,51.0,55.0,78.0,4.0,69.0,11.0,0.0,Loading,51.916666666666664,4.183333333333334
2025-12-27 00:15:00,554.62413,1571,762.0,1451.0,554.53877,844.79197,0.85078,0.0,0.0,0.0,0.0,0.0,0.0,0.32139,51.0,55.0,78.0,4.0,69.0,11.0,0.0,Loading,51.916666666666664,4.183333333333334
2025-12-27 00:20:00,555.3436,1571,762.0,1451.0,555.88449,848.0763,0.84795,0.0,0.0,0.0,0.0,0.0,0.0,0.56466,51.0,55.0,78.0,4.0,69.0,11.0,0.0,Loading,51.916666666666664,4.183333333333334
2025-12-27 00:25:00,551.11138,1571,762.0,1451.0,549.8048,838.74466,0.85024,0.0,0.0,0.0,0.0,0.0,0.0,0.69236,51.0,55.0,78.0,4.0,69.0,11.0,0.0,Loading,51.916666666666664,4.183333333333334
2025-12-27 00:30:00,559.94332,1571,762.0,1451.0,558.08218,849.09406,0.85397,0.0,0.0,0.0,0.0,0.0,0.0,0.7,51.0,55.0,78.0,4.0,69.0,11.0,0.0,Loading,51.916666666666664,4.183333333333334
2025-12-27 00:35:00,564.89111,1571,762.0,1451.0,563.41201,858.21933,0.85097,0.0,0.0,0.0,0.0,0.0,0.0,0.43945,51.0,55.0,78.0,4.0,69.0,11.0,0.0,Loading,51.916666666666664,4.183333333333334
2025-12-27 00:40:00,558.89679,1571,762.0,1451.0,559.2059,850.80017,0.85153,0.0,0.0,0.0,0.0,0.0,0.0,0.3,51.0,55.0,78.0,4.0,69.0,11.0,0.0,Loading,51.916666666666664,4.183333333333334
2025-12-27 00:45:00,561.92594,1571,762.0,1451.0,561.42681,851.99938,0.8542,0.0,0.0,0.0,0.0,0.0,0.0,0.3,51.0,55.0,78.0,4.0,69.0,11.0,0.0,Loading,51.916666666666664,4.183333333333334
2025-12-27 00:50:00,565.2724,1571,762.0,1451.0,566.225,857.55491,0.85564,0.0,0.0,0.0,0.0,0.0,0.0,0.3,51.0,55.0,78.0,4.0,69.0,11.0,0.0,Loading,51.916666666666664,4.183333333333334
2025-12-27 00:55:00,556.77769,1571,762.0,1451.0,557.61258,848.63732,0.85075,0.0,0.0,0.0,0.0,0.0,0.0,0.2,51.0,55.0,78.0,4.0,69.0,11.0,0.0,Loading,51.916666666666664,4.183333333333334
2025-12-27 01:00:00,560.06451,1571,762.0,1451.0,558.90646,850.46314,0.85135,0.0,0.0,0.0,0.0,0.0,0.0,0.10186,51.0,55.0,78.0,4.0,69.0,11.0,0.0,Loading,51.916666666666664,4.183333333333334
2025-12-27 01:05:00,560.76618,1571.00226,762.0,1451.0,561.55191,855.48982,0.85418,0.0,0.0,0.0,0.0,0.0,0.0,157.55859,51.0,55.0,78.0,4.0,69.0,11.0,0.0,Loading,51.916666666666664,4.183333333333334
2025-12-27 01:10:00,557.42925,1572,762.0,1451.0,556.43096,848.40434,0.8509,0.0,0.0,0.0,0.0,0.0,0.0,359.8229,51.0,55.0,78.0,4.0,69.0,11.0,0.0,Loading,51.916666666666664,4.183333333333334
2025-12-27 01:15:00,552.03228,1572,762.0,1451.0,553.10164,843.63961,0.84873,0.0,0.0,0.0,0.0,0.0,0.0,359.54945,51.0,55.0,78.0,4.0,69.0,11.0,0.0,Loading,51.916666666666664,4.183333333333334
2025-12-27 01:20:00,554.742,1572,762.0,1451.0,556.02599,845.95509,0.85141,0.0,0.0,0.0,0.0,0.0,0.0,359.49524,51.0,55.0,78.0,4.0,69.0,11.0,0.0,Loading,51.916666666666664,4.183333333333334
2025-12-27 01:25:00,564.31283,1572,762.0,1451.0,564.3675,858.96396,0.85177,0.0,0.0,0.0,0.0,0.0,0.0,359.4,51.0,55.0,78.0,4.0,69.0,11.0,0.0,Loading,51.916666666666664,4.183333333333334
2025-12-27 01:30:00,557.19701,1572,762.0,1451.0,558.05996,847.84302,0.85196,0.0,0.0,0.0,0.0,0.0,0.0,359.4,51.0,55.0,78.0,4.0,69.0,11.0,0.0,Loading,51.916666666666664,4.183333333333334
2025-12-27 01:35:00,563.61229,1572,762.0,1451.0,562.42629,855.64351,0.85115,0.0,0.0,0.0,0.0,0.0,0.0,359.50849,51.0,55.0,78.0,4.0,69.0,11.0,0.0,Loading,51.916666666666664,4.183333333333334
2025-12-27 01:40:00,555.96354,1572,762.0,1451.0,556.26786,847.12604,0.85218,0.0,0.0,0.0,0.0,0.0,0.0,359.6781,51.0,55.0,78.0,4.0,69.0,11.0,0.0,Loading,51.916666666666664,4.183333333333334
2025-12-27 01:45:00,556.38246,1572,762.0,1451.0,556.80219,846.75117,0.85348,0.0,0.0,0.0,0.0,0.0,0.0,327.58698,51.0,55.0,78.0,4.0,69.0,11.0,0.0,Loading,51.916666666666664,4.183333333333334
2025-12-27 01:50:00,562.01385,1572,762.0,1451.0,560.56077,853.54068,0.85191,0.0,0.0,0.0,0.0,0.0,0.0,0.04005,51.0,55.0,78.0,4.0,69.0,11.0,0.0,Loading,51.916666666666664,4.183333333333334
2025-12-27 01:55:00,570.10288,1572,762.0,1451.0,567.60126,860.81089,0.85602,0.0,0.0,0.0,0.0,0.0,0.0,0.2,51.0,55.0,78.0,4.0,69.0,11.0,0.0,Loading,51.916666666666664,4.183333333333334
2025-12-27 02:00:00,552.28625,1572,762.0,1451.0,552.85684,843.05096,0.84852,0.0,0.0,0.0,0.0,0.0,0.0,0.2,51.0,55.0,78.0,4.0,69.0,11.0,0.0,Loading,51.916666666666664,4.183333333333334
2025-12-27 02:05:00,561.2523,1572,762.0,1451.0,559.48646,853.76751,0.85017,0.0,0.0,0.0,0.0,0.0,0.0,0.19501,51.0,55.0,78.0,4.0,69.0,11.0,0.0,Loading,51.916666666666664,4.183333333333334
2025-12-27 02:10:00,520.27374,1572,762.0,1451.0,517.66715,795.9973,0.84032,0.0,0.0,0.0,0.0,0.0,0.0,0.092,51.0,55.0,78.0,4.0,69.0,11.0,0.0,Loading,51.916666666666664,4.183333333333334
2025-12-27 02:15:00,387.52067,1572,762.0,1451.0,387.63997,634.64311,0.79342,0.0,0.0,0.0,0.0,0.0,0.0,289.0486,51.0,55.0,78.0,4.0,69.0,11.0,0.0,Loading,51.916666666666664,4.183333333333334
2025-12-27 02:20:00,390.17701,1572,762.0,1451.0,388.17283,637.84927,0.79088,0.0,0.0,0.0,0.0,0.0,0.0,359.88191,51.0,55.0,78.0,4.0,69.0,11.0,0.0,Loading,51.916666666666664,4.183333333333334
2025-12-27 02:25:00,397.4626,1572,762.0,1451.0,396.83609,647.35076,0.79757,0.0,0.0,0.0,0.0,0.0,0.0,359.8,51.0,55.0,78.0,4.0,69.0,11.0,0.0,Loading,51.916666666666664,4.183333333333334
2025-12-27 02:30:00,393.69722,1572,762.0,1451.0,392.22086,640.32771,0.79653,0.0,0.0,0.0,0.0,0.0,0.0,359.8,51.0,55.0,78.0,4.0,69.0,11.0,0.0,Loading,51.916666666666664,4.183333333333334
2025-12-27 02:35:00,393.00008,1572,762.0,1451.0,394.49449,646.72861,0.79373,0.0,0.0,0.0,0.0,0.0,0.0,359.9,51.0,55.0,78.0,4.0,69.0,11.0,0.0,Loading,51.916666666666664,4.183333333333334
2025-12-27 02:40:00,395.5694,1572,762.0,1451.0,396.82623,647.16221,0.79686,0.0,0.0,0.0,0.0,0.0,0.0,359.9,51.0,55.0,78.0,4.0,69.0,11.0,0.0,Loading,51.916666666666664,4.183333333333334
2025-12-27 02:45:00,397.97647,1572,762.0,1451.0,396.69604,645.62466,0.80026,0.0,0.0,0.0,0.0,0.0,0.0,359.9,51.0,55.0,78.0,4.0,69.0,11.0,0.0,Loading,51.916666666666664,4.183333333333334
2025-12-27 02:50:00,396.67225,1572,762.0,1451.0,395.96095,644.50312,0.79909,0.0,0.0,0.0,0.0,0.0,0.0,108.67146,51.0,55.0,78.0,4.0,69.0,11.0,0.0,Loading,51.916666666666664,4.183333333333334
2025-12-27 02:55:00,391.39707,1572,762.0,1451.0,388.45631,640.11377,0.78777,0.0,0.0,0.0,0.0,0.0,0.0,0.0,51.0,55.0,78.0,4.0,69.0,11.0,0.0,Loading,51.916666666666664,4.183333333333334
2025-12-27 03:00:00,386.78365,1572,762.0,1451.0,387.40128,638.2559,0.79038,0.0,0.0,0.0,0.0,0.0,0.0,0.0,51.0,55.0,78.0,4.0,69.0,11.0,0.0,Loading,51.916666666666664,4.183333333333334
2025-12-27 03:05:00,387.64969,1572,762.0,1451.0,387.33419,635.57159,0.79519,0.0,0.0,0.0,0.0,0.0,0.0,0.0,51.0,55.0,78.0,4.0,69.0,11.0,0.0,Loading,51.916666666666664,4.183333333333334
2025-12-27 03:10:00,391.80062,1572,762.0,1451.0,390.75413,638.50302,0.79549,0.0,0.0,0.0,0.0,0.0,0.0,0.0,51.0,55.0,78.0,4.0,69.0,11.0,0.0,Loading,51.916666666666664,4.183333333333334
2025-12-27 03:15:00,395.04654,1573,762.0,1451.0,396.52605,645.3093,0.79773,0.0,0.0,0.0,0.0,0.0,0.0,0.08482,51.0,55.0,78.0,4.0,69.0,11.0,0.0,Loading,51.916666666666664,4.183333333333334
2025-12-27 03:20:00,395.67621,1573,762.0,1451.0,395.0052,644.64634,0.7975,0.0,0.0,0.0,0.0,0.0,0.0,0.1,51.0,55.0,78.0,4.0,69.0,11.0,0.0,Loading,51.916666666666664,4.183333333333334
2025-12-27 03:25:00,400.47191,1573,762.0,1451.0,399.74974,650.74405,0.80153,0.0,0.0,0.0,0.0,0.0,0.0,0.1,51.0,55.0,78.0,4.0,69.0,11.0,0.0,Loading,51.916666666666664,4.183333333333334
2025-12-27 03:30:00,402.2153,1573,762.0,1451.0,402.62588,655.8266,0.7972,0.0,0.0,0.0,0.0,0.0,0.0,0.1,51.0,55.0,78.0,4.0,69.0,11.0,0.0,Loading,51.916666666666664,4.183333333333334
2025-12-27 03:35:00,402.84579,1573,762.0,1451.0,403.49195,653.04862,0.80265,0.0,0.0,0.0,0.0,0.0,0.0,0.2,51.0,55.0,78.0,4.0,69.0,11.0,0.0,Loading,51.916666666666664,4.183333333333334
2025-12-27 03:40:00,401.70534,1573,762.0,1451.0,403.1381,652.42603,0.80355,0.0,0.0,0.0,0.0,0.0,0.0,0.2,51.0,55.0,78.0,4.0,69.0,11.0,0.0,Loading,51.916666666666664,4.183333333333334
2025-12-27 03:45:00,487.71184,1573,762.0,1451.0,487.91823,750.75611,0.84353,0.0,0.0,0.0,0.0,0.0,0.0,0.24456,51.0,55.0,78.0,4.0,69.0,11.0,0.0,Loading,51.916666666666664,4.183333333333334
2025-12-27 03:50:00,478.3981,1573,762.0,1451.0,477.68807,739.61194,0.83669,0.0,0.0,0.0,0.0,0.0,0.0,0.40731,51.0,55.0,78.0,4.0,69.0,11.0,0.0,Loading,51.916666666666664,4.183333333333334
2025-12-27 03:55:00,439.44516,1573,762.0,1451.0,439.34745,709.87801,0.80446,0.0,0.0,0.0,0.0,0.0,0.0,0.6,51.0,55.0,78.0,4.0,69.0,11.0,0.0,Loading,51.916666666666664,4.183333333333334
2025-12-27 04:00:00,404.21231,1573,762.0,1451.0,402.50329,656.58628,0.79872,0.0,0.0,0.0,0.0,0.0,0.0,0.69426,51.0,55.0,78.0,4.0,69.0,11.0,0.0,Loading,51.916666666666664,4.183333333333334
2025-12-27 04:05:00,410.89517,1573,762.0,1451.0,410.67613,663.97462,0.80322,0.0,0.0,0.0,0.0,0.0,0.0,0.7,51.0,55.0,78.0,4.0,69.0,11.0,0.0,Loading,51.916666666666664,4.183333333333334
2025-12-27 04:10:00,405.27323,1573,762.0,1451.0,405.38776,658.30682,0.80156,0.0,0.0,0.0,0.0,0.0,0.0,0.7,51.0,55.0,78.0,4.0,69.0,11.0,0.0,Loading,51.916666666666664,4.183333333333334
2025-12-27 04:15:00,404.44741,1573,762.0,1451.0,404.48257,656.10618,0.7973,0.0,0.0,0.0,0.0,0.0,0.0,0.65404,51.0,55.0,78.0,4.0,69.0,11.0,0.0,Loading,51.916666666666664,4.183333333333334
2025-12-27 04:20:00,406.96311,1573,762.0,1451.0,408.33934,660.32163,0.80473,0.0,0.0,0.0,0.0,0.0,0.0,0.6,51.0,55.0,78.0,4.0,69.0,11.0,0.0,Loading,51.916666666666664,4.183333333333334
2025-12-27 04:25:00,405.6446,1573,762.0,1451.0,405.30606,654.57579,0.80377,0.0,0.0,0.0,0.0,0.0,0.0,0.56122,51.0,55.0,78.0,4.0,69.0,11.0,0.0,Loading,51.916666666666664,4.183333333333334
2025-12-27 04:30:00,409.48273,1573,762.0,1451.0,412.47415,668.38189,0.80405,0.0,0.0,0.0,0.0,0.0,0.0,0.5,51.0,55.0,78.0,4.0,69.0,11.0,0.0,Loading,51.916666666666664,4.183333333333334
2025-12-27 04:35:00,400.3911,1573,762.0,1451.0,399.8789,650.6387,0.80002,0.0,0.0,0.0,0.0,0.0,0.0,0.4,51.0,55.0,78.0,4.0,69.0,11.0,0.0,Loading,51.916666666666664,4.183333333333334
2025-12-27 04:40:00,407.88199,1573,762.0,1451.0,408.45857,661.23796,0.80401,0.0,0.0,0.0,0.0,0.0,0.0,0.3367,51.0,55.0,78.0,4.0,69.0,11.0,0.0,Loading,51.916666666666664,4.183333333333334
2025-12-27 04:45:00,412.01053,1573,762.0,1451.0,411.98274,666.84451,0.80424,0.0,0.0,0.0,0.0,0.0,0.0,0.3,51.0,55.0,78.0,4.0,69.0,11.0,0.0,Loading,51.916666666666664,4.183333333333334
2025-12-27 04:50:00,400.5848,1573,762.0,1451.0,399.13798,649.26586,0.79741,0.0,0.0,0.0,0.0,0.0,0.0,0.20711,51.0,55.0,78.0,4.0,69.0,11.0,0.0,Loading,51.916666666666664,4.183333333333334
2025-12-27 04:55:00,408.87018,1573,762.0,1451.0,407.95253,662.10997,0.80036,0.0,0.0,0.0,0.0,0.0,0.0,0.1,51.0,55.0,78.0,4.0,69.0,11.0,0.0,Loading,51.916666666666664,4.183333333333334
2025-12-27 05:00:00,405.18779,1573,762.0,1451.0,406.41172,657.11856,0.80203,0.0,0.0,0.0,0.0,0.0,0.0,0.03145,51.0,55.0,78.0,4.0,69.0,11.0,0.0,Loading,51.916666666666664,4.183333333333334
2025-12-27 05:05:00,406.97899,1573,762.0,1451.0,407.62045,658.786,0.80333,0.0,0.0,0.0,0.0,0.0,0.0,0.0,51.0,55.0,78.0,4.0,69.0,11.0,0.0,Loading,51.916666666666664,4.183333333333334
2025-12-27 05:10:00,394.19808,1573,762.0,1451.0,394.82292,643.54696,0.79621,0.0,0.0,0.0,0.0,0.0,0.0,0.0,51.0,55.0,78.0,4.0,69.0,11.0,0.0,Loading,51.916666666666664,4.183333333333334
2025-12-27 05:15:00,405.19929,1573,762.0,1451.0,405.72722,656.1546,0.80325,0.0,0.0,0.0,0.0,0.0,0.0,0.1,51.0,55.0,78.0,4.0,69.0,11.0,0.0,Loading,51.916666666666664,4.183333333333334
2025-12-27 05:20:00,400.58184,1573,762.0,1451.0,400.52877,650.92137,0.80352,0.0,0.0,0.0,0.0,0.0,0.0,0.1,51.0,55.0,78.0,4.0,69.0,11.0,0.0,Loading,51.916666666666664,4.183333333333334
2025-12-27 05:25:00,408.28346,1573,762.0,1451.0,408.804,662.56019,0.80326,0.0,0.0,0.0,0.0,0.0,0.0,0.13739,51.0,55.0,78.0,4.0,69.0,11.0,0.0,Loading,51.916666666666664,4.183333333333334
2025-12-27 05:30:00,395.12029,1573,762.0,1451.0,395.34696,645.73198,0.79341,0.0,0.0,0.0,0.0,0.0,0.0,0.2,51.0,55.0,78.0,4.0,69.0,11.0,0.0,Loading,51.916666666666664,4.183333333333334
2025-12-27 05:35:00,395.98222,1573,762.0,1451.0,395.43208,644.01804,0.79821,0.0,0.0,0.0,0.0,0.0,0.0,0.2,51.0,55.0,78.0,4.0,69.0,11.0,0.0,Loading,51.916666666666664,4.183333333333334
2025-12-27 05:40:00,404.47361,1573.78029,762.0,1451.0,405.00259,657.55882,0.79882,0.0,0.0,0.0,0.0,0.0,0.0,0.21292,51.0,55.0,78.0,4.0,69.0,11.0,0.0,Loading,51.916666666666664,4.183333333333334
2025-12-27 05:45:00,404.9684,1574,762.0,1451.0,403.91638,653.24597,0.80176,0.0,0.0,0.0,0.0,0.0,0.0,0.3,51.0,55.0,78.0,4.0,69.0,11.0,0.0,Loading,51.916666666666664,4.183333333333334
2025-12-27 05:50:00,411.06457,1574,762.0,1451.0,414.02489,667.76167,0.80478,0.0,0.0,0.0,0.0,0.0,0.0,0.25692,51.0,55.0,78.0,4.0,69.0,11.0,0.0,Loading,51.916666666666664,4.183333333333334
2025-12-27 05:55:00,609.19964,1574,762.0,1451.0,609.13895,908.66961,0.86874,0.0,0.0,0.0,0.0,0.0,0.0,0.2,51.0,55.0,78.0,4.0,69.0,11.0,0.0,Loading,51.916666666666664,4.183333333333334
2025-12-27 06:00:00,604.98957,1574,762.0,1451.0,605.17351,899.5411,0.87222,0.0,0.0,0.0,0.0,0.0,0.0,0.19541,51.0,55.0,78.0,4.0,69.0,11.0,0.0,Loading,51.916666666666664,4.183333333333334
2025-12-27 06:05:00,590.98131,1574,762.0,1451.0,590.56715,879.60366,0.87074,0.0,0.0,0.0,0.0,0.0,0.0,0.1,51.0,55.0,78.0,4.0,69.0,11.0,0.0,Loading,51.916666666666664,4.183333333333334
2025-12-27 06:10:00,577.98299,1574,762.0,1451.0,578.81859,866.28094,0.86548,0.0,0.0,0.0,0.0,0.0,0.0,0.1,51.0,55.0,78.0,4.0,69.0,11.0,0.0,Loading,51.916666666666664,4.183333333333334
2025-12-27 06:15:00,586.30796,1574,762.0,1451.0,586.15691,876.94924,0.86934,0.0,0.0,0.0,0.0,0.0,0.0,0.04752,51.0,55.0,78.0,4.0,69.0,11.0,0.0,Loading,51.916666666666664,4.183333333333334
2025-12-27 06:20:00,574.99077,1574,762.0,1451.0,574.8417,860.55767,0.86113,0.0,0.0,0.0,0.0,0.0,0.0,260.07333,51.0,55.0,78.0,4.0,69.0,11.0,0.0,Loading,51.916666666666664,4.183333333333334
2025-12-27 06:25:00,577.35687,1574,762.0,1451.0,580.17314,870.14282,0.86426,0.0,0.0,0.0,0.0,0.0,0.0,359.75516,51.0,55.0,78.0,4.0,69.0,11.0,0.0,Loading,51.916666666666664,4.183333333333334
2025-12-27 06:30:00,577.73583,1574,762.0,1451.0,576.24905,866.33802,0.86473,0.0,0.0,0.0,0.0,0.0,0.0,359.58648,51.0,55.0,78.0,4.0,69.0,11.0,0.0,Loading,51.916666666666664,4.183333333333334
2025-12-27 06:35:00,584.41952,1574,762.0,1451.0,582.43877,870.10799,0.86764,0.0,0.0,0.0,0.0,0.0,0.0,359.6042,51.0,55.0,78.0,4.0,69.0,11.0,0.0,Loading,51.916666666666664,4.183333333333334
2025-12-27 06:40:00,587.60676,1574,762.0,1451.0,590.10388,879.87323,0.86736,0.0,0.0,0.0,0.0,0.0,0.0,359.7,51.0,55.0,78.0,4.0,69.0,11.0,0.0,Loading,51.916666666666664,4.183333333333334
2025-12-27 06:45:00,587.4867,1574,762.0,1451.0,588.02405,878.69461,0.86679,0.0,0.0,0.0,0.0,0.0,0.0,359.7,51.0,55.0,78.0,4.0,69.0,11.0,0.0,Loading,51.916666666666664,4.183333333333334
2025-12-27 06:50:00,591.37646,1574,762.0,1451.0,589.37521,877.11397,0.87072,0.0,0.0,0.0,0.0,0.0,0.0,359.70607,51.0,55.0,78.0,4.0,69.0,11.0,0.0,Loading,51.916666666666664,4.183333333333334
2025-12-27 06:55:00,582.67596,1574,762.0,1451.0,584.81694,874.79492,0.86543,0.0,0.0,0.0,0.0,0.0,0.0,359.66226,51.0,55.0,78.0,4.0,69.0,11.0,0.0,Loading,51.916666666666664,4.183333333333334
2025-12-27 07:00:00,588.47892,1574,762.0,1451.0,587.94133,879.02644,0.86586,0.0,0.0,0.0,0.0,0.0,0.0,359.54734,51.0,55.0,78.0,4.0,69.0,11.0,0.0,Loading,51.916666666666664,4.183333333333334
2025-12-27 07:05:00,580.43856,1574,762.0,1451.0,581.66245,869.09269,0.86639,0.0,0.0,0.0,0.0,0.0,0.0,359.41987,51.0,55.0,78.0,4.0,69.0,11.0,0.0,Loading,51.916666666666664,4.183333333333334
2025-12-27 07:10:00,577.67928,1574,762.0,1451.0,573.98823,857.31657,0.86718,0.0,0.0,0.0,0.0,0.0,0.0,359.4,51.0,55.0,78.0,4.0,69.0,11.0,0.0,Loading,51.916666666666664,4.183333333333334
2025-12-27 07:15:00,531.82404,1574,762.0,1451.0,531.93621,792.43837,0.87066,0.0,0.0,0.0,0.0,0.0,0.0,359.57229,51.0,55.0,78.0,4.0,69.0,11.0,0.0,Loading,51.916666666666664,4.183333333333334
2025-12-27 07:20:00,548.8584,1574,762.0,1451.0,551.40414,817.54018,0.87587,0.0,0.0,0.0,0.0,0.0,0.0,359.73253,51.0,55.0,78.0,4.0,69.0,11.0,0.0,Loading,51.916666666666664,4.183333333333334
2025-12-27 07:25:00,546.33805,1574.00768,762.0,1451.0,544.77694,809.97593,0.87312,0.0,0.0,0.0,0.0,0.0,0.0,359.84827,51.0,55.0,78.0,4.0,69.0,11.0,0.0,Loading,51.916666666666664,4.183333333333334
2025-12-27 07:30:00,530.75338,1575,762.0,1451.0,530.24401,792.57438,0.86457,0.0,0.0,0.0,0.0,0.0,0.0,103.54986,51.0,55.0,78.0,4.0,69.0,11.0,0.0,Loading,51.916666666666664,4.183333333333334
2025-12-27 07:35:00,502.42273,1575,762.0,1451.0,504.42559,756.84655,0.86229,0.0,0.0,0.0,0.0,0.0,0.0,0.22208,51.0,55.0,78.0,4.0,69.0,11.0,0.0,Loading,51.916666666666664,4.183333333333334
2025-12-27 07:40:00,507.27749,1575,762.0,1451.0,504.89111,757.67888,0.86501,0.0,0.0,0.0,0.0,0.0,0.0,0.3,51.0,55.0,78.0,4.0,69.0,11.0,0.0,Loading,51.916666666666664,4.183333333333334
2025-12-27 07:45:00,488.6598,1575,762.0,1451.0,490.94103,744.63798,0.85361,0.0,0.0,0.0,0.0,0.0,0.0,0.38754,51.0,55.0,78.0,4.0,69.0,11.0,0.0,Loading,51.916666666666664,4.183333333333334
2025-12-27 07:50:00,525.90518,1575,762.0,1451.0,525.46804,787.19554,0.86438,0.0,0.0,0.0,0.0,0.0,0.0,0.4,51.0,55.0,78.0,4.0,69.0,11.0,0.0,Loading,51.916666666666664,4.183333333333334
2025-12-27 07:55:00,504.21939,1575,762.0,1451.0,502.77271,756.24299,0.86067,0.0,0.0,0.0,0.0,0.0,0.0,0.4,51.0,55.0,78.0,4.0,69.0,11.0,0.0,Loading,51.916666666666664,4.183333333333334
2025-12-27 08:00:00,480.98597,1575,762.0,1451.0,484.62133,736.65771,0.85457,0.0,0.0,0.0,0.0,0.0,0.0,0.4,51.0,55.0,78.0,4.0,69.0,11.0,0.0,Loading,51.916666666666664,4.183333333333334
2025-12-27 08:05:00,546.65462,1575,762.0,1451.0,548.26279,836.17802,0.85025,0.0,0.0,0.0,0.0,0.0,0.0,0.39208,51.0,55.0,78.0,4.0,69.0,11.0,0.0,Loading,51.916666666666664,4.183333333333334
2025-12-27 08:10:00,552.80432,1575,762.0,1451.0,553.1541,851.58555,0.84303,0.0,0.0,0.0,0.0,0.0,0.0,0.3,51.0,55.0,78.0,4.0,69.0,11.0,0.0,Loading,51.916666666666664,4.183333333333334
2025-12-27 08:15:00,576.80901,1575,762.0,1451.0,578.02879,883.50183,0.84435,0.0,0.0,0.0,0.0,0.0,0.0,0.2,51.0,55.0,78.0,4.0,69.0,11.0,0.0,Loading,51.916666666666664,4.183333333333334
2025-12-27 08:20:00,566.31273,1575,762.0,1451.0,565.25593,865.2483,0.84421,0.0,0.0,0.0,0.0,0.0,0.0,0.15688,51.0,55.0,78.0,4.0,69.0,11.0,0.0,Loading,51.916666666666664,4.183333333333334
2025-12-27 08:25:00,561.94556,1575,762.0,1451.0,560.54151,858.20101,0.84264,0.0,0.0,0.0,0.0,0.0,0.0,0.1,51.0,55.0,78.0,4.0,69.0,11.0,0.0,Loading,51.916666666666664,4.183333333333334
2025-12-27 08:30:00,573.98117,1575,762.0,1451.0,572.34074,876.18166,0.84617,0.0,0.0,0.0,0.0,0.0,0.0,0.09919,51.0,55.0,78.0,4.0,69.0,11.0,0.0,Loading,51.916666666666664,4.183333333333334
2025-12-27 08:35:00,490.43499,1575,762.0,1451.0,490.31322,772.47805,0.82087,0.0,0.0,0.0,0.0,0.0,0.0,0.0,51.0,55.0,78.0,4.0,69.0,11.0,0.0,Loading,51.916666666666664,4.183333333333334
2025-12-27 08:40:00,485.81407,1575,762.0,1451.0,486.33557,768.67811,0.82098,0.0,0.0,0.0,0.0,0.0,0.0,330.75604,51.0,55.0,78.0,4.0,69.0,11.0,0.0,Loading,51.916666666666664,4.183333333333334
2025-12-27 08:45:00,495.12295,1575,762.0,1451.0,495.41016,782.27779,0.81891,0.0,0.0,0.0,0.0,0.0,0.0,359.9,51.0,55.0,78.0,4.0,69.0,11.0,0.0,Loading,51.916666666666664,4.183333333333334
2025-12-27 08:50:00,472.58433,1575,762.0,1451.0,471.76829,744.8511,0.81952,0.0,0.0,0.0,0.0,0.0,0.0,359.9,51.0,55.0,78.0,4.0,69.0,11.0,0.0,Loading,51.916666666666664,4.183333333333334
2025-12-27 08:55:00,413.9414,1575,762.0,1451.0,413.35696,643.47408,0.8325,0.0,0.0,0.0,0.0,0.0,0.0,359.85286,51.0,55.0,78.0,4.0,69.0,11.0,0.0,Loading,51.916666666666664,4.183333333333334
2025-12-27 09:00:00,403.34076,1575,762.0,1451.0,404.14516,635.09043,0.82769,0.0,0.0,0.0,0.0,0.0,0.0,359.8,51.0,55.0,78.0,4.0,69.0,11.0,0.0,Loading,51.916666666666664,4.183333333333334
2025-12-27 09:05:00,407.26384,1575,762.0,1451.0,406.30697,640.94696,0.82597,0.0,0.0,0.0,0.0,0.0,0.0,359.8,51.0,55.0,78.0,4.0,69.0,11.0,0.0,Loading,51.916666666666664,4.183333333333334
2025-12-27 09:10:00,418.35518,1575,762.0,1451.0,421.18503,665.85457,0.82294,0.0,0.0,0.0,0.0,0.0,0.0,359.8,51.0,55.0,78.0,4.0,69.0,11.0,0.0,Loading,51.916666666666664,4.183333333333334
2025-12-27 09:15:00,418.33978,1575,762.0,1451.0,417.09611,656.54133,0.82063,0.0,0.0,0.0,0.0,0.0,0.0,359.9,51.0,55.0,78.0,4.0,69.0,11.0,0.0,Loading,51.916666666666664,4.183333333333334
2025-12-27 09:20:00,392.81352,1575,762.0,1451.0,393.54147,623.93996,0.81834,0.0,0.0,0.0,0.0,0.0,0.0,359.9,51.0,55.0,78.0,4.0,69.0,11.0,0.0,Loading,51.916666666666664,4.183333333333334
2025-12-27 09:25:00,392.24241,1575,762.0,1451.0,392.35283,658.41602,0.77381,0.0,0.0,0.0,0.0,0.0,0.0,359.9,51.0,55.0,78.0,4.0,69.0,11.0,0.0,Loading,51.916666666666664,4.183333333333334
2025-12-27 09:30:00,387.59225,1575,762.0,1451.0,304.19074,526.40448,0.73389,0.0,0.0,0.0,82.3586,139.58782,0.30176,93.76142,51.0,55.0,78.0,4.0,69.0,11.0,0.0,Loading,51.916666666666664,4.183333333333334
2025-12-27 09:35:00,387.54817,1576,762.0,1451.0,128.77827,283.77479,0.58824,0.0,0.0,0.0,259.49418,392.80204,0.8533,0.0,51.0,55.0,78.0,4.0,69.0,11.0,0.0,Loading,51.916666666666664,4.183333333333334
2025-12-27 09:40:00,385.61015,1576,762.0,1451.0,132.56342,286.66364,0.60262,0.0,0.0,0.0,251.53305,385.65165,0.8445,0.0,51.0,55.0,78.0,4.0,69.0,11.0,0.0,Loading,51.916666666666664,4.183333333333334
2025-12-27 09:45:00,383.46484,1576,762.0,1451.0,142.93077,292.86546,0.62921,0.0,0.0,0.0,239.68213,373.1677,0.82728,0.0,51.0,55.0,78.0,4.0,69.0,11.0,0.0,Loading,51.916666666666664,4.183333333333334
2025-12-27 09:50:00,371.62978,1576,762.0,1451.0,244.56296,427.55078,0.73776,0.0,0.0,0.0,127.90714,218.69701,0.49939,0.0754,51.0,55.0,78.0,4.0,69.0,11.0,0.0,Loading,51.916666666666664,4.183333333333334
2025-12-27 09:55:00,382.4175,1576,762.0,1451.0,382.77421,657.85318,0.75946,0.0,0.0,0.0,0.0,0.0,0.0,0.1,51.0,55.0,78.0,4.0,69.0,11.0,0.0,Loading,51.916666666666664,4.183333333333334
2025-12-27 10:00:00,401.49875,1576,762.0,1451.0,401.0015,676.1852,0.76867,0.0,0.0,0.0,0.0,0.0,0.0,0.1,51.0,55.0,78.0,4.0,69.0,11.0,0.0,Loading,51.916666666666664,4.183333333333334
2025-12-27 10:05:00,407.56336,1576,762.0,1451.0,407.12919,684.31462,0.77443,0.0,0.0,0.0,0.0,0.0,0.0,0.1,51.0,55.0,78.0,4.0,69.0,11.0,0.0,Loading,51.916666666666664,4.183333333333334
2025-12-27 10:10:00,393.85287,1576,762.0,1451.0,391.47138,668.86895,0.76044,0.0,0.0,0.0,0.0,0.0,0.0,0.1,51.0,55.0,78.0,4.0,69.0,11.0,0.0,Loading,51.916666666666664,4.183333333333334
2025-12-27 10:15:00,387.16778,1576,762.0,1451.0,386.41276,659.11838,0.76238,0.0,0.0,0.0,0.0,0.0,0.0,0.1,51.0,55.0,78.0,4.0,69.0,11.0,0.0,Loading,51.916666666666664,4.183333333333334
2025-12-27 10:20:00,391.96712,1576,762.0,1451.0,393.11694,664.15956,0.76713,0.0,0.0,0.0,0.0,0.0,0.0,0.1,51.0,55.0,78.0,4.0,69.0,11.0,0.0,Loading,51.916666666666664,4.183333333333334
2025-12-27 10:25:00,388.01071,1576,762.0,1451.0,387.12206,657.5884,0.7632,0.0,0.0,0.0,0.0,0.0,0.0,0.1,51.0,55.0,78.0,4.0,69.0,11.0,0.0,Loading,51.916666666666664,4.183333333333334
2025-12-27 10:30:00,382.02936,1576,762.0,1451.0,382.07298,656.18398,0.75555,0.0,0.0,0.0,0.0,0.0,0.0,0.1,51.0,55.0,78.0,4.0,69.0,11.0,0.0,Loading,51.916666666666664,4.183333333333334
2025-12-27 10:35:00,381.15781,1576,762.0,1451.0,381.86208,655.14848,0.75624,0.0,0.0,0.0,0.0,0.0,0.0,0.1,51.0,55.0,78.0,4.0,69.0,11.0,0.0,Loading,51.916666666666664,4.183333333333334
2025-12-27 10:40:00,388.59731,1576,762.0,1451.0,389.10119,662.23261,0.76164,0.0,0.0,0.0,0.0,0.0,0.0,0.1,51.0,55.0,78.0,4.0,69.0,11.0,0.0,Loading,51.916666666666664,4.183333333333334
2025-12-27 10:45:00,383.03176,1576,762.0,1451.0,382.75912,654.3035,0.75812,0.0,0.0,0.0,0.0,0.0,0.0,0.1,51.0,55.0,78.0,4.0,69.0,11.0,0.0,Loading,51.916666666666664,4.183333333333334
2025-12-27 10:50:00,387.58754,1576,762.0,1451.0,386.64791,659.04017,0.75962,0.0,0.0,0.0,0.0,0.0,0.0,0.1,51.0,55.0,78.0,4.0,69.0,11.0,0.0,Loading,51.916666666666664,4.183333333333334
2025-12-27 10:55:00,387.38234,1576,762.0,1451.0,387.25647,662.18469,0.75851,0.0,0.0,0.0,0.0,0.0,0.0,0.1,51.0,55.0,78.0,4.0,69.0,11.0,0.0,Loading,51.916666666666664,4.183333333333334
2025-12-27 11:00:00,391.75415,1576,762.0,1451.0,392.80401,669.23548,0.75814,0.0,0.0,0.0,0.0,0.0,0.0,0.1,51.0,55.0,78.0,4.0,69.0,11.0,0.0,Loading,51.916666666666664,4.183333333333334
2025-12-27 11:05:00,449.07678,1576,762.0,1451.0,449.24738,730.9262,0.7949,0.0,0.0,0.0,0.0,0.0,0.0,0.1,51.0,55.0,78.0,4.0,69.0,11.0,0.0,Loading,51.916666666666664,4.183333333333334
2025-12-27 11:10:00,465.30553,1576,762.0,1451.0,463.40746,749.068,0.79938,0.0,0.0,0.0,0.0,0.0,0.0,0.1,51.0,55.0,78.0,4.0,69.0,11.0,0.0,Loading,51.916666666666664,4.183333333333334
2025-12-27 11:15:00,378.90452,1576,762.0,1451.0,380.2301,654.95536,0.75202,0.0,0.0,0.0,0.0,0.0,0.0,0.1,51.0,55.0,78.0,4.0,69.0,11.0,0.0,Loading,51.916666666666664,4.183333333333334
2025-12-27 11:20:00,382.94613,1576,762.0,1451.0,384.27572,662.87016,0.75344,0.0,0.0,0.0,0.0,0.0,0.0,0.1,51.0,55.0,78.0,4.0,69.0,11.0,0.0,Loading,51.916666666666664,4.183333333333334
2025-12-27 11:25:00,385.23124,1576,762.0,1451.0,384.53918,660.14794,0.75782,0.0,0.0,0.0,0.0,0.0,0.0,0.1,51.0,55.0,78.0,4.0,69.0,11.0,0.0,Loading,51.916666666666664,4.183333333333334
2025-12-27 11:30:00,388.28084,1576,762.0,1451.0,387.72298,663.02428,0.75972,0.0,0.0,0.0,0.0,0.0,0.0,0.00916,51.0,55.0,78.0,4.0,69.0,11.0,0.0,Loading,51.916666666666664,4.183333333333334
2025-12-27 11:35:00,396.50151,1576,762.0,1451.0,394.18888,673.199,0.7585,0.0,0.0,0.0,0.0,0.0,0.0,0.0,51.0,55.0,78.0,4.0,69.0,11.0,0.0,Loading,51.916666666666664,4.183333333333334
2025-12-27 11:40:00,392.59401,1576,762.0,1451.0,392.6278,670.22498,0.7588,0.0,0.0,0.0,0.0,0.0,0.0,58.55723,51.0,55.0,78.0,4.0,69.0,11.0,0.0,Loading,51.916666666666664,4.183333333333334
2025-12-27 11:45:00,389.23524,1576,762.0,1451.0,388.81457,663.63536,0.76086,0.0,0.0,0.0,0.0,0.0,0.0,359.9,51.0,55.0,78.0,4.0,69.0,11.0,0.0,Loading,51.916666666666664,4.183333333333334
2025-12-27 11:50:00,383.67755,1576,762.0,1451.0,384.08884,659.46163,0.75715,0.0,0.0,0.0,0.0,0.0,0.0,359.9,51.0,55.0,78.0,4.0,69.0,11.0,0.0,Loading,51.916666666666664,4.183333333333334
2025-12-27 11:55:00,413.46838,1576,762.0,1451.0,414.44771,689.06635,0.77795,0.0,0.0,0.0,0.0,0.0,0.0,359.9,51.0,55.0,78.0,4.0,69.0,11.0,0.0,Loading,51.916666666666664,4.183333333333334
2025-12-27 12:00:00,418.85065,1576,762.0,1451.0,419.20778,710.31994,0.76592,0.0,0.0,0.0,0.0,0.0,0.0,359.9,51.0,55.0,78.0,4.0,69.0,11.0,0.0,Loading,51.916666666666664,4.183333333333334
2025-12-27 12:05:00,428.55506,1576,762.0,1451.0,428.86095,722.29454,0.77067,0.0,0.0,0.0,0.0,0.0,0.0,359.9,51.0,55.0,78.0,4.0,69.0,11.0,0.0,Loading,51.916666666666664,4.183333333333334
2025-12-27 12:10:00,423.83632,1576,762.0,1451.0,423.51509,715.5765,0.76818,0.0,0.0,0.0,0.0,0.0,0.0,359.9,51.0,55.0,78.0,4.0,69.0,11.0,0.0,Loading,51.916666666666664,4.183333333333334
2025-12-27 12:15:00,451.7823,1576.86378,762.0,1451.0,450.03627,750.6795,0.77883,0.0,0.0,0.0,0.0,0.0,0.0,0.0,51.0,55.0,78.0,4.0,69.0,11.0,0.0,Loading,51.916666666666664,4.183333333333334
2025-12-27 12:20:00,460.19472,1577,762.0,1451.0,458.18111,763.56013,0.78053,0.0,0.0,0.0,0.0,0.0,0.0,0.0,51.0,55.0,78.0,4.0,69.0,11.0,0.0,Loading,51.916666666666664,4.183333333333334
2025-12-27 12:25:00,456.71154,1577,762.0,1451.0,457.57819,764.24342,0.77726,0.0,0.0,0.0,0.0,0.0,0.0,0.0,51.0,55.0,78.0,4.0,69.0,11.0,0.0,Loading,51.916666666666664,4.183333333333334
2025-12-27 12:30:00,448.60092,1577,762.0,1451.0,447.76422,747.39881,0.77819,0.0,0.0,0.0,0.0,0.0,0.0,0.0,51.0,55.0,78.0,4.0,69.0,11.0,0.0,Loading,51.916666666666664,4.183333333333334
2025-12-27 12:35:00,445.65768,1577,762.0,1451.0,444.03363,748.86246,0.77185,0.0,0.0,0.0,0.0,0.0,0.0,0.0,51.0,55.0,78.0,4.0,69.0,11.0,0.0,Loading,51.916666666666664,4.183333333333334
2025-12-27 12:40:00,457.30631,1577,762.0,1451.0,457.66925,767.94222,0.77502,0.0,0.0,0.0,0.0,0.0,0.0,0.0,51.0,55.0,78.0,4.0,69.0,11.0,0.0,Loading,51.916666666666664,4.183333333333334
2025-12-27 12:45:00,449.53124,1577,762.0,1451.0,449.38633,751.90286,0.77773,0.0,0.0,0.0,0.0,0.0,0.0,0.0,51.0,55.0,78.0,4.0,69.0,11.0,0.0,Loading,51.916666666666664,4.183333333333334
2025-12-27 12:50:00,473.90248,1577,762.0,1451.0,474.25782,781.76504,0.78682,0.0,0.0,0.0,0.0,0.0,0.0,0.0,51.0,55.0,78.0,4.0,69.0,11.0,0.0,Loading,51.916666666666664,4.183333333333334
2025-12-27 12:55:00,454.83253,1577,762.0,1451.0,454.96513,762.21858,0.77688,0.0,0.0,0.0,0.0,0.0,0.0,0.00052,51.0,55.0,78.0,4.0,69.0,11.0,0.0,Loading,51.916666666666664,4.183333333333334
2025-12-27 13:00:00,457.67552,1577,762.0,1451.0,457.10846,762.58939,0.78153,0.0,0.0,0.0,0.0,0.0,0.0,0.1,51.0,55.0,78.0,4.0,69.0,11.0,0.0,Loading,51.916666666666664,4.183333333333334
2025-12-27 13:05:00,439.19007,1577,762.0,1451.0,438.93936,742.7035,0.76495,0.0,0.0,0.0,0.0,0.0,0.0,0.1,51.0,55.0,78.0,4.0,69.0,11.0,0.0,Loading,51.916666666666664,4.183333333333334
2025-12-27 13:10:00,458.23739,1577,762.0,1451.0,457.37451,764.28691,0.77534,0.0,0.0,0.0,0.0,0.0,0.0,0.1,51.0,55.0,78.0,4.0,69.0,11.0,0.0,Loading,51.916666666666664,4.183333333333334
2025-12-27 13:15:00,448.81278,1577,762.0,1451.0,445.91284,749.79203,0.77084,0.0,0.0,0.0,0.0,0.0,0.0,0.2,51.0,55.0,78.0,4.0,69.0,11.0,0.0,Loading,51.916666666666664,4.183333333333334
2025-12-27 13:20:00,456.9158,1577,762.0,1451.0,455.75439,761.43368,0.77509,0.0,0.0,0.0,0.0,0.0,0.0,0.2,51.0,55.0,78.0,4.0,69.0,11.0,0.0,Loading,51.916666666666664,4.183333333333334
2025-12-27 13:25:00,455.34245,1577,762.0,1451.0,455.63053,760.36446,0.77539,0.0,0.0,0.0,0.0,0.0,0.0,0.2,51.0,55.0,78.0,4.0,69.0,11.0,0.0,Loading,51.916666666666664,4.183333333333334
2025-12-27 13:30:00,458.24881,1577,762.0,1451.0,458.09532,764.82653,0.77579,0.0,0.0,0.0,0.0,0.0,0.0,0.2,51.0,55.0,78.0,4.0,69.0,11.0,0.0,Loading,51.916666666666664,4.183333333333334
2025-12-27 13:35:00,487.30387,1577,762.0,1451.0,486.45608,806.949,0.78164,0.0,0.0,0.0,0.0,0.0,0.0,0.2,51.0,55.0,78.0,4.0,69.0,11.0,0.0,Loading,51.916666666666664,4.183333333333334
2025-12-27 13:40:00,456.67514,1577,762.0,1451.0,455.85322,763.58421,0.77267,0.0,0.0,0.0,0.0,0.0,0.0,0.10659,51.0,55.0,78.0,4.0,69.0,11.0,0.0,Loading,51.916666666666664,4.183333333333334
2025-12-27 13:45:00,446.40727,1577,762.0,1451.0,447.2647,751.81716,0.76956,0.0,0.0,0.0,0.0,0.0,0.0,0.1,51.0,55.0,78.0,4.0,69.0,11.0,0.0,Loading,51.916666666666664,4.183333333333334
2025-12-27 13:50:00,447.33501,1577,762.0,1451.0,446.21782,748.37123,0.77242,0.0,0.0,0.0,0.0,0.0,0.0,0.1,51.0,55.0,78.0,4.0,69.0,11.0,0.0,Loading,51.916666666666664,4.183333333333334
2025-12-27 13:55:00,441.91747,1577,762.0,1451.0,442.64287,744.3449,0.77017,0.0,0.0,0.0,0.0,0.0,0.0,0.1,51.0,55.0,78.0,4.0,69.0,11.0,0.0,Loading,51.916666666666664,4.183333333333334
2025-12-27 14:00:00,450.93045,1577,762.0,1451.0,448.53733,756.3806,0.76845,0.0,0.0,0.0,0.0,0.0,0.0,0.1,51.0,55.0,78.0,4.0,69.0,11.0,0.0,Loading,51.916666666666664,4.183333333333334
2025-12-27 14:05:00,453.49797,1577,762.0,1451.0,454.50075,759.75102,0.77241,0.0,0.0,0.0,0.0,0.0,0.0,0.1,51.0,55.0,78.0,4.0,69.0,11.0,0.0,Loading,51.916666666666664,4.183333333333334
2025-12-27 14:10:00,472.18701,1577,762.0,1451.0,470.95336,780.93317,0.78484,0.0,0.0,0.0,0.0,0.0,0.0,0.08273,51.0,55.0,78.0,4.0,69.0,11.0,0.0,Loading,51.916666666666664,4.183333333333334
2025-12-27 14:15:00,448.39199,1577,762.0,1451.0,447.84161,755.83075,0.76965,0.0,0.0,0.0,0.0,0.0,0.0,0.0,51.0,55.0,78.0,4.0,69.0,11.0,0.0,Loading,51.916666666666664,4.183333333333334
2025-12-27 14:20:00,431.61801,1577,762.0,1451.0,431.50971,736.85996,0.76095,0.0,0.0,0.0,0.0,0.0,0.0,0.0,51.0,55.0,78.0,4.0,69.0,11.0,0.0,Loading,51.916666666666664,4.183333333333334
2025-12-27 14:25:00,450.19025,1577,762.0,1451.0,451.15364,756.16098,0.77381,0.0,0.0,0.0,0.0,0.0,0.0,0.0,51.0,55.0,78.0,4.0,69.0,11.0,0.0,Loading,51.916666666666664,4.183333333333334
2025-12-27 14:30:00,446.40049,1577.79724,762.0,1451.0,447.12812,755.14495,0.77012,0.0,0.0,0.0,0.0,0.0,0.0,0.0,51.0,55.0,78.0,4.0,69.0,11.0,0.0,Loading,51.916666666666664,4.183333333333334
2025-12-27 14:35:00,440.91732,1578,762.0,1451.0,439.68016,743.69895,0.76959,0.0,0.0,0.0,0.0,0.0,0.0,0.0,51.0,55.0,78.0,4.0,69.0,11.0,0.0,Loading,51.916666666666664,4.183333333333334
2025-12-27 14:40:00,452.5694,1578,762.0,1451.0,452.44975,760.21448,0.77253,0.0,0.0,0.0,0.0,0.0,0.0,0.0,51.0,55.0,78.0,4.0,69.0,11.0,0.0,Loading,51.916666666666664,4.183333333333334
2025-12-27 14:45:00,445.72869,1578,762.0,1451.0,445.89672,750.91444,0.77306,0.0,0.0,0.0,0.0,0.0,0.0,0.0,51.0,55.0,78.0,4.0,69.0,11.0,0.0,Loading,51.916666666666664,4.183333333333334
2025-12-27 14:50:00,443.25961,1578,762.0,1451.0,442.86423,752.23197,0.76463,0.0,0.0,0.0,0.0,0.0,0.0,0.0,51.0,55.0,78.0,4.0,69.0,11.0,0.0,Loading,51.916666666666664,4.183333333333334
2025-12-27 14:55:00,456.23126,1578,762.0,1451.0,458.28893,770.60301,0.77184,0.0,0.0,0.0,0.0,0.0,0.0,0.0,51.0,55.0,78.0,4.0,69.0,11.0,0.0,Loading,51.916666666666664,4.183333333333334
2025-12-27 15:00:00,444.16481,1578,762.0,1451.0,446.18448,753.31492,0.77194,0.0,0.0,0.0,0.0,0.0,0.0,0.0,51.0,55.0,78.0,4.0,69.0,11.0,0.0,Loading,51.916666666666664,4.183333333333334
2025-12-27 15:05:00,462.24625,1578,762.0,1451.0,459.33696,774.23717,0.76967,0.0,0.0,0.0,0.0,0.0,0.0,0.0,51.0,55.0,78.0,4.0,69.0,11.0,0.0,Loading,51.916666666666664,4.183333333333334
2025-12-27 15:10:00,474.29106,1578,762.0,1451.0,474.56446,787.87656,0.78437,0.0,0.0,0.0,0.0,0.0,0.0,0.0,51.0,55.0,78.0,4.0,69.0,11.0,0.0,Loading,51.916666666666664,4.183333333333334
2025-12-27 15:15:00,467.3282,1578,762.0,1451.0,466.30484,776.76978,0.78226,0.0,0.0,0.0,0.0,0.0,0.0,0.0,51.0,55.0,78.0,4.0,69.0,11.0,0.0,Loading,51.916666666666664,4.183333333333334
2025-12-27 15:20:00,461.76372,1578,762.0,1451.0,462.16777,771.51309,0.77741,0.0,0.0,0.0,0.0,0.0,0.0,0.0,51.0,55.0,78.0,4.0,69.0,11.0,0.0,Loading,51.916666666666664,4.183333333333334
2025-12-27 15:25:00,458.24738,1578,762.0,1451.0,457.28017,767.24001,0.77594,0.0,0.0,0.0,0.0,0.0,0.0,0.0,51.0,55.0,78.0,4.0,69.0,11.0,0.0,Loading,51.916666666666664,4.183333333333334
2025-12-27 15:30:00,460.28883,1578,762.0,1451.0,459.88925,770.1352,0.77715,0.0,0.0,0.0,0.0,0.0,0.0,0.0,51.0,55.0,78.0,4.0,69.0,11.0,0.0,Loading,51.916666666666664,4.183333333333334
2025-12-27 15:35:00,460.53417,1578,762.0,1451.0,459.79119,768.23624,0.77669,0.0,0.0,0.0,0.0,0.0,0.0,0.0,51.0,55.0,78.0,4.0,69.0,11.0,0.0,Loading,51.916666666666664,4.183333333333334
2025-12-27 15:40:00,452.56981,1578,762.0,1451.0,452.18393,760.45857,0.77256,0.0,0.0,0.0,0.0,0.0,0.0,0.0,51.0,55.0,78.0,4.0,69.0,11.0,0.0,Loading,51.916666666666664,4.183333333333334
2025-12-27 15:45:00,455.96767,1578,762.0,1451.0,455.80011,762.698,0.77628,0.0,0.0,0.0,0.0,0.0,0.0,0.0,51.0,55.0,78.0,4.0,69.0,11.0,0.0,Loading,51.916666666666664,4.183333333333334
2025-12-27 15:50:00,458.51745,1578,762.0,1451.0,459.30593,764.94107,0.78349,0.0,0.0,0.0,0.0,0.0,0.0,0.0,51.0,55.0,78.0,4.0,69.0,11.0,0.0,Loading,51.916666666666664,4.183333333333334
2025-12-27 15:55:00,465.1175,1578,762.0,1451.0,464.62848,769.71584,0.78472,0.0,0.0,0.0,0.0,0.0,0.0,0.0,51.0,55.0,78.0,4.0,69.0,11.0,0.0,Idle,51.916666666666664,4.183333333333334
2025-12-27 16:00:00,451.40152,1578,762.0,1451.0,449.1761,750.9485,0.77728,0.0,0.0,0.0,0.0,0.0,0.0,0.0,51.0,55.0,78.0,4.0,69.0,11.0,0.0,Idle,51.916666666666664,4.183333333333334
2025-12-27 16:05:00,443.5687,1578,762.0,1451.0,443.58024,745.10796,0.77436,0.0,0.0,0.0,0.0,0.0,0.0,0.0,51.0,55.0,78.0,4.0,69.0,11.0,0.0,Idle,51.916666666666664,4.183333333333334
2025-12-27 16:10:00,454.01603,1578,762.0,1451.0,454.19631,760.75858,0.777,0.0,0.0,0.0,0.0,0.0,0.0,0.0,51.0,55.0,78.0,4.0,69.0,11.0,0.0,Idle,51.916666666666664,4.183333333333334
2025-12-27 16:15:00,442.12834,1578,762.0,1451.0,443.49579,744.12592,0.77246,0.0,0.0,0.0,0.0,0.0,0.0,0.0,51.0,55.0,78.0,4.0,69.0,11.0,0.0,Idle,51.916666666666664,4.183333333333334
2025-12-27 16:20:00,449.84382,1578,762.0,1451.0,449.4313,755.51318,0.7722,0.0,0.0,0.0,0.0,0.0,0.0,0.0,51.0,55.0,78.0,4.0,69.0,11.0,0.0,Idle,51.916666666666664,4.183333333333334
2025-12-27 16:25:00,447.2659,1578,762.0,1451.0,448.27885,754.69294,0.77554,0.0,0.0,0.0,0.0,0.0,0.0,0.0,51.0,55.0,78.0,4.0,69.0,11.0,0.0,Idle,51.916666666666664,4.183333333333334
2025-12-27 16:30:00,446.57636,1578,762.0,1451.0,446.04974,745.86902,0.77678,0.0,0.0,0.0,0.0,0.0,0.0,0.0,51.0,55.0,78.0,4.0,69.0,11.0,0.0,Idle,51.916666666666664,4.183333333333334
2025-12-27 16:35:00,460.36205,1578,762.0,1451.0,459.33017,764.50899,0.78263,0.0,0.0,0.0,0.0,0.0,0.0,0.0,51.0,55.0,78.0,4.0,69.0,11.0,0.0,Idle,51.916666666666664,4.183333333333334
2025-12-27 16:40:00,452.80579,1578.76874,762.0,1451.0,453.41967,755.99944,0.77972,0.0,0.0,0.0,0.0,0.0,0.0,0.0,51.0,55.0,78.0,4.0,69.0,11.0,0.0,Idle,51.916666666666664,4.183333333333334
2025-12-27 16:45:00,450.91311,1579,762.0,1451.0,448.54864,748.65147,0.77574,0.0,0.0,0.0,0.0,0.0,0.0,0.0,51.0,55.0,78.0,4.0,69.0,11.0,0.0,Idle,51.916666666666664,4.183333333333334
2025-12-27 16:50:00,452.2789,1579,762.0,1451.0,452.3936,753.37628,0.78075,0.0,0.0,0.0,0.0,0.0,0.0,0.0,51.0,55.0,78.0,4.0,69.0,11.0,0.0,Idle,51.916666666666664,4.183333333333334
2025-12-27 16:55:00,441.18812,1579,762.0,1451.0,440.41241,740.81322,0.77504,0.0,0.0,0.0,0.0,0.0,0.0,0.0,51.0,55.0,78.0,4.0,69.0,11.0,0.0,Idle,51.916666666666664,4.183333333333334
2025-12-27 17:00:00,454.58825,1579,762.0,1451.0,453.33834,756.29436,0.7799,0.0,0.0,0.0,0.0,0.0,0.0,0.0,51.0,55.0,78.0,4.0,69.0,11.0,0.0,Idle,51.916666666666664,4.183333333333334
2025-12-27 17:05:00,454.42344,1579,762.0,1451.0,450.75954,756.71148,0.77385,0.0,0.0,0.0,0.0,0.0,0.0,0.0,51.0,55.0,78.0,4.0,69.0,11.0,0.0,Idle,51.916666666666664,4.183333333333334
2025-12-27 17:10:00,445.73258,1579,762.0,1451.0,444.99502,746.43695,0.77577,0.0,0.0,0.0,0.0,0.0,0.0,0.0,51.0,55.0,78.0,4.0,69.0,11.0,0.0,Idle,51.916666666666664,4.183333333333334
2025-12-27 17:15:00,459.59929,1579,762.0,1451.0,458.85009,762.4215,0.78371,0.0,0.0,0.0,0.0,0.0,0.0,0.0,51.0,55.0,78.0,4.0,69.0,11.0,0.0,Idle,51.916666666666664,4.183333333333334
2025-12-27 17:20:00,447.19455,1579,762.0,1451.0,448.48326,756.12203,0.77157,0.0,0.0,0.0,0.0,0.0,0.0,0.0,51.0,55.0,78.0,4.0,69.0,11.0,0.0,Idle,51.916666666666664,4.183333333333334
2025-12-27 17:25:00,453.76123,1579,762.0,1451.0,453.86568,758.0275,0.77919,0.0,0.0,0.0,0.0,0.0,0.0,82.17305,51.0,55.0,78.0,4.0,69.0,11.0,0.0,Idle,51.916666666666664,4.183333333333334
2025-12-27 17:30:00,452.85149,1579,762.0,1451.0,452.21048,755.76715,0.77655,0.0,0.0,0.0,0.0,0.0,0.0,359.9,51.0,55.0,78.0,4.0,69.0,11.0,0.0,Idle,51.916666666666664,4.183333333333334
2025-12-27 17:35:00,447.23388,1579,762.0,1451.0,445.96813,754.00783,0.76813,0.0,0.0,0.0,0.0,0.0,0.0,359.9,51.0,55.0,78.0,4.0,69.0,11.0,0.0,Idle,51.916666666666664,4.183333333333334
2025-12-27 17:40:00,447.16227,1579,762.0,1451.0,448.08996,750.91398,0.77855,0.0,0.0,0.0,0.0,0.0,0.0,359.9,51.0,55.0,78.0,4.0,69.0,11.0,0.0,Idle,51.916666666666664,4.183333333333334
2025-12-27 17:45:00,442.72367,1579,762.0,1451.0,444.11848,747.05208,0.77614,0.0,0.0,0.0,0.0,0.0,0.0,359.9,51.0,55.0,78.0,4.0,69.0,11.0,0.0,Idle,51.916666666666664,4.183333333333334
2025-12-27 17:50:00,446.08808,1579,762.0,1451.0,445.79159,747.65914,0.77595,0.0,0.0,0.0,0.0,0.0,0.0,359.9,51.0,55.0,78.0,4.0,69.0,11.0,0.0,Idle,51.916666666666664,4.183333333333334
2025-12-27 17:55:00,442.48631,1579,762.0,1451.0,442.03684,745.70994,0.77091,0.0,0.0,0.0,0.0,0.0,0.0,0.0,51.0,55.0,78.0,4.0,69.0,11.0,0.0,Idle,51.916666666666664,4.183333333333334
2025-12-27 18:00:00,438.55192,1579,762.0,1451.0,437.90672,739.89307,0.76765,0.0,0.0,0.0,0.0,0.0,0.0,0.00038,51.0,55.0,78.0,4.0,69.0,11.0,0.0,Idle,51.916666666666664,4.183333333333334
2025-12-27 18:05:00,468.74597,1579,762.0,1451.0,469.4343,790.47543,0.77212,0.0,0.0,0.0,0.0,0.0,0.0,0.1,51.0,55.0,78.0,4.0,69.0,11.0,0.0,Idle,51.916666666666664,4.183333333333334
2025-12-27 18:10:00,501.9778,1579,762.0,1451.0,501.31811,836.08887,0.78078,0.0,0.0,0.0,0.0,0.0,0.0,0.1,51.0,55.0,78.0,4.0,69.0,11.0,0.0,Idle,51.916666666666664,4.183333333333334
2025-12-27 18:15:00,469.83083,1579,762.0,1451.0,468.8719,784.81447,0.7763,0.0,0.0,0.0,0.0,0.0,0.0,0.16023,51.0,55.0,78.0,4.0,69.0,11.0,0.0,Idle,51.916666666666664,4.183333333333334
2025-12-27 18:20:00,450.073,1579,762.0,1451.0,451.38438,766.07543,0.76726,0.0,0.0,0.0,0.0,0.0,0.0,0.2,51.0,55.0,78.0,4.0,69.0,11.0,0.0,Idle,51.916666666666664,4.183333333333334
2025-12-27 18:25:00,449.66114,1579,762.0,1451.0,448.49111,763.26617,0.76581,0.0,0.0,0.0,0.0,0.0,0.0,0.2,51.0,55.0,78.0,4.0,69.0,11.0,0.0,Idle,51.916666666666664,4.183333333333334
2025-12-27 18:30:00,448.84396,1579,762.0,1451.0,450.50504,769.02724,0.7615,0.0,0.0,0.0,0.0,0.0,0.0,0.2,51.0,55.0,78.0,4.0,69.0,11.0,0.0,Idle,51.916666666666664,4.183333333333334
2025-12-27 18:35:00,453.79496,1579,762.0,1451.0,453.98422,778.34286,0.75898,0.0,0.0,0.0,0.0,0.0,0.0,0.2,51.0,55.0,78.0,4.0,69.0,11.0,0.0,Idle,51.916666666666664,4.183333333333334
2025-12-27 18:40:00,457.03818,1579,762.0,1451.0,458.71379,783.48123,0.76007,0.0,0.0,0.0,0.0,0.0,0.0,0.2,51.0,55.0,78.0,4.0,69.0,11.0,0.0,Idle,51.916666666666664,4.183333333333334
2025-12-27 18:45:00,462.26632,1579,762.0,1451.0,460.46244,782.8572,0.76488,0.0,0.0,0.0,0.0,0.0,0.0,0.2,51.0,55.0,78.0,4.0,69.0,11.0,0.0,Idle,51.916666666666664,4.183333333333334
2025-12-27 18:50:00,452.90242,1579,762.0,1451.0,452.20861,772.60834,0.76134,0.0,0.0,0.0,0.0,0.0,0.0,0.12829,51.0,55.0,78.0,4.0,69.0,11.0,0.0,Idle,51.916666666666664,4.183333333333334
2025-12-27 18:55:00,468.02,1580,762.0,1451.0,466.19754,789.71428,0.7676,0.0,0.0,0.0,0.0,0.0,0.0,0.1,51.0,55.0,78.0,4.0,69.0,11.0,0.0,Idle,51.916666666666664,4.183333333333334
2025-12-27 19:00:00,462.56891,1580,762.0,1451.0,462.40217,782.30298,0.77019,0.0,0.0,0.0,0.0,0.0,0.0,0.1,51.0,55.0,78.0,4.0,69.0,11.0,0.0,Idle,51.916666666666664,4.183333333333334
2025-12-27 19:05:00,444.98054,1580,762.0,1451.0,445.888,756.38513,0.76761,0.0,0.0,0.0,0.0,0.0,0.0,0.1,51.0,55.0,78.0,4.0,69.0,11.0,0.0,Idle,51.916666666666664,4.183333333333334
2025-12-27 19:10:00,454.06255,1580,762.0,1451.0,452.38293,766.44033,0.76931,0.0,0.0,0.0,0.0,0.0,0.0,0.1,51.0,55.0,78.0,4.0,69.0,11.0,0.0,Idle,51.916666666666664,4.183333333333334
2025-12-27 19:15:00,440.78763,1580,762.0,1451.0,442.76413,751.03381,0.76775,0.0,0.0,0.0,0.0,0.0,0.0,0.1,51.0,55.0,78.0,4.0,69.0,11.0,0.0,Idle,51.916666666666664,4.183333333333334
2025-12-27 19:20:00,455.72846,1580,762.0,1451.0,456.26169,767.33027,0.77261,0.0,0.0,0.0,0.0,0.0,0.0,0.1,51.0,55.0,78.0,4.0,69.0,11.0,0.0,Idle,51.916666666666664,4.183333333333334
2025-12-27 19:25:00,450.83438,1580,762.0,1451.0,451.1805,765.59211,0.76863,0.0,0.0,0.0,0.0,0.0,0.0,0.1,51.0,55.0,78.0,4.0,69.0,11.0,0.0,Idle,51.916666666666664,4.183333333333334
2025-12-27 19:30:00,448.42756,1580,762.0,1451.0,447.34585,756.01048,0.76811,0.0,0.0,0.0,0.0,0.0,0.0,0.1,51.0,55.0,78.0,4.0,69.0,11.0,0.0,Idle,51.916666666666664,4.183333333333334
2025-12-27 19:35:00,451.91044,1580,762.0,1451.0,452.19999,763.6537,0.77145,0.0,0.0,0.0,0.0,0.0,0.0,0.1,51.0,55.0,78.0,4.0,69.0,11.0,0.0,Idle,51.916666666666664,4.183333333333334
2025-12-27 19:40:00,449.61516,1580,762.0,1451.0,448.55128,761.75282,0.76683,0.0,0.0,0.0,0.0,0.0,0.0,0.1,51.0,55.0,78.0,4.0,69.0,11.0,0.0,Idle,51.916666666666664,4.183333333333334
2025-12-27 19:45:00,447.13421,1580,762.0,1451.0,448.32254,761.3484,0.76794,0.0,0.0,0.0,0.0,0.0,0.0,0.1,51.0,55.0,78.0,4.0,69.0,11.0,0.0,Idle,51.916666666666664,4.183333333333334
2025-12-27 19:50:00,449.62502,1580,762.0,1451.0,449.7456,759.89929,0.7717,0.0,0.0,0.0,0.0,0.0,0.0,0.1,51.0,55.0,78.0,4.0,69.0,11.0,0.0,Idle,51.916666666666664,4.183333333333334
2025-12-27 19:55:00,452.95222,1580,762.0,1451.0,451.91714,763.12125,0.77285,0.0,0.0,0.0,0.0,0.0,0.0,0.1,51.0,55.0,78.0,4.0,69.0,11.0,0.0,Idle,51.916666666666664,4.183333333333334
2025-12-27 20:00:00,448.20656,1580,762.0,1451.0,447.79445,761.91706,0.76496,0.0,0.0,0.0,0.0,0.0,0.0,0.1,51.0,55.0,78.0,4.0,69.0,11.0,0.0,Idle,51.916666666666664,4.183333333333334
2025-12-27 20:05:00,452.45503,1580,762.0,1451.0,453.64611,767.45942,0.76963,0.0,0.0,0.0,0.0,0.0,0.0,0.1,51.0,55.0,78.0,4.0,69.0,11.0,0.0,Idle,51.916666666666664,4.183333333333334
2025-12-27 20:10:00,448.97223,1580,762.0,1451.0,448.40765,763.86692,0.76546,0.0,0.0,0.0,0.0,0.0,0.0,0.1,51.0,55.0,78.0,4.0,69.0,11.0,0.0,Idle,51.916666666666664,4.183333333333334
2025-12-27 20:15:00,445.75552,1580,762.0,1451.0,445.70891,761.9657,0.76166,0.0,0.0,0.0,0.0,0.0,0.0,0.1,51.0,55.0,78.0,4.0,69.0,11.0,0.0,Idle,51.916666666666664,4.183333333333334
2025-12-27 20:20:00,431.66032,1580,762.0,1451.0,431.23412,740.24481,0.75688,0.0,0.0,0.0,0.0,0.0,0.0,0.1,51.0,55.0,78.0,4.0,69.0,11.0,0.0,Idle,51.916666666666664,4.183333333333334
2025-12-27 20:25:00,453.68653,1580,762.0,1451.0,455.56336,769.65048,0.76919,0.0,0.0,0.0,0.0,0.0,0.0,0.07943,51.0,55.0,78.0,4.0,69.0,11.0,0.0,Idle,51.916666666666664,4.183333333333334
2025-12-27 20:30:00,438.29858,1580,762.0,1451.55537,249.69904,418.87188,0.77543,0.0,0.0,0.0,188.47334,336.10775,0.67533,0.0,51.0,55.0,78.0,4.0,69.0,11.0,0.0,Idle,51.916666666666664,4.183333333333334
2025-12-27 20:35:00,444.18499,1580,762.0,1452.0,214.68623,377.08966,0.73893,0.0,0.0,0.0,230.74101,388.83852,0.76962,0.0,51.0,55.0,78.0,4.0,69.0,11.0,0.0,Idle,51.916666666666664,4.183333333333334
2025-12-27 20:40:00,475.60666,1580,762.0,1452.0,238.47385,442.65066,0.698,0.0,0.0,0.0,235.95425,444.60018,0.68761,148.69675,51.0,55.0,78.0,4.0,69.0,11.0,0.0,Idle,51.916666666666664,4.183333333333334
2025-12-27 20:45:00,471.50825,1580,762.0,1452.0,241.90467,457.27681,0.68291,0.0,0.0,0.0,231.24431,454.39729,0.66043,359.9,51.0,55.0,78.0,4.0,69.0,11.0,0.0,Idle,51.916666666666664,4.183333333333334
2025-12-27 20:50:00,508.18863,1580,762.0,1452.0,261.47948,489.26605,0.69317,0.0,0.0,0.0,246.9009,479.05496,0.6662,359.9,51.0,55.0,78.0,4.0,69.0,11.0,0.0,Idle,51.916666666666664,4.183333333333334
2025-12-27 20:55:00,573.26445,1580,762.0,1452.0,279.52683,523.974,0.68812,0.0,0.0,0.0,290.64026,536.92721,0.69856,359.9,51.0,55.0,78.0,4.0,69.0,11.0,0.0,Idle,51.916666666666664,4.183333333333334
2025-12-27 21:00:00,573.49013,1580,762.0,1452.0,291.24276,530.83648,0.70745,0.0,0.0,0.0,279.75966,526.05605,0.68458,359.9,51.0,55.0,78.0,4.0,69.0,11.0,0.0,Idle,51.916666666666664,4.183333333333334
2025-12-27 21:05:00,591.23164,1580,762.0,1452.0,292.9002,540.59062,0.69752,0.0,0.0,0.0,297.34337,551.06878,0.69582,331.65008,51.0,55.0,78.0,4.0,69.0,11.0,0.0,Idle,51.916666666666664,4.183333333333334
2025-12-27 21:10:00,545.27617,1580,762.0,1452.0,279.33177,516.46315,0.69738,0.0,0.0,0.0,269.02592,515.11531,0.67372,1.0939,51.0,55.0,78.0,4.0,69.0,11.0,0.11182,Laden,51.916666666666664,4.183333333333334
2025-12-27 21:15:00,559.35248,1580,762.0,1452.0,272.30728,512.46414,0.68791,0.0,0.0,0.0,285.97636,530.13918,0.69599,199.3158,51.0,55.0,78.0,4.0,69.0,11.0,2.84759,Laden,51.916666666666664,4.183333333333334
2025-12-27 21:20:00,559.95467,1580,762.0,1452.0,272.87415,514.74374,0.68415,0.0,0.0,0.0,287.14861,533.67645,0.69648,310.16663,51.0,55.0,78.0,4.0,69.0,11.0,4.47536,Laden,51.916666666666664,4.183333333333334
2025-12-27 21:25:00,544.81159,1580,762.0,1452.0,266.10297,505.57466,0.68193,0.0,0.0,0.0,278.27521,522.94781,0.68702,309.26764,51.0,55.80646,78.0,4.0,69.0,11.0,6.21219,Laden,51.930107666666665,4.183333333333334
2025-12-27 21:30:00,515.42992,1580,762.0,1452.0,259.63577,460.06434,0.73318,0.0,0.0,0.0,253.70551,457.35223,0.7205,309.43891,51.0,56.0,78.0,4.0,69.0,10.09188,7.21738,Laden,51.93333333333333,4.168198
2025-12-27 21:35:00,523.50717,1581,762.0,1452.0,270.04176,449.04926,0.77382,0.0,0.0,0.0,253.78195,437.27456,0.75122,310.69802,51.0,56.63048,78.0,4.0,69.0,9.0,7.93791,Laden,51.94384133333333,4.15
2025-12-27 21:40:00,528.31146,1581,762.0,1452.0,272.98726,453.26001,0.77644,0.0,0.0,0.0,256.26542,443.31491,0.74483,305.17633,51.0,57.0,78.0,4.0,69.0,8.19889,8.04025,Laden,51.95,4.136648166666666
2025-12-27 21:45:00,559.7524,1581,762.0,1452.0,276.79252,461.98149,0.775,0.0,0.0,0.0,284.2333,471.8661,0.77732,305.78016,51.0,57.0,78.0,4.0,69.0,7.52007,9.23988,Laden,51.95,4.1253345
2025-12-27 21:50:00,549.98819,1581,762.0,1452.0,268.83598,454.67578,0.76389,0.0,0.0,0.0,282.75785,469.96107,0.77919,301.54383,51.0,57.72152,78.0,4.0,69.0,6.65359,10.26662,Laden,51.96202533333334,4.110893166666667
2025-12-27 21:55:00,506.34623,1581,762.0,1452.0,248.28044,423.98741,0.75661,0.0,0.0,0.0,258.72823,436.98261,0.76525,295.23936,51.0,58.0,78.0,4.0,69.0,4.3986,12.96835,Laden,51.96666666666667,4.07331
2025-12-27 22:00:00,497.88642,1581,762.0,1452.0,244.19324,418.50497,0.75559,0.0,0.0,0.0,253.59102,430.57979,0.76189,298.22434,51.0,58.84269,78.0,4.0,69.0,3.06974,13.82877,Laden,51.9807115,4.051162333333333
2025-12-27 22:05:00,495.80556,1581,762.0,1452.0,243.68897,418.28951,0.75554,0.0,0.0,0.0,253.63409,428.72256,0.76654,298.40577,51.0,59.0,78.0,4.0,69.0,1.64508,13.97373,Laden,51.983333333333334,4.027418
2025-12-27 22:10:00,522.91695,1581,762.0,1452.0,267.10853,446.30073,0.77212,0.0,0.0,0.0,254.55669,437.66692,0.75226,300.80152,51.47197,31.20343,78.0,4.0,69.0,0.39872,13.72436,Laden,51.99202716666667,4.006645333333333
2025-12-27 22:15:00,535.08989,1581,762.0,1452.0,274.54918,454.22942,0.78168,0.0,0.0,0.0,257.85785,440.42574,0.75742,302.43223,52.0,0.22535,78.0,3.0,69.0,57.75876,13.36162,Laden,52.00375583333334,3.962646
2025-12-27 22:20:00,523.25937,1581,762.0,1452.0,266.66897,442.61142,0.77961,0.0,0.0,0.0,253.02118,433.26719,0.75633,302.45984,52.0,1.0,78.0,3.0,69.0,56.55155,13.37175,Laden,52.016666666666666,3.9425258333333333
2025-12-27 22:25:00,512.51761,1581,762.0,1452.0,263.84125,445.43149,0.76323,0.0,0.0,0.0,247.49061,437.09246,0.73507,286.20807,52.0,1.0,78.0,3.0,69.0,55.37481,11.07553,Laden,52.016666666666666,3.9229135
2025-12-27 22:30:00,511.2593,1581,762.0,1452.0,263.69595,443.42757,0.76705,0.0,0.0,0.0,247.17311,434.79615,0.73664,280.76555,52.0,1.0,78.0,3.0,69.0,54.32846,8.20157,Laden,52.016666666666666,3.9054743333333333
2025-12-27 22:35:00,500.32722,1581,762.0,1452.0,245.27348,420.09515,0.75499,0.0,0.0,0.0,254.06611,432.14537,0.75757,302.60164,52.0,1.55455,78.0,3.0,69.0,52.79252,8.78781,Laden,52.025909166666665,3.8798753333333336
2025-12-27 22:40:00,524.34062,1581,762.0,1452.0,261.12367,440.9292,0.76496,0.0,0.0,0.0,263.09596,446.61749,0.76139,300.91361,52.0,2.0,78.0,3.0,69.0,51.7747,10.96604,Laden,52.03333333333333,3.8629116666666667
2025-12-27 22:45:00,513.5219,1581,762.0,1452.0,223.25842,385.597,0.66091,0.0,0.0,0.0,290.0588,495.86733,0.75653,300.78155,52.0,2.0,78.0,3.0,69.0,50.61869,12.52965,Laden,52.03333333333333,3.8436448333333333
2025-12-27 22:50:00,533.35187,1581,762.0,1452.0,0.0,0.0,0.0,0.0,0.0,0.0,532.63078,895.17254,0.76783,300.15922,52.0,2.70972,78.0,3.0,69.0,49.42362,12.98345,Laden,52.045162,3.823727
2025-12-27 22:55:00,526.80499,1581,762.0,1452.0,0.0,0.0,0.0,0.0,0.0,0.0,527.29607,890.97965,0.76575,300.71869,52.0,3.21276,78.0,3.0,69.0,46.81564,13.11727,Laden,52.053546,3.780260666666667
2025-12-27 23:00:00,520.87883,1581,762.0,1452.0,0.0,0.0,0.0,0.0,0.0,0.0,522.02983,886.38835,0.76109,299.88157,52.0,4.0,78.0,3.0,69.0,45.59569,13.01352,Laden,52.06666666666667,3.7599281666666666
2025-12-27 23:05:00,526.17685,1581,762.0,1452.0,0.0,0.0,0.0,0.0,0.0,0.0,526.53284,889.87216,0.76458,294.82463,52.0,4.0,78.0,3.0,69.0,44.36959,13.08768,Laden,52.06666666666667,3.7394931666666666
2025-12-27 23:10:00,520.38426,1581,762.0,1452.0,0.0,0.0,0.0,0.0,0.0,0.0,520.28087,880.76863,0.76018,296.23103,52.0,4.37578,78.0,3.0,69.0,43.00598,13.09731,Laden,52.07292966666667,3.716766333333333
2025-12-27 23:15:00,526.97593,1581,762.0,1452.0,0.0,0.0,0.0,0.0,0.0,0.0,527.89227,891.56611,0.7659,295.65162,52.0,5.0,78.0,3.0,69.0,40.40377,13.1352,Laden,52.083333333333336,3.6733961666666666
2025-12-27 23:20:00,475.34667,1581,762.0,1452.0,0.0,0.0,0.0,0.0,0.0,0.0,475.002,740.53791,0.82955,295.93919,52.0,5.26947,78.0,3.0,69.0,39.04627,13.16327,Laden,52.0878245,3.650771166666667
2025-12-27 23:25:00,480.49343,1581,762.0,1452.0,0.0,0.0,0.0,0.0,0.0,0.0,479.06888,740.2045,0.83675,298.59878,52.0,6.0,78.0,3.0,69.0,37.65395,13.12192,Laden,52.1,3.6275658333333336
2025-12-27 23:30:00,471.897,1581,762.0,1452.0,0.0,0.0,0.0,0.0,0.0,0.0,473.30288,731.50081,0.83524,303.8038,52.0,6.0,78.0,3.0,69.0,36.45008,12.98816,Laden,52.1,3.6075013333333334
2025-12-27 23:35:00,464.55842,1581,762.0,1453.0,0.0,0.0,0.0,0.0,0.0,0.0,465.33156,724.10762,0.8319,306.22049,52.0,7.0,78.0,3.0,69.0,33.98397,13.1,Laden,52.11666666666667,3.5663995
2025-12-27 23:40:00,475.8473,1581,762.0,1453.0,0.0,0.0,0.0,0.0,0.0,0.0,475.16433,735.15772,0.83828,306.8053,52.0,7.42777,78.0,3.0,69.0,32.71966,13.07587,Laden,52.123796166666665,3.5453276666666667
2025-12-27 23:45:00,472.50024,1581,762.0,1453.0,0.0,0.0,0.0,0.0,0.0,0.0,474.05979,730.22499,0.83851,310.81529,52.0,8.0,78.0,3.0,69.0,31.54132,12.93846,Laden,52.13333333333333,3.5256886666666665
2025-12-27 23:50:00,466.72685,1581,762.0,1453.0,0.0,0.0,0.0,0.0,0.0,0.0,467.19425,724.67799,0.83398,321.94856,52.0,8.45117,78.0,3.0,69.0,30.50274,12.60202,Laden,52.140852833333334,3.508379
2025-12-27 23:55:00,466.15313,1581,762.0,1453.0,0.0,0.0,0.0,0.0,0.0,0.0,466.7122,725.2084,0.83225,323.78869,52.0,9.83422,78.0,3.0,69.0,28.69489,12.4,Laden,52.16390366666667,3.478248166666667
2025-12-28 00:00:00,472.4057,1581,762.0,1453.0,0.0,0.0,0.0,0.0,0.0,0.0,473.79634,731.42319,0.83584,325.31152,52.0,10.2009,78.0,3.0,69.0,27.79994,12.3053,Laden,52.170015,3.4633323333333332
2025-12-28 00:05:00,461.60334,1581,762.0,1453.0,0.0,0.0,0.0,0.0,0.0,0.0,462.49577,716.85215,0.83378,326.59429,52.0,11.0,78.0,3.0,69.0,26.97612,12.35595,Laden,52.18333333333333,3.449602
2025-12-28 00:10:00,472.08483,1581,762.0,1453.0,0.0,0.0,0.0,0.0,0.0,0.0,472.31654,728.09921,0.83942,327.44803,52.0,11.63583,78.0,3.0,69.0,26.0,12.27026,Laden,52.1939305,3.4333333333333336
2025-12-28 00:15:00,471.44387,1581,762.0,1453.0,0.0,0.0,0.0,0.0,0.0,0.0,470.98601,730.80284,0.831,327.20002,52.0,13.0,78.0,3.0,69.0,24.36023,12.23616,Laden,52.21666666666667,3.406003833333333
2025-12-28 00:20:00,469.25796,1581,762.0,1453.0,0.0,0.0,0.0,0.0,0.0,0.0,468.96766,725.36244,0.83639,326.96822,52.0,13.4983,78.0,3.0,69.0,23.55523,12.18797,Laden,52.22497166666667,3.392587166666667
2025-12-28 00:25:00,466.72141,1581,762.0,1453.0,0.0,0.0,0.0,0.0,0.0,0.0,467.70589,721.76309,0.83878,327.13214,52.0,14.0,78.0,3.0,69.0,22.75478,12.2,Laden,52.233333333333334,3.3792463333333336
2025-12-28 00:30:00,466.85024,1581,762.0,1453.0,0.0,0.0,0.0,0.0,0.0,0.0,467.51019,723.57052,0.83398,327.02264,52.0,14.91652,78.0,3.0,69.0,21.93766,12.2,Laden,52.24860866666667,3.3656276666666667
2025-12-28 00:35:00,467.26889,1581,762.0,1453.0,0.0,0.0,0.0,0.0,0.0,0.0,468.32791,725.57681,0.83638,327.11437,52.0,16.0,78.0,3.0,69.0,20.12729,12.1811,Laden,52.266666666666666,3.3354548333333334
2025-12-28 00:40:00,468.52861,1581,762.0,1453.0,0.0,0.0,0.0,0.0,0.0,0.0,467.84195,724.14207,0.83655,327.24584,52.0,16.74591,78.0,3.0,69.0,19.32872,12.08324,Laden,52.2790985,3.3221453333333333
2025-12-28 00:45:00,474.40131,1581,762.0,1453.0,0.0,0.0,0.0,0.0,0.0,0.0,474.42945,735.54056,0.83515,327.83149,52.0,17.15171,78.0,3.0,69.0,18.51964,12.00184,Laden,52.285861833333335,3.3086606666666665
2025-12-28 00:50:00,472.72617,1581,762.0,1453.0,0.0,0.0,0.0,0.0,0.0,0.0,472.00074,731.35186,0.8366,326.9998,52.0,18.0,78.0,3.0,69.0,17.7287,12.0,Laden,52.3,3.2954783333333335
2025-12-28 00:55:00,470.24733,1581,762.0,1453.0,0.0,0.0,0.0,0.0,0.0,0.0,469.24022,725.83494,0.83474,326.97638,52.0,19.0,78.0,3.0,69.0,16.0,12.06193,Laden,52.31666666666667,3.2666666666666666
2025-12-28 01:00:00,466.08822,1581,762.0,1453.0,0.0,0.0,0.0,0.0,0.0,0.0,467.05662,725.75504,0.83093,329.26066,52.0,19.94466,78.0,3.0,69.0,15.1235,12.16905,Laden,52.332411,3.2520583333333333
2025-12-28 01:05:00,466.5861,1581,762.0,1453.0,0.0,0.0,0.0,0.0,0.0,0.0,467.2372,723.99587,0.83343,330.05451,52.0,20.4113,78.0,3.0,69.0,14.4024,12.00151,Laden,52.34018833333333,3.24004
2025-12-28 01:10:00,472.134,1581,762.0,1453.0,0.0,0.0,0.0,0.0,0.0,0.0,471.48414,728.12956,0.83922,336.88968,52.0,21.0,78.0,3.0,69.0,13.73815,11.83356,Laden,52.35,3.2289691666666664
2025-12-28 01:15:00,472.04444,1581,762.0,1453.0,0.0,0.0,0.0,0.0,0.0,0.0,472.29916,731.79758,0.83758,1.92749,52.0,22.60056,78.0,3.0,69.0,13.0,11.36862,Laden,52.376676,3.216666666666667
2025-12-28 01:20:00,469.89854,1581,762.0,1453.0,0.0,0.0,0.0,0.0,0.0,0.0,470.60969,729.11496,0.83305,2.06278,52.0,23.285,78.0,3.0,69.0,13.0,11.3,Laden,52.388083333333334,3.216666666666667
2025-12-28 01:25:00,473.86775,1581,762.0,1453.0,0.0,0.0,0.0,0.0,0.0,0.0,472.97389,727.70636,0.83821,2.85546,52.0,24.0,78.0,3.0,69.0,13.0,11.29605,Laden,52.4,3.216666666666667
2025-12-28 01:30:00,481.85559,1581,762.0,1453.0,0.0,0.0,0.0,0.0,0.0,0.0,476.92974,734.20069,0.83908,3.92187,52.0,24.96477,78.0,3.0,69.0,13.0,11.2,Laden,52.4160795,3.216666666666667
2025-12-28 01:35:00,504.60123,1581,762.0,1453.0,0.0,0.0,0.0,0.0,0.0,0.0,504.63334,779.49275,0.83561,3.38841,52.0,26.30791,78.0,3.0,69.0,13.0,11.22405,Laden,52.43846516666667,3.216666666666667
2025-12-28 01:40:00,478.03011,1581,762.0,1453.40998,0.0,0.0,0.0,0.0,0.0,0.0,477.4671,738.96476,0.83715,4.07723,52.0,27.0,78.0,3.0,69.0,13.0,11.14775,Laden,52.45,3.216666666666667
2025-12-28 01:45:00,469.05115,1581,762.0,1454.0,0.0,0.0,0.0,0.0,0.0,0.0,470.29937,726.7579,0.83603,3.98204,52.0,27.96584,78.0,3.0,69.0,13.0,11.11845,Laden,52.46609733333333,3.216666666666667
2025-12-28 01:50:00,471.90489,1581,762.0,1454.0,0.0,0.0,0.0,0.0,0.0,0.0,471.20715,729.55259,0.83753,4.09254,52.0,28.6228,78.0,3.0,69.0,13.0,11.1639,Laden,52.477046666666666,3.216666666666667
2025-12-28 01:55:00,467.09681,1581,762.0,1454.0,0.0,0.0,0.0,0.0,0.0,0.0,466.45701,723.08955,0.83488,3.96392,52.0,30.0,78.0,3.0,69.0,13.0,11.22961,Laden,52.5,3.216666666666667
2025-12-28 02:00:00,474.56685,1581,762.0,1454.0,0.0,0.0,0.0,0.0,0.0,0.0,473.96473,729.00614,0.84085,4.27553,52.0,30.96066,78.0,3.0,69.0,13.93206,11.19773,Laden,52.516011,3.232201
2025-12-28 02:05:00,470.64736,1581,762.0,1454.0,0.0,0.0,0.0,0.0,0.0,0.0,471.35001,727.02557,0.83842,4.18669,52.0,31.62718,78.0,3.0,69.0,14.0,11.18474,Laden,52.527119666666664,3.2333333333333334
2025-12-28 02:10:00,466.06898,1581,762.0,1454.0,0.0,0.0,0.0,0.0,0.0,0.0,466.19364,724.63723,0.83089,4.27091,52.0,32.29133,78.0,3.0,69.0,14.0,11.2,Laden,52.538188833333336,3.2333333333333334
2025-12-28 02:15:00,478.18224,1581,762.0,1454.0,0.0,0.0,0.0,0.0,0.0,0.0,478.09777,733.25098,0.8441,4.11273,52.0,33.95529,78.0,3.0,69.0,14.0,11.22237,Laden,52.5659215,3.2333333333333334
2025-12-28 02:20:00,493.63557,1581,762.0,1454.0,0.0,0.0,0.0,0.0,0.0,0.0,494.80989,754.69138,0.84622,4.27753,52.0,34.63266,78.0,3.0,69.0,14.0,11.2379,Laden,52.577211,3.2333333333333334
2025-12-28 02:25:00,495.75209,1581,762.0,1454.0,0.0,0.0,0.0,0.0,0.0,0.0,494.44244,755.46822,0.84616,4.19187,52.0,35.30922,78.0,3.0,69.0,14.0,11.30919,Laden,52.588487,3.2333333333333334
2025-12-28 02:30:00,477.86821,1581,762.0,1454.0,0.0,0.0,0.0,0.0,0.0,0.0,476.83687,733.00642,0.84,3.43173,52.0,36.0,78.0,3.0,69.0,14.0,11.31956,Laden,52.6,3.2333333333333334
2025-12-28 02:35:00,477.71643,1581,762.0,1454.0,0.0,0.0,0.0,0.0,0.0,0.0,478.43809,738.25596,0.83657,3.93849,52.0,37.66805,78.0,3.0,69.0,14.0,11.40275,Laden,52.62780083333333,3.2333333333333334
2025-12-28 02:40:00,473.631,1581,762.0,1454.0,0.0,0.0,0.0,0.0,0.0,0.0,473.51153,733.19649,0.83606,3.78501,52.0,38.36086,78.0,3.0,69.0,14.0,11.39677,Laden,52.639347666666666,3.2333333333333334
2025-12-28 02:45:00,477.76645,1581,762.0,1454.0,0.0,0.0,0.0,0.0,0.0,0.0,478.41184,739.07519,0.83638,4.23729,52.0,39.06107,78.0,3.0,69.0,14.0,11.52004,Laden,52.651017833333334,3.2333333333333334
2025-12-28 02:50:00,477.07168,1581,762.0,1454.0,0.0,0.0,0.0,0.0,0.0,0.0,477.67784,733.79071,0.84194,4.16693,52.0,40.0,78.0,3.0,69.0,14.0,11.55766,Laden,52.666666666666664,3.2333333333333334
2025-12-28 02:55:00,477.33678,1581,762.0,1454.0,0.0,0.0,0.0,0.0,0.0,0.0,477.43153,731.92697,0.8428,3.83288,52.0,41.50077,78.0,3.0,69.0,14.0,11.77588,Laden,52.6916795,3.2333333333333334
2025-12-28 03:00:00,471.40212,1581,762.0,1454.0,0.0,0.0,0.0,0.0,0.0,0.0,470.48692,724.87169,0.83863,3.7142,52.0,42.23242,78.0,3.0,69.0,14.0,11.70946,Laden,52.70387366666667,3.2333333333333334
2025-12-28 03:05:00,471.93912,1581,762.0,1454.0,0.0,0.0,0.0,0.0,0.0,0.0,471.78796,725.8202,0.83965,4.21296,52.0,43.0,78.0,3.0,69.0,14.0,11.68742,Laden,52.71666666666667,3.2333333333333334
2025-12-28 03:10:00,468.41287,1581,762.0,1454.0,0.0,0.0,0.0,0.0,0.0,0.0,468.42529,721.30764,0.83924,4.26001,52.0,43.95349,78.0,3.0,69.0,14.0,11.50375,Laden,52.732558166666664,3.2333333333333334
2025-12-28 03:15:00,474.71666,1581,762.0,1454.0,0.0,0.0,0.0,0.0,0.0,0.0,474.92566,727.33911,0.8438,4.28804,52.0,45.37026,78.0,3.0,69.0,14.0,11.69704,Laden,52.756171,3.2333333333333334
2025-12-28 03:20:00,480.00941,1581,762.0,1454.0,0.0,0.0,0.0,0.0,0.0,0.0,479.44612,735.68499,0.84331,10.36869,52.0,46.09144,78.0,3.0,69.0,14.05034,11.7694,Laden,52.76819066666667,3.2341723333333334
2025-12-28 03:25:00,470.22206,1581,762.0,1454.0,0.0,0.0,0.0,0.0,0.0,0.0,470.19136,721.26119,0.8433,21.49019,52.0,47.0,78.0,3.0,69.0,15.0,11.64253,Laden,52.78333333333333,3.25
2025-12-28 03:30:00,471.13855,1581,762.0,1454.0,0.0,0.0,0.0,0.0,0.0,0.0,470.81418,723.64931,0.84088,20.9594,52.0,47.72292,78.0,3.0,69.0,15.0,11.65064,Laden,52.795382000000004,3.25
2025-12-28 03:35:00,463.6578,1581,762.0,1454.0,0.0,0.0,0.0,0.0,0.0,0.0,464.26442,711.72363,0.84233,21.533,52.0,49.01697,78.0,3.0,69.0,16.0,11.78893,Laden,52.8169495,3.2666666666666666
2025-12-28 03:40:00,472.79664,1581,762.0,1454.0,0.0,0.0,0.0,0.0,0.0,0.0,472.70839,723.64814,0.84486,22.52981,52.0,50.0,78.0,3.0,69.0,16.71571,11.82766,Laden,52.833333333333336,3.278595166666667
2025-12-28 03:45:00,469.79228,1581,762.0,1454.0,0.0,0.0,0.0,0.0,0.0,0.0,470.96305,725.25975,0.84185,22.82261,52.0,50.65455,78.0,3.0,69.0,17.0,11.81519,Laden,52.8442425,3.283333333333333
2025-12-28 03:50:00,473.33948,1581,762.0,1454.75938,0.0,0.0,0.0,0.0,0.0,0.0,474.08386,724.00468,0.84535,22.5257,52.0,51.28419,78.0,3.0,69.0,17.67037,11.68936,Laden,52.8547365,3.2945061666666664
2025-12-28 03:55:00,472.85368,1581,762.0,1455.0,0.0,0.0,0.0,0.0,0.0,0.0,471.83811,724.24995,0.84085,22.90355,52.0,52.9099,78.0,3.0,69.0,18.614,11.75621,Laden,52.88183166666666,3.3102333333333336
2025-12-28 04:00:00,471.86818,1581,762.0,1455.0,0.0,0.0,0.0,0.0,0.0,0.0,472.96354,727.09371,0.84156,23.00181,52.0,53.55363,78.0,3.0,69.0,19.0,11.97863,Laden,52.8925605,3.3166666666666664
2025-12-28 04:05:00,469.79594,1581,762.0,1455.0,0.0,0.0,0.0,0.0,0.0,0.0,468.55757,718.22667,0.84579,23.16777,52.0,54.20476,78.0,3.0,69.0,19.58727,11.9066,Laden,52.90341266666667,3.3264545
2025-12-28 04:10:00,475.71228,1581,762.0,1455.0,0.0,0.0,0.0,0.0,0.0,0.0,475.52979,725.08104,0.84683,23.29692,52.0,55.0,78.0,3.0,69.0,20.0,12.02743,Laden,52.916666666666664,3.3333333333333335
2025-12-28 04:15:00,476.39356,1581,762.0,1455.0,0.0,0.0,0.0,0.0,0.0,0.0,477.04329,731.84524,0.84447,23.09021,52.0,56.53857,78.0,3.0,69.0,21.0,12.13986,Laden,52.9423095,3.35
2025-12-28 04:20:00,470.70527,1581,762.0,1455.0,0.0,0.0,0.0,0.0,0.0,0.0,469.9913,725.25354,0.83891,23.00237,52.0,57.21644,78.0,3.0,69.0,21.54467,12.1982,Laden,52.95360733333333,3.359077833333333
2025-12-28 04:25:00,477.86181,1581,762.0,1455.0,0.0,0.0,0.0,0.0,0.0,0.0,478.41261,731.55327,0.84785,22.86483,52.0,58.0,78.0,3.0,69.0,22.0,12.32576,Laden,52.96666666666667,3.3666666666666667
2025-12-28 04:30:00,473.30264,1581,762.0,1455.0,0.0,0.0,0.0,0.0,0.0,0.0,473.39217,727.38451,0.84362,22.31968,52.0,58.92119,78.0,3.0,69.0,22.49065,12.29382,Laden,52.98201983333333,3.3748441666666666
2025-12-28 04:35:00,488.49867,1581,762.0,1455.0,0.0,0.0,0.0,0.0,0.0,0.0,488.01795,743.7443,0.84969,21.59419,53.0,0.34169,78.0,3.0,69.0,23.29725,12.29185,Laden,53.00569483333334,3.3882875
2025-12-28 04:40:00,486.68152,1581,762.0,1455.0,0.0,0.0,0.0,0.0,0.0,0.0,483.43023,736.32761,0.84884,21.0256,53.0,1.04928,78.0,3.0,69.0,24.0,12.2121,Laden,53.017488,3.4
2025-12-28 04:45:00,483.56156,1581,762.0,1455.0,0.0,0.0,0.0,0.0,0.0,0.0,483.83073,734.74837,0.85352,21.29663,53.0,2.0,78.0,3.0,69.0,24.02391,12.25127,Laden,53.03333333333333,3.4003985
2025-12-28 04:50:00,473.22682,1581,762.0,1455.0,0.0,0.0,0.0,0.0,0.0,0.0,472.84243,722.84597,0.84454,20.96464,53.0,2.76046,78.0,3.0,69.0,25.0,12.33074,Laden,53.04600766666667,3.4166666666666665
2025-12-28 04:55:00,475.91082,1581,762.0,1455.0,0.0,0.0,0.0,0.0,0.0,0.0,476.56048,727.42391,0.84826,21.71674,53.0,4.21174,78.0,3.0,69.0,25.76957,12.39999,Laden,53.07019566666666,3.429492833333333
2025-12-28 05:00:00,479.27961,1581,762.0,1455.0,0.0,0.0,0.0,0.0,0.0,0.0,478.32043,728.44055,0.85012,22.01303,53.0,5.0,78.0,3.0,69.0,26.0,12.25232,Laden,53.083333333333336,3.4333333333333336
2025-12-28 05:05:00,470.81662,1581,762.0,1455.0,0.0,0.0,0.0,0.0,0.0,0.0,471.96909,718.92832,0.84813,22.10986,53.0,5.91773,78.0,3.0,69.0,26.58936,12.24141,Laden,53.098628833333336,3.443156
2025-12-28 05:10:00,483.66195,1581,762.0,1455.0,0.0,0.0,0.0,0.0,0.0,0.0,483.75604,733.86384,0.85057,22.27373,53.0,6.62778,78.0,3.0,69.0,27.0,12.30148,Laden,53.110463,3.45
2025-12-28 05:15:00,477.08438,1581,762.0,1455.0,0.0,0.0,0.0,0.0,0.0,0.0,476.92306,726.70056,0.84629,22.27436,53.0,8.04418,78.0,3.0,69.0,28.0,12.1885,Laden,53.13406966666667,3.466666666666667
2025-12-28 05:20:00,503.57994,1581,762.0,1455.0,0.0,0.0,0.0,0.0,0.0,0.0,505.26321,767.03004,0.84931,22.77832,53.0,9.0,78.0,3.0,69.0,28.24449,12.03374,Laden,53.15,3.4707415
2025-12-28 05:25:00,510.77409,1581,762.0,1455.0,0.0,0.0,0.0,0.0,0.0,0.0,510.24237,777.37063,0.84672,22.74622,53.0,9.72532,78.0,3.0,69.0,29.0,12.07659,Laden,53.16208866666667,3.4833333333333334
2025-12-28 05:30:00,503.70813,1581,762.0,1455.0,0.0,0.0,0.0,0.0,0.0,0.0,503.3749,764.91633,0.84946,23.0939,53.0,10.41747,78.0,3.0,69.0,29.1336,12.22503,Laden,53.1736245,3.48556
2025-12-28 05:35:00,481.00712,1581,762.0,1455.0,0.0,0.0,0.0,0.0,0.0,0.0,481.11414,731.21456,0.85249,27.36552,53.0,12.0,78.0,3.0,69.0,30.33111,12.32157,Laden,53.2,3.5055185
2025-12-28 05:40:00,475.40614,1581,762.0,1455.0,0.0,0.0,0.0,0.0,0.0,0.0,475.81014,728.40074,0.84557,27.32372,53.0,12.74519,78.0,3.0,69.0,31.0,12.58275,Laden,53.212419833333335,3.5166666666666666
2025-12-28 05:45:00,470.68076,1581,762.0,1455.0,0.0,0.0,0.0,0.0,0.0,0.0,470.78927,719.63175,0.84467,26.6575,53.0,13.44528,78.0,3.0,69.0,31.64495,12.68282,Laden,53.224088,3.5274158333333334
2025-12-28 05:50:00,475.02628,1581,762.0,1455.0,0.0,0.0,0.0,0.0,0.0,0.0,475.12435,725.08851,0.84623,26.63721,53.0,14.14251,78.0,3.0,69.0,32.0,12.60698,Laden,53.2357085,3.533333333333333
2025-12-28 05:55:00,474.82273,1581,762.0,1456.0,0.0,0.0,0.0,0.0,0.0,0.0,476.37169,726.96916,0.84765,26.91567,53.0,15.85588,78.0,3.0,69.0,33.24698,12.67839,Laden,53.26426466666667,3.5541163333333334
2025-12-28 06:00:00,467.55739,1581,762.0,1456.0,0.0,0.0,0.0,0.0,0.0,0.0,467.99341,715.72962,0.8448,27.92657,53.0,16.55647,78.0,3.0,69.0,34.0,12.60526,Laden,53.27594116666667,3.5666666666666664
2025-12-28 06:05:00,483.90619,1581,762.0,1456.0,0.0,0.0,0.0,0.0,0.0,0.0,483.84429,736.99352,0.84952,28.84463,53.0,17.22536,78.0,3.0,69.0,34.59446,12.47008,Laden,53.287089333333334,3.5765743333333333
2025-12-28 06:10:00,476.23258,1581,762.0,1456.0,0.0,0.0,0.0,0.0,0.0,0.0,475.89354,731.89689,0.84074,28.84468,53.0,18.0,78.0,3.0,69.0,35.0,12.60125,Laden,53.3,3.5833333333333335
2025-12-28 06:15:00,474.79475,1581,762.0,1456.0,0.0,0.0,0.0,0.0,0.0,0.0,475.39227,731.65445,0.83687,28.63436,53.0,19.57201,78.0,3.0,69.0,36.41894,12.53641,Laden,53.326200166666666,3.6069823333333333
2025-12-28 06:20:00,481.07897,1581,762.0,1456.0,0.0,0.0,0.0,0.0,0.0,0.0,478.76005,732.92729,0.8461,29.19994,53.0,20.24504,78.0,3.0,69.0,37.0,12.64419,Laden,53.337417333333335,3.6166666666666667
2025-12-28 06:25:00,489.74109,1581,762.0,1456.0,0.0,0.0,0.0,0.0,0.0,0.0,492.11729,750.1342,0.84725,28.93173,53.0,21.0,78.0,3.0,69.0,37.83769,12.55756,Laden,53.35,3.630628166666667
2025-12-28 06:30:00,507.19098,1581,762.0,1456.0,0.0,0.0,0.0,0.0,0.0,0.0,504.6212,765.68374,0.85192,28.98216,53.0,21.91518,78.0,3.0,69.0,38.23879,12.49914,Laden,53.365253,3.637313166666667
2025-12-28 06:35:00,473.2553,1581,762.0,1456.0,0.0,0.0,0.0,0.0,0.0,0.0,473.64135,727.38878,0.8432,29.02336,53.0,23.23173,78.0,3.0,69.0,39.64919,12.40842,Laden,53.3871955,3.660819833333333
2025-12-28 06:40:00,480.46361,1581,762.0,1456.0,0.0,0.0,0.0,0.0,0.0,0.0,481.71253,736.61927,0.84711,28.85489,53.0,24.0,78.0,3.0,69.0,40.05991,12.52922,Laden,53.4,3.6676651666666666
2025-12-28 06:45:00,476.43638,1581,762.0,1456.0,0.0,0.0,0.0,0.0,0.0,0.0,476.46248,729.11296,0.84478,29.0735,53.0,24.89494,78.0,3.0,69.0,41.0,12.45373,Laden,53.414915666666666,3.6833333333333336
2025-12-28 06:50:00,471.46437,1581,762.0,1456.0,0.0,0.0,0.0,0.0,0.0,0.0,471.96961,721.57521,0.84651,29.06795,53.0,25.56125,78.0,3.0,69.0,41.48479,12.57797,Laden,53.42602083333333,3.6914131666666665
2025-12-28 06:55:00,479.49932,1581,762.0,1456.0,0.0,0.0,0.0,0.0,0.0,0.0,479.22726,731.48175,0.84768,28.82838,53.0,27.0,78.0,3.0,69.0,42.93109,12.76145,Laden,53.45,3.7155181666666666
2025-12-28 07:00:00,476.88315,1581,762.0,1456.0,0.0,0.0,0.0,0.0,0.0,0.0,476.78749,728.76908,0.84446,29.19327,53.0,27.91905,78.0,3.0,69.0,43.38279,12.8177,Laden,53.4653175,3.7230465
2025-12-28 07:05:00,472.61203,1581,762.0,1456.0,0.0,0.0,0.0,0.0,0.0,0.0,471.67889,722.40883,0.8465,28.94064,53.0,28.61282,78.0,3.0,69.0,44.0,12.75163,Laden,53.476880333333334,3.7333333333333334
2025-12-28 07:10:00,466.42966,1581,762.0,1456.0,110.33829,175.14427,0.40873,0.0,0.0,0.0,358.73793,549.96713,0.84201,30.01834,53.0,29.30055,78.0,3.0,69.0,44.82707,12.55295,Laden,53.4883425,3.7471178333333333
2025-12-28 07:15:00,504.50107,1581,762.0,1456.0,247.24363,378.64446,0.8454,0.0,0.0,0.0,258.18673,399.10068,0.83916,52.13755,53.0,30.68375,78.0,3.0,69.0,46.39963,10.79056,Laden,53.51139583333333,3.773327166666667
2025-12-28 07:20:00,508.89651,1581,762.0,1456.0,247.8733,381.26602,0.84118,0.0,0.0,0.0,259.74488,401.17235,0.83925,51.59661,53.0,31.0,78.0,3.0,69.0,47.18315,9.17336,Laden,53.516666666666666,3.786385833333333
2025-12-28 07:25:00,511.34141,1581,762.0,1456.0,248.86297,383.39014,0.84227,0.0,0.0,0.0,260.3129,401.90957,0.8388,54.21254,53.0,31.21586,78.0,3.0,69.0,48.0,8.79469,Laden,53.52026433333333,3.8
2025-12-28 07:30:00,509.10506,1581,762.0,1456.0,248.85014,382.85169,0.84479,0.0,0.0,0.0,261.16159,400.43271,0.84616,53.82512,53.0,32.0,78.0,3.0,69.0,48.88363,8.36275,Laden,53.53333333333333,3.8147271666666667
2025-12-28 07:35:00,508.38018,1581,762.0,1456.0,248.07811,383.30703,0.84391,0.0,0.0,0.0,260.9975,401.02452,0.84481,56.95737,53.0,32.20741,78.0,3.0,69.0,50.28271,8.48282,Laden,53.53679016666667,3.838045166666667
2025-12-28 07:40:00,512.83223,1581,762.0,1456.0,249.3023,385.19085,0.83914,0.0,0.0,0.0,262.52623,404.01076,0.84107,57.53139,53.0,33.0,78.0,3.0,69.0,51.01628,8.5163,Laden,53.55,3.8502713333333336
2025-12-28 07:45:00,514.19587,1581,762.0,1456.0,250.3831,385.99698,0.84342,0.0,0.0,0.0,265.51883,407.45321,0.84711,57.96798,53.0,33.0,78.0,3.0,69.0,52.0,8.46307,Laden,53.55,3.8666666666666667
2025-12-28 07:50:00,476.07621,1581,762.0,1456.0,230.13974,355.23698,0.84326,0.0,0.0,0.0,242.38056,374.50429,0.84205,58.04103,53.0,33.1196,78.0,3.0,69.0,52.76438,9.13457,Laden,53.551993333333336,3.8794063333333333
2025-12-28 07:55:00,472.44262,1581,762.0,1456.0,226.93985,351.46493,0.83831,0.0,0.0,0.0,243.74085,374.13952,0.84573,55.49907,53.0,34.0,78.0,3.0,69.0,54.61815,10.69837,Laden,53.56666666666667,3.9103025000000002
2025-12-28 08:00:00,472.0625,1581,762.0,1456.0,228.59067,351.95408,0.84252,0.0,0.0,0.0,244.19977,372.36526,0.85043,55.52101,53.0,34.63155,78.0,3.0,69.0,55.62653,11.60074,Laden,53.5771925,3.9271088333333335
2025-12-28 08:05:00,474.15771,1581,762.0,1456.0,229.19194,354.75625,0.84073,0.0,0.0,0.0,246.05248,376.71474,0.84902,53.52012,53.0,35.0,78.0,3.0,69.0,56.70755,12.06093,Laden,53.583333333333336,3.9451258333333334
2025-12-28 08:10:00,474.39625,1581,762.0,1456.0,226.42498,351.17266,0.83825,0.0,0.0,0.0,244.79014,374.59404,0.8478,53.20697,53.0,35.55382,78.0,3.0,69.0,57.7797,11.98215,Laden,53.59256366666666,3.962995
2025-12-28 08:15:00,477.98615,1581,762.0,1456.0,229.12917,355.30376,0.83827,0.0,0.0,0.0,248.01677,380.67436,0.8472,52.72898,53.0,36.5126,78.0,3.91171,69.0,5.25829,12.07584,Laden,53.60854333333333,3.9993481666666666
2025-12-28 08:20:00,476.74314,1581,762.0,1456.0,230.54011,355.45513,0.84115,0.0,0.0,0.0,247.09934,377.32281,0.85145,52.56569,53.0,37.0,78.0,4.0,69.0,1.04004,12.20703,Laden,53.61666666666667,4.017334
2025-12-28 08:25:00,503.72568,1581,762.0,1456.0,97.07524,148.36238,0.37111,179.35537,273.58825,0.65295,226.04762,355.47599,0.82171,53.71984,53.0,37.51822,78.0,4.0,69.0,2.17033,12.56206,Laden,53.62530366666667,4.036172166666667
2025-12-28 08:30:00,498.41048,1581,762.0,1456.0,0.0,0.0,0.0,260.09965,390.81077,0.85509,239.69827,372.44575,0.82899,53.5794,53.0,38.0,78.0,4.0,69.0,3.30007,12.82808,Laden,53.63333333333333,4.055001166666667
2025-12-28 08:35:00,475.06702,1581,762.0,1456.0,0.0,0.0,0.0,242.61822,363.47955,0.8582,229.08748,352.14757,0.8373,53.11108,53.0,39.0,78.0,4.0,69.0,5.55741,12.85391,Laden,53.65,4.0926235
2025-12-28 08:40:00,482.48957,1581,762.0,1456.15728,0.0,0.0,0.0,6.50747,14.72682,0.02948,474.48811,715.80313,0.85508,52.28877,53.0,39.64337,78.0,4.0,69.0,6.68934,12.73912,Laden,53.66072283333333,4.111489
2025-12-28 08:45:00,496.761,1581,762.0,1457.0,0.0,0.0,0.0,0.0,0.0,0.0,495.58576,746.35997,0.85723,53.98304,53.0,40.0,78.0,4.0,69.0,7.81264,12.99822,Laden,53.666666666666664,4.130210666666667
2025-12-28 08:50:00,494.11822,1581,762.0,1457.0,0.0,0.0,0.0,0.0,0.0,0.0,494.05736,746.31651,0.85097,53.09546,53.0,40.73275,78.0,4.0,69.0,9.07805,12.94405,Laden,53.67887916666667,4.151300833333333
2025-12-28 08:55:00,485.3817,1581,762.0,1457.0,0.0,0.0,0.0,0.0,0.0,0.0,485.12944,737.45415,0.85158,52.21886,53.0,41.81426,78.0,4.0,69.0,11.36718,12.64886,Laden,53.696904333333336,4.189453
2025-12-28 09:00:00,488.41111,1581,762.0,1457.0,0.0,0.0,0.0,0.0,0.0,0.0,488.25754,741.79127,0.84951,53.54309,53.0,42.0,78.0,4.0,69.0,12.4825,12.66517,Laden,53.7,4.2080416666666665
2025-12-28 09:05:00,485.89681,1581,762.0,1457.0,0.0,0.0,0.0,0.0,0.0,0.0,485.31345,740.85159,0.84651,52.07762,53.0,42.84111,78.0,4.0,69.0,13.60834,12.67898,Laden,53.7140185,4.2268056666666665
2025-12-28 09:10:00,485.72236,1581,762.0,1457.0,0.0,0.0,0.0,0.0,0.0,0.0,485.47609,737.73447,0.84842,53.48848,53.0,43.0,78.0,4.0,69.0,14.74146,13.01553,Laden,53.71666666666667,4.245691
2025-12-28 09:15:00,492.16544,1581,762.0,1457.0,0.0,0.0,0.0,0.0,0.0,0.0,492.93958,754.03851,0.84441,53.60344,53.0,44.0,78.0,4.0,69.0,17.1722,12.92593,Laden,53.733333333333334,4.286203333333333
2025-12-28 09:20:00,490.70122,1581,762.0,1457.0,0.0,0.0,0.0,0.0,0.0,0.0,490.18127,749.6414,0.84595,53.20312,53.0,44.9966,78.0,4.0,69.0,18.33626,13.03228,Laden,53.749943333333334,4.305604333333333
2025-12-28 09:25:00,492.38121,1581,762.0,1457.0,0.0,0.0,0.0,0.0,0.0,0.0,492.59062,754.4356,0.84426,52.99482,53.0,45.09123,78.0,4.0,69.0,19.48256,13.06397,Laden,53.7515205,4.324709333333334
2025-12-28 09:30:00,491.15752,1581,762.0,1457.0,0.0,0.0,0.0,0.0,0.0,0.0,491.62494,747.96687,0.85057,53.21874,53.0,46.0,78.0,4.0,69.0,20.63052,13.11909,Laden,53.766666666666666,4.343842
2025-12-28 09:35:00,483.24414,1581,762.0,1457.0,0.0,0.0,0.0,0.0,0.0,0.0,483.33199,737.60289,0.84789,53.40549,53.0,47.0,78.0,4.0,69.0,23.06191,13.25896,Laden,53.78333333333333,4.384365166666667
2025-12-28 09:40:00,481.24013,1581,762.0,1457.0,0.0,0.0,0.0,0.0,0.0,0.0,479.40391,734.11366,0.84175,52.22518,53.0,47.33846,78.0,4.0,69.0,24.27136,13.10998,Laden,53.788974333333336,4.404522666666667
2025-12-28 09:45:00,493.54985,1581,762.0,1457.0,0.0,0.0,0.0,0.0,0.0,0.0,490.89346,749.29113,0.84704,52.55754,53.0,48.0,78.0,4.0,69.0,25.4341,13.05295,Laden,53.8,4.423901666666667
2025-12-28 09:50:00,486.47407,1581,762.0,1457.0,0.0,0.0,0.0,0.0,0.0,0.0,487.23366,747.87518,0.84275,52.03033,53.0,48.42557,78.0,4.0,69.0,26.57497,13.01775,Laden,53.807092833333336,4.4429161666666666
2025-12-28 09:55:00,481.11768,1581,762.0,1457.0,0.0,0.0,0.0,0.0,0.0,0.0,481.43122,740.68483,0.84288,41.24164,53.0,49.0,78.0,4.0,69.0,27.6997,12.92959,Laden,53.81666666666667,4.461661666666667
2025-12-28 10:00:00,479.06745,1581,762.0,1457.0,0.0,0.0,0.0,0.0,0.0,0.0,480.58137,736.84122,0.84263,37.87908,53.0,50.17957,78.0,4.0,69.0,29.34069,12.93732,Laden,53.836326166666666,4.4890115
2025-12-28 10:05:00,478.11501,1581,762.0,1457.0,0.0,0.0,0.0,0.0,0.0,0.0,479.44889,733.9222,0.84536,38.2862,53.0,51.0,78.0,4.0,69.0,30.50116,13.17328,Laden,53.85,4.508352666666667
2025-12-28 10:10:00,467.31707,1581,762.0,1457.0,0.0,0.0,0.0,0.0,0.0,0.0,468.14653,719.42011,0.84241,38.54001,53.0,51.83536,78.0,4.0,69.0,31.45036,13.35317,Laden,53.86392266666667,4.524172666666667
2025-12-28 10:15:00,477.95513,1581,762.0,1457.0,0.0,0.0,0.0,0.0,0.0,0.0,478.1051,731.72463,0.84395,37.91877,53.0,53.0,78.0,4.0,69.0,33.35601,13.22425,Laden,53.88333333333333,4.5559335
2025-12-28 10:20:00,478.73086,1581,762.0,1457.0,0.0,0.0,0.0,0.0,0.0,0.0,479.58674,732.79566,0.84253,38.03591,53.0,53.90114,78.0,4.0,69.0,34.30632,13.26006,Laden,53.898352333333335,4.571772
2025-12-28 10:25:00,472.53058,1581,762.0,1457.0,0.0,0.0,0.0,0.0,0.0,0.0,471.93267,721.31853,0.84341,37.97244,53.0,54.43499,78.0,4.0,69.0,35.2697,13.26695,Laden,53.90724983333333,4.587828333333333
2025-12-28 10:30:00,467.43923,1581,762.0,1457.0,0.0,0.0,0.0,0.0,0.0,0.0,467.82686,715.88366,0.84497,35.25711,53.0,55.0,78.0,4.0,69.0,36.2231,13.19114,Laden,53.916666666666664,4.603718333333333
2025-12-28 10:35:00,479.77262,1581,762.0,1457.0,0.0,0.0,0.0,0.0,0.0,0.0,478.43169,730.87253,0.84711,16.77416,53.0,56.76232,78.0,4.0,69.0,37.29932,13.13834,Laden,53.94603866666667,4.621655333333333
2025-12-28 10:40:00,472.05092,1581,762.0,1457.0,0.0,0.0,0.0,0.0,0.0,0.0,472.07187,719.91866,0.84679,16.62247,53.0,57.5668,78.0,4.0,69.0,38.0,13.17157,Laden,53.959446666666665,4.633333333333333
2025-12-28 10:45:00,461.13589,1581,762.0,1457.13366,0.0,0.0,0.0,0.0,0.0,0.0,460.34503,707.45564,0.8416,16.59089,53.0,58.36773,78.0,4.0,69.0,38.21734,13.05934,Laden,53.9727955,4.636955666666667
2025-12-28 10:50:00,471.71676,1581,762.0,1458.0,0.0,0.0,0.0,0.0,0.0,0.0,471.8653,724.99739,0.8439,16.90467,53.12717,51.54606,78.0,4.0,69.0,39.0,12.61437,Laden,53.986271,4.65
2025-12-28 10:55:00,467.13429,1581,762.0,1458.0,0.0,0.0,0.0,0.0,0.0,0.0,466.60822,715.4065,0.84418,16.91341,54.0,0.8528,78.0,4.0,69.0,40.0,12.39199,Laden,54.01421333333333,4.666666666666667
2025-12-28 11:00:00,460.41518,1581,762.0,1458.0,0.0,0.0,0.0,0.0,0.0,0.0,462.22482,710.87713,0.84394,14.52919,54.0,1.58666,78.0,4.0,69.0,40.0,12.54593,Laden,54.02644433333333,4.666666666666667
2025-12-28 11:05:00,474.18981,1581,762.0,1458.0,0.0,0.0,0.0,0.0,0.0,0.0,475.40122,726.10187,0.84803,12.0126,54.0,2.35256,78.0,4.0,69.0,40.76244,12.59502,Laden,54.03920933333333,4.679374
2025-12-28 11:10:00,482.28023,1581,762.0,1458.0,0.0,0.0,0.0,0.0,0.0,0.0,482.31057,737.61599,0.84792,12.27309,54.0,3.15734,78.0,4.0,69.0,41.0,13.0053,Laden,54.05262233333333,4.683333333333334
2025-12-28 11:15:00,478.99696,1581,762.0,1458.0,0.0,0.0,0.0,0.0,0.0,0.0,480.6146,734.24497,0.84673,12.01767,54.0,4.98439,78.0,4.0,69.0,42.0,13.14974,Laden,54.083073166666665,4.7
2025-12-28 11:20:00,478.45033,1581,762.0,1458.0,0.0,0.0,0.0,0.0,0.0,0.0,478.5888,730.08033,0.84998,11.84267,54.0,5.80944,78.0,4.0,69.0,42.0,13.07476,Laden,54.096824,4.7
2025-12-28 11:25:00,482.00887,1581,762.0,1458.0,0.0,0.0,0.0,0.0,0.0,0.0,481.27752,733.87555,0.84616,10.70224,54.0,6.6296,78.0,4.0,69.0,42.25825,13.13613,Laden,54.11049333333333,4.704304166666667
2025-12-28 11:30:00,470.53856,1581,762.0,1458.0,0.0,0.0,0.0,0.0,0.0,0.0,471.2258,721.99196,0.84386,10.0866,54.0,7.46473,78.0,4.0,69.0,43.0,13.07018,Laden,54.124412166666666,4.716666666666667
2025-12-28 11:35:00,481.54826,1581,762.0,1458.0,0.0,0.0,0.0,0.0,0.0,0.0,480.72112,733.06445,0.84576,9.86305,54.0,9.10376,78.0,4.0,69.0,43.09454,12.95812,Laden,54.151729333333336,4.718242333333333
2025-12-28 11:40:00,485.05796,1581,762.0,1458.0,0.0,0.0,0.0,0.0,0.0,0.0,486.35379,741.44312,0.84679,9.93246,54.0,10.0,78.0,4.0,69.0,44.0,12.95998,Laden,54.166666666666664,4.733333333333333
2025-12-28 11:45:00,477.72672,1581,762.0,1458.0,0.0,0.0,0.0,0.0,0.0,0.0,479.02716,730.8693,0.84624,10.22252,54.0,10.92525,78.0,4.0,69.0,44.0,12.98011,Laden,54.1820875,4.733333333333333
2025-12-28 11:50:00,478.98612,1581,762.0,1458.0,0.0,0.0,0.0,0.0,0.0,0.0,477.90012,728.76812,0.84664,10.06832,54.0,11.75154,78.0,4.0,69.0,44.0,12.79042,Laden,54.195859,4.733333333333333
2025-12-28 11:55:00,486.63379,1581,762.0,1458.0,0.0,0.0,0.0,0.0,0.0,0.0,485.31676,736.61093,0.85109,10.33956,54.0,13.35192,78.0,4.0,69.0,45.0,12.91307,Laden,54.222532,4.75
2025-12-28 12:00:00,494.5423,1581,762.0,1458.0,0.0,0.0,0.0,0.0,0.0,0.0,494.4107,746.13184,0.85336,14.05587,54.0,14.16202,78.0,4.0,69.0,45.03155,12.99256,Laden,54.236033666666664,4.750525833333334
2025-12-28 12:05:00,474.62355,1581,762.0,1458.0,0.0,0.0,0.0,0.0,0.0,0.0,472.44124,722.84538,0.84581,13.78632,54.0,15.0,78.0,4.0,69.0,46.0,12.86058,Laden,54.25,4.766666666666667
2025-12-28 12:10:00,484.31179,1581,762.0,1458.0,0.0,0.0,0.0,0.0,0.0,0.0,484.42984,738.8867,0.84622,13.66518,54.0,15.95594,78.0,4.0,69.0,46.0,12.86907,Laden,54.26593233333333,4.766666666666667
2025-12-28 12:15:00,491.30543,1581,762.0,1458.0,0.0,0.0,0.0,0.0,0.0,0.0,489.71216,748.42715,0.84651,14.13438,54.0,17.53698,78.0,4.0,69.0,47.0,12.93843,Laden,54.292283,4.783333333333333
2025-12-28 12:20:00,486.14527,1581,762.0,1458.0,0.0,0.0,0.0,0.0,0.0,0.0,486.61859,744.08299,0.8422,13.83954,54.0,18.3236,78.0,4.0,69.0,47.23828,12.72709,Laden,54.305393333333335,4.7873046666666665
2025-12-28 12:25:00,490.46063,1581,762.0,1458.0,0.0,0.0,0.0,0.0,0.0,0.0,490.66244,748.63981,0.84725,13.63562,54.0,19.09436,78.0,4.0,69.0,48.0,12.68544,Laden,54.31823933333333,4.8
2025-12-28 12:30:00,491.86058,1581,762.0,1458.0,0.0,0.0,0.0,0.0,0.0,0.0,493.54057,755.41343,0.84396,13.86253,54.0,20.0,78.0,4.0,69.0,48.0,12.75946,Laden,54.333333333333336,4.8
2025-12-28 12:35:00,530.06046,1581,762.0,1458.0,0.0,0.0,0.0,0.0,0.0,0.0,530.96337,806.94218,0.85101,14.1875,54.0,21.65419,78.0,4.0,69.0,49.0,12.83624,Laden,54.36090316666667,4.816666666666666
2025-12-28 12:40:00,492.80648,1581,762.0,1458.0,0.0,0.0,0.0,0.0,0.0,0.0,492.76908,755.51997,0.84073,14.20452,54.0,22.44091,78.0,4.0,69.0,49.51882,12.84487,Laden,54.374015166666666,4.825313666666666
2025-12-28 12:45:00,485.7209,1581,762.0,1458.0,0.0,0.0,0.0,0.0,0.0,0.0,488.32162,744.17918,0.8477,18.7265,54.0,23.2185,78.0,4.0,69.0,50.0,12.9676,Laden,54.386975,4.833333333333333
2025-12-28 12:50:00,481.81796,1581,762.0,1458.1066,0.0,0.0,0.0,0.0,0.0,0.0,485.72285,744.23087,0.84453,21.02889,54.0,24.0,78.0,4.0,69.0,50.55913,12.85696,Laden,54.4,4.842652166666666
2025-12-28 12:55:00,488.05323,1581,762.0,1459.0,0.0,0.0,0.0,0.0,0.0,0.0,487.16452,742.9311,0.84743,26.59933,54.0,25.63856,78.0,4.0,69.0,52.0,12.80048,Laden,54.42730933333333,4.866666666666667
2025-12-28 13:00:00,490.4157,1581,762.0,1459.0,0.0,0.0,0.0,0.0,0.0,0.0,489.482,745.67757,0.84568,29.02574,54.0,26.27856,78.0,4.0,69.0,52.69067,12.67025,Laden,54.437976,4.878177833333333
2025-12-28 13:05:00,493.97061,1581,762.0,1459.0,0.0,0.0,0.0,0.0,0.0,0.0,495.72469,755.27479,0.84388,32.90212,54.0,27.0,78.0,4.0,69.0,53.4637,12.69379,Laden,54.45,4.891061666666666
2025-12-28 13:10:00,494.15417,1581,762.0,1459.0,0.0,0.0,0.0,0.0,0.0,0.0,491.82486,750.38969,0.84457,33.88343,54.0,27.83188,78.0,4.0,69.0,54.3263,12.81739,Laden,54.463864666666666,4.905438333333334
2025-12-28 13:15:00,486.93693,1581,762.0,1459.0,0.0,0.0,0.0,0.0,0.0,0.0,487.33109,742.59951,0.84738,33.4851,54.0,29.0,78.0,4.0,69.0,56.04962,12.6141,Laden,54.483333333333334,4.934160333333333
2025-12-28 13:20:00,497.84406,1581,762.0,1459.0,0.0,0.0,0.0,0.0,0.0,0.0,498.49338,757.1001,0.84974,33.93,54.0,29.90297,78.0,4.0,69.0,57.0,12.62957,Laden,54.49838283333333,4.95
2025-12-28 13:25:00,486.78925,1581,762.0,1459.0,0.0,0.0,0.0,0.0,0.0,0.0,487.02697,741.62202,0.84684,33.91797,54.0,30.41996,78.0,4.0,69.0,57.92882,12.67272,Laden,54.50699933333333,4.965480333333334
2025-12-28 13:30:00,494.94971,1581,762.0,1459.0,0.0,0.0,0.0,0.0,0.0,0.0,494.81348,750.34013,0.84992,33.54778,54.0,31.0,78.0,4.0,69.0,58.79172,12.77323,Laden,54.516666666666666,4.979862
2025-12-28 13:35:00,506.01945,1581,762.0,1459.0,0.0,0.0,0.0,0.0,0.0,0.0,505.70443,760.70942,0.85653,29.33677,54.0,32.55718,78.0,5.0,69.0,0.37676,12.69569,Laden,54.54261966666667,5.0062793333333335
2025-12-28 13:40:00,496.01662,1581,762.0,1459.0,0.0,0.0,0.0,0.0,0.0,0.0,497.77653,753.36237,0.85299,28.90068,54.0,33.16182,78.0,5.0,69.0,1.09058,12.61979,Laden,54.552697,5.018176333333333
2025-12-28 13:45:00,499.30715,1581,762.0,1459.0,0.0,0.0,0.0,0.0,0.0,0.0,498.50236,754.21662,0.85269,27.89103,54.0,34.0,78.0,5.0,69.0,2.0,12.63713,Laden,54.56666666666667,5.033333333333333
2025-12-28 13:50:00,508.84672,1581,762.0,1459.0,0.0,0.0,0.0,0.0,0.0,0.0,508.15274,766.72369,0.86,25.10578,54.0,34.78581,78.0,5.0,69.0,2.72714,12.64639,Laden,54.5797635,5.045452333333333
2025-12-28 13:55:00,501.5012,1581,762.0,1459.0,0.0,0.0,0.0,0.0,0.0,0.0,501.54672,763.21221,0.8473,23.19749,54.0,36.17316,78.0,5.0,69.0,4.0,12.77392,Laden,54.602886,5.066666666666666
2025-12-28 14:00:00,494.10764,1581,762.0,1459.0,0.0,0.0,0.0,0.0,0.0,0.0,493.67536,755.42325,0.84599,23.14761,54.0,37.0,78.0,5.0,69.0,4.65586,12.7291,Laden,54.61666666666667,5.077597666666667
2025-12-28 14:05:00,499.27142,1581,762.0,1459.0,0.0,0.0,0.0,0.0,0.0,0.0,500.16927,762.87196,0.84771,21.33376,54.0,37.87234,78.0,5.0,69.0,5.01961,12.63808,Laden,54.631205666666666,5.083660166666666
2025-12-28 14:10:00,500.61449,1581,762.0,1459.0,0.0,0.0,0.0,0.0,0.0,0.0,501.99129,766.88358,0.84867,20.07847,54.0,38.58512,78.0,5.0,69.0,6.0,12.59331,Laden,54.64308533333333,5.1
2025-12-28 14:15:00,493.91963,1581,762.0,1459.0,0.0,0.0,0.0,0.0,0.0,0.0,493.91566,756.00525,0.84174,20.40811,54.0,40.02822,78.0,5.0,69.0,7.0,12.6458,Laden,54.667137,5.116666666666666
2025-12-28 14:20:00,493.13603,1581,762.0,1459.0,0.0,0.0,0.0,0.0,0.0,0.0,492.7999,754.11837,0.84672,20.26636,54.0,41.0,78.0,5.0,69.0,7.41051,12.73607,Laden,54.68333333333333,5.1235085
2025-12-28 14:25:00,498.60062,1581,762.0,1459.0,0.0,0.0,0.0,0.0,0.0,0.0,498.79301,760.74351,0.84724,20.36482,54.0,41.76039,78.0,5.0,69.0,8.0,12.81122,Laden,54.6960065,5.133333333333334
2025-12-28 14:30:00,494.74957,1581,762.0,1459.0,0.0,0.0,0.0,0.0,0.0,0.0,495.16362,756.7137,0.84736,20.79651,54.0,42.50068,78.0,5.0,69.0,8.62643,12.71111,Laden,54.70834466666667,5.143773833333333
2025-12-28 14:35:00,514.76189,1581,762.0,1459.0,0.0,0.0,0.0,0.0,0.0,0.0,514.74454,780.78044,0.85158,25.67109,54.0,44.0,78.0,5.0,69.0,10.0,12.70002,Laden,54.733333333333334,5.166666666666667
2025-12-28 14:40:00,513.36549,1581,762.0,1459.0,0.0,0.0,0.0,0.0,0.0,0.0,510.79889,774.65857,0.85479,27.4074,54.0,44.86477,78.0,5.0,69.0,10.57284,12.75829,Laden,54.747746166666666,5.176214
2025-12-28 14:45:00,492.30508,1581,762.0,1459.0,0.0,0.0,0.0,0.0,0.0,0.0,492.64332,752.269,0.84881,30.74441,54.0,45.50369,78.0,5.0,69.0,11.28258,12.76628,Laden,54.758394833333334,5.188043
2025-12-28 14:50:00,497.85245,1581,762.0,1459.0,0.0,0.0,0.0,0.0,0.0,0.0,497.74347,760.76513,0.84705,29.99163,54.0,46.12908,78.0,5.0,69.0,12.01085,12.86013,Laden,54.768818,5.2001808333333335
2025-12-28 14:55:00,495.35282,1581,762.0,1460.0,0.0,0.0,0.0,0.0,0.0,0.0,493.19823,752.90185,0.8507,29.11612,54.0,47.75015,78.0,5.0,69.0,13.6673,12.585,Laden,54.795835833333335,5.227788333333334
2025-12-28 15:00:00,498.94327,1581,762.0,1460.0,0.0,0.0,0.0,0.0,0.0,0.0,496.92675,756.68446,0.84941,28.91646,54.0,48.37679,78.0,5.0,69.0,14.34656,12.7417,Laden,54.806279833333335,5.239109333333333
2025-12-28 15:05:00,489.1806,1581,762.0,1460.0,0.0,0.0,0.0,0.0,0.0,0.0,491.80486,751.98482,0.84586,29.31029,54.0,49.02244,78.0,5.0,69.0,15.0216,12.84493,Laden,54.817040666666664,5.25036
2025-12-28 15:10:00,485.43284,1581,762.0,1460.0,0.0,0.0,0.0,0.0,0.0,0.0,485.5255,743.04882,0.8454,28.64724,54.0,50.0,78.0,5.0,69.0,16.0,12.81693,Laden,54.833333333333336,5.266666666666667
2025-12-28 15:15:00,503.51591,1581,762.0,1460.0,0.0,0.0,0.0,0.0,0.0,0.0,505.07666,767.66143,0.8522,28.80554,54.0,51.3111,78.0,5.0,69.0,17.36567,12.69942,Laden,54.855185,5.289427833333334
2025-12-28 15:20:00,498.91902,1581,762.0,1460.0,0.0,0.0,0.0,0.0,0.0,0.0,499.20713,758.40994,0.8516,28.83198,54.0,52.0,78.0,5.0,69.0,18.03776,12.80153,Laden,54.86666666666667,5.300629333333333
2025-12-28 15:25:00,496.02492,1581,762.0,1460.0,0.0,0.0,0.0,0.0,0.0,0.0,497.42076,754.8278,0.85204,28.518,54.0,52.95798,78.0,5.0,69.0,19.0,12.5999,Laden,54.882633,5.316666666666666
2025-12-28 15:30:00,505.25145,1581,762.0,1460.0,0.0,0.0,0.0,0.0,0.0,0.0,504.65287,765.65017,0.85186,29.34729,54.0,53.58515,78.0,5.0,69.0,19.68077,12.7059,Laden,54.89308583333333,5.328012833333333
2025-12-28 15:35:00,492.32789,1581,762.0,1460.0,0.0,0.0,0.0,0.0,0.0,0.0,492.83475,750.84358,0.8496,28.79294,54.0,55.0,78.0,5.0,69.0,21.0,12.56169,Laden,54.916666666666664,5.35
2025-12-28 15:40:00,486.0194,1581,762.0,1460.0,0.0,0.0,0.0,0.0,0.0,0.0,486.10951,745.1181,0.84253,28.94564,54.0,55.83582,78.0,5.0,69.0,21.98976,12.54962,Laden,54.930597,5.366496
2025-12-28 15:45:00,493.29323,1581,762.0,1460.0,0.0,0.0,0.0,0.0,0.0,0.0,493.16258,753.67884,0.84729,28.48,54.0,56.45513,78.0,5.0,69.0,22.63338,12.42523,Laden,54.940918833333335,5.377223
2025-12-28 15:50:00,485.06117,1581,762.0,1460.0,0.0,0.0,0.0,0.0,0.0,0.0,488.13557,747.22907,0.84769,28.78203,54.0,57.06761,78.0,5.0,69.0,23.26249,12.41923,Laden,54.95112683333333,5.387708166666667
2025-12-28 15:55:00,490.53893,1581,762.0,1460.0,0.0,0.0,0.0,0.0,0.0,0.0,489.35261,748.48696,0.84738,28.32719,54.0,58.68861,78.0,5.0,69.0,24.90084,12.52661,Laden,54.9781435,5.415014
2025-12-28 16:00:00,485.11491,1581,762.0,1460.0,0.0,0.0,0.0,0.0,0.0,0.0,484.46525,739.95451,0.84589,28.79763,54.30349,41.20544,78.0,5.0,69.0,25.51674,12.41109,Laden,54.99024733333333,5.425279
2025-12-28 16:05:00,486.79686,1581,762.0,1460.0,0.0,0.0,0.0,0.0,0.0,0.0,486.38513,741.22381,0.85123,29.07239,55.0,0.0,78.0,5.0,69.0,26.14989,12.55594,Laden,55.0,5.4358315
2025-12-28 16:10:00,494.00058,1581,762.0,1460.0,0.0,0.0,0.0,0.0,0.0,0.0,493.55428,753.08891,0.84816,28.93807,55.0,0.93117,78.0,5.0,69.0,27.0,12.5,Laden,55.0155195,5.45
2025-12-28 16:15:00,477.21028,1581,762.0,1460.0,0.0,0.0,0.0,0.0,0.0,0.0,479.51015,734.49632,0.84417,29.0343,55.0,2.16449,78.0,5.0,69.0,28.38931,12.48788,Laden,55.03607483333333,5.4731551666666665
2025-12-28 16:20:00,487.49291,1581,762.0,1460.0,0.0,0.0,0.0,0.0,0.0,0.0,487.92727,741.88327,0.8498,29.01484,55.0,3.0,78.0,5.0,69.0,29.00264,12.4137,Laden,55.05,5.483377333333333
2025-12-28 16:25:00,485.85407,1581,762.0,1460.0,0.0,0.0,0.0,0.0,0.0,0.0,484.86494,737.51766,0.84807,29.00229,55.0,3.76975,78.0,5.0,69.0,30.0,12.31206,Laden,55.06282916666667,5.5
2025-12-28 16:30:00,487.60426,1581,762.0,1460.0,0.0,0.0,0.0,0.0,0.0,0.0,486.88712,742.33897,0.84805,29.17553,55.0,4.36776,78.0,5.0,69.0,30.60859,12.25928,Laden,55.072796,5.5101431666666665
2025-12-28 16:35:00,520.92437,1581,762.0,1460.0,0.0,0.0,0.0,0.0,0.0,0.0,520.61755,792.88941,0.84784,29.33449,55.0,5.96312,78.0,5.0,69.0,32.0,12.37935,Laden,55.09938533333333,5.533333333333333
2025-12-28 16:40:00,522.89688,1581,762.0,1460.0,0.0,0.0,0.0,0.0,0.0,0.0,522.25093,796.7542,0.84502,28.71438,55.0,6.57039,78.0,5.0,69.0,32.79892,12.43942,Laden,55.1095065,5.546648666666667
2025-12-28 16:45:00,498.71334,1581,762.0,1460.0,0.0,0.0,0.0,0.0,0.0,0.0,497.0621,758.61233,0.8463,26.84175,55.0,7.19034,78.0,5.0,69.0,33.39961,12.4389,Laden,55.119839,5.556660166666667
2025-12-28 16:50:00,483.73092,1581,762.0,1460.0,0.0,0.0,0.0,0.0,0.0,0.0,485.10135,741.27879,0.84715,14.05254,55.0,8.0,78.0,5.0,69.0,34.0,12.0976,Laden,55.13333333333333,5.566666666666666
2025-12-28 16:55:00,487.40229,1581,762.0,1461.0,0.0,0.0,0.0,0.0,0.0,0.0,488.42562,748.90258,0.84351,13.10932,55.0,9.65599,78.0,5.0,69.0,34.95722,12.30385,Laden,55.160933166666666,5.582620333333333
2025-12-28 17:00:00,504.11997,1581,762.0,1461.0,0.0,0.0,0.0,0.0,0.0,0.0,503.25919,768.34442,0.84467,10.40133,55.0,10.40954,78.0,5.0,69.0,35.0,12.27325,Laden,55.173492333333336,5.583333333333333
2025-12-28 17:05:00,494.30219,1581,762.0,1461.0,0.0,0.0,0.0,0.0,0.0,0.0,495.06974,758.02261,0.84331,7.8544,55.0,11.19318,78.0,5.0,69.0,35.0,12.40416,Laden,55.186553,5.583333333333333
2025-12-28 17:10:00,489.14673,1581,762.0,1461.0,0.0,0.0,0.0,0.0,0.0,0.0,491.72961,754.30266,0.84306,6.67134,55.0,12.0,78.0,5.0,69.0,35.0,12.46733,Laden,55.2,5.583333333333333
2025-12-28 17:15:00,496.04078,1581,762.0,1461.0,0.0,0.0,0.0,0.0,0.0,0.0,497.55946,763.86762,0.84045,5.39386,55.0,13.7681,78.0,5.0,69.0,36.0,12.44475,Laden,55.22946833333334,5.6
2025-12-28 17:20:00,489.45741,1581,762.0,1461.0,0.0,0.0,0.0,0.0,0.0,0.0,487.90371,747.98309,0.84277,5.10298,55.0,14.56571,78.0,5.0,69.0,36.0,12.512,Laden,55.24276183333333,5.6
2025-12-28 17:25:00,496.59109,1581,762.0,1461.0,0.0,0.0,0.0,0.0,0.0,0.0,494.87862,756.76724,0.84301,4.20146,55.0,15.35792,78.0,5.0,69.0,36.0,12.33358,Laden,55.255965333333336,5.6
2025-12-28 17:30:00,494.37761,1581,762.0,1461.0,0.0,0.0,0.0,0.0,0.0,0.0,495.30445,758.68026,0.84308,3.87468,55.0,16.1336,78.0,5.0,69.0,36.0,12.25232,Laden,55.26889333333333,5.6
2025-12-28 17:35:00,497.42252,1581,762.0,1461.0,0.0,0.0,0.0,0.0,0.0,0.0,496.50186,761.5791,0.84413,3.84539,55.0,17.91503,78.0,5.0,69.0,36.0,12.28042,Laden,55.29858383333333,5.6
2025-12-28 17:40:00,487.64568,1581,762.0,1461.0,0.0,0.0,0.0,0.0,0.0,0.0,488.03457,749.15659,0.84185,3.69181,55.0,18.69641,78.0,5.0,69.0,36.0,12.29543,Laden,55.311606833333336,5.6
2025-12-28 17:45:00,495.48577,1581,762.0,1461.0,0.0,0.0,0.0,0.0,0.0,0.0,494.17623,759.63927,0.83913,4.16138,55.0,19.47855,78.0,5.0,69.0,36.0,12.26709,Laden,55.3246425,5.6
2025-12-28 17:50:00,498.97303,1581,762.0,1461.0,0.0,0.0,0.0,0.0,0.0,0.0,496.93873,760.30888,0.84735,4.282,55.0,20.26485,78.0,5.0,69.0,36.0,12.30008,Laden,55.3377475,5.6
2025-12-28 17:55:00,489.18314,1581,762.0,1461.0,0.0,0.0,0.0,0.0,0.0,0.0,490.24274,754.96023,0.83736,5.06329,55.0,22.0,78.0,5.0,69.0,37.0,12.10893,Laden,55.36666666666667,5.616666666666667
2025-12-28 18:00:00,493.25211,1581,762.0,1461.0,0.0,0.0,0.0,0.0,0.0,0.0,494.3203,760.33452,0.83998,4.41321,55.0,22.80508,78.0,5.0,69.0,37.0,11.98805,Laden,55.38008466666667,5.616666666666667
2025-12-28 18:05:00,502.50748,1581,762.0,1461.0,0.0,0.0,0.0,0.0,0.0,0.0,502.46832,769.45774,0.84654,4.83717,55.0,23.56143,78.0,5.0,69.0,37.0,12.11906,Laden,55.3926905,5.616666666666667
2025-12-28 18:10:00,489.75481,1581,762.0,1461.0,0.0,0.0,0.0,0.0,0.0,0.0,487.48956,750.42464,0.84191,4.84268,55.0,24.32115,78.0,5.0,69.0,37.0,12.05051,Laden,55.4053525,5.616666666666667
2025-12-28 18:15:00,484.30415,1581,762.0,1461.0,0.0,0.0,0.0,0.0,0.0,0.0,482.3282,739.44778,0.84297,4.7507,55.0,26.0,78.0,5.0,69.0,37.0,11.9577,Laden,55.43333333333333,5.616666666666667
2025-12-28 18:20:00,483.98214,1581,762.0,1461.0,0.0,0.0,0.0,0.0,0.0,0.0,483.30368,740.1877,0.84521,5.13476,55.0,26.82411,78.0,5.0,69.0,37.0,12.07435,Laden,55.4470685,5.616666666666667
2025-12-28 18:25:00,484.48869,1581,762.0,1461.0,0.0,0.0,0.0,0.0,0.0,0.0,484.53486,744.22576,0.841,4.08753,55.0,27.58164,78.0,5.0,69.0,37.08971,11.99503,Laden,55.459694,5.618161833333334
2025-12-28 18:30:00,480.09764,1581,762.0,1461.0,0.0,0.0,0.0,0.0,0.0,0.0,479.52254,739.20191,0.84183,3.74626,55.0,28.32656,78.0,5.0,69.0,38.0,11.9637,Laden,55.472109333333336,5.633333333333333
2025-12-28 18:35:00,476.61747,1581,762.0,1461.0,0.0,0.0,0.0,0.0,0.0,0.0,477.59778,735.3163,0.83812,3.23435,55.0,30.0,78.0,5.0,69.0,38.0,12.16505,Laden,55.5,5.633333333333333
2025-12-28 18:40:00,498.89058,1581,762.0,1461.0,0.0,0.0,0.0,0.0,0.0,0.0,501.49557,763.43493,0.85136,3.10046,55.0,30.85994,78.0,5.0,69.0,38.0,11.98233,Laden,55.514332333333336,5.633333333333333
2025-12-28 18:45:00,500.73413,1581,762.0,1461.0,0.0,0.0,0.0,0.0,0.0,0.0,499.61059,759.38764,0.85011,2.61187,55.0,31.60527,78.0,5.0,69.0,38.0,11.84241,Laden,55.5267545,5.633333333333333
2025-12-28 18:50:00,486.33539,1581,762.0,1461.0,0.0,0.0,0.0,0.0,0.0,0.0,484.41349,741.94207,0.84561,2.78037,55.0,32.34465,78.0,5.0,69.0,38.0,11.88055,Laden,55.5390775,5.633333333333333
2025-12-28 18:55:00,476.02192,1581,762.0,1461.86825,0.0,0.0,0.0,0.0,0.0,0.0,479.40949,733.8335,0.84711,3.11399,55.0,34.0,78.0,5.0,69.0,38.0,11.86258,Laden,55.56666666666667,5.633333333333333
2025-12-28 19:00:00,477.4903,1581,762.0,1462.0,0.0,0.0,0.0,0.0,0.0,0.0,477.75776,731.00711,0.84571,2.72449,55.0,34.83226,78.0,5.0,69.0,38.0,11.93807,Laden,55.580537666666665,5.633333333333333
2025-12-28 19:05:00,482.73859,1581,762.0,1462.0,0.0,0.0,0.0,0.0,0.0,0.0,484.51734,742.88943,0.84458,2.96502,55.0,35.57638,78.0,5.0,69.0,38.0,11.8341,Laden,55.592939666666666,5.633333333333333
2025-12-28 19:10:00,483.14017,1581,762.0,1462.0,0.0,0.0,0.0,0.0,0.0,0.0,483.88811,740.15255,0.84718,2.57789,55.0,36.30811,78.0,5.0,69.0,38.0,11.81216,Laden,55.60513516666666,5.633333333333333
2025-12-28 19:15:00,485.14742,1581,762.0,1462.0,0.0,0.0,0.0,0.0,0.0,0.0,483.38453,737.56363,0.849,2.92335,55.0,38.0,78.0,5.0,69.0,38.24624,11.77525,Laden,55.63333333333333,5.637437333333334
2025-12-28 19:20:00,482.00916,1581,762.0,1462.0,0.0,0.0,0.0,0.0,0.0,0.0,481.53313,736.30071,0.84639,2.74797,55.0,38.77388,78.0,5.0,69.0,39.0,11.68357,Laden,55.64623133333333,5.65
2025-12-28 19:25:00,482.78454,1581,762.0,1462.0,0.0,0.0,0.0,0.0,0.0,0.0,484.16032,742.24146,0.84291,3.36349,55.0,39.49682,78.0,5.0,69.0,39.0,11.78786,Laden,55.65828033333333,5.65
2025-12-28 19:30:00,484.01286,1581,762.0,1462.0,0.0,0.0,0.0,0.0,0.0,0.0,483.47979,741.10202,0.84509,2.96697,55.0,40.22728,78.0,5.0,69.0,39.0,11.76359,Laden,55.670454666666664,5.65
2025-12-28 19:35:00,485.97124,1581,762.0,1462.0,0.0,0.0,0.0,0.0,0.0,0.0,486.25426,744.55982,0.84688,2.7881,55.0,41.96509,78.0,5.0,69.0,39.0,11.8384,Laden,55.69941816666667,5.65
2025-12-28 19:40:00,480.69549,1581,762.0,1462.0,0.0,0.0,0.0,0.0,0.0,0.0,479.74624,733.56717,0.84667,2.59644,55.0,42.69956,78.0,5.0,69.0,39.0,11.63247,Laden,55.71165933333333,5.65
2025-12-28 19:45:00,485.59481,1581,762.0,1462.0,0.0,0.0,0.0,0.0,0.0,0.0,486.0183,743.40358,0.84461,3.28983,55.0,43.41881,78.0,5.0,69.0,39.0,11.78681,Laden,55.72364683333333,5.65
2025-12-28 19:50:00,478.23791,1581,762.0,1462.0,0.0,0.0,0.0,0.0,0.0,0.0,477.71819,732.47658,0.84466,3.32633,55.0,44.165,78.0,5.0,69.0,39.0,11.93395,Laden,55.73608333333333,5.65
2025-12-28 19:55:00,480.69681,1581,762.0,1462.0,0.0,0.0,0.0,0.0,0.0,0.0,479.8782,734.07397,0.84684,2.5807,55.0,45.8917,78.0,5.0,69.0,39.0,11.66501,Laden,55.76486166666667,5.65
2025-12-28 20:00:00,483.68807,1581,762.0,1462.0,0.0,0.0,0.0,0.0,0.0,0.0,481.20565,737.29853,0.84392,2.57244,55.0,46.61338,78.0,5.0,69.0,39.0,11.59766,Laden,55.77688966666667,5.65
2025-12-28 20:05:00,489.3592,1581,762.0,1462.0,0.0,0.0,0.0,0.0,0.0,0.0,487.53564,746.10222,0.84634,2.70732,55.0,47.3212,78.0,5.0,69.0,39.0,11.59542,Laden,55.78868666666666,5.65
2025-12-28 20:10:00,480.69977,1581,762.0,1462.0,0.0,0.0,0.0,0.0,0.0,0.0,479.95398,734.79462,0.84395,2.74761,55.0,48.0385,78.0,5.0,69.0,39.0,11.62664,Laden,55.800641666666664,5.65
2025-12-28 20:15:00,472.80108,1581,762.0,1462.0,0.0,0.0,0.0,0.0,0.0,0.0,471.45734,723.53244,0.84415,3.39615,55.0,49.77245,78.0,5.0,69.0,40.0,11.72428,Laden,55.82954083333333,5.666666666666667
2025-12-28 20:20:00,484.46533,1581,762.0,1462.0,0.0,0.0,0.0,0.0,0.0,0.0,483.95753,739.39084,0.84825,3.34641,55.0,50.49273,78.0,5.0,69.0,40.0,11.68524,Laden,55.8415455,5.666666666666667
2025-12-28 20:25:00,479.5461,1581,762.0,1462.0,0.0,0.0,0.0,0.0,0.0,0.0,480.2227,737.47567,0.84251,3.66006,55.0,51.2167,78.0,5.0,69.0,40.0,11.79025,Laden,55.853611666666666,5.666666666666667
2025-12-28 20:30:00,482.18665,1581,762.0,1462.0,0.0,0.0,0.0,0.0,0.0,0.0,482.00115,735.60122,0.84918,2.29775,55.0,52.0,78.0,5.0,69.0,40.0,11.67741,Laden,55.86666666666667,5.666666666666667
2025-12-28 20:35:00,475.15847,1581,762.0,1462.0,0.0,0.0,0.0,0.0,0.0,0.0,476.55294,733.10778,0.83878,2.8734,55.0,53.63349,78.0,5.0,69.0,40.0,11.58973,Laden,55.8938915,5.666666666666667
2025-12-28 20:40:00,513.20059,1581,762.0,1462.0,0.0,0.0,0.0,0.0,0.0,0.0,516.64798,788.8245,0.84971,2.45269,55.0,54.34745,78.0,5.0,69.0,40.0,11.66999,Laden,55.905790833333334,5.666666666666667
2025-12-28 20:45:00,520.30213,1581,762.0,1462.0,0.0,0.0,0.0,0.0,0.0,0.0,520.35379,795.45776,0.847,2.95389,55.0,55.0646,78.0,5.0,69.0,40.0,11.69989,Laden,55.917743333333334,5.666666666666667
2025-12-28 20:50:00,502.38964,1581,762.0,1462.0,0.0,0.0,0.0,0.0,0.0,0.0,501.47058,760.75998,0.85127,3.28947,55.0,56.0,78.0,5.0,69.0,40.0,11.65898,Laden,55.93333333333333,5.666666666666667
2025-12-28 20:55:00,495.53396,1581,762.0,1462.0,0.0,0.0,0.0,0.0,0.0,0.0,494.18384,751.49103,0.85197,2.43414,55.0,57.46934,78.0,5.0,69.0,40.54042,11.47439,Laden,55.95782233333333,5.6756736666666665
2025-12-28 21:00:00,488.33307,1581,762.0,1462.92657,0.0,0.0,0.0,0.0,0.0,0.0,488.27391,748.2708,0.84475,3.12395,55.0,58.17733,78.0,5.0,69.0,41.0,11.60415,Laden,55.96962216666667,5.683333333333334
2025-12-28 21:05:00,487.59615,1581,762.0,1463.0,0.0,0.0,0.0,0.0,0.0,0.0,488.03268,748.05243,0.8449,2.45275,55.0,59.0,78.0,5.0,69.0,41.0,11.44784,Laden,55.983333333333334,5.683333333333334
2025-12-28 21:10:00,479.22829,1581,762.0,1463.0,0.0,0.0,0.0,0.0,0.0,0.0,481.09794,736.53035,0.84464,3.12129,55.86562,7.97813,78.0,5.0,69.0,41.0,11.57307,Laden,55.998588833333336,5.683333333333334
2025-12-28 21:15:00,487.05144,1581,762.0,1463.0,0.0,0.0,0.0,0.0,0.0,0.0,487.26418,741.72359,0.85157,2.86368,56.0,1.27214,78.0,5.0,69.0,41.0,11.5791,Laden,56.021202333333335,5.683333333333334
2025-12-28 21:20:00,478.0892,1581,762.0,1463.0,0.0,0.0,0.0,0.0,0.0,0.0,481.06758,740.22548,0.84193,2.40263,56.0,2.0,78.0,5.0,69.0,41.0,11.51454,Laden,56.03333333333333,5.683333333333334
2025-12-28 21:25:00,491.0339,1581,762.0,1463.0,0.0,0.0,0.0,0.0,0.0,0.0,490.87323,748.72182,0.84844,3.4239,56.0,2.96922,78.0,5.0,69.0,41.0,11.63551,Laden,56.049487,5.683333333333334
2025-12-28 21:30:00,478.68342,1581,762.0,1463.0,0.0,0.0,0.0,0.0,0.0,0.0,477.69611,731.7486,0.84479,2.99594,56.0,3.67989,78.0,5.0,69.0,41.0,11.53869,Laden,56.0613315,5.683333333333334
2025-12-28 21:35:00,491.90145,1581,762.0,1463.0,0.0,0.0,0.0,0.0,0.0,0.0,490.60899,748.71359,0.84781,42.59673,56.0,5.06299,78.0,5.0,69.0,41.16216,11.46044,Laden,56.08438316666667,5.686036
2025-12-28 21:40:00,495.55849,1581,762.0,1463.0,0.0,0.0,0.0,0.0,0.0,0.0,496.21786,756.843,0.84828,144.56386,56.0,6.0,78.0,5.0,69.0,42.0,11.17796,Laden,56.1,5.7
2025-12-28 21:45:00,488.5644,1581,762.0,1463.0,0.0,0.0,0.0,0.0,0.0,0.0,490.52432,747.55426,0.84923,205.90601,56.0,6.72886,78.0,5.0,69.0,42.0,11.31643,Laden,56.112147666666665,5.7
2025-12-28 21:50:00,482.99676,1581,762.0,1463.0,0.0,0.0,0.0,0.0,0.0,0.0,484.61822,738.13763,0.84784,153.92513,56.0,7.40664,78.0,5.0,69.0,42.0,11.30108,Laden,56.123444,5.7
2025-12-28 21:55:00,485.09519,1581,762.0,1463.0,0.0,0.0,0.0,0.0,0.0,0.0,483.92211,737.20495,0.85,53.89473,56.0,9.0,78.0,5.0,69.0,42.0,11.45779,Laden,56.15,5.7
2025-12-28 22:00:00,494.28812,1581,762.0,1463.0,0.0,0.0,0.0,0.0,0.0,0.0,492.89009,751.31284,0.84929,98.27845,56.0,9.79353,78.0,5.0,69.0,42.0,11.51589,Laden,56.1632255,5.7
2025-12-28 22:05:00,491.90207,1581,762.0,1463.0,0.0,0.0,0.0,0.0,0.0,0.0,491.585,749.16989,0.84661,223.32023,56.0,10.49784,78.0,5.0,69.0,42.0,11.411,Laden,56.174964,5.7
2025-12-28 22:10:00,501.02808,1581,762.0,1463.0,0.0,0.0,0.0,0.0,0.0,0.0,500.47934,759.46986,0.85086,139.39854,56.0,11.16731,78.0,5.0,69.0,42.0,11.26282,Laden,56.18612183333333,5.7
2025-12-28 22:15:00,487.33887,1581,762.0,1463.0,0.0,0.0,0.0,0.0,0.0,0.0,485.32129,740.38502,0.84963,216.1646,56.0,12.849,78.0,5.0,69.0,42.0,11.13088,Laden,56.21415,5.7
2025-12-28 22:20:00,492.24349,1581,762.0,1463.0,0.0,0.0,0.0,0.0,0.0,0.0,491.20866,747.52168,0.8511,1.68781,56.0,13.51314,78.0,5.0,69.0,42.0,11.33269,Laden,56.225219,5.7
2025-12-28 22:25:00,487.88258,1581,762.0,1463.0,0.0,0.0,0.0,0.0,0.0,0.0,487.12935,744.71857,0.84514,1.65826,56.0,14.21311,78.0,5.0,69.0,42.0,11.54797,Laden,56.23688516666667,5.7
2025-12-28 22:30:00,493.74763,1581,762.0,1463.0,0.0,0.0,0.0,0.0,0.0,0.0,493.37629,750.27948,0.85146,1.94067,56.0,15.0,78.0,5.0,69.0,42.0,11.4673,Laden,56.25,5.7
2025-12-28 22:35:00,486.67985,1581,762.0,1463.0,0.0,0.0,0.0,0.0,0.0,0.0,485.81344,742.42576,0.84499,1.97386,56.0,16.60296,78.0,5.0,69.0,42.0,11.28392,Laden,56.276716,5.7
2025-12-28 22:40:00,478.47555,1581,762.0,1463.0,0.0,0.0,0.0,0.0,0.0,0.0,477.75244,733.31351,0.8443,2.11472,56.0,17.26249,78.0,5.0,69.0,42.0,11.10248,Laden,56.28770816666667,5.7
2025-12-28 22:45:00,487.85568,1581,762.0,1463.0,0.0,0.0,0.0,0.0,0.0,0.0,489.74645,747.62023,0.8466,1.71953,56.0,18.0,78.0,5.0,69.0,42.0,11.10118,Laden,56.3,5.7
2025-12-28 22:50:00,512.29339,1581,762.0,1463.0,0.0,0.0,0.0,0.0,0.0,0.0,511.82262,774.87019,0.85324,1.70787,56.0,18.90935,78.0,5.0,69.0,42.0,10.97429,Laden,56.315155833333336,5.7
2025-12-28 22:55:00,486.84958,1581,762.0,1463.0,0.0,0.0,0.0,0.0,0.0,0.0,489.23808,741.25395,0.85262,2.52704,56.0,20.1567,78.0,5.0,69.0,42.0,10.80109,Laden,56.335945,5.7
2025-12-28 23:00:00,477.18017,1581,762.0,1463.14818,0.0,0.0,0.0,0.0,0.0,0.0,477.76004,730.16241,0.84386,2.35246,56.0,21.0,78.0,5.0,69.0,42.0,10.81488,Laden,56.35,5.7
2025-12-28 23:05:00,485.21557,1581,762.0,1464.0,0.0,0.0,0.0,0.0,0.0,0.0,486.75308,741.93317,0.84683,2.16326,56.0,21.77535,78.0,5.0,69.0,42.0,11.00458,Laden,56.3629225,5.7
2025-12-28 23:10:00,484.85181,1581,762.0,1464.0,0.0,0.0,0.0,0.0,0.0,0.0,484.15744,738.69448,0.8453,1.53439,56.0,22.41443,78.0,5.0,69.0,42.0,10.99532,Laden,56.37357383333333,5.7
2025-12-28 23:15:00,482.87897,1581,762.0,1464.0,0.0,0.0,0.0,0.0,0.0,0.0,482.19359,732.92352,0.84832,1.51255,56.0,24.0,78.0,5.0,69.0,43.0,10.92342,Laden,56.4,5.716666666666667
2025-12-28 23:20:00,489.48079,1581,762.0,1464.0,0.0,0.0,0.0,0.0,0.0,0.0,488.0684,741.72289,0.84955,2.21678,56.0,24.68423,78.0,5.0,69.0,43.0,11.06169,Laden,56.41140383333333,5.716666666666667
2025-12-28 23:25:00,485.17331,1581,762.0,1464.0,0.0,0.0,0.0,0.0,0.0,0.0,486.80053,742.30487,0.84468,5.17623,56.0,25.32156,78.0,5.0,69.0,43.0,10.75512,Laden,56.422026,5.716666666666667
2025-12-28 23:30:00,479.91581,1581,762.0,1464.0,0.0,0.0,0.0,0.0,0.0,0.0,479.13204,730.36434,0.84467,54.70674,56.0,26.0,78.0,5.0,69.0,43.0,10.58375,Laden,56.43333333333333,5.716666666666667
2025-12-28 23:35:00,476.45298,1581,762.0,1464.0,0.0,0.0,0.0,0.0,0.0,0.0,476.0819,730.85875,0.84083,2.45907,56.0,27.55934,78.0,5.0,69.0,43.0,11.10723,Laden,56.45932233333333,5.716666666666667
2025-12-28 23:40:00,486.67169,1581,762.0,1464.0,0.0,0.0,0.0,0.0,0.0,0.0,486.61384,739.51733,0.85034,1.67326,56.0,28.20084,78.0,5.0,69.0,43.0,10.97073,Laden,56.470014,5.716666666666667
2025-12-28 23:45:00,482.4625,1581,762.0,1464.0,0.0,0.0,0.0,0.0,0.0,0.0,483.30654,739.95602,0.84608,1.84644,56.0,29.0,78.0,5.0,69.0,43.0,10.70849,Laden,56.483333333333334,5.716666666666667
2025-12-28 23:50:00,482.345,1581,762.0,1464.0,0.0,0.0,0.0,0.0,0.0,0.0,482.02335,734.09145,0.84896,1.67863,56.0,29.80972,78.0,5.0,69.0,43.0,10.80381,Laden,56.496828666666666,5.716666666666667
2025-12-28 23:55:00,480.22991,1581,762.0,1464.0,0.0,0.0,0.0,0.0,0.0,0.0,478.72165,730.38003,0.84637,2.04204,56.0,31.05434,78.0,5.0,69.0,43.0,10.81589,Laden,56.517572333333334,5.716666666666667
2025-12-29 00:00:00,478.08142,1581,762.0,1464.0,0.0,0.0,0.0,0.0,0.0,0.0,479.541,732.74482,0.84497,1.69419,56.0,32.0,78.0,5.0,69.0,43.0,11.03709,Laden,56.53333333333333,5.716666666666667
2025-12-29 00:05:00,481.00414,1581,762.0,1464.0,0.0,0.0,0.0,0.0,0.0,0.0,480.83169,736.12254,0.84343,2.08266,56.0,32.69763,78.0,5.0,69.0,43.0,11.13724,Laden,56.5449605,5.716666666666667
2025-12-29 00:10:00,484.87878,1581,762.0,1464.0,0.0,0.0,0.0,0.0,0.0,0.0,485.07754,739.63326,0.84872,1.9647,56.0,33.36224,78.0,5.0,69.0,43.0,11.28944,Laden,56.556037333333336,5.716666666666667
2025-12-29 00:15:00,483.26168,1581,762.0,1464.0,0.0,0.0,0.0,0.0,0.0,0.0,483.06047,735.94871,0.84732,2.04836,56.0,35.0,78.0,5.0,69.0,44.0,11.19698,Laden,56.583333333333336,5.733333333333333
2025-12-29 00:20:00,469.22103,1581,762.0,1464.0,0.0,0.0,0.0,0.0,0.0,0.0,470.46478,721.70166,0.84391,2.05313,56.0,35.69101,78.0,5.0,69.0,44.0,11.2119,Laden,56.59485016666667,5.733333333333333
2025-12-29 00:25:00,471.78124,1581,762.0,1464.0,0.0,0.0,0.0,0.0,0.0,0.0,472.10625,723.5981,0.84166,1.65409,56.0,36.3515,78.0,5.0,69.0,44.0,11.09209,Laden,56.60585833333333,5.733333333333333
2025-12-29 00:30:00,477.33014,1581,762.0,1464.0,0.0,0.0,0.0,0.0,0.0,0.0,476.98394,732.2058,0.84159,2.2647,56.0,37.0,78.0,5.0,69.0,44.0,11.08007,Laden,56.61666666666667,5.733333333333333
2025-12-29 00:35:00,483.19829,1581,762.0,1464.0,0.0,0.0,0.0,0.0,0.0,0.0,483.62217,736.72344,0.84881,2.09961,56.0,38.651,78.0,5.0,69.0,44.0,11.08734,Laden,56.64418333333333,5.733333333333333
2025-12-29 00:40:00,467.29439,1581,762.0,1464.0,0.0,0.0,0.0,0.0,0.0,0.0,466.71999,720.05479,0.83814,1.52629,56.0,39.30621,78.0,5.0,69.0,44.0,11.12803,Laden,56.6551035,5.733333333333333
2025-12-29 00:45:00,471.39437,1581,762.0,1464.0,0.0,0.0,0.0,0.0,0.0,0.0,472.32972,723.97394,0.84322,1.3969,56.0,40.0,78.0,5.0,69.0,44.0,11.12456,Laden,56.666666666666664,5.733333333333333
2025-12-29 00:50:00,503.62431,1581,762.0,1464.0,0.0,0.0,0.0,0.0,0.0,0.0,507.03627,777.79806,0.8412,1.57434,56.0,40.95886,78.0,5.0,69.0,44.0,11.2537,Laden,56.68264766666667,5.733333333333333
2025-12-29 00:55:00,489.45534,1581,762.0,1464.0,0.0,0.0,0.0,0.0,0.0,0.0,489.06419,744.85908,0.84965,0.97037,56.0,42.30729,78.0,5.0,69.0,44.0,11.26298,Laden,56.7051215,5.733333333333333
2025-12-29 01:00:00,484.91153,1581,762.0,1464.0,0.0,0.0,0.0,0.0,0.0,0.0,482.4165,734.94484,0.85024,1.30471,56.0,43.0,78.0,5.0,69.0,44.0,11.33194,Laden,56.71666666666667,5.733333333333333
2025-12-29 01:05:00,480.13507,1581,762.0,1464.0,0.0,0.0,0.0,0.0,0.0,0.0,481.31696,732.18253,0.84738,203.95134,56.0,43.9876,78.0,5.0,69.0,44.0,11.3602,Laden,56.733126666666664,5.733333333333333
2025-12-29 01:10:00,480.13149,1581,762.0,1464.99939,0.0,0.0,0.0,0.0,0.0,0.0,479.99225,730.8439,0.84872,344.65504,56.0,44.65636,78.0,5.0,69.0,44.0,11.1348,Laden,56.74427266666667,5.733333333333333
2025-12-29 01:15:00,471.48234,1581,762.0,1465.0,0.0,0.0,0.0,0.0,0.0,0.0,471.86785,727.2294,0.83831,342.29711,56.0,46.0,78.0,5.0,69.0,43.29241,11.60445,Laden,56.766666666666666,5.721540166666666
2025-12-29 01:20:00,478.48879,1581,762.0,1465.0,0.26583,3.83015,0.0015,0.0,0.0,0.0,477.58519,730.87126,0.84548,341.19739,56.0,46.89663,78.0,5.0,69.0,43.0,11.56784,Laden,56.7816105,5.716666666666667
2025-12-29 01:25:00,463.87669,1581,762.0,1465.0,232.13495,354.79137,0.84013,0.0,0.0,0.0,228.65617,362.86132,0.81485,341.00208,56.0,47.53145,78.0,5.0,69.0,42.48369,11.63964,Laden,56.792190833333336,5.7080615
2025-12-29 01:30:00,467.11167,1581,762.0,1465.0,237.44001,360.01254,0.8541,0.0,0.0,0.0,228.55233,359.53687,0.82435,341.30121,56.0,48.16142,78.0,5.0,69.0,42.0,11.52417,Laden,56.80269033333333,5.7
2025-12-29 01:35:00,467.94333,1581,762.0,1465.0,425.66988,652.92146,0.84928,0.0,0.0,0.0,44.01166,74.59643,0.16225,341.10873,56.0,49.78349,78.0,5.0,69.0,41.0,11.67816,Laden,56.82972483333333,5.683333333333334
2025-12-29 01:40:00,465.66766,1581,762.0,1465.0,465.61729,720.28228,0.83807,0.0,0.0,0.0,0.0,0.0,0.0,341.32937,56.0,50.43493,78.0,5.0,69.0,40.73917,11.86589,Laden,56.840582166666664,5.678986166666666
2025-12-29 01:45:00,470.53454,1581,762.0,1465.0,470.42783,726.10733,0.84167,0.0,0.0,0.0,0.0,0.0,0.0,341.35231,56.0,51.09722,78.0,5.0,69.0,40.0,11.73343,Laden,56.85162033333334,5.666666666666667
2025-12-29 01:50:00,464.40918,1581,762.0,1465.0,465.70639,719.41982,0.83849,0.0,0.0,0.0,0.0,0.0,0.0,341.25076,56.0,52.0,78.0,5.0,69.0,39.86164,11.68386,Laden,56.86666666666667,5.664360666666667
2025-12-29 01:55:00,471.88798,1581,762.0,1465.0,474.25977,726.09201,0.84511,0.0,0.0,0.0,0.0,0.0,0.0,341.25867,56.0,53.39197,78.0,5.0,69.0,39.0,11.76134,Laden,56.889866166666664,5.65
2025-12-29 02:00:00,462.30824,1581,762.0,1465.0,462.97673,713.75075,0.84003,0.0,0.0,0.0,0.0,0.0,0.0,341.11543,56.0,54.06312,78.0,5.0,69.0,38.0,11.90518,Laden,56.901052,5.633333333333333
2025-12-29 02:05:00,467.97559,1581,762.0,1465.0,466.3724,719.3453,0.83936,0.0,0.0,0.0,0.0,0.0,0.0,340.75362,56.0,55.0,78.0,5.0,69.0,38.0,11.89915,Laden,56.916666666666664,5.633333333333333
2025-12-29 02:10:00,466.15626,1581,762.0,1465.0,466.90817,720.99718,0.84019,0.0,0.0,0.0,0.0,0.0,0.0,341.28259,56.0,55.72958,78.0,5.0,69.0,37.12109,11.70077,Laden,56.92882633333333,5.618684833333333
2025-12-29 02:15:00,471.0085,1581.276,762.0,1465.0,471.76131,725.88503,0.84313,0.0,0.0,0.0,0.0,0.0,0.0,340.86913,56.0,57.03927,78.0,5.0,69.0,36.29852,11.93863,Laden,56.9506545,5.604975333333334
2025-12-29 02:20:00,460.15532,1582,762.0,1465.0,460.86644,713.08939,0.839,0.0,0.0,0.0,0.0,0.0,0.0,341.13914,56.0,58.0,78.0,5.0,69.0,36.0,12.08973,Laden,56.96666666666667,5.6
2025-12-29 02:25:00,465.1271,1582,762.0,1465.0,463.97474,718.03143,0.83843,0.0,0.0,0.0,0.0,0.0,0.0,341.36597,56.0,58.72835,78.0,5.0,69.0,35.41481,11.94469,Laden,56.97880583333333,5.5902468333333335
2025-12-29 02:30:00,468.67216,1582,762.0,1465.0,468.15589,719.95635,0.8397,0.0,0.0,0.0,0.0,0.0,0.0,340.895,56.41235,34.72047,78.0,5.0,69.0,35.0,12.0378,Laden,56.9910245,5.583333333333333
2025-12-29 02:35:00,461.5938,1582,762.0,1465.0,462.20417,714.38301,0.83949,0.0,0.0,0.0,0.0,0.0,0.0,342.82507,57.0,1.0,78.0,5.0,69.0,34.0,11.96668,Laden,57.016666666666666,5.566666666666666
2025-12-29 02:40:00,469.64407,1582,762.0,1465.0,471.78161,727.9162,0.84204,0.0,0.0,0.0,0.0,0.0,0.0,343.05724,57.0,1.79323,78.0,5.0,69.0,33.94629,11.96377,Laden,57.02988716666667,5.5657715
2025-12-29 02:45:00,467.25093,1582,762.0,1465.0,467.22263,721.87519,0.84003,0.0,0.0,0.0,0.0,0.0,0.0,343.14461,57.0,2.49341,78.0,5.0,69.0,33.0,11.99126,Laden,57.04155683333333,5.55
2025-12-29 02:50:00,469.12868,1582,762.0,1465.0,470.83673,723.66831,0.84115,0.0,0.0,0.0,0.0,0.0,0.0,343.2136,57.0,3.18775,78.0,5.0,69.0,33.0,11.94335,Laden,57.053129166666665,5.55
2025-12-29 02:55:00,473.14302,1582,762.0,1465.0,474.0362,729.2861,0.84282,0.0,0.0,0.0,0.0,0.0,0.0,343.12865,57.0,4.89142,78.0,5.0,69.0,32.0,11.84926,Laden,57.08152366666667,5.533333333333333
2025-12-29 03:00:00,475.62496,1582,762.0,1465.0,475.78919,728.09596,0.84848,0.0,0.0,0.0,0.0,0.0,0.0,343.13548,57.0,5.56094,78.0,5.0,69.0,31.81804,11.73367,Laden,57.092682333333336,5.530300666666666
2025-12-29 03:05:00,471.07145,1582,762.0,1465.0,470.67511,722.42259,0.84389,0.0,0.0,0.0,0.0,0.0,0.0,342.84529,57.0,6.24432,78.0,5.0,69.0,31.0,11.74248,Laden,57.104072,5.516666666666667
2025-12-29 03:10:00,477.44171,1582,762.0,1465.0,477.0137,732.80387,0.84573,0.0,0.0,0.0,0.0,0.0,0.0,342.90761,57.0,7.0,78.0,5.0,69.0,31.0,11.83287,Laden,57.11666666666667,5.516666666666667
2025-12-29 03:15:00,479.69975,1582,762.0,1465.0,476.79845,727.84631,0.85013,0.0,0.0,0.0,0.0,0.0,0.0,341.08632,57.0,8.58336,78.0,5.0,69.0,30.0,11.69483,Laden,57.143056,5.5
2025-12-29 03:20:00,481.09001,1582,762.0,1465.0,480.05003,731.64226,0.84907,0.0,0.0,0.0,0.0,0.0,0.0,341.19854,57.0,9.24588,78.0,5.0,69.0,29.56719,11.77868,Laden,57.154098,5.4927865
2025-12-29 03:25:00,474.47003,1582,762.0,1465.0,475.14829,727.21734,0.8442,0.0,0.0,0.0,0.0,0.0,0.0,340.90055,57.0,10.0,78.0,5.0,69.0,29.0,11.69355,Laden,57.166666666666664,5.483333333333333
2025-12-29 03:30:00,476.17253,1582,762.0,1465.0,477.5505,735.01397,0.84248,0.0,0.0,0.0,0.0,0.0,0.0,341.12733,57.0,10.90901,78.0,5.0,69.0,28.84392,11.77558,Laden,57.181816833333336,5.480732
2025-12-29 03:35:00,476.19883,1582,762.0,1465.0,476.38734,730.35809,0.8446,0.0,0.0,0.0,0.0,0.0,0.0,341.16435,57.0,12.23974,78.0,5.0,69.0,28.0,11.69198,Laden,57.203995666666664,5.466666666666667
2025-12-29 03:40:00,474.16328,1582,762.0,1465.0,472.40623,729.17938,0.83953,0.0,0.0,0.0,0.0,0.0,0.0,341.25278,57.0,13.0,78.0,5.0,69.0,27.12618,11.66699,Laden,57.21666666666667,5.452103
2025-12-29 03:45:00,478.77325,1582,762.0,1465.0,476.95279,731.95628,0.84577,0.0,0.0,0.0,0.0,0.0,0.0,341.31599,57.0,13.90149,78.0,5.0,69.0,27.0,11.55835,Laden,57.2316915,5.45
2025-12-29 03:50:00,474.92105,1582,762.0,1465.0,476.00273,733.98554,0.83994,0.0,0.0,0.0,0.0,0.0,0.0,340.99895,57.0,14.54811,78.0,5.0,69.0,26.48697,11.55471,Laden,57.2424685,5.4414495
2025-12-29 03:55:00,474.51543,1582,762.0,1465.0,474.39166,728.18661,0.84443,0.0,0.0,0.0,0.0,0.0,0.0,340.99011,57.0,16.0,78.0,5.0,69.0,25.84989,11.44054,Laden,57.266666666666666,5.4308315
2025-12-29 04:00:00,476.24175,1582,762.0,1465.0,475.49561,729.39175,0.84364,0.0,0.0,0.0,0.0,0.0,0.0,340.76584,57.0,16.82618,78.0,5.0,69.0,25.0,11.50062,Laden,57.280436333333334,5.416666666666667
2025-12-29 04:05:00,477.02641,1582,762.0,1465.0,478.1146,735.51748,0.84272,0.0,0.0,0.0,0.0,0.0,0.0,339.39343,57.0,17.45699,78.0,5.0,69.0,25.0,11.40853,Laden,57.290949833333336,5.416666666666667
2025-12-29 04:10:00,482.0232,1582,762.0,1465.0,483.54113,741.47454,0.84539,0.0,0.0,0.0,0.0,0.0,0.0,339.19534,57.0,18.05507,78.0,5.0,69.0,24.14731,11.23421,Laden,57.30091783333334,5.402455166666667
2025-12-29 04:15:00,482.55759,1582,762.0,1465.0,481.17269,734.17826,0.84937,0.0,0.0,0.0,0.0,0.0,0.0,339.04709,57.0,19.65112,78.0,5.0,69.0,23.3715,11.21153,Laden,57.32751866666667,5.389525
2025-12-29 04:20:00,481.57682,1582,762.0,1465.0,479.94899,734.18878,0.84691,0.0,0.0,0.0,0.0,0.0,0.0,339.06069,57.0,20.24836,78.0,5.0,69.0,23.0,11.33922,Laden,57.33747266666666,5.383333333333334
2025-12-29 04:25:00,480.66761,1582.66569,762.0,1465.0,478.96923,734.55581,0.84725,0.0,0.0,0.0,0.0,0.0,0.0,339.22982,57.0,21.0,78.0,5.0,69.0,22.59375,11.46503,Laden,57.35,5.3765625
2025-12-29 04:30:00,484.24145,1583,762.0,1465.0,484.62079,741.81263,0.85206,0.0,0.0,0.0,0.0,0.0,0.0,338.95376,57.0,21.8643,78.0,5.0,69.0,22.0,11.25085,Laden,57.364405,5.366666666666666
2025-12-29 04:35:00,488.21659,1583,762.0,1465.0,485.69175,743.00318,0.84731,0.0,0.0,0.0,0.0,0.0,0.0,339.14317,57.0,23.0485,78.0,5.0,69.0,21.0,11.28128,Laden,57.384141666666665,5.35
2025-12-29 04:40:00,484.70793,1583,762.0,1465.0,485.20712,743.86174,0.84657,0.0,0.0,0.0,0.0,0.0,0.0,339.09463,57.0,24.0,78.0,5.0,69.0,21.0,11.20265,Laden,57.4,5.35
2025-12-29 04:45:00,498.95513,1583,762.0,1465.0,494.27887,755.87577,0.84773,0.0,0.0,0.0,0.0,0.0,0.0,338.91601,57.0,24.63756,78.0,5.0,69.0,20.03955,11.05639,Laden,57.410626,5.3339925
2025-12-29 04:50:00,515.55657,1583,762.0,1465.0,513.87689,786.90524,0.84844,0.0,0.0,0.0,0.0,0.0,0.0,339.10475,57.0,25.2088,78.0,5.0,69.0,20.0,11.01532,Laden,57.42014666666667,5.333333333333333
2025-12-29 04:55:00,480.0506,1583,762.0,1465.0,480.61869,736.9988,0.84651,0.0,0.0,0.0,0.0,0.0,0.0,335.49773,57.0,26.7833,78.0,5.0,69.0,19.0,11.09959,Laden,57.44638833333333,5.316666666666666
2025-12-29 05:00:00,480.49742,1583,762.0,1465.0,479.90009,737.59002,0.84433,0.0,0.0,0.0,0.0,0.0,0.0,330.63652,57.0,27.27545,78.0,5.0,69.0,18.25827,10.91741,Laden,57.454590833333334,5.3043045
2025-12-29 05:05:00,490.10109,1583,762.0,1465.0,489.4071,748.67886,0.84745,0.0,0.0,0.0,0.0,0.0,0.0,333.74168,57.0,28.0,78.0,5.0,69.0,17.88255,11.00618,Laden,57.46666666666667,5.2980425
2025-12-29 05:10:00,480.45636,1583,762.0,1465.0,480.54335,735.58316,0.84744,0.0,0.0,0.0,0.0,0.0,0.0,335.191,57.0,28.76802,78.0,5.0,69.0,17.0,11.20798,Laden,57.479467,5.283333333333333
2025-12-29 05:15:00,482.41701,1583,762.0,1465.0,482.72931,740.26925,0.84778,0.0,0.0,0.0,0.0,0.0,0.0,342.59575,57.0,30.0,78.0,5.0,69.0,16.0,11.34503,Laden,57.5,5.266666666666667
2025-12-29 05:20:00,476.35505,1583,762.0,1465.0,476.51449,729.63312,0.8478,0.0,0.0,0.0,0.0,0.0,0.0,342.78343,57.0,30.96223,78.0,5.0,69.0,16.0,11.27928,Laden,57.51603716666666,5.266666666666667
2025-12-29 05:25:00,474.49512,1583,762.0,1465.0,474.69437,726.59004,0.84693,0.0,0.0,0.0,0.0,0.0,0.0,342.8443,57.0,31.59189,78.0,5.0,69.0,15.60899,11.17725,Laden,57.5265315,5.260149833333333
2025-12-29 05:30:00,484.03396,1583,762.0,1465.0,485.35292,741.03379,0.84983,0.0,0.0,0.0,0.0,0.0,0.0,342.95046,57.0,32.19534,78.0,5.0,69.0,15.0,10.98999,Laden,57.536589,5.25
2025-12-29 05:35:00,484.00073,1583,762.0,1465.0,482.65829,738.96138,0.85005,0.0,0.0,0.0,0.0,0.0,0.0,341.43746,57.0,33.79296,78.0,5.0,69.0,14.34644,11.046,Laden,57.563216,5.239107333333333
2025-12-29 05:40:00,484.21994,1583,762.0,1465.0,484.56193,738.91523,0.85171,0.0,0.0,0.0,0.0,0.0,0.0,340.88595,57.0,34.37608,78.0,5.0,69.0,14.0,11.07271,Laden,57.57293466666667,5.233333333333333
2025-12-29 05:45:00,481.46326,1583,762.0,1465.0,480.33803,732.68871,0.84952,0.0,0.0,0.0,0.0,0.0,0.0,340.90917,57.0,35.0,78.0,5.0,69.0,13.82827,10.83212,Laden,57.583333333333336,5.230471166666667
2025-12-29 05:50:00,483.86264,1583,762.0,1465.0,483.36529,738.85594,0.8511,0.0,0.0,0.0,0.0,0.0,0.0,341.41464,57.0,35.93346,78.0,5.0,69.0,13.0,10.76159,Laden,57.598891,5.216666666666667
2025-12-29 05:55:00,487.00092,1583,762.0,1465.0,485.59943,739.70016,0.84997,0.0,0.0,0.0,0.0,0.0,0.0,341.88129,57.0,37.02823,78.0,5.0,69.0,12.50757,10.61379,Laden,57.617137166666666,5.2084595
2025-12-29 06:00:00,483.24666,1583,762.0,1465.0,484.82528,740.58059,0.84609,0.0,0.0,0.0,0.0,0.0,0.0,341.81828,57.0,38.0,78.0,5.0,69.0,12.0,10.90244,Laden,57.63333333333333,5.2
2025-12-29 06:05:00,489.233,1583,762.0,1465.0,490.3361,744.3403,0.85434,0.0,0.0,0.0,0.0,0.0,0.0,342.04765,57.0,38.59001,78.0,5.0,69.0,12.0,10.82036,Laden,57.64316683333333,5.2
2025-12-29 06:10:00,477.42826,1583,762.0,1465.0,480.61436,735.73439,0.84819,0.0,0.0,0.0,0.0,0.0,0.0,341.84733,57.0,39.16094,78.0,5.0,69.0,11.25181,10.88069,Laden,57.65268233333333,5.187530166666667
2025-12-29 06:15:00,480.80695,1583,762.0,1465.0,482.58639,736.1813,0.85244,0.0,0.0,0.0,0.0,0.0,0.0,341.36837,57.0,40.72125,78.0,5.0,69.0,10.87278,10.63123,Laden,57.6786875,5.181213
2025-12-29 06:20:00,487.14308,1583,762.0,1465.0,486.44611,739.16296,0.85316,0.0,0.0,0.0,0.0,0.0,0.0,342.31073,57.0,41.25416,78.0,5.0,69.0,10.0,10.68701,Laden,57.687569333333336,5.166666666666667
2025-12-29 06:25:00,483.95887,1583,762.0,1465.0,485.8391,740.67784,0.85003,0.0,0.0,0.0,0.0,0.0,0.0,342.28671,57.0,42.0,78.0,5.0,69.0,10.0,10.71338,Laden,57.7,5.166666666666667
2025-12-29 06:30:00,490.87989,1583.7652,762.0,1465.0,489.44217,748.26877,0.84679,0.0,0.0,0.0,0.0,0.0,0.0,341.92501,57.0,42.79312,78.0,5.0,69.0,9.3445,10.48638,Laden,57.71321866666667,5.155741666666667
2025-12-29 06:35:00,478.99267,1584,762.0,1465.0,478.27246,729.31373,0.85005,0.0,0.0,0.0,0.0,0.0,0.0,342.43213,57.0,44.0,78.0,5.0,69.0,8.88751,10.16615,Laden,57.733333333333334,5.1481251666666665
2025-12-29 06:40:00,482.66907,1584,762.0,1465.0,485.54803,736.76677,0.85273,0.0,0.0,0.0,0.0,0.0,0.0,342.12822,57.0,44.7362,78.0,5.0,69.0,8.0,10.16927,Laden,57.745603333333335,5.133333333333334
2025-12-29 06:45:00,483.44061,1584,762.0,1465.0,481.9363,734.54129,0.85169,0.0,0.0,0.0,0.0,0.0,0.0,342.06124,57.0,45.1832,78.0,5.0,69.0,8.0,10.02353,Laden,57.753053333333334,5.133333333333334
2025-12-29 06:50:00,491.7752,1584,762.0,1465.0,449.58746,679.00988,0.85947,0.0,0.0,0.0,39.42241,69.75598,0.147,342.08086,57.0,46.0,78.0,5.0,69.0,7.48794,10.10831,Laden,57.766666666666666,5.124799
2025-12-29 06:55:00,503.42307,1584,762.0,1465.0,251.63841,380.55464,0.86035,0.0,0.0,0.0,251.34128,381.52276,0.85309,341.42985,57.0,47.06215,78.0,5.0,69.0,6.98325,9.88938,Laden,57.784369166666664,5.1163875
2025-12-29 07:00:00,483.40276,1584,762.0,1465.0,240.52597,365.40218,0.85483,0.0,0.0,0.0,241.57257,368.50796,0.85064,342.11419,57.0,48.0,78.0,5.0,69.0,6.0,9.87308,Laden,57.8,5.1
2025-12-29 07:05:00,475.26608,1584,762.0,1465.0,234.85491,359.55898,0.84819,0.0,0.0,0.0,238.62693,364.36744,0.85141,342.40979,57.0,48.47155,78.0,5.0,69.0,6.0,9.69949,Laden,57.80785916666667,5.1
2025-12-29 07:10:00,488.0194,1584,762.0,1465.0,243.98638,371.66535,0.85152,0.0,0.0,0.0,245.95078,375.74274,0.84824,341.07322,57.0,49.0,78.0,5.0,69.0,5.66936,9.70082,Laden,57.81666666666667,5.094489333333334
2025-12-29 07:15:00,480.51464,1584,762.0,1465.0,240.2135,365.93518,0.85119,0.0,0.0,0.0,240.96391,370.8547,0.84651,342.14028,57.0,50.19525,78.0,5.0,69.0,5.0,9.52912,Laden,57.8365875,5.083333333333333
2025-12-29 07:20:00,488.21101,1584,762.0,1465.0,243.07424,369.65655,0.85008,0.0,0.0,0.0,242.11549,373.04206,0.84098,342.8782,57.0,51.0,78.0,5.0,69.0,4.09325,9.45121,Laden,57.85,5.068220833333333
2025-12-29 07:25:00,485.25154,1584,762.0,1465.0,244.55719,371.48887,0.84961,0.0,0.0,0.0,242.49576,372.10992,0.84587,342.7212,57.0,51.53501,78.0,5.0,69.0,4.0,9.71009,Laden,57.85891683333333,5.066666666666666
2025-12-29 07:30:00,482.33311,1584,762.0,1465.0,251.76126,378.68121,0.86409,0.0,0.0,0.0,231.45633,361.96181,0.82803,342.31264,57.0,52.0,78.0,5.0,69.0,3.65198,9.97256,Laden,57.86666666666667,5.060866333333333
2025-12-29 07:35:00,482.50799,1584,762.0,1465.0,242.93503,369.39111,0.85453,0.0,0.0,0.0,239.858,368.04463,0.8422,342.30693,57.0,53.34694,78.0,5.0,69.0,3.0,9.81975,Laden,57.88911566666667,5.05
2025-12-29 07:40:00,481.2168,1584,762.0,1465.0,242.54356,368.53415,0.85231,0.0,0.0,0.0,240.07233,368.519,0.84388,341.83368,57.0,54.0,78.0,5.0,69.0,2.07602,9.89496,Laden,57.9,5.034600333333334
2025-12-29 07:45:00,488.33459,1584,762.0,1465.0,6.94498,16.08041,0.032,0.0,0.0,0.0,483.39042,732.20858,0.85531,341.77266,57.0,54.74997,78.0,5.0,69.0,2.0,10.1898,Laden,57.9124995,5.033333333333333
2025-12-29 07:50:00,490.82406,1584,762.0,1465.0,0.0,0.0,0.0,0.0,0.0,0.0,492.20978,756.11281,0.84287,342.56926,57.0,55.16043,78.0,5.0,69.0,1.47011,9.79679,Laden,57.9193405,5.024501833333334
2025-12-29 07:55:00,492.32038,1584,762.0,1465.0,0.0,0.0,0.0,0.0,0.0,0.0,493.29919,754.24021,0.84516,342.11298,57.0,56.5791,78.0,5.0,69.0,0.94879,9.84457,Laden,57.942985,5.015813166666667
2025-12-29 08:00:00,493.50658,1584,762.0,1465.0,0.0,0.0,0.0,0.0,0.0,0.0,493.41565,754.36143,0.84426,341.85327,57.0,57.0,78.0,5.0,69.0,0.0,9.78742,Laden,57.95,5.0
2025-12-29 08:05:00,488.61667,1584,762.0,1465.0,0.0,0.0,0.0,0.0,0.0,0.0,491.58405,750.29956,0.84446,341.2857,57.0,57.97191,78.0,5.0,69.0,0.0,10.00888,Laden,57.9661985,5.0
2025-12-29 08:10:00,493.96533,1584,762.0,1465.0,0.0,0.0,0.0,0.0,0.0,0.0,493.96088,757.84204,0.84258,342.49995,57.0,58.40451,78.0,4.36251,69.0,37.6118,10.2199,Laden,57.9734085,4.989373333333334
2025-12-29 08:15:00,479.73138,1584,762.0,1465.0,0.0,0.0,0.0,0.0,0.0,0.0,480.77678,737.65612,0.84373,342.1584,57.81117,11.19057,78.0,4.0,69.0,58.78919,9.59098,Laden,57.9976795,4.979819833333333
2025-12-29 08:20:00,487.50538,1584,762.0,1465.0,0.0,0.0,0.0,0.0,0.0,0.0,485.88096,741.77206,0.84796,342.19099,58.0,0.13402,78.0,4.0,69.0,58.0,9.3292,Laden,58.00223366666667,4.966666666666667
2025-12-29 08:25:00,487.22483,1584,762.0,1465.0,0.0,0.0,0.0,0.0,0.0,0.0,487.32035,745.54732,0.84286,341.93442,58.0,1.0,78.0,4.0,69.0,58.0,9.65664,Laden,58.016666666666666,4.966666666666667
2025-12-29 08:30:00,492.74487,1584,762.0,1465.0,0.0,0.0,0.0,0.0,0.0,0.0,493.53566,755.25834,0.84382,340.91443,58.0,1.438,78.0,4.0,69.0,57.27465,8.84354,Laden,58.02396666666667,4.9545775
2025-12-29 08:35:00,483.29139,1584,762.0,1465.0,0.0,0.0,0.0,0.0,0.0,0.0,484.72406,739.83181,0.84762,341.98475,58.0,2.72758,78.0,4.0,69.0,56.7473,9.837,Laden,58.045459666666666,4.945788333333334
2025-12-29 08:40:00,522.94727,1584,762.0,1465.0,0.0,0.0,0.0,0.0,0.0,0.0,521.56392,790.80755,0.85019,342.88009,58.0,3.09303,78.0,4.0,69.0,56.0,9.59999,Laden,58.0515505,4.933333333333334
2025-12-29 08:45:00,516.34294,1584,762.0,1465.0,0.0,0.0,0.0,0.0,0.0,0.0,515.48268,785.74568,0.84375,343.25219,58.0,4.0,78.0,4.0,69.0,56.0,9.34563,Laden,58.06666666666667,4.933333333333334
2025-12-29 08:50:00,486.723,1584,762.0,1465.0,0.0,0.0,0.0,0.0,0.0,0.0,484.59602,741.90914,0.8437,343.97891,58.0,4.41048,78.0,4.0,69.0,55.18276,9.28035,Laden,58.073508,4.919712666666666
2025-12-29 08:55:00,478.45756,1584,762.0,1465.27778,0.0,0.0,0.0,0.0,0.0,0.0,479.61579,733.34701,0.84791,344.20905,58.0,5.60733,78.0,4.0,69.0,54.86967,9.04335,Laden,58.0934555,4.9144945
2025-12-29 09:00:00,476.89287,1584,762.0,1466.0,0.0,0.0,0.0,0.0,0.0,0.0,478.62509,732.39238,0.84679,343.55403,58.0,6.0,78.0,4.0,69.0,54.0,9.73784,Laden,58.1,4.9
2025-12-29 09:05:00,477.64785,1584,762.0,1466.0,0.0,0.0,0.0,0.0,0.0,0.0,476.08907,731.19501,0.84196,341.6011,58.0,6.96261,78.0,4.0,69.0,54.0,9.57315,Laden,58.1160435,4.9
2025-12-29 09:10:00,480.62905,1584,762.0,1466.0,0.0,0.0,0.0,0.0,0.0,0.0,480.27001,737.63991,0.84404,342.55442,58.0,7.28892,78.0,4.0,69.0,53.34421,9.62259,Laden,58.121482,4.8890701666666665
2025-12-29 09:15:00,475.26227,1584,762.0,1466.0,0.0,0.0,0.0,0.0,0.0,0.0,475.0653,718.37315,0.85882,344.75866,58.0,8.65441,78.0,4.0,69.0,52.45897,10.25442,Laden,58.14424016666667,4.874316166666667
2025-12-29 09:20:00,463.65762,1584,762.0,1466.0,0.0,0.0,0.0,0.0,0.0,0.0,463.74168,703.3835,0.85365,344.21854,58.0,9.06279,78.0,4.0,69.0,52.0,9.99136,Laden,58.1510465,4.866666666666667
2025-12-29 09:25:00,468.03082,1584,762.0,1466.0,0.0,0.0,0.0,0.0,0.0,0.0,468.21591,710.22693,0.85136,345.21043,58.0,10.0,78.0,4.0,69.0,51.68311,9.51212,Laden,58.166666666666664,4.8613851666666665
2025-12-29 09:30:00,466.68458,1584,762.0,1466.0,0.0,0.0,0.0,0.0,0.0,0.0,466.36908,708.6725,0.84894,345.8497,58.0,10.37974,78.0,4.0,69.0,51.0,9.44825,Laden,58.172995666666665,4.85
2025-12-29 09:35:00,464.03248,1584,762.0,1466.0,0.0,0.0,0.0,0.0,0.0,0.0,464.52085,705.71065,0.85268,345.4479,58.0,11.7536,78.0,4.0,69.0,50.0167,9.73423,Laden,58.19589333333333,4.833611666666666
2025-12-29 09:40:00,457.60158,1584,762.0,1466.0,0.0,0.0,0.0,0.0,0.0,0.0,458.06243,697.92273,0.85208,345.97015,58.0,12.17049,78.0,4.0,69.0,50.0,10.24276,Laden,58.2028415,4.833333333333333
2025-12-29 09:45:00,473.91035,1584,762.0,1466.0,0.0,0.0,0.0,0.0,0.0,0.0,473.61027,717.69869,0.85346,344.69936,58.0,13.0,78.0,4.0,69.0,49.32754,10.734,Laden,58.21666666666667,4.8221256666666665
2025-12-29 09:50:00,461.8674,1584,762.0,1466.0,0.0,0.0,0.0,0.0,0.0,0.0,463.25185,704.67347,0.84871,345.10767,58.0,13.69257,78.0,4.0,69.0,49.0,11.0655,Laden,58.2282095,4.816666666666666
2025-12-29 09:55:00,473.02083,1584,762.0,1466.0,12.05506,26.14067,0.0531,0.0,0.0,0.0,462.9764,699.12055,0.85908,345.10726,58.0,15.0,78.0,4.0,69.0,48.0,10.77338,Laden,58.25,4.8
2025-12-29 10:00:00,519.79247,1584,762.0,1466.0,265.14913,389.85416,0.88167,0.0,0.0,0.0,252.87126,385.11939,0.85136,344.53476,58.0,15.79847,78.0,4.0,69.0,47.79423,10.69484,Laden,58.263307833333336,4.7965705
2025-12-29 10:05:00,501.99547,1584,762.0,1466.0,256.65039,383.38702,0.86724,0.0,0.0,0.0,245.52062,379.10374,0.83799,345.04327,58.0,16.34161,78.0,4.0,69.0,47.0,10.83228,Laden,58.272360166666665,4.783333333333333
2025-12-29 10:10:00,494.0166,1584,762.0,1466.0,253.2263,378.39867,0.86784,0.0,0.0,0.0,240.5445,372.51093,0.83652,344.66015,58.0,17.0,78.0,4.0,69.0,47.0,10.61749,Laden,58.28333333333333,4.783333333333333
2025-12-29 10:15:00,490.4766,1584,762.0,1466.0,115.10732,178.52421,0.40529,0.0,0.0,0.0,370.90296,567.63386,0.842,345.68672,58.0,18.39963,78.0,4.0,69.0,46.0,10.55206,Laden,58.3066605,4.766666666666667
2025-12-29 10:20:00,499.82946,1584,762.0,1466.0,0.0,0.0,0.0,0.0,0.0,0.0,499.81355,761.06867,0.84832,344.69699,58.0,19.0,78.0,4.0,69.0,45.81704,10.57729,Laden,58.31666666666667,4.763617333333333
2025-12-29 10:25:00,489.64587,1584,762.0,1466.0,0.0,0.0,0.0,0.0,0.0,0.0,490.37524,751.66125,0.84248,344.42308,58.0,19.93435,78.0,4.0,69.0,45.0,10.96278,Laden,58.33223916666667,4.75
2025-12-29 10:30:00,493.11042,1584,762.0,1466.0,0.0,0.0,0.0,0.0,0.0,0.0,492.49949,750.03822,0.84686,345.13903,58.0,20.50583,78.0,4.0,69.0,45.0,10.54675,Laden,58.34176383333333,4.75
2025-12-29 10:35:00,491.58454,1584,762.0,1466.0,0.0,0.0,0.0,0.0,0.0,0.0,490.85316,747.74275,0.84789,343.50746,58.0,22.0,78.0,4.0,69.0,44.0,10.98237,Laden,58.36666666666667,4.733333333333333
2025-12-29 10:40:00,490.69265,1584,762.0,1466.0,0.0,0.0,0.0,0.0,0.0,0.0,491.43236,749.11015,0.84857,333.48045,58.0,22.58818,78.0,4.0,69.0,43.81746,10.88246,Laden,58.376469666666665,4.730291
2025-12-29 10:45:00,488.70773,1584,762.0,1466.0,0.0,0.0,0.0,0.0,0.0,0.0,489.79035,750.65325,0.84285,334.52844,58.0,23.09416,78.0,4.0,69.0,43.0,10.95112,Laden,58.38490266666667,4.716666666666667
2025-12-29 10:50:00,498.41605,1584,762.0,1466.0,0.0,0.0,0.0,0.0,0.0,0.0,499.36733,760.64283,0.85087,334.34987,58.0,24.0,78.0,4.0,69.0,42.63136,11.17885,Laden,58.4,4.710522666666667
2025-12-29 10:55:00,497.39227,1584,762.0,1466.0,0.0,0.0,0.0,0.0,0.0,0.0,495.20695,753.9439,0.84929,333.1798,58.0,25.21229,78.0,4.0,69.0,41.35814,11.33466,Laden,58.42020483333334,4.689302333333333
2025-12-29 11:00:00,501.83377,1584,762.0,1466.0,0.0,0.0,0.0,0.0,0.0,0.0,505.1104,767.96152,0.84973,334.2202,58.0,26.0,78.0,4.0,69.0,41.0,10.94132,Laden,58.43333333333333,4.683333333333334
2025-12-29 11:05:00,519.69369,1584,762.0,1466.0,0.0,0.0,0.0,0.0,0.0,0.0,517.82278,783.15464,0.85482,334.04266,58.0,26.7264,78.0,4.0,69.0,40.15385,10.58906,Laden,58.44544,4.669230833333334
2025-12-29 11:10:00,490.73411,1584,762.0,1466.0,0.0,0.0,0.0,0.0,0.0,0.0,493.08866,751.7645,0.84418,334.45903,58.0,27.2105,78.0,4.0,69.0,40.0,10.7527,Laden,58.45350833333333,4.666666666666667
2025-12-29 11:15:00,491.20463,1584,762.0,1467.0,0.0,0.0,0.0,0.0,0.0,0.0,492.93132,750.05889,0.84863,334.0106,58.0,28.67464,78.0,4.0,69.0,38.88293,10.40547,Laden,58.477910666666666,4.648048833333333
2025-12-29 11:20:00,487.05255,1584,762.0,1467.0,0.0,0.0,0.0,0.0,0.0,0.0,486.79441,743.637,0.84754,333.36333,58.0,29.07802,78.0,4.0,69.0,38.0,10.38709,Laden,58.48463366666667,4.633333333333333
2025-12-29 11:25:00,494.18957,1584,762.0,1467.0,0.0,0.0,0.0,0.0,0.0,0.0,495.09984,752.7184,0.8488,333.90506,58.0,30.0,78.0,4.0,69.0,37.51366,9.97801,Laden,58.5,4.6252276666666665
2025-12-29 11:30:00,490.3689,1584,762.0,1467.0,0.0,0.0,0.0,0.0,0.0,0.0,491.54667,751.36659,0.84321,334.60057,58.0,30.37943,78.0,4.0,69.0,37.0,10.01412,Laden,58.50632383333333,4.616666666666667
2025-12-29 11:35:00,491.17594,1584,762.0,1467.0,0.0,0.0,0.0,0.0,0.0,0.0,491.75342,749.07665,0.84996,333.99305,58.0,31.72165,78.0,4.0,69.0,35.74623,10.39148,Laden,58.52869416666667,4.5957705
2025-12-29 11:40:00,490.97396,1584,762.0,1467.0,0.0,0.0,0.0,0.0,0.0,0.0,491.87014,749.36892,0.84845,333.36201,58.0,32.08384,78.0,4.0,69.0,35.0,10.44989,Laden,58.53473066666667,4.583333333333333
2025-12-29 11:45:00,492.41703,1584,762.0,1467.0,0.0,0.0,0.0,0.0,0.0,0.0,494.88495,753.28839,0.84576,334.61331,58.0,33.0,78.0,4.0,69.0,34.28509,10.31706,Laden,58.55,4.571418166666667
2025-12-29 11:50:00,494.57583,1584,762.0,1467.0,0.0,0.0,0.0,0.0,0.0,0.0,494.31826,756.55937,0.84419,334.27808,58.0,33.42722,78.0,4.0,69.0,33.86871,10.24326,Laden,58.55712033333333,4.5644785
2025-12-29 11:55:00,499.63471,1584,762.0,1467.0,0.0,0.0,0.0,0.0,0.0,0.0,497.53559,759.66609,0.84585,334.31626,58.0,34.75094,78.0,4.0,69.0,32.4696,10.44335,Laden,58.579182333333335,4.54116
2025-12-29 12:00:00,504.99069,1584,762.0,1467.0,0.0,0.0,0.0,0.0,0.0,0.0,505.72091,766.10183,0.85162,333.89667,58.0,35.12694,78.0,4.0,69.0,32.0,10.49247,Laden,58.585449,4.533333333333333
2025-12-29 12:05:00,498.50421,1584,762.0,1467.0,0.0,0.0,0.0,0.0,0.0,0.0,501.78839,763.35565,0.84883,334.50503,58.0,36.0,78.0,4.0,69.0,31.01403,10.20709,Laden,58.6,4.5169005
2025-12-29 12:10:00,512.28033,1584,762.0,1467.0,0.0,0.0,0.0,0.0,0.0,0.0,512.55283,778.68841,0.85042,334.28279,58.0,36.46153,78.0,4.0,69.0,30.62739,10.01678,Laden,58.607692166666666,4.5104565
2025-12-29 12:15:00,515.33114,1584,762.0,1467.0,0.0,0.0,0.0,0.0,0.0,0.0,515.11635,778.88086,0.85673,336.89913,58.0,37.78341,78.0,4.0,69.0,29.37931,9.27534,Laden,58.6297235,4.489655166666667
2025-12-29 12:20:00,519.59013,1584,762.0,1467.0,0.0,0.0,0.0,0.0,0.0,0.0,520.01198,784.28153,0.85439,337.33426,58.0,38.00666,78.0,4.0,69.0,29.0,9.40385,Laden,58.63344433333333,4.483333333333333
2025-12-29 12:25:00,518.02073,1584,762.0,1467.0,0.0,0.0,0.0,0.0,0.0,0.0,517.17616,784.79934,0.85208,336.92494,58.0,39.0,78.0,4.0,69.0,28.27838,9.53208,Laden,58.65,4.471306333333334
2025-12-29 12:30:00,531.70583,1584,762.0,1467.0,0.0,0.0,0.0,0.0,0.0,0.0,531.02623,799.37003,0.85866,336.7232,58.0,39.29594,78.0,4.0,69.0,28.0,10.02937,Laden,58.654932333333335,4.466666666666667
2025-12-29 12:35:00,528.1402,1584,762.0,1467.0,0.0,0.0,0.0,0.0,0.0,0.0,526.77514,802.02109,0.84682,336.73168,58.0,40.66131,78.0,4.0,69.0,26.96565,9.7763,Laden,58.6776885,4.4494275
2025-12-29 12:40:00,514.10386,1584,762.0,1467.0,0.0,0.0,0.0,0.0,0.0,0.0,512.84491,781.98201,0.8459,336.51001,58.0,41.0,78.0,4.0,69.0,26.0,9.17944,Laden,58.68333333333333,4.433333333333334
2025-12-29 12:45:00,507.3492,1584,762.0,1467.0,0.0,0.0,0.0,0.0,0.0,0.0,506.79188,771.1002,0.851,337.11128,58.0,41.91219,78.0,4.0,69.0,25.97222,9.10025,Laden,58.6985365,4.432870333333334
2025-12-29 12:50:00,499.58207,1584,762.0,1467.0,0.0,0.0,0.0,0.0,0.0,0.0,499.16813,761.99578,0.84866,336.22317,58.0,42.04582,78.0,4.0,69.0,25.0,8.45463,Laden,58.70076366666667,4.416666666666667
2025-12-29 12:55:00,534.48059,1584,762.0,1467.0,0.0,0.0,0.0,0.0,0.0,0.0,536.61385,815.29619,0.84938,336.22174,58.0,43.0,78.0,4.0,69.0,24.37115,8.40534,Laden,58.71666666666667,4.406185833333334
2025-12-29 13:00:00,506.75359,1584,762.0,1467.0,0.0,0.0,0.0,0.0,0.0,0.0,505.54463,774.72438,0.8421,337.73311,58.0,43.92404,78.0,4.0,69.0,24.0,7.97453,Laden,58.73206733333333,4.4
2025-12-29 13:05:00,503.24873,1584,762.0,1467.0,0.0,0.0,0.0,0.0,0.0,0.0,504.57935,767.38323,0.85041,336.69479,58.0,44.0,78.0,4.0,69.0,23.58255,8.54977,Laden,58.733333333333334,4.3930425
2025-12-29 13:10:00,491.63799,1584,762.0,1467.18428,0.0,0.0,0.0,0.0,0.0,0.0,491.43849,755.21114,0.84273,337.25291,58.0,44.95161,78.0,4.0,69.0,23.0,8.56219,Laden,58.7491935,4.383333333333334
2025-12-29 13:15:00,501.92042,1584,762.0,1468.0,0.0,0.0,0.0,0.0,0.0,0.0,502.93564,762.4095,0.85321,336.52923,58.0,46.0,78.0,4.0,69.0,22.0,9.58632,Laden,58.766666666666666,4.366666666666666
2025-12-29 13:20:00,498.32284,1584,762.0,1468.0,0.0,0.0,0.0,0.0,0.0,0.0,497.56344,757.56799,0.85008,336.16959,58.0,46.39193,78.0,4.0,69.0,21.55942,9.87428,Laden,58.77319883333333,4.359323666666667
2025-12-29 13:25:00,494.78891,1584,762.0,1468.0,0.0,0.0,0.0,0.0,0.0,0.0,495.90071,756.67543,0.84608,337.26614,58.0,47.0,78.0,4.0,69.0,21.0,9.53191,Laden,58.78333333333333,4.35
2025-12-29 13:30:00,495.42375,1584,762.0,1468.0,0.0,0.0,0.0,0.0,0.0,0.0,495.74063,760.45998,0.84425,337.36298,58.0,47.65981,78.0,4.0,69.0,20.35532,9.62618,Laden,58.79433016666667,4.339255333333333
2025-12-29 13:35:00,496.65134,1584,762.0,1468.0,0.0,0.0,0.0,0.0,0.0,0.0,496.89898,758.10673,0.84733,337.28386,58.0,48.94626,78.0,4.0,69.0,19.05458,9.54893,Laden,58.815771,4.317576333333333
2025-12-29 13:40:00,493.34977,1584,762.0,1468.0,0.0,0.0,0.0,0.0,0.0,0.0,492.95228,751.05856,0.84696,336.76971,58.0,49.14124,78.0,4.0,69.0,18.67908,9.52826,Laden,58.81902066666667,4.311318
2025-12-29 13:45:00,497.83625,1584,762.0,1468.0,0.0,0.0,0.0,0.0,0.0,0.0,497.25785,759.82097,0.84564,337.84036,58.0,50.0,78.0,4.0,69.0,18.0,9.17474,Laden,58.833333333333336,4.3
2025-12-29 13:50:00,493.16615,1584,762.0,1468.0,0.0,0.0,0.0,0.0,0.0,0.0,493.74196,753.84215,0.85103,340.52197,58.0,50.21519,78.0,4.0,69.0,17.30014,9.06317,Laden,58.83691983333333,4.288335666666667
2025-12-29 13:55:00,492.64219,1584,762.0,1468.0,0.0,0.0,0.0,0.0,0.0,0.0,492.34076,753.4523,0.84747,341.5562,58.0,51.57104,78.0,4.0,69.0,16.03964,10.91163,Laden,58.859517333333336,4.267327333333333
2025-12-29 14:00:00,504.26916,1584,762.0,1468.0,0.0,0.0,0.0,0.0,0.0,0.0,504.15135,769.21265,0.84989,341.46055,58.0,52.02247,78.0,4.0,69.0,15.70437,10.46054,Laden,58.86704116666667,4.2617395
2025-12-29 14:05:00,505.4815,1584,762.0,1468.0,0.0,0.0,0.0,0.0,0.0,0.0,507.12385,776.05624,0.84448,344.89923,58.0,53.0,78.0,4.0,69.0,15.0,9.67681,Laden,58.88333333333333,4.25
2025-12-29 14:10:00,508.1836,1584,762.0,1468.0,0.0,0.0,0.0,0.0,0.0,0.0,508.38554,773.50307,0.85348,346.42249,58.0,53.34095,78.0,4.0,69.0,14.87095,9.3831,Laden,58.88901583333333,4.247849166666667
2025-12-29 14:15:00,500.03154,1584,762.0,1468.0,0.0,0.0,0.0,0.0,0.0,0.0,500.56731,764.61987,0.84735,346.85595,58.0,54.63727,78.0,4.0,69.0,14.0,9.7035,Laden,58.910621166666665,4.233333333333333
2025-12-29 14:20:00,502.73556,1584,762.0,1468.0,0.0,0.0,0.0,0.0,0.0,0.0,502.65609,763.85742,0.85139,346.54279,58.0,55.01078,78.0,4.0,69.0,13.34538,9.76583,Laden,58.91684633333333,4.222423
2025-12-29 14:25:00,499.96263,1584,762.0,1468.0,0.0,0.0,0.0,0.0,0.0,0.0,501.21063,761.28814,0.85024,349.61708,58.0,56.0,78.0,4.0,69.0,13.0,9.45951,Laden,58.93333333333333,4.216666666666667
2025-12-29 14:30:00,505.51254,1584,762.0,1468.0,0.0,0.0,0.0,0.0,0.0,0.0,505.91027,770.23944,0.85229,341.57649,58.0,56.36813,78.0,4.0,69.0,13.0,9.38104,Laden,58.939468833333336,4.216666666666667
2025-12-29 14:35:00,504.88851,1584,762.0,1468.0,0.0,0.0,0.0,0.0,0.0,0.0,505.9796,768.36175,0.85,2.26349,58.0,57.82775,78.0,4.0,69.0,13.0,9.14001,Laden,58.963795833333336,4.216666666666667
2025-12-29 14:40:00,505.74989,1584,762.0,1468.0,0.0,0.0,0.0,0.0,0.0,0.0,505.82932,771.713,0.84506,3.06977,58.0,58.16096,78.0,4.0,69.0,13.0,8.82982,Laden,58.969349333333334,4.216666666666667
2025-12-29 14:45:00,502.40898,1584,762.0,1468.0,0.0,0.0,0.0,0.0,0.0,0.0,503.94352,769.74275,0.84582,1.42121,58.0,59.0,78.0,4.0,69.0,13.0,8.80436,Laden,58.983333333333334,4.216666666666667
2025-12-29 14:50:00,512.25317,1584,762.0,1468.0,0.0,0.0,0.0,0.0,0.0,0.0,511.02156,777.53096,0.84713,1.89875,58.49328,29.94405,78.0,4.0,69.0,13.0,9.40012,Laden,58.9923475,4.216666666666667
2025-12-29 14:55:00,516.07304,1584,762.0,1468.0,0.0,0.0,0.0,0.0,0.0,0.0,514.431,779.54473,0.85539,1.33764,59.0,0.91891,78.0,4.0,69.0,13.0,9.45369,Laden,59.01531516666667,4.216666666666667
2025-12-29 15:00:00,500.6794,1584,762.0,1468.0,0.0,0.0,0.0,0.0,0.0,0.0,501.66609,763.71411,0.85109,164.1293,59.0,1.27055,78.0,4.0,69.0,13.0,8.5029,Laden,59.02117583333333,4.216666666666667
2025-12-29 15:05:00,520.82484,1584,762.0,1468.0,0.0,0.0,0.0,0.0,0.0,0.0,521.03434,788.66629,0.85685,189.31919,59.0,2.0,78.0,4.0,69.0,13.0,8.80428,Laden,59.03333333333333,4.216666666666667
2025-12-29 15:10:00,533.86959,1584,762.0,1468.36903,0.0,0.0,0.0,0.0,0.0,0.0,531.94919,804.99742,0.85392,326.6308,59.0,2.5497,78.0,4.0,69.0,13.0,8.7294,Laden,59.042495,4.216666666666667
2025-12-29 15:15:00,497.98415,1584,762.0,1469.0,0.0,0.0,0.0,0.0,0.0,0.0,498.35184,760.01217,0.85003,347.04077,59.0,3.80056,78.0,4.0,69.0,13.0,8.22405,Laden,59.063342666666664,4.216666666666667
2025-12-29 15:20:00,497.0392,1584,762.0,1469.0,0.0,0.0,0.0,0.0,0.0,0.0,497.72714,758.52641,0.85093,359.10919,59.0,4.0,78.0,4.0,69.0,13.0,8.07977,Laden,59.06666666666667,4.216666666666667
2025-12-29 15:25:00,503.80707,1584,762.0,1469.0,0.0,0.0,0.0,0.0,0.0,0.0,504.70275,765.65551,0.84978,196.94535,59.0,4.97554,78.0,4.0,69.0,13.0,7.51909,Laden,59.08292566666667,4.216666666666667
2025-12-29 15:30:00,495.24749,1584,762.0,1469.0,0.0,0.0,0.0,0.0,0.0,0.0,496.85466,760.7902,0.84601,358.26779,59.0,5.0,78.0,4.0,69.0,13.0,7.46899,Laden,59.083333333333336,4.216666666666667
2025-12-29 15:35:00,497.40794,1584,762.0,1469.0,0.0,0.0,0.0,0.0,0.0,0.0,495.95165,758.9217,0.84755,241.09036,59.0,6.18755,78.0,4.0,69.0,13.0,8.5429,Laden,59.10312583333333,4.216666666666667
2025-12-29 15:40:00,506.71475,1584,762.0,1469.0,0.0,0.0,0.0,0.0,0.0,0.0,506.80564,770.45954,0.85417,357.69723,59.0,7.0,78.0,4.0,69.0,13.0,9.04283,Laden,59.11666666666667,4.216666666666667
2025-12-29 15:45:00,499.72674,1584,762.0,1469.0,0.0,0.0,0.0,0.0,0.0,0.0,499.66832,763.04378,0.84939,356.09675,59.0,7.49119,78.0,4.0,69.0,13.0,8.10161,Laden,59.12485316666667,4.216666666666667
2025-12-29 15:50:00,492.54546,1584,762.0,1469.0,0.0,0.0,0.0,0.0,0.0,0.0,491.35946,754.11723,0.84403,356.303,59.0,8.0,78.0,4.0,69.0,13.0,7.48547,Laden,59.13333333333333,4.216666666666667
2025-12-29 15:55:00,483.49992,1584,762.0,1469.0,0.0,0.0,0.0,0.0,0.0,0.0,483.70157,743.19401,0.84297,356.71554,59.0,9.0,78.0,4.0,69.0,13.0,8.4251,Laden,59.15,4.216666666666667
2025-12-29 16:00:00,496.31267,1584,762.0,1469.0,0.0,0.0,0.0,0.0,0.0,0.0,496.87513,760.30937,0.84731,356.85339,59.0,9.77002,78.0,4.0,69.0,13.0,8.38704,Laden,59.162833666666664,4.216666666666667
2025-12-29 16:05:00,486.91183,1584,762.0,1469.0,0.0,0.0,0.0,0.0,0.0,0.0,487.45001,748.61615,0.84066,355.70106,59.0,10.07588,78.0,4.0,69.0,13.0,9.20491,Laden,59.167931333333335,4.216666666666667
2025-12-29 16:10:00,491.84441,1584,762.0,1469.0,0.0,0.0,0.0,0.0,0.0,0.0,490.6839,749.48393,0.84742,356.01333,59.0,11.0,78.0,4.0,69.0,13.0,9.60105,Laden,59.18333333333333,4.216666666666667
2025-12-29 16:15:00,497.93267,1584,762.0,1469.0,0.0,0.0,0.0,0.0,0.0,0.0,497.59324,759.65923,0.84823,355.00705,59.0,12.0,78.0,4.0,69.0,13.0,9.13322,Laden,59.2,4.216666666666667
2025-12-29 16:20:00,496.697,1584,762.0,1469.0,0.0,0.0,0.0,0.0,0.0,0.0,498.65832,759.72702,0.84685,355.89159,59.0,12.87136,78.0,4.0,69.0,13.0,8.94428,Laden,59.21452266666667,4.216666666666667
2025-12-29 16:25:00,486.88024,1584,762.0,1469.0,0.0,0.0,0.0,0.0,0.0,0.0,486.85253,744.2568,0.8439,356.28767,59.0,13.17825,78.0,4.0,69.0,13.0,8.76131,Laden,59.2196375,4.216666666666667
2025-12-29 16:30:00,490.31284,1584,762.0,1469.0,0.0,0.0,0.0,0.0,0.0,0.0,491.03082,750.73014,0.84299,356.39673,59.0,14.0,78.0,4.0,69.0,13.0,8.85356,Laden,59.233333333333334,4.216666666666667
2025-12-29 16:35:00,490.66843,1584,762.0,1469.0,0.0,0.0,0.0,0.0,0.0,0.0,489.85976,752.396,0.84237,357.29342,59.0,15.0,78.0,4.0,69.0,13.0,8.81141,Laden,59.25,4.216666666666667
2025-12-29 16:40:00,483.69907,1584,762.0,1469.0,0.0,0.0,0.0,0.0,0.0,0.0,483.40149,741.34898,0.84285,357.94492,59.0,15.76517,78.0,4.0,69.0,13.0,8.85209,Laden,59.26275283333333,4.216666666666667
2025-12-29 16:45:00,485.24943,1584,762.0,1469.0,0.0,0.0,0.0,0.0,0.0,0.0,485.67014,743.13689,0.84507,358.15104,59.0,16.05541,78.0,4.0,69.0,13.0,8.54802,Laden,59.267590166666665,4.216666666666667
2025-12-29 16:50:00,488.65138,1584,762.0,1469.0,0.0,0.0,0.0,0.0,0.0,0.0,490.98874,750.50614,0.8459,356.89364,59.0,17.0,78.0,4.0,69.0,13.0,7.78409,Laden,59.28333333333333,4.216666666666667
2025-12-29 16:55:00,494.37222,1584,762.0,1469.0,0.0,0.0,0.0,0.0,0.0,0.0,495.077,760.11936,0.84338,356.91875,59.0,18.0,78.0,4.0,69.0,12.77118,7.75596,Laden,59.3,4.212853
2025-12-29 17:00:00,488.13273,1584,762.0,1469.0,0.0,0.0,0.0,0.0,0.0,0.0,488.14072,747.64276,0.84342,356.60561,59.0,18.41116,78.0,4.0,69.0,12.0,8.80658,Laden,59.306852666666664,4.2
2025-12-29 17:05:00,521.90801,1584,762.0,1469.0,0.0,0.0,0.0,0.0,0.0,0.0,519.78211,794.44734,0.84469,356.32549,59.0,19.0,78.0,4.0,69.0,12.0,8.25234,Laden,59.31666666666667,4.2
2025-12-29 17:10:00,522.77136,1584,762.0,1469.05396,0.0,0.0,0.0,0.0,0.0,0.0,524.23011,801.0885,0.8459,211.6184,59.0,19.62541,78.0,4.0,69.0,12.0,8.02526,Laden,59.327090166666665,4.2
2025-12-29 17:15:00,490.48967,1584,762.0,1470.0,0.0,0.0,0.0,0.0,0.0,0.0,491.62949,754.37877,0.84026,207.57412,59.0,20.76405,78.0,4.0,69.0,12.0,8.07208,Laden,59.3460675,4.2
2025-12-29 17:20:00,483.36981,1584,762.0,1470.0,0.0,0.0,0.0,0.0,0.0,0.0,484.2197,746.45136,0.84204,2.38798,59.0,21.0,78.0,4.0,69.0,12.0,8.33662,Laden,59.35,4.2
2025-12-29 17:25:00,483.81717,1584,762.0,1470.0,0.0,0.0,0.0,0.0,0.0,0.0,484.83123,743.25398,0.84526,3.06122,59.0,21.95382,78.0,4.0,69.0,12.0,8.24443,Laden,59.365897,4.2
2025-12-29 17:30:00,482.00252,1584,762.0,1470.0,0.0,0.0,0.0,0.0,0.0,0.0,478.07092,735.37646,0.84364,3.24968,59.0,22.18855,78.0,4.0,69.0,12.0,8.75426,Laden,59.36980916666667,4.2
2025-12-29 17:35:00,499.51092,1584,762.0,1470.0,0.0,0.0,0.0,0.0,0.0,0.0,497.35876,759.18781,0.84644,4.12079,59.0,23.37148,78.0,4.0,69.0,12.0,8.1205,Laden,59.38952466666667,4.2
2025-12-29 17:40:00,493.07404,1584,762.0,1470.0,0.0,0.0,0.0,0.0,0.0,0.0,492.92133,755.74256,0.846,2.55631,59.0,24.0,78.0,4.0,69.0,12.0,8.61727,Laden,59.4,4.2
2025-12-29 17:45:00,483.68076,1584,762.0,1470.0,0.0,0.0,0.0,0.0,0.0,0.0,483.89381,742.59951,0.84488,2.40402,59.0,24.63318,78.0,4.0,69.0,12.0,8.38195,Laden,59.410553,4.2
2025-12-29 17:50:00,486.35132,1584,762.0,1470.0,0.0,0.0,0.0,0.0,0.0,0.0,485.361,746.0267,0.84123,4.49104,59.0,25.0,78.0,4.0,69.0,12.0,8.45258,Laden,59.416666666666664,4.2
2025-12-29 17:55:00,481.23954,1584,762.0,1470.0,0.0,0.0,0.0,0.0,0.0,0.0,483.7064,744.24314,0.84018,3.33557,59.0,26.16055,78.0,4.0,69.0,12.0,8.64279,Laden,59.436009166666665,4.2
2025-12-29 18:00:00,486.5029,1584,762.0,1470.0,0.0,0.0,0.0,0.0,0.0,0.0,488.4827,750.0797,0.84003,4.82272,59.0,27.0,78.0,4.0,69.0,12.0,7.9596,Laden,59.45,4.2
2025-12-29 18:05:00,485.16589,1584,762.0,1470.0,0.0,0.0,0.0,0.0,0.0,0.0,484.31712,744.91997,0.84217,3.51735,59.0,27.27591,78.0,4.0,69.0,12.0,7.91219,Laden,59.4545985,4.2
2025-12-29 18:10:00,487.0916,1584,762.0,1470.0,0.0,0.0,0.0,0.0,0.0,0.0,487.60129,746.60577,0.8471,3.69898,59.0,28.0,78.0,4.0,69.0,12.0,8.54537,Laden,59.46666666666667,4.2
2025-12-29 18:15:00,489.69811,1584,762.0,1470.0,0.0,0.0,0.0,0.0,0.0,0.0,490.32696,753.27547,0.84001,3.42954,59.0,29.0,78.0,4.0,69.0,12.0,8.75951,Laden,59.483333333333334,4.2
2025-12-29 18:20:00,490.47015,1584,762.0,1470.0,0.0,0.0,0.0,0.0,0.0,0.0,490.9485,757.1935,0.83929,3.80771,59.0,29.85976,78.0,4.0,69.0,12.0,8.6771,Laden,59.49766266666666,4.2
2025-12-29 18:25:00,477.80315,1584,762.0,1470.0,0.0,0.0,0.0,0.0,0.0,0.0,477.40715,739.7221,0.83504,3.63527,59.0,30.17556,78.0,4.0,69.0,12.0,8.97223,Laden,59.502926,4.2
2025-12-29 18:30:00,486.17737,1584,762.0,1470.0,0.0,0.0,0.0,0.0,0.0,0.0,485.9856,748.56632,0.8411,4.13196,59.0,31.0,78.0,4.0,69.0,12.0,8.91612,Laden,59.516666666666666,4.2
2025-12-29 18:35:00,494.32751,1584,762.0,1470.0,0.0,0.0,0.0,0.0,0.0,0.0,493.46893,760.13378,0.83827,3.92142,59.0,32.0,78.0,4.0,69.0,12.0,8.42192,Laden,59.53333333333333,4.2
2025-12-29 18:40:00,497.54563,1584,762.0,1470.0,0.0,0.0,0.0,0.0,0.0,0.0,496.23302,761.65794,0.84546,2.50227,59.0,32.67537,78.0,4.0,69.0,12.0,8.80498,Laden,59.5445895,4.2
2025-12-29 18:45:00,484.43042,1584,762.0,1470.0,0.0,0.0,0.0,0.0,0.0,0.0,487.25999,750.28175,0.84313,2.11117,59.0,33.0,78.0,4.0,69.0,12.0,8.84929,Laden,59.55,4.2
2025-12-29 18:50:00,495.75773,1584,762.0,1470.0,0.0,0.0,0.0,0.0,0.0,0.0,496.56059,762.10766,0.84163,2.61505,59.0,33.98594,78.0,4.0,69.0,12.0,9.10728,Laden,59.56643233333333,4.2
2025-12-29 18:55:00,502.91186,1584,762.0,1470.0,0.0,0.0,0.0,0.0,0.0,0.0,499.22528,765.04706,0.8445,2.57685,59.0,35.0,78.0,4.0,69.0,12.0,8.67368,Laden,59.583333333333336,4.2
2025-12-29 19:00:00,489.51188,1584,762.0,1470.0,0.0,0.0,0.0,0.0,0.0,0.0,489.9617,753.86802,0.84038,3.54078,59.0,35.57383,78.0,4.0,69.0,12.0,8.76918,Laden,59.59289716666667,4.2
2025-12-29 19:05:00,492.83682,1584,762.0,1470.0,0.0,0.0,0.0,0.0,0.0,0.0,490.17564,750.22941,0.84362,2.12739,59.0,36.0,78.0,4.0,69.0,12.0,9.20624,Laden,59.6,4.2
2025-12-29 19:10:00,494.46019,1584,762.0,1470.0,0.0,0.0,0.0,0.0,0.0,0.0,493.69758,754.69396,0.84638,82.64277,59.0,36.93515,78.0,4.0,69.0,12.0,9.54583,Laden,59.615585833333334,4.2
2025-12-29 19:15:00,496.825,1584,762.0,1471.0,0.0,0.0,0.0,0.0,0.0,0.0,494.55525,757.71816,0.84335,1.37944,59.0,38.0,78.0,4.0,69.0,12.0,9.28613,Laden,59.63333333333333,4.2
2025-12-29 19:20:00,487.42407,1584,762.0,1471.0,0.0,0.0,0.0,0.0,0.0,0.0,486.5422,749.95353,0.83896,1.93414,59.0,38.78647,78.0,4.0,69.0,12.0,9.14467,Laden,59.64644116666667,4.2
2025-12-29 19:25:00,493.25641,1584,762.0,1471.0,0.0,0.0,0.0,0.0,0.0,0.0,491.52737,751.03597,0.84525,2.36432,59.0,39.15811,78.0,4.0,69.0,12.0,9.1612,Laden,59.65263516666667,4.2
2025-12-29 19:30:00,489.25791,1584,762.0,1471.0,0.0,0.0,0.0,0.0,0.0,0.0,487.67186,748.1635,0.84298,1.66803,59.0,40.0,78.0,4.0,69.0,12.0,9.17049,Laden,59.666666666666664,4.2
2025-12-29 19:35:00,492.22171,1584,762.0,1471.0,0.0,0.0,0.0,0.0,0.0,0.0,490.30225,749.48112,0.84783,227.9756,59.0,41.0,78.0,4.0,69.0,12.0,9.03736,Laden,59.68333333333333,4.2
2025-12-29 19:40:00,485.26434,1584,762.0,1471.0,0.0,0.0,0.0,0.0,0.0,0.0,486.6387,746.27515,0.84334,333.19301,59.0,41.92285,78.0,4.0,69.0,12.0,8.90785,Laden,59.69871416666667,4.2
2025-12-29 19:45:00,495.71695,1584,762.0,1471.0,0.0,0.0,0.0,0.0,0.0,0.0,493.85506,755.35837,0.84545,358.8203,59.0,42.25338,78.0,4.0,69.0,12.0,8.95426,Laden,59.704223,4.2
2025-12-29 19:50:00,493.41124,1584,762.0,1471.0,0.0,0.0,0.0,0.0,0.0,0.0,490.51784,754.50822,0.84144,343.62695,59.0,43.0,78.0,4.0,69.0,12.0,8.47803,Laden,59.71666666666667,4.2
2025-12-29 19:55:00,488.47617,1584,762.0,1471.0,0.0,0.0,0.0,0.0,0.0,0.0,488.40741,747.90642,0.84661,272.98658,59.0,44.0,78.0,4.0,69.0,12.0,8.90422,Laden,59.733333333333334,4.2
2025-12-29 20:00:00,483.13776,1584,762.0,1471.0,0.0,0.0,0.0,0.0,0.0,0.0,484.87389,743.26971,0.84235,75.99544,59.0,44.80826,78.0,4.0,69.0,12.0,9.18986,Laden,59.74680433333333,4.2
2025-12-29 20:05:00,487.15852,1584,762.0,1471.0,0.0,0.0,0.0,0.0,0.0,0.0,482.75236,740.00763,0.8428,358.84019,59.0,45.17958,78.0,4.0,69.0,12.0,9.18179,Laden,59.752993000000004,4.2
2025-12-29 20:10:00,486.03884,1584,762.0,1471.0,0.0,0.0,0.0,0.0,0.0,0.0,484.87613,744.67854,0.84185,324.99471,59.0,46.0,78.0,4.0,69.0,12.0,9.19326,Laden,59.766666666666666,4.2
2025-12-29 20:15:00,487.02768,1584,762.0,1471.0,0.0,0.0,0.0,0.0,0.0,0.0,486.29955,745.00664,0.84572,290.29283,59.0,47.0,78.0,4.0,69.0,12.0,8.38108,Laden,59.78333333333333,4.2
2025-12-29 20:20:00,490.11183,1584,762.0,1471.0,0.0,0.0,0.0,0.0,0.0,0.0,490.87309,751.06791,0.84514,296.92505,59.0,47.82144,78.0,4.0,69.0,12.0,8.59387,Laden,59.797024,4.2
2025-12-29 20:25:00,490.9516,1584,762.0,1471.0,0.0,0.0,0.0,0.0,0.0,0.0,489.54384,747.66746,0.84822,356.88126,59.0,48.04712,78.0,4.0,69.0,12.0,8.18739,Laden,59.80078533333333,4.2
2025-12-29 20:30:00,497.10782,1584,762.0,1471.0,0.0,0.0,0.0,0.0,0.0,0.0,494.17647,753.56089,0.84907,301.1699,59.0,49.0,78.0,4.0,69.0,12.0,8.56373,Laden,59.81666666666667,4.2
2025-12-29 20:35:00,470.4798,1584,762.0,1471.0,0.0,0.0,0.0,0.0,0.0,0.0,470.13512,717.08458,0.84808,358.2479,59.0,50.0,78.0,4.0,69.0,12.0,8.35495,Laden,59.833333333333336,4.2
2025-12-29 20:40:00,476.2135,1584,762.0,1471.0,0.0,0.0,0.0,0.0,0.0,0.0,476.60603,723.35925,0.84875,346.3642,59.0,50.55556,78.0,4.0,69.0,12.0,8.44912,Laden,59.84259266666667,4.2
2025-12-29 20:45:00,473.1492,1584,762.0,1471.0,0.0,0.0,0.0,0.0,0.0,0.0,472.45036,718.4962,0.85007,286.36483,59.0,51.0,78.0,4.0,69.0,12.0,8.44261,Laden,59.85,4.2
2025-12-29 20:50:00,483.05393,1584,762.0,1471.0,0.0,0.0,0.0,0.0,0.0,0.0,482.85834,733.12468,0.85024,214.71675,59.0,51.78901,78.0,4.0,69.0,12.0,8.44272,Laden,59.863150166666664,4.2
2025-12-29 20:55:00,476.59829,1584,762.0,1471.0,0.0,0.0,0.0,0.0,0.0,0.0,475.78332,722.49117,0.85049,357.73506,59.0,52.93892,78.0,4.0,69.0,12.0,7.60194,Laden,59.88231533333333,4.2
2025-12-29 21:00:00,476.31217,1584,762.0,1471.0,0.0,0.0,0.0,0.0,0.0,0.0,480.07129,727.25822,0.85144,357.89433,59.0,53.04497,78.0,4.0,69.0,12.0,8.11044,Laden,59.88408283333333,4.2
2025-12-29 21:05:00,474.6222,1584,762.0,1471.0,0.0,0.0,0.0,0.0,0.0,0.0,473.10669,719.05505,0.84948,133.0353,59.0,54.0,78.0,4.0,69.0,12.0,8.57498,Laden,59.9,4.2
2025-12-29 21:10:00,490.39875,1584,762.0,1471.0,0.0,0.0,0.0,0.0,0.0,0.0,491.72157,748.59655,0.84982,244.24201,59.0,54.34073,78.0,4.0,69.0,12.0,9.04133,Laden,59.90567883333333,4.2
2025-12-29 21:15:00,512.16406,1584,762.0,1471.62917,0.0,0.0,0.0,0.0,0.0,0.0,511.49007,777.20464,0.84896,357.99374,59.0,55.6017,78.0,4.0,69.0,12.0,8.40697,Laden,59.926695,4.2
2025-12-29 21:20:00,471.25493,1584,762.0,1472.0,0.0,0.0,0.0,0.0,0.0,0.0,471.71972,721.42629,0.84237,206.22625,59.0,56.0,78.0,4.0,69.0,12.0,8.77253,Laden,59.93333333333333,4.2
2025-12-29 21:25:00,478.22162,1584,762.0,1472.0,0.0,0.0,0.0,0.0,0.0,0.0,476.31112,724.8954,0.84609,234.17815,59.0,56.87475,78.0,4.0,69.0,12.0,7.91463,Laden,59.9479125,4.2
2025-12-29 21:30:00,482.1784,1584,762.0,1472.0,0.0,0.0,0.0,0.0,0.0,0.0,482.09345,729.71303,0.85537,260.80904,59.0,57.03624,78.0,4.0,69.0,12.0,8.44052,Laden,59.950604,4.2
2025-12-29 21:35:00,476.85748,1584,762.0,1472.0,0.0,0.0,0.0,0.0,0.0,0.0,476.92581,724.15739,0.85062,135.76053,59.0,58.26224,78.0,4.0,69.0,12.0,8.40156,Laden,59.971037333333335,4.2
2025-12-29 21:40:00,466.01026,1584,762.0,1472.0,0.0,0.0,0.0,0.0,0.0,0.0,465.13156,710.80425,0.84576,43.04929,59.0,59.0,78.0,4.0,69.0,12.0,8.87782,Laden,59.983333333333334,4.2
2025-12-29 21:45:00,472.98937,1584,762.0,1472.0,0.0,0.0,0.0,0.0,0.0,0.0,474.37273,720.94271,0.84981,96.89466,59.5832,24.64112,78.0,4.0,69.0,12.0,9.04336,Laden,59.99388533333333,4.2
2025-12-29 21:50:00,478.74302,1584,762.0,1472.0,0.0,0.0,0.0,0.0,0.0,0.0,477.4284,728.29189,0.84542,1.86104,60.0,0.0,78.0,4.0,69.0,12.0,9.05246,Laden,60.0,4.2
2025-12-29 21:55:00,471.37545,1584,762.0,1472.0,0.0,0.0,0.0,0.0,0.0,0.0,472.79126,719.75599,0.84717,122.1012,60.0,1.28227,78.0,4.0,69.0,12.0,9.22311,Laden,60.02137116666667,4.2
2025-12-29 22:00:00,468.05634,1584,762.0,1472.0,0.0,0.0,0.0,0.0,0.0,0.0,467.66132,713.89092,0.84862,10.2087,60.0,2.0,78.0,4.0,69.0,12.0,9.54747,Laden,60.03333333333333,4.2
2025-12-29 22:05:00,472.55402,1584,762.0,1472.0,0.0,0.0,0.0,0.0,0.0,0.0,472.58797,719.10526,0.85217,82.83919,60.0,2.72289,78.0,4.0,69.0,12.0,9.3299,Laden,60.0453815,4.2
2025-12-29 22:10:00,470.58838,1584,762.0,1472.0,0.0,0.0,0.0,0.0,0.0,0.0,473.49578,720.73367,0.84865,106.40637,60.0,3.0692,78.0,4.0,69.0,12.0,9.02091,Laden,60.05115333333333,4.2
2025-12-29 22:15:00,470.30188,1584,762.0,1472.0,0.0,0.0,0.0,0.0,0.0,0.0,470.59801,719.83993,0.84568,4.89886,60.0,4.4224,78.0,4.0,69.0,11.0,9.04466,Laden,60.073706666666666,4.183333333333334
2025-12-29 22:20:00,475.51608,1584,762.0,1472.0,0.0,0.0,0.0,0.0,0.0,0.0,474.92543,724.47796,0.8459,1.92271,60.0,5.0,78.0,4.0,69.0,11.0,8.84382,Laden,60.083333333333336,4.183333333333334
2025-12-29 22:25:00,476.44683,1584,762.0,1472.0,0.0,0.0,0.0,0.0,0.0,0.0,475.87551,723.21059,0.85138,5.06863,60.0,5.71059,78.0,4.0,69.0,11.0,8.34507,Laden,60.0951765,4.183333333333334
2025-12-29 22:30:00,472.83448,1584,762.0,1472.0,0.0,0.0,0.0,0.0,0.0,0.0,472.08266,718.73691,0.84898,46.93427,60.0,6.03136,78.0,4.0,69.0,11.0,9.1369,Laden,60.10052266666667,4.183333333333334
2025-12-29 22:35:00,473.04844,1584,762.0,1472.0,0.0,0.0,0.0,0.0,0.0,0.0,473.30471,723.07551,0.84739,316.10453,60.0,7.4705,78.0,4.0,69.0,11.0,9.49542,Laden,60.12450833333333,4.183333333333334
2025-12-29 22:40:00,477.55882,1584,762.0,1472.0,0.0,0.0,0.0,0.0,0.0,0.0,476.74398,723.89178,0.8522,98.93923,60.0,8.0,78.0,4.0,69.0,11.0,9.44827,Laden,60.13333333333333,4.183333333333334
2025-12-29 22:45:00,468.69858,1584,762.0,1472.0,0.0,0.0,0.0,0.0,0.0,0.0,469.14621,715.24115,0.8498,105.13879,60.0,8.89813,78.0,4.0,69.0,11.0,9.21504,Laden,60.14830216666667,4.183333333333334
2025-12-29 22:50:00,473.02072,1584,762.0,1472.0,0.0,0.0,0.0,0.0,0.0,0.0,474.19542,721.99848,0.84793,1.53775,60.0,9.28292,78.0,4.0,69.0,11.0,9.45579,Laden,60.154715333333336,4.183333333333334
2025-12-29 22:55:00,473.71641,1584,762.0,1472.0,0.0,0.0,0.0,0.0,0.0,0.0,471.84032,718.74533,0.8459,4.66569,60.0,10.73466,78.0,4.0,69.0,11.0,9.60916,Laden,60.178911,4.183333333333334
2025-12-29 23:00:00,474.44487,1584,762.0,1472.0,0.0,0.0,0.0,0.0,0.0,0.0,474.30585,723.04812,0.84839,29.04626,60.0,11.17614,78.0,4.0,69.0,11.0,9.66387,Laden,60.186269,4.183333333333334
2025-12-29 23:05:00,464.71922,1584,762.0,1472.0,0.0,0.0,0.0,0.0,0.0,0.0,464.60912,709.58976,0.84781,30.35457,60.0,12.0,78.0,4.0,69.0,11.0,9.79685,Laden,60.2,4.183333333333334
2025-12-29 23:10:00,470.23954,1584,762.0,1472.0,0.0,0.0,0.0,0.0,0.0,0.0,471.3752,716.79923,0.84999,1.4419,60.0,12.66246,78.0,4.0,69.0,11.0,10.0443,Laden,60.211041,4.183333333333334
2025-12-29 23:15:00,491.34299,1584,762.0,1472.0,0.0,0.0,0.0,0.0,0.0,0.0,493.1114,746.0822,0.85475,84.91939,60.0,14.0,78.0,4.0,69.0,11.0,9.96454,Laden,60.233333333333334,4.183333333333334
2025-12-29 23:20:00,481.39283,1584,762.0,1472.05838,0.0,0.0,0.0,0.0,0.0,0.0,482.8397,735.19378,0.85074,73.93527,60.0,14.70616,78.0,4.0,69.0,11.0,9.85281,Laden,60.24510266666667,4.183333333333334
2025-12-29 23:25:00,469.16316,1584,762.0,1473.0,0.0,0.0,0.0,0.0,0.0,0.0,469.26958,715.67002,0.84826,6.62973,60.0,15.15339,78.0,4.0,69.0,11.0,9.43317,Laden,60.2525565,4.183333333333334
2025-12-29 23:30:00,472.95821,1584,762.0,1473.0,0.0,0.0,0.0,0.0,0.0,0.0,471.93409,717.97532,0.84723,126.40948,60.0,16.0,78.0,4.0,69.0,11.0,9.3267,Laden,60.266666666666666,4.183333333333334
2025-12-29 23:35:00,483.57289,1584,762.0,1473.0,0.0,0.0,0.0,0.0,0.0,0.0,482.03081,728.11389,0.85428,119.90249,60.0,17.0,78.0,4.0,69.0,11.0,9.12233,Laden,60.28333333333333,4.183333333333334
2025-12-29 23:40:00,471.45827,1584,762.0,1473.0,0.0,0.0,0.0,0.0,0.0,0.0,472.65265,717.83218,0.85075,78.00485,60.0,17.94624,78.0,4.0,69.0,11.0,9.64609,Laden,60.299104,4.183333333333334
2025-12-29 23:45:00,481.23684,1584,762.0,1473.0,0.0,0.0,0.0,0.0,0.0,0.0,481.28013,728.26885,0.85188,27.80738,60.0,18.42038,78.0,4.0,69.0,11.11003,9.91317,Laden,60.307006333333334,4.185167166666667
2025-12-29 23:50:00,479.24951,1584,762.0,1473.0,0.0,0.0,0.0,0.0,0.0,0.0,480.58573,726.38757,0.85578,2.05985,60.0,19.0,78.0,4.0,69.0,12.0,9.69729,Laden,60.31666666666667,4.2
2025-12-29 23:55:00,473.82826,1584,762.0,1473.0,0.0,0.0,0.0,0.0,0.0,0.0,473.01354,722.398,0.84671,21.50239,60.0,20.28825,78.0,4.0,69.0,12.20281,10.19802,Laden,60.3381375,4.203380166666666
2025-12-30 00:00:00,466.45403,1584,762.0,1473.0,0.0,0.0,0.0,0.0,0.0,0.0,468.66024,717.51566,0.84273,22.46764,60.0,21.0,78.0,4.0,69.0,13.0,10.34699,Laden,60.35,4.216666666666667
2025-12-30 00:05:00,478.55382,1584,762.0,1473.0,0.0,0.0,0.0,0.0,0.0,0.0,475.88119,725.0344,0.84954,23.83304,60.0,21.65677,78.0,4.0,69.0,13.61416,9.93403,Laden,60.360946166666665,4.226902666666667
2025-12-30 00:10:00,468.92139,1584,762.0,1473.0,0.0,0.0,0.0,0.0,0.0,0.0,469.12498,717.92826,0.84312,22.29178,60.0,22.0,78.0,4.0,69.0,14.09848,9.80735,Laden,60.36666666666667,4.234974666666667
2025-12-30 00:15:00,470.19231,1584,762.0,1473.0,0.0,0.0,0.0,0.0,0.0,0.0,469.28172,717.17638,0.84347,22.78937,60.0,23.27496,78.0,4.0,69.0,15.62174,10.50683,Laden,60.387916,4.260362333333333
2025-12-30 00:20:00,470.82395,1584,762.0,1473.0,0.0,0.0,0.0,0.0,0.0,0.0,468.95317,718.82186,0.84623,21.79614,60.0,24.0,78.0,4.0,69.0,16.19568,10.4349,Laden,60.4,4.269928
2025-12-30 00:25:00,467.61963,1584,762.0,1473.0,0.0,0.0,0.0,0.0,0.0,0.0,466.7581,711.60623,0.84587,21.49728,60.0,24.63864,78.0,4.0,69.0,17.0,10.33874,Laden,60.410644,4.283333333333333
2025-12-30 00:30:00,461.37015,1584,762.0,1473.0,0.0,0.0,0.0,0.0,0.0,0.0,463.79049,708.76163,0.84582,19.32462,60.0,25.0,78.0,4.0,69.0,17.68878,10.21823,Laden,60.416666666666664,4.294813
2025-12-30 00:35:00,466.66048,1584,762.0,1473.0,0.0,0.0,0.0,0.0,0.0,0.0,464.15842,709.61131,0.84879,20.57057,60.0,26.28568,78.0,4.0,69.0,19.0,9.81536,Laden,60.438094666666665,4.316666666666666
2025-12-30 00:40:00,465.6095,1584,762.0,1473.0,0.0,0.0,0.0,0.0,0.0,0.0,464.90635,707.50243,0.85024,19.90735,60.0,27.0,78.0,4.0,69.0,19.5774,9.84981,Laden,60.45,4.32629
2025-12-30 00:45:00,461.43826,1584,762.0,1473.0,0.0,0.0,0.0,0.0,0.0,0.0,462.22014,703.02485,0.8502,18.39361,60.0,27.54433,78.0,4.0,69.0,20.0,9.62176,Laden,60.459072166666665,4.333333333333333
2025-12-30 00:50:00,463.72564,1584,762.0,1473.0,0.0,0.0,0.0,0.0,0.0,0.0,464.64069,708.1132,0.84686,18.32015,60.0,28.0,78.0,4.0,69.0,20.8894,9.682,Laden,60.46666666666667,4.348156666666666
2025-12-30 00:55:00,493.55639,1584,762.0,1473.0,0.0,0.0,0.0,179.99369,287.04726,0.6014,319.519,490.20148,0.84252,159.55502,60.0,29.10724,78.0,4.0,69.0,22.0,8.88477,Idle,60.48512066666667,4.366666666666666
2025-12-30 01:00:00,469.02671,1584,762.0,1473.0,0.0,0.0,0.0,229.01509,353.72859,0.83452,237.66915,364.39771,0.84375,353.77575,60.0,30.0,78.0,4.0,69.0,22.0,6.9214,Idle,60.5,4.366666666666666
2025-12-30 01:05:00,449.59864,1584,762.0,1473.0,0.0,0.0,0.0,220.88253,342.90891,0.83064,226.88382,348.92573,0.83879,354.58971,60.0,30.0,78.0,4.0,69.0,22.0,6.9306,Idle,60.5,4.366666666666666
2025-12-30 01:10:00,429.5696,1584,762.0,1473.0,0.0,0.0,0.0,212.73446,328.80256,0.83529,217.26249,334.32165,0.83751,356.53008,60.0,30.96227,78.0,4.0,69.0,22.0,6.77572,Idle,60.516037833333336,4.366666666666666
2025-12-30 01:15:00,464.54976,1584,762.0,1473.0,0.0,0.0,0.0,231.0963,359.31356,0.82876,234.421,362.48463,0.8397,355.97056,60.0,31.52368,78.0,4.0,69.0,22.0,4.83317,Idle,60.525394666666664,4.366666666666666
2025-12-30 01:20:00,476.1043,1584,762.0,1473.0,0.0,0.0,0.0,234.98079,366.17526,0.82902,240.39169,372.47051,0.83449,354.30645,60.0,32.0,78.0,4.0,69.0,22.0,4.3036,Idle,60.53333333333333,4.366666666666666
2025-12-30 01:25:00,471.3692,1584,762.0,1473.0,0.0,0.0,0.0,232.35649,361.81308,0.82765,238.78791,367.75308,0.83809,355.33355,60.0,32.0,78.0,4.0,69.0,22.0,4.37549,Idle,60.53333333333333,4.366666666666666
2025-12-30 01:30:00,473.30427,1584,762.0,1473.0,0.0,0.0,0.0,226.58023,354.42973,0.82595,245.97975,372.50299,0.85252,248.32522,60.0,32.13204,78.0,4.0,69.0,22.0,4.28695,Idle,60.535534,4.366666666666666
2025-12-30 01:35:00,466.88635,1584,763.0,1473.0,0.0,0.0,0.0,224.5474,354.37215,0.82078,242.36156,370.30163,0.8498,357.09138,60.0,33.0,78.0,4.0,69.0,22.0,4.28486,Idle,60.55,4.366666666666666
2025-12-30 01:40:00,475.81391,1584,763.0,1473.0,0.0,0.0,0.0,227.23804,357.96741,0.82186,248.78185,376.54735,0.8512,355.62695,60.0,33.0,78.0,4.0,69.0,22.0,4.25404,Idle,60.55,4.366666666666666
2025-12-30 01:45:00,466.8182,1584,763.0,1473.0,0.0,0.0,0.0,223.75116,350.79643,0.82387,242.89371,369.77187,0.85141,354.49165,60.0,33.62629,78.0,4.0,69.0,22.0,4.26779,Idle,60.560438166666664,4.366666666666666
2025-12-30 01:50:00,469.88959,1584,763.0,1473.0,0.0,0.0,0.0,234.56655,361.43108,0.83866,237.13343,365.98974,0.8416,355.30807,60.0,34.0,78.0,4.0,69.0,22.0,4.37514,Idle,60.56666666666667,4.366666666666666
2025-12-30 01:55:00,475.86517,1584,763.0,1473.0,0.0,0.0,0.0,239.00639,368.36017,0.8389,236.05489,365.6105,0.83205,355.33787,60.0,34.07486,78.0,4.0,69.0,21.0,3.92644,Idle,60.567914333333334,4.35
2025-12-30 02:00:00,468.54918,1584,763.0,1473.0,0.0,0.0,0.0,235.01686,360.28014,0.84,232.59762,360.67147,0.83557,355.02402,60.0,35.0,78.0,4.0,69.0,21.0,4.04124,Idle,60.583333333333336,4.35
2025-12-30 02:05:00,467.36428,1584,763.0,1473.77758,0.0,0.0,0.0,235.02709,360.80562,0.84031,233.46881,361.68044,0.8358,353.28893,60.0,35.0,78.0,4.0,69.0,21.0,4.06318,Idle,60.583333333333336,4.35
2025-12-30 02:10:00,475.58258,1584,763.0,1474.0,0.0,0.0,0.0,237.62158,364.08507,0.84166,236.97485,366.12716,0.83985,356.4529,60.0,35.0,78.0,4.0,69.0,21.0,3.77379,Idle,60.583333333333336,4.35
2025-12-30 02:15:00,469.88634,1584,763.0,1474.0,0.0,0.0,0.0,245.73316,372.18667,0.85617,221.72231,352.17164,0.81739,354.30689,60.0,36.0,78.0,4.0,69.0,21.0,4.35054,Idle,60.6,4.35
2025-12-30 02:20:00,467.6356,1584,763.0,1474.0,0.0,0.0,0.0,246.14247,371.62409,0.85588,221.6527,351.37638,0.81684,352.87603,60.0,36.0,78.0,4.0,69.0,21.0,4.18683,Idle,60.6,4.35
2025-12-30 02:25:00,476.74025,1584,763.0,1474.0,0.0,0.0,0.0,250.56534,378.32069,0.85853,226.70768,359.04843,0.81995,354.38887,60.0,36.0,78.0,4.0,69.0,21.0,4.25015,Idle,60.6,4.35
2025-12-30 02:30:00,467.30356,1584,763.0,1474.0,0.0,0.0,0.0,245.06572,370.17735,0.85479,220.72168,350.45138,0.81386,353.77906,60.0,36.8617,78.0,4.0,69.0,21.0,4.45422,Idle,60.61436166666667,4.35
2025-12-30 02:35:00,468.86277,1584,763.0,1474.0,0.0,0.0,0.0,246.00856,370.62082,0.85756,221.77202,351.01796,0.81854,351.1124,60.0,37.0,78.0,4.0,69.0,21.0,4.52631,Idle,60.61666666666667,4.35
2025-12-30 02:40:00,460.71848,1584,763.0,1474.0,0.0,0.0,0.0,241.48418,367.26038,0.85095,218.51552,347.96255,0.81664,350.02775,60.0,37.47769,78.0,4.0,69.0,21.0,3.78717,Idle,60.62462816666667,4.35
2025-12-30 02:45:00,469.34694,1584,763.0,1474.0,0.0,0.0,0.0,244.92993,370.70917,0.85132,222.62932,352.28381,0.81735,351.10034,60.0,38.0,78.0,4.0,69.0,21.0,3.80659,Idle,60.63333333333333,4.35
2025-12-30 02:50:00,469.37955,1584,763.0,1474.0,0.0,0.0,0.0,246.26176,373.26718,0.85383,223.73161,354.40317,0.81983,350.61037,60.0,38.0,78.0,4.0,69.0,21.0,3.78472,Idle,60.63333333333333,4.35
2025-12-30 02:55:00,462.01393,1584,763.0,1474.0,0.0,0.0,0.0,242.88144,367.75214,0.8511,219.8733,349.9344,0.81406,351.2606,60.0,38.44632,78.0,4.0,69.0,21.0,3.36974,Idle,60.640772,4.35
2025-12-30 03:00:00,464.17747,1584,763.0,1474.0,0.0,0.0,0.0,245.24427,370.7022,0.85163,221.73945,350.97363,0.81995,349.51344,60.0,39.0,78.0,4.0,69.0,21.0,3.38929,Idle,60.65,4.35
2025-12-30 03:05:00,470.15653,1584,763.0,1474.0,0.0,0.0,0.0,247.21571,373.60494,0.85049,223.75928,354.19853,0.81409,347.87586,60.0,39.0,78.0,4.0,69.0,21.0,3.96007,Idle,60.65,4.35
2025-12-30 03:10:00,474.27305,1584,763.0,1474.0,0.0,0.0,0.0,248.29071,376.05537,0.85156,225.88907,358.21544,0.82036,352.39384,60.0,39.0,78.0,4.0,69.0,21.0,4.28968,Idle,60.65,4.35
2025-12-30 03:15:00,466.36425,1584,763.0,1474.0,0.0,0.0,0.0,245.07281,371.60382,0.85157,222.40013,351.22513,0.82162,350.7513,60.0,40.0,78.0,4.0,69.0,21.0,4.20268,Idle,60.666666666666664,4.35
2025-12-30 03:20:00,489.76986,1584,763.0,1474.0,0.0,0.0,0.0,255.47801,384.62272,0.85929,232.69258,363.8426,0.83114,348.95432,60.0,40.0,78.0,4.0,69.0,21.0,4.33354,Idle,60.666666666666664,4.35
2025-12-30 03:25:00,503.25403,1584,763.0,1474.0,0.0,0.0,0.0,255.00791,387.50697,0.85037,248.07923,380.59319,0.84253,350.40564,60.0,40.11995,78.0,4.0,69.0,21.0,4.45636,Idle,60.668665833333336,4.35
2025-12-30 03:30:00,469.10553,1584,763.0,1474.0,0.0,0.0,0.0,234.55508,363.03064,0.83561,236.31246,365.05677,0.83964,352.39275,60.0,41.0,78.0,4.0,69.0,20.05691,4.54001,Idle,60.68333333333333,4.334281833333334
2025-12-30 03:35:00,448.51584,1584,763.0,1474.0,0.0,0.0,0.0,223.9572,349.34521,0.82921,226.63312,352.77665,0.83398,355.63895,60.0,41.0,78.0,4.0,69.0,20.0,3.60814,Idle,60.68333333333333,4.333333333333333
2025-12-30 03:40:00,455.91009,1584,763.0,1474.0,0.0,0.0,0.0,225.94905,351.96523,0.82905,227.84746,353.38893,0.83881,357.75709,60.0,41.40516,78.0,4.0,69.0,20.0,3.15551,Idle,60.690086,4.333333333333333
2025-12-30 03:45:00,452.61558,1584,763.0,1474.0,0.0,0.0,0.0,225.98195,353.09019,0.8279,227.81564,354.2557,0.83398,354.98951,60.0,42.0,78.0,4.0,69.0,20.0,2.98747,Idle,60.7,4.333333333333333
2025-12-30 03:50:00,459.73824,1584,763.0,1474.0,0.0,0.0,0.0,228.03043,356.06558,0.83101,229.80916,358.19287,0.83371,354.8925,60.0,42.0,78.0,4.0,69.0,20.0,2.83921,Idle,60.7,4.333333333333333
2025-12-30 03:55:00,451.41667,1584,763.0,1474.0,0.0,0.0,0.0,225.38969,351.75553,0.82739,226.06683,353.06724,0.83098,353.473,60.0,42.0,78.0,4.0,69.0,20.0,3.21709,Idle,60.7,4.333333333333333
2025-12-30 04:00:00,465.68158,1584,763.0,1474.0,0.0,0.0,0.0,230.65093,357.62258,0.83709,233.28183,360.44328,0.84043,351.81,60.0,42.47609,78.0,4.0,69.0,20.0,2.96794,Idle,60.70793483333333,4.333333333333333
2025-12-30 04:05:00,461.46617,1584,763.0,1474.0,0.0,0.0,0.0,229.1702,355.05641,0.83461,231.86161,359.16852,0.83719,352.41946,60.0,43.0,78.0,4.0,69.0,20.0,2.85921,Idle,60.71666666666667,4.333333333333333
2025-12-30 04:10:00,506.04095,1584,763.0,1474.0,0.0,0.0,0.0,254.47785,397.62141,0.82705,255.15075,397.78555,0.83338,351.58392,60.0,43.0,78.0,4.0,69.0,20.0,2.62735,Idle,60.71666666666667,4.333333333333333
2025-12-30 04:15:00,519.96782,1584,763.0,1474.0,0.0,0.0,0.0,267.20681,412.90049,0.83715,250.36301,396.52257,0.81899,17.58754,60.0,43.0,78.0,4.0,69.0,20.0,2.18552,Idle,60.71666666666667,4.333333333333333
2025-12-30 04:20:00,465.38334,1584,763.0,1474.0,0.0,0.0,0.0,234.25219,367.40696,0.82622,232.92515,363.40274,0.83026,228.4512,60.0,43.0,78.0,4.0,69.0,20.52529,2.03472,Idle,60.71666666666667,4.342088166666667
2025-12-30 04:25:00,458.02258,1584,763.0,1474.0,0.0,0.0,0.0,227.94789,359.49164,0.82542,230.26457,361.33613,0.83074,223.78804,60.0,43.0,78.0,4.0,69.0,20.29491,2.40362,Idle,60.71666666666667,4.3382485
2025-12-30 04:30:00,471.85045,1584,763.0,1474.0,0.0,0.0,0.0,235.30088,367.82294,0.83194,238.36985,370.72903,0.8349,6.98052,60.0,43.99536,78.0,4.0,69.0,20.5946,1.96639,Idle,60.733256,4.343243333333334
2025-12-30 04:35:00,464.12853,1584,763.0,1474.0,0.0,0.0,0.0,231.27907,359.63041,0.82853,233.01368,361.93458,0.83325,239.77644,60.0,44.0,78.0,4.0,69.0,21.0,1.77251,Idle,60.733333333333334,4.35
2025-12-30 04:40:00,467.00485,1584,763.0,1474.0,0.0,0.0,0.0,231.64434,361.32989,0.831,234.12893,362.80083,0.8348,356.66129,60.0,44.0,78.0,4.0,69.0,21.0,1.77131,Idle,60.733333333333334,4.35
2025-12-30 04:45:00,464.82291,1584,763.0,1474.0,0.0,0.0,0.0,230.67777,362.54763,0.82405,233.14373,363.99627,0.8326,163.62499,60.0,44.0,78.0,4.0,69.0,21.0,1.7141,Idle,60.733333333333334,4.35
2025-12-30 04:50:00,464.57467,1584,763.0,1474.0,0.0,0.0,0.0,231.74514,363.3118,0.82467,233.89387,363.99599,0.82936,8.10487,60.0,44.0,78.0,4.0,69.0,21.0,1.25064,Idle,60.733333333333334,4.35
2025-12-30 04:55:00,473.59724,1584,763.0,1474.0,0.0,0.0,0.0,235.96947,369.17296,0.82574,236.67412,370.90303,0.83005,165.78827,60.0,44.16673,78.0,4.0,69.0,21.0,2.84537,Idle,60.736112166666665,4.35
2025-12-30 05:00:00,468.60321,1584,763.0,1474.0,0.0,0.0,0.0,233.18679,365.45265,0.82573,234.82601,366.74409,0.83003,142.14854,60.0,45.0,78.0,4.0,69.0,21.0,3.38327,Idle,60.75,4.35
2025-12-30 05:05:00,481.08075,1584,763.0,1474.0,0.0,0.0,0.0,239.17204,372.3719,0.83107,242.42709,374.92476,0.84144,129.95247,60.0,45.0,78.0,4.0,69.0,21.0,3.48694,Idle,60.75,4.35
2025-12-30 05:10:00,487.06913,1584,763.0,1474.0,0.0,0.0,0.0,243.48774,376.65194,0.83052,245.85139,377.58823,0.83879,9.79756,60.0,45.0,78.0,4.0,69.0,21.0,3.73359,Idle,60.75,4.35
2025-12-30 05:15:00,512.51397,1584,763.0,1474.0,0.0,0.0,0.0,255.45017,390.18185,0.84527,255.92359,391.98481,0.84674,94.0335,60.0,45.0,78.0,4.0,69.0,21.58428,6.92494,Idle,60.75,4.359738
2025-12-30 05:20:00,459.6982,1584,763.0,1474.0,0.0,0.0,0.0,237.80516,362.30821,0.84921,222.30856,349.23911,0.82657,94.97601,60.0,45.0,78.0,4.0,69.0,22.61517,8.90155,Idle,60.75,4.3769195
2025-12-30 05:25:00,456.3223,1584,763.0,1474.0,0.0,0.0,0.0,227.41858,350.88676,0.83671,228.23917,351.96862,0.83988,103.79075,60.0,45.0,78.0,4.0,69.0,23.95846,10.44338,Idle,60.75,4.399307666666667
2025-12-30 05:30:00,449.58234,1584,763.0,1474.0,0.0,0.0,0.0,221.65277,345.14664,0.82719,228.78455,353.43467,0.83353,109.40549,60.0,45.0,78.0,4.0,69.0,25.39272,11.17577,Idle,60.75,4.423212
2025-12-30 05:35:00,510.00602,1584,763.0,1474.0,0.0,0.0,0.0,252.38098,457.30111,0.7211,256.51082,467.74827,0.72318,93.57179,60.0,44.0,78.0,4.0,69.0,28.25987,10.05599,Idle,60.733333333333334,4.470997833333334
2025-12-30 05:40:00,539.17287,1584,763.0,1474.0,0.0,0.0,0.0,265.8039,508.5894,0.67249,273.93446,517.03855,0.68384,89.27585,60.0,44.0,78.0,4.0,69.0,29.30621,6.91446,Idle,60.733333333333334,4.488436833333333
2025-12-30 05:45:00,543.74542,1584,763.52301,1474.0,0.0,0.0,0.0,268.65378,512.25222,0.67794,274.58363,515.97081,0.68532,83.95522,60.0,44.0,78.0,4.0,69.0,30.0,5.53281,Idle,60.733333333333334,4.5
2025-12-30 05:50:00,538.4457,1584,764.0,1474.0,0.0,0.0,0.0,267.51892,512.20208,0.67306,271.83031,515.74538,0.68055,83.74886,60.0,44.0,78.0,4.0,69.0,31.0,4.46139,Idle,60.733333333333334,4.516666666666667
2025-12-30 05:55:00,554.49138,1584,764.0,1474.0,0.0,0.0,0.0,274.90795,520.51579,0.67847,282.24718,525.51892,0.69571,92.8108,60.0,44.0,78.0,4.0,69.0,32.0,4.55953,Idle,60.733333333333334,4.533333333333333
2025-12-30 06:00:00,564.07545,1584,764.0,1474.0,0.0,0.0,0.0,277.74741,524.99785,0.68113,286.92306,531.52011,0.69793,87.0324,60.0,44.0,78.0,4.0,69.0,32.77091,6.60796,Idle,60.733333333333334,4.546181833333334
2025-12-30 06:05:00,566.40556,1584,764.0,1474.0,0.0,0.0,0.0,278.2675,525.93979,0.68271,287.56566,532.1299,0.69762,86.53085,60.0,44.0,78.0,4.0,69.0,33.72745,7.73014,Idle,60.733333333333334,4.562124166666667
2025-12-30 06:10:00,564.66034,1584,764.0,1474.0,0.0,0.0,0.0,277.48544,523.7822,0.67901,286.52112,531.65169,0.69708,86.41985,60.0,44.0,78.0,4.0,69.0,34.81,8.33752,Idle,60.733333333333334,4.580166666666667
2025-12-30 06:15:00,572.41267,1584,764.0,1474.97398,0.0,0.0,0.0,291.08108,534.32398,0.70294,282.27331,527.16137,0.69266,89.83122,60.0,44.0,78.0,4.0,69.0,37.20751,8.45323,Idle,60.733333333333334,4.620125166666667
2025-12-30 06:20:00,570.89706,1584,764.0,1475.0,0.0,0.0,0.0,288.11902,530.94233,0.69905,283.13477,527.31042,0.6944,92.78216,60.0,44.0,78.0,4.0,69.0,38.3534,8.5467,Idle,60.733333333333334,4.639223333333334
2025-12-30 06:25:00,583.32398,1584,764.0,1475.0,0.0,0.0,0.0,283.53436,529.99311,0.68753,299.14239,540.36851,0.71554,93.10096,60.0,44.0,78.0,4.0,69.0,39.47448,8.2063,Idle,60.733333333333334,4.657908
2025-12-30 06:30:00,569.06361,1584,764.0,1475.0,0.0,0.0,0.0,277.92081,526.66159,0.67704,292.27324,535.27052,0.70489,92.9493,60.0,44.0,78.0,4.0,69.0,40.58621,8.24031,Idle,60.733333333333334,4.676436833333334
2025-12-30 06:35:00,582.05773,1584,764.0,1475.0,0.0,0.0,0.0,281.76127,527.9336,0.68789,299.16169,540.37084,0.71601,87.09266,60.0,44.0,78.0,4.0,69.0,42.80838,8.44599,Idle,60.733333333333334,4.7134730000000005
2025-12-30 06:40:00,573.49435,1584,764.0,1475.0,0.0,0.0,0.0,280.15502,524.48498,0.68641,296.12253,536.08141,0.71285,66.85182,60.0,44.0,78.0,4.0,69.0,43.94707,8.00309,Idle,60.733333333333334,4.732451166666666
2025-12-30 06:45:00,570.34563,1584,764.0,1475.0,0.0,0.0,0.0,277.27265,515.07445,0.68994,289.6108,525.93529,0.71218,34.26199,60.0,44.05542,78.0,4.0,69.0,44.93011,8.28235,Idle,60.734257,4.748835166666667
2025-12-30 06:50:00,534.08265,1584,764.0,1475.0,0.0,0.0,0.0,262.17401,495.84676,0.68102,273.42714,505.83154,0.69849,138.72115,60.0,45.0,78.0,4.0,69.0,45.0,9.91701,Idle,60.75,4.75
2025-12-30 06:55:00,534.30568,1584,764.0,1475.0,0.0,0.0,0.0,265.51663,500.66601,0.68186,266.29986,503.39521,0.68242,340.37322,60.0,46.07582,78.0,4.0,69.0,45.0,10.84268,Idle,60.76793033333333,4.75
2025-12-30 07:00:00,534.35081,1584,764.0,1475.0,0.0,0.0,0.0,258.73697,492.5088,0.67624,275.0154,507.8105,0.69489,338.423,60.0,47.0,78.0,4.0,69.0,44.18387,11.07158,Idle,60.78333333333333,4.736397833333333
2025-12-30 07:05:00,533.4518,1584,764.0,1475.0,0.0,0.0,0.0,263.3827,501.67536,0.67338,269.96817,507.38156,0.68792,338.3676,60.0,47.6246,78.0,4.0,69.0,43.98443,10.9494,Idle,60.79374333333333,4.733073833333333
2025-12-30 07:10:00,582.12987,1584,764.0,1475.0,0.0,0.0,0.0,293.20581,536.92337,0.70222,285.73925,532.09046,0.69387,294.57453,60.0,48.05446,78.0,4.0,69.0,43.0,9.4006,Idle,60.80090766666667,4.716666666666667
2025-12-30 07:15:00,525.2406,1584,764.0,1475.0,0.0,0.0,0.0,267.61399,501.36099,0.68655,258.872,495.34702,0.67424,32.42223,60.0,49.24575,78.0,4.0,69.0,44.0,9.61423,Idle,60.8207625,4.733333333333333
2025-12-30 07:20:00,524.81736,1584,764.0,1475.0,0.0,0.0,0.0,266.47807,502.49601,0.68194,260.32977,497.70029,0.67297,72.73283,60.0,50.0,78.0,4.0,69.0,44.98817,9.9187,Idle,60.833333333333336,4.749802833333334
2025-12-30 07:25:00,580.83052,1584,764.0,1475.0,0.0,0.0,0.0,286.08254,533.99098,0.68881,294.53516,540.89447,0.70383,81.24371,60.0,50.0,78.0,4.0,69.0,46.32944,9.61707,Idle,60.833333333333336,4.772157333333333
2025-12-30 07:30:00,610.56039,1584,764.0,1475.0,0.0,0.0,0.0,303.51571,548.69889,0.71375,306.98604,552.78784,0.71635,81.32771,60.0,50.0,78.0,4.0,69.0,47.54457,9.3029,Idle,60.833333333333336,4.7924095
2025-12-30 07:35:00,552.98461,1584,764.0,1475.0,0.0,0.0,0.0,276.71417,516.95264,0.68759,274.85601,517.81649,0.68536,81.34325,60.0,50.0,78.0,4.0,69.0,49.97934,8.28794,Idle,60.833333333333336,4.8329889999999995
2025-12-30 07:40:00,543.2341,1584,764.0,1475.0,0.0,0.0,0.0,275.78124,517.02102,0.68821,267.67847,511.85086,0.673,81.50059,60.0,50.0,78.0,4.0,69.0,51.03561,7.30196,Idle,60.833333333333336,4.8505935000000004
2025-12-30 07:45:00,544.81248,1584,764.0,1475.0,0.0,0.0,0.0,274.7793,518.47069,0.68156,269.88676,516.39009,0.67337,95.49631,60.0,50.0,78.0,4.0,69.0,52.0,6.9396,Idle,60.833333333333336,4.866666666666667
2025-12-30 07:50:00,549.15427,1584,764.0,1475.0,0.0,0.0,0.0,277.6196,518.80566,0.68908,272.70094,515.07505,0.68134,96.45764,60.0,50.0,78.0,4.0,69.0,52.98206,6.96026,Idle,60.833333333333336,4.883034333333333
2025-12-30 07:55:00,543.73194,1584,764.0,1475.0,0.0,0.0,0.0,275.04073,517.07291,0.68441,269.90752,514.29977,0.67827,100.27472,60.0,50.0,78.0,4.0,69.0,54.82507,6.52643,Idle,60.833333333333336,4.913751166666667
2025-12-30 08:00:00,538.35665,1584,764.0,1475.0,0.0,0.0,0.0,274.16664,513.79517,0.68736,264.33224,509.23981,0.67117,100.22043,60.0,50.0,78.0,4.0,69.0,55.7017,6.51674,Laden,60.833333333333336,4.9283616666666665
2025-12-30 08:05:00,549.60442,1584,764.0,1475.0,0.0,0.0,0.0,276.62885,519.2753,0.68241,271.51279,516.5263,0.67881,100.15718,60.0,50.0,78.0,4.0,69.0,56.5668,6.41345,Laden,60.833333333333336,4.94278
2025-12-30 08:10:00,537.27604,1584,764.0,1475.0,0.0,0.0,0.0,272.09406,511.73619,0.68439,266.55448,511.2306,0.67388,102.31637,60.0,50.0,78.0,4.0,69.0,57.38524,6.15135,Laden,60.833333333333336,4.956420666666666
2025-12-30 08:15:00,543.16496,1584,764.0,1475.0,0.0,0.0,0.0,276.50441,515.43726,0.69069,267.3067,511.63899,0.67681,105.18784,60.0,50.0,78.0,4.0,69.0,59.0,5.795,Laden,60.833333333333336,4.983333333333333
2025-12-30 08:20:00,542.32282,1584,764.0,1475.0,0.0,0.0,0.0,273.99813,515.07547,0.68356,268.01652,513.55637,0.6714,105.28094,60.0,50.0,78.0,4.83179,69.0,9.92436,5.57339,Laden,60.833333333333336,4.997196
2025-12-30 08:25:00,544.87777,1584,764.0,1475.0,0.0,0.0,0.0,274.85907,516.83926,0.68385,268.3984,513.08061,0.67574,105.30049,60.0,49.12729,78.0,5.0,69.0,0.50255,5.59952,Laden,60.818788166666664,5.008375833333333
2025-12-30 08:30:00,541.28404,1584,764.0,1475.0,0.0,0.0,0.0,272.7349,512.87301,0.68531,266.14617,508.87102,0.67315,108.9539,60.0,49.0,78.0,5.0,69.0,1.0,4.56768,Laden,60.81666666666667,5.016666666666667
2025-12-30 08:35:00,554.81226,1584,764.0,1475.0,0.0,0.0,0.0,280.09651,525.59987,0.68598,273.5143,521.64095,0.67589,120.10302,60.0,49.0,78.0,5.0,69.0,2.0,3.08705,Laden,60.81666666666667,5.033333333333333
2025-12-30 08:40:00,563.38761,1584,764.0,1475.0,0.0,0.0,0.0,282.63264,531.55825,0.68588,280.36389,530.43994,0.68224,120.32699,60.0,49.0,78.0,5.0,69.0,2.23261,2.64385,Laden,60.81666666666667,5.037210166666667
2025-12-30 08:45:00,568.67486,1584,764.0,1475.0,0.0,0.0,0.0,285.86341,533.33752,0.68941,282.89456,530.76337,0.68868,120.45667,60.0,49.0,78.0,5.0,69.0,3.0,2.31266,Laden,60.81666666666667,5.05
2025-12-30 08:50:00,535.85224,1584,764.0,1475.0,0.0,0.0,0.0,260.99713,506.29898,0.66319,276.95614,519.34672,0.69001,128.1799,60.0,49.0,78.0,5.0,69.0,3.0,2.00414,Laden,60.81666666666667,5.05
2025-12-30 08:55:00,593.84651,1584,764.0,1475.0,0.0,0.0,0.0,300.54113,553.8029,0.69602,296.49376,554.50052,0.69175,195.10258,60.0,49.0,78.0,5.0,69.0,3.0,1.64517,Laden,60.81666666666667,5.05
2025-12-30 09:00:00,596.21507,1584,764.0,1475.0,0.0,0.0,0.0,297.48249,550.00259,0.69816,297.81725,554.57198,0.69432,257.86399,60.0,49.0,78.0,5.0,69.0,3.0,2.09114,Laden,60.81666666666667,5.05
2025-12-30 09:05:00,533.95568,1584,764.0,1475.0,0.0,0.0,0.0,275.75127,515.85552,0.69084,257.70498,505.93756,0.66029,276.30671,60.0,49.0,78.0,5.0,69.0,3.0,1.81886,Laden,60.81666666666667,5.05
2025-12-30 09:10:00,530.03071,1584,764.0,1475.0,0.0,0.0,0.0,272.66625,515.00859,0.68315,256.04441,508.08393,0.65239,268.05356,60.0,49.0,78.0,5.0,69.0,3.0,1.60895,Laden,60.81666666666667,5.05
2025-12-30 09:15:00,569.30249,1584,764.0,1475.0,0.0,0.0,0.0,285.27867,530.58461,0.6923,282.18553,532.38957,0.68276,270.50933,60.0,49.0,78.0,5.0,69.0,2.0,2.39894,Laden,60.81666666666667,5.033333333333333
2025-12-30 09:20:00,537.08265,1584,764.3971,1475.0,0.0,0.0,0.0,274.58508,515.85077,0.68905,264.83651,513.57078,0.66914,271.30821,60.0,49.0,78.0,5.0,69.0,2.0,1.84928,Laden,60.81666666666667,5.033333333333333
2025-12-30 09:25:00,590.46445,1584,765.0,1475.0,0.0,0.0,0.0,297.35598,548.50325,0.69888,297.68829,553.72163,0.6949,287.04152,60.0,49.0,78.0,5.0,69.0,2.0,1.12461,Laden,60.81666666666667,5.033333333333333
2025-12-30 09:30:00,620.77949,1584,765.0,1475.0,0.0,0.0,0.0,315.03043,571.90196,0.71027,306.05299,567.28015,0.69745,299.36902,60.0,49.0,78.0,5.0,69.0,1.04587,0.15485,Laden,60.81666666666667,5.017431166666666
2025-12-30 09:35:00,571.8909,1584,765.0,1475.0,0.0,0.0,0.0,284.07948,526.86721,0.69516,282.57188,529.21756,0.69139,305.20785,60.0,49.0,78.0,5.0,69.0,1.0,0.0,idle,60.81666666666667,5.016666666666667
2025-12-30 09:40:00,551.62038,1584,765.0,1475.0,0.0,0.0,0.0,271.35539,508.72847,0.68879,281.29287,519.1432,0.70105,305.2,60.0,49.0,78.0,5.0,69.0,1.0,0.0,idle,60.81666666666667,5.016666666666667
2025-12-30 09:45:00,553.17281,1584,765.0,1475.0,0.0,0.0,0.0,274.40105,510.43401,0.69282,281.48479,520.21216,0.69816,305.22493,60.0,49.0,78.0,5.0,69.0,1.0,0.0,idle,60.81666666666667,5.016666666666667
2025-12-30 09:50:00,558.34945,1584,765.0,1475.01505,0.0,0.0,0.0,285.57646,520.87884,0.70551,274.00677,515.21651,0.68658,305.2,60.0,49.0,78.0,5.0,69.0,1.0,0.0,idle,60.81666666666667,5.016666666666667
2025-12-30 09:55:00,558.10593,1584,765.0,1476.0,0.0,0.0,0.0,273.71537,509.70164,0.69157,285.14853,521.2935,0.70632,305.16489,60.0,49.0,78.0,5.0,69.0,1.0,0.0,idle,60.81666666666667,5.016666666666667
2025-12-30 10:00:00,530.77185,1584,765.0,1476.0,0.0,0.0,0.0,266.18642,495.35186,0.69102,263.56561,497.26484,0.68671,305.1,60.0,49.0,78.0,5.0,69.0,1.0,0.0,idle,60.81666666666667,5.016666666666667
2025-12-30 10:05:00,533.01375,1584,765.0,1476.0,0.0,0.0,0.0,270.05503,498.61589,0.69687,265.67739,497.42803,0.68967,305.02248,60.0,49.0,78.0,5.0,69.0,1.0,0.0,idle,60.81666666666667,5.016666666666667
2025-12-30 10:10:00,505.44401,1584,765.0,1476.0,0.0,0.0,0.0,262.22147,485.93808,0.69392,242.03416,473.50245,0.65943,305.01096,60.0,49.0,78.0,5.0,69.0,1.0,0.0,idle,60.81666666666667,5.016666666666667
2025-12-30 10:15:00,502.1484,1584,765.0,1476.0,0.0,0.0,0.0,260.99968,488.6497,0.69016,240.40648,478.49643,0.65269,305.0,60.0,49.0,78.0,5.0,69.0,1.0,0.0,idle,60.81666666666667,5.016666666666667
2025-12-30 10:20:00,495.71496,1584,765.0,1476.0,0.0,0.0,0.0,257.35098,485.47457,0.68274,236.64416,475.15632,0.64608,305.0,60.0,49.0,78.0,5.0,69.0,1.0,0.0,idle,60.81666666666667,5.016666666666667
2025-12-30 10:25:00,505.71556,1584,765.0,1476.0,0.0,0.0,0.0,261.82392,489.29468,0.69159,242.60519,479.66846,0.65741,304.98868,60.0,49.0,78.0,5.0,69.0,1.0,0.0,idle,60.81666666666667,5.016666666666667
2025-12-30 10:30:00,499.42551,1584,765.0,1476.0,0.0,0.0,0.0,260.46263,485.72496,0.69154,238.79364,474.85423,0.65101,304.98841,60.0,49.0,78.0,5.0,69.0,1.0,0.0,idle,60.81666666666667,5.016666666666667
2025-12-30 10:35:00,496.99549,1584,765.0,1476.0,0.0,0.0,0.0,258.9487,481.80533,0.69455,239.55405,470.98772,0.66204,304.9,60.0,49.0,78.0,5.0,69.0,1.0,0.0,idle,60.81666666666667,5.016666666666667
2025-12-30 10:40:00,487.15155,1584,765.0,1476.0,0.0,0.0,0.0,253.82216,475.73052,0.69015,233.23578,463.61685,0.6516,304.9,60.0,49.0,78.0,5.0,69.0,1.0,0.0,idle,60.81666666666667,5.016666666666667
2025-12-30 10:45:00,493.78215,1584,765.0,1476.0,0.0,0.0,0.0,257.14263,478.35145,0.69391,236.66876,466.38887,0.65583,304.9,60.0,49.0,78.0,5.0,69.0,1.0,0.0,idle,60.81666666666667,5.016666666666667
2025-12-30 10:50:00,485.17321,1584,765.0,1476.0,0.0,0.0,0.0,254.77006,477.78488,0.68755,231.50072,464.5648,0.64455,304.9,60.0,49.0,78.0,5.0,69.0,1.0,0.0,idle,60.81666666666667,5.016666666666667
2025-12-30 10:55:00,498.87922,1584,765.0,1476.0,0.0,0.0,0.0,260.00564,482.14637,0.69506,239.46135,470.42981,0.65979,304.9,60.0,49.0,78.0,5.0,69.0,1.0,0.0,idle,60.81666666666667,5.016666666666667
2025-12-30 11:00:00,586.8607,1584,765.0,1476.0,0.0,0.0,0.0,297.4921,543.28229,0.70577,290.67321,542.86507,0.6927,304.9,60.0,49.0,78.0,5.0,69.0,1.0,0.0,idle,60.81666666666667,5.016666666666667
2025-12-30 11:05:00,599.58476,1584,765.0,1476.0,0.0,0.0,0.0,308.00817,548.98239,0.7198,290.79525,540.32629,0.69705,304.9,60.0,49.0,78.0,5.0,69.0,1.0,0.0,idle,60.81666666666667,5.016666666666667
2025-12-30 11:10:00,601.20598,1584,765.0,1476.0,0.0,0.0,0.0,308.74902,550.79739,0.72366,292.35333,541.38005,0.69959,304.9,60.0,49.0,78.0,5.0,69.0,1.0,0.0,idle,60.81666666666667,5.016666666666667
2025-12-30 11:15:00,598.09589,1584,765.0,1476.0,0.0,0.0,0.0,306.59791,552.31004,0.71674,289.9475,541.0267,0.69543,304.9,60.0,49.0,78.0,5.0,69.0,1.0,0.0,idle,60.81666666666667,5.016666666666667
2025-12-30 11:20:00,602.35163,1584,765.0,1476.0,0.0,0.0,0.0,308.03977,553.68706,0.71959,292.62374,542.99044,0.69714,304.90391,60.0,49.0,78.0,5.0,69.0,1.0,0.0,idle,60.81666666666667,5.016666666666667
2025-12-30 11:25:00,594.03699,1584,765.0,1476.0,0.0,0.0,0.0,305.71641,549.4559,0.71595,288.94418,539.04728,0.69349,304.97817,60.0,49.0,78.0,5.0,69.0,1.0,0.0,idle,60.81666666666667,5.016666666666667
2025-12-30 11:30:00,606.10547,1584,765.0,1476.0,0.0,0.0,0.0,297.06383,545.47796,0.70159,307.86109,555.2027,0.71845,305.0,60.0,49.0,78.0,5.0,69.0,1.0,0.0,idle,60.81666666666667,5.016666666666667
2025-12-30 11:35:00,600.63453,1584,765.0,1476.0,0.0,0.0,0.0,304.24819,550.60267,0.71416,293.9104,543.68003,0.69868,305.0,60.0,49.0,78.0,5.0,69.0,1.0,0.0,idle,60.81666666666667,5.016666666666667
2025-12-30 11:40:00,623.24395,1584,765.0,1476.0,0.0,0.0,0.0,317.48505,563.16557,0.72524,306.0919,555.95242,0.71133,305.0,60.0,49.0,78.0,5.0,69.0,1.0,0.0,idle,60.81666666666667,5.016666666666667
2025-12-30 11:45:00,699.9301,1584,765.0,1476.0,0.0,0.0,0.0,353.03472,600.58331,0.75555,348.72052,598.48029,0.74878,305.0,60.0,49.0,78.0,5.0,69.0,1.0,0.0,idle,60.81666666666667,5.016666666666667
2025-12-30 11:50:00,717.04989,1584,765.0,1476.0,0.0,0.0,0.0,355.93414,602.23778,0.75858,359.67025,608.3093,0.7628,305.0,60.0,49.0,78.0,5.0,69.0,1.0,0.0,idle,60.81666666666667,5.016666666666667
2025-12-30 11:55:00,709.91683,1584,765.0,1476.0,0.0,0.0,0.0,354.01145,599.93332,0.7578,355.65946,604.94579,0.75601,304.95469,60.0,49.0,78.0,5.0,69.0,1.0,0.0,idle,60.81666666666667,5.016666666666667
2025-12-30 12:00:00,709.29907,1584,765.0,1476.0,0.0,0.0,0.0,353.6116,600.86868,0.75482,357.68916,604.95281,0.76232,304.93307,60.0,49.0,78.0,5.0,69.0,1.0,0.0,idle,60.81666666666667,5.016666666666667
2025-12-30 12:05:00,795.74932,1584,765.0,1476.0,0.0,0.0,0.0,399.49801,653.30408,0.78296,402.08077,656.47431,0.78734,304.99205,60.0,49.0,78.0,5.0,69.0,1.0,0.0,Discharging,60.81666666666667,5.016666666666667
2025-12-30 12:10:00,992.61308,1584,765.0,1476.0,0.0,0.0,0.0,502.17156,776.50783,0.82961,493.40531,768.39981,0.82638,304.94422,60.0,49.0,78.0,5.0,69.0,1.0,0.0,Discharging,60.81666666666667,5.016666666666667
2025-12-30 12:15:00,1129.73557,1584,765.0,1476.0,0.0,0.0,0.0,563.94709,858.59506,0.84349,566.39721,863.19215,0.84598,304.9,60.0,49.0,78.0,5.0,69.0,1.0,0.0,Discharging,60.81666666666667,5.016666666666667
2025-12-30 12:20:00,1161.95251,1584,765.0,1476.0,0.0,0.0,0.0,579.28188,876.55212,0.84747,578.8712,879.09979,0.84863,304.9,60.0,49.0,78.0,5.0,69.0,1.0,0.0,Discharging,60.81666666666667,5.016666666666667
2025-12-30 12:25:00,1161.49385,1584,765.0,1476.0,0.0,0.0,0.0,582.35131,879.85252,0.85241,576.86733,877.14557,0.84675,304.9,60.0,49.0,78.0,5.0,69.0,1.0,0.0,Discharging,60.81666666666667,5.016666666666667
2025-12-30 12:30:00,1160.05027,1584,765.81815,1476.0,0.0,0.0,0.0,580.17172,880.11163,0.84531,579.27202,880.60122,0.84684,304.9,60.0,49.0,78.0,5.0,69.0,1.0,0.0,Discharging,60.81666666666667,5.016666666666667
2025-12-30 12:35:00,1162.43428,1584,766.0,1476.0,0.0,0.0,0.0,582.81144,886.00219,0.84409,581.48154,883.63593,0.84797,304.9,60.0,49.0,78.0,5.0,69.0,1.0,0.0,Discharging,60.81666666666667,5.016666666666667
2025-12-30 12:40:00,1163.82175,1584,766.0,1476.0,0.0,0.0,0.0,582.20153,884.00556,0.84693,583.56429,885.00144,0.84937,304.9,60.0,49.0,78.0,5.0,69.0,1.0,0.0,Discharging,60.81666666666667,5.016666666666667
2025-12-30 12:45:00,1157.52365,1584,766.0,1476.52229,0.0,0.0,0.0,580.65793,880.68888,0.84548,578.17155,877.19323,0.84897,304.9,60.0,49.0,78.0,5.0,69.0,1.0,0.0,Discharging,60.81666666666667,5.016666666666667
2025-12-30 12:50:00,1159.97067,1584,766.0,1477.0,0.0,0.0,0.0,577.07875,877.02301,0.84271,582.028,881.54487,0.84819,304.91017,60.0,49.0,78.0,5.0,69.0,1.0,0.0,Discharging,60.81666666666667,5.016666666666667
2025-12-30 12:55:00,1161.24133,1584,766.0,1477.0,0.0,0.0,0.0,582.35449,883.83371,0.84275,579.05998,879.1119,0.84694,304.95772,60.0,49.0,78.0,5.0,69.0,1.0,0.0,Discharging,60.81666666666667,5.016666666666667
2025-12-30 13:00:00,1150.61363,1584,766.0,1477.0,0.0,0.0,0.0,578.02809,877.79911,0.84549,573.72006,873.33571,0.84707,305.0,60.0,49.0,78.0,5.0,69.0,1.0,0.0,Discharging,60.81666666666667,5.016666666666667
2025-12-30 13:05:00,1154.75555,1584,766.0,1477.0,0.0,0.0,0.0,573.00211,871.18047,0.84495,577.92927,875.68538,0.85101,305.0,60.0,49.0,78.0,5.0,69.0,1.0,0.0,Discharging,60.81666666666667,5.016666666666667
2025-12-30 13:10:00,1151.26084,1584,766.0,1477.0,0.0,0.0,0.0,575.22801,873.61622,0.8457,573.91088,872.00632,0.84605,305.0,60.0,49.0,78.0,5.0,69.0,1.0,0.0,Discharging,60.81666666666667,5.016666666666667
2025-12-30 13:15:00,1156.1001,1584,766.0,1477.0,0.0,0.0,0.0,581.45442,879.75217,0.84829,573.03511,871.32321,0.84455,305.0,60.0,49.0,78.0,5.0,69.0,1.0,0.0,Discharging,60.81666666666667,5.016666666666667
2025-12-30 13:20:00,1148.82418,1584,766.0,1477.0,0.0,0.0,0.0,578.40527,876.14487,0.84735,570.11915,866.85841,0.848,305.0085,60.0,49.0,78.0,5.0,69.0,1.0,0.0,Discharging,60.81666666666667,5.016666666666667
2025-12-30 13:25:00,1154.45045,1584,766.0,1477.0,0.0,0.0,0.0,576.13838,874.8252,0.84429,579.49941,877.64614,0.84897,305.01338,60.0,49.0,78.0,5.0,69.0,1.0,0.0,Discharging,60.81666666666667,5.016666666666667
2025-12-30 13:30:00,1154.69868,1584,766.0,1477.0,0.0,0.0,0.0,579.76434,880.66972,0.84597,575.52782,875.20223,0.84768,305.01096,60.0,49.0,78.0,5.0,69.0,1.0,0.0,Discharging,60.81666666666667,5.016666666666667
2025-12-30 13:35:00,1152.49304,1584,766.0,1477.0,0.0,0.0,0.0,579.3115,876.76482,0.84707,569.93488,865.72287,0.84612,305.0,60.0,49.0,78.0,5.0,69.0,1.0,0.0,Discharging,60.81666666666667,5.016666666666667
2025-12-30 13:40:00,1146.926,1584,766.0,1477.0,0.0,0.0,0.0,574.67194,872.37364,0.84754,571.12013,868.01029,0.84692,305.0,60.0,49.0,78.0,5.0,69.0,1.0,0.0,Discharging,60.81666666666667,5.016666666666667
2025-12-30 13:45:00,1151.00804,1584,766.0,1477.0,0.0,0.0,0.0,579.35547,876.6689,0.8493,572.15642,868.28836,0.84424,305.02182,60.0,49.0,78.0,5.0,69.0,1.0,0.0,Discharging,60.81666666666667,5.016666666666667
2025-12-30 13:50:00,1149.77759,1584,766.0,1477.0,0.0,0.0,0.0,575.13456,873.20909,0.84368,570.97841,868.22717,0.84768,305.0,60.0,49.0,78.0,5.0,69.0,1.0,0.0,Discharging,60.81666666666667,5.016666666666667
2025-12-30 13:55:00,1143.62559,1584,766.0,1477.0,0.0,0.0,0.0,575.27775,872.19421,0.84419,567.3623,864.03984,0.84744,305.0,60.0,49.0,78.0,5.0,69.0,1.0,0.0,Discharging,60.81666666666667,5.016666666666667
2025-12-30 14:00:00,1145.55484,1584,766.0,1477.0,0.0,0.0,0.0,577.96144,874.27225,0.8502,570.6008,868.10959,0.84757,304.93192,60.0,49.0,78.0,5.0,69.0,1.0,0.0,Discharging,60.81666666666667,5.016666666666667
2025-12-30 14:05:00,1146.09738,1584,766.0,1477.0,0.0,0.0,0.0,573.90987,870.1273,0.84412,572.42527,869.11334,0.84837,304.9,60.0,49.0,78.0,5.0,69.0,1.0,0.0,Discharging,60.81666666666667,5.016666666666667
2025-12-30 14:10:00,1152.7223,1584,766.0,1477.0,0.0,0.0,0.0,578.01365,874.57275,0.84838,573.59922,871.11434,0.84733,304.9,60.0,49.0,78.0,5.0,69.0,1.0,0.0,Discharging,60.81666666666667,5.016666666666667
2025-12-30 14:15:00,1145.15845,1584,767.0,1477.0,0.0,0.0,0.0,573.14581,869.69967,0.84631,574.77778,873.60708,0.84823,304.9,60.0,49.0,78.0,5.0,69.0,1.0,0.0,Discharging,60.81666666666667,5.016666666666667
2025-12-30 14:20:00,1152.47446,1584,767.0,1477.0,0.0,0.0,0.0,578.29136,874.72952,0.85093,577.2722,874.59618,0.84945,304.91204,60.0,49.0,78.0,5.0,69.0,1.0,0.0,Discharging,60.81666666666667,5.016666666666667
2025-12-30 14:25:00,1146.43182,1584,767.0,1477.0,0.0,0.0,0.0,572.38379,867.3767,0.84463,576.43456,873.36738,0.84924,304.97877,60.0,49.0,78.0,5.0,69.0,1.0,0.0,Discharging,60.81666666666667,5.016666666666667
2025-12-30 14:30:00,1152.26476,1584,767.0,1477.41712,0.0,0.0,0.0,577.17991,872.93048,0.84626,573.3431,870.70547,0.84975,304.98997,60.0,49.0,78.0,5.0,69.0,1.0,0.0,Discharging,60.81666666666667,5.016666666666667
2025-12-30 14:35:00,1153.81663,1584,767.0,1478.0,0.0,0.0,0.0,577.37892,873.71265,0.84367,579.37181,877.83073,0.84748,305.0,60.0,49.0,78.0,5.0,69.0,1.0,0.0,Discharging,60.81666666666667,5.016666666666667
2025-12-30 14:40:00,1191.25437,1584,767.0,1478.0,0.0,0.0,0.0,601.45241,906.50386,0.852,593.22073,900.02369,0.84809,305.0,60.0,49.0,78.0,5.0,69.0,1.0,0.0,Discharging,60.81666666666667,5.016666666666667
2025-12-30 14:45:00,1201.06928,1584,767.0,1478.0,0.0,0.0,0.0,601.63835,909.68277,0.84764,599.69231,907.24761,0.8506,305.0109,60.0,49.0,78.0,5.0,69.0,1.0,0.0,Discharging,60.81666666666667,5.016666666666667
2025-12-30 14:50:00,1173.20561,1584,767.0,1478.0,0.0,0.0,0.0,587.02977,887.62368,0.84954,584.19013,886.05722,0.84995,305.06331,60.0,49.0,78.0,5.0,69.0,1.0,0.0,Discharging,60.81666666666667,5.016666666666667
2025-12-30 14:55:00,1161.37189,1584,767.0,1478.0,0.0,0.0,0.0,578.99444,877.2177,0.84668,582.91221,880.54218,0.85501,305.1,60.0,49.0,78.0,5.0,69.0,1.0,0.0,Discharging,60.81666666666667,5.016666666666667
2025-12-30 15:00:00,1159.64911,1584,767.0,1478.0,0.0,0.0,0.0,576.45923,874.05296,0.84794,581.89733,880.33938,0.85073,305.1,60.0,49.0,78.0,5.0,69.0,1.0,0.0,Discharging,60.81666666666667,5.016666666666667
2025-12-30 15:05:00,1163.78565,1584,767.0,1478.0,0.0,0.0,0.0,583.2399,882.38257,0.84846,579.8126,879.88432,0.84559,305.06566,60.0,49.0,78.0,5.0,69.0,1.0,0.0,Discharging,60.81666666666667,5.016666666666667
2025-12-30 15:10:00,1171.56748,1584,767.0,1478.0,0.0,0.0,0.0,584.05595,883.10208,0.84721,585.96836,887.43063,0.84845,305.03378,60.0,49.0,78.0,5.0,69.0,1.0,0.0,Discharging,60.81666666666667,5.016666666666667
2025-12-30 15:15:00,1182.91282,1584,767.0,1478.0,0.0,0.0,0.0,589.00513,889.18649,0.84902,593.96054,895.50503,0.85366,305.02194,60.0,49.0,78.0,5.0,69.0,1.0,0.0,Discharging,60.81666666666667,5.016666666666667
2025-12-30 15:20:00,1175.68455,1584,767.0,1478.0,0.0,0.0,0.0,585.14928,886.61658,0.84597,591.11113,893.74107,0.85133,304.98911,60.0,49.0,78.0,5.0,69.0,1.0,0.0,Discharging,60.81666666666667,5.016666666666667
2025-12-30 15:25:00,1188.71013,1584,767.0,1478.0,0.0,0.0,0.0,591.96847,896.04632,0.84852,597.96,903.84879,0.85156,304.98905,60.0,49.0,78.0,5.0,69.0,1.0,0.0,Discharging,60.81666666666667,5.016666666666667
2025-12-30 15:30:00,1276.45573,1584,767.0,1478.0,0.0,0.0,0.0,635.97789,956.47595,0.85372,636.54112,958.93053,0.85355,304.93575,60.0,49.0,78.0,5.0,69.0,1.0,0.0,Discharging,60.81666666666667,5.016666666666667
2025-12-30 15:35:00,1345.87789,1584,767.0,1478.0,0.0,0.0,0.0,673.58378,1008.83887,0.85541,671.9052,1008.15103,0.85731,304.9,60.0,49.0,78.0,5.0,69.0,1.0,0.0,Discharging,60.81666666666667,5.016666666666667
2025-12-30 15:40:00,1276.07267,1584,767.0,1478.0,0.0,0.0,0.0,639.337,962.17483,0.85324,635.41777,959.02327,0.84955,304.9,60.0,49.0,78.0,5.0,69.0,1.0,0.0,Discharging,60.81666666666667,5.016666666666667
2025-12-30 15:45:00,1256.11401,1584,767.0,1478.0,0.0,0.0,0.0,629.52689,950.50342,0.85003,626.52752,946.39028,0.85051,304.9,60.0,49.0,78.0,5.0,69.0,1.0,0.0,Discharging,60.81666666666667,5.016666666666667
2025-12-30 15:50:00,1252.97632,1584,767.0,1478.0,0.0,0.0,0.0,628.72081,948.8091,0.85144,624.03145,943.00681,0.851,304.9,60.0,49.0,78.0,5.0,69.0,1.0,0.0,Discharging,60.81666666666667,5.016666666666667
2025-12-30 15:55:00,1251.32114,1584,768.0,1478.0,0.0,0.0,0.0,626.79732,946.03495,0.85153,624.0537,942.09834,0.85026,304.8,60.0,49.0,78.0,5.0,69.0,1.0,0.0,Discharging,60.81666666666667,5.016666666666667
2025-12-30 16:00:00,1246.4676,1584,768.0,1478.0,0.0,0.0,0.0,626.17417,944.26877,0.85049,620.74316,938.39406,0.85176,304.77429,60.0,49.0,78.0,5.0,69.0,1.0,0.0,Discharging,60.81666666666667,5.016666666666667
2025-12-30 16:05:00,1254.1072,1584,768.0,1478.0,0.0,0.0,0.0,627.60447,946.62404,0.85074,626.82445,945.99643,0.85627,304.70692,60.0,49.0,78.0,5.0,69.0,1.0,0.0,Discharging,60.81666666666667,5.016666666666667
2025-12-30 16:10:00,1255.64496,1584,768.0,1478.68847,0.0,0.0,0.0,625.18389,944.15911,0.84852,627.05901,947.04077,0.85166,304.75487,60.0,49.0,78.0,5.0,69.0,1.0,0.0,Discharging,60.81666666666667,5.016666666666667
2025-12-30 16:15:00,1250.5741,1584,768.0,1479.0,0.0,0.0,0.0,623.55283,941.46188,0.84825,625.97755,945.25498,0.84984,304.8147,60.0,49.0,78.0,5.0,69.0,1.0,0.0,Discharging,60.81666666666667,5.016666666666667
2025-12-30 16:20:00,1251.51543,1584,768.0,1479.0,0.0,0.0,0.0,626.71184,944.66082,0.84947,623.87844,943.56973,0.8506,304.833,60.0,49.0,78.0,5.0,69.0,1.0,0.0,Discharging,60.81666666666667,5.016666666666667
2025-12-30 16:25:00,1243.01905,1584,768.0,1479.0,0.0,0.0,0.0,616.15947,931.82565,0.84382,621.12054,938.44838,0.85456,304.8717,60.0,49.0,78.0,5.0,69.0,1.0,0.0,Discharging,60.81666666666667,5.016666666666667
2025-12-30 16:30:00,1226.32233,1584,768.0,1479.0,0.0,0.0,0.0,613.1785,926.73018,0.84769,612.42951,926.56931,0.84896,304.89978,60.0,49.0,78.0,5.0,69.0,1.0,0.0,Discharging,60.81666666666667,5.016666666666667
2025-12-30 16:35:00,1229.29643,1584,768.0,1479.0,0.0,0.0,0.0,616.14237,931.58132,0.84852,614.98455,930.69668,0.84988,304.9,60.0,49.0,78.0,5.0,69.0,1.0,0.0,Discharging,60.81666666666667,5.016666666666667
2025-12-30 16:40:00,1230.10841,1584,768.0,1479.0,0.0,0.0,0.0,615.11369,927.96613,0.84851,616.6383,930.5481,0.85123,304.9,60.0,49.0,78.0,5.0,69.0,1.0,0.0,Discharging,60.81666666666667,5.016666666666667
2025-12-30 16:45:00,1223.61492,1584,768.0,1479.0,0.0,0.0,0.0,613.08192,926.42951,0.84997,610.20097,925.2825,0.84537,304.9,60.0,49.0,78.0,5.0,69.0,1.0,0.0,Discharging,60.81666666666667,5.016666666666667
2025-12-30 16:50:00,1230.33912,1584,768.0,1479.0,0.0,0.0,0.0,614.69502,927.67113,0.84704,617.06147,933.17299,0.84795,304.9,60.0,49.0,78.0,5.0,69.0,1.0,0.0,Discharging,60.81666666666667,5.016666666666667
2025-12-30 16:55:00,1227.21464,1584,768.0,1479.0,0.0,0.0,0.0,614.25032,927.3016,0.85159,612.23871,926.99396,0.85149,304.98006,60.0,49.0,78.0,5.0,69.0,1.0,0.0,Discharging,60.81666666666667,5.016666666666667
2025-12-30 17:00:00,1225.67545,1584,768.0,1479.0,0.0,0.0,0.0,613.28511,926.48172,0.84586,615.93127,930.50334,0.85182,305.0,60.0,49.0,78.0,5.0,69.0,1.0,0.0,Discharging,60.81666666666667,5.016666666666667
2025-12-30 17:05:00,1223.55462,1584,768.0,1479.0,0.0,0.0,0.0,613.7461,926.85554,0.84778,616.09175,931.24125,0.85169,305.0,60.0,49.0,78.0,5.0,69.0,1.0,0.0,Discharging,60.81666666666667,5.016666666666667
2025-12-30 17:10:00,1207.43182,1584,768.0,1479.0,0.0,0.0,0.0,601.32863,909.06995,0.85186,603.09301,913.86616,0.84909,305.0,60.0,49.0,78.0,5.0,69.0,1.0,0.0,Discharging,60.81666666666667,5.016666666666667
2025-12-30 17:15:00,1222.49576,1584,768.0,1479.0,0.0,0.0,0.0,614.33428,927.34726,0.84847,608.53976,925.04104,0.84281,305.1,60.0,49.0,78.0,5.0,69.0,1.0,0.0,Discharging,60.81666666666667,5.016666666666667
2025-12-30 17:20:00,1227.05233,1584,768.0,1479.0,0.0,0.0,0.0,611.43096,924.41603,0.84697,616.89684,933.08559,0.85365,305.1,60.0,49.0,78.0,5.0,69.0,1.0,0.0,Discharging,60.81666666666667,5.016666666666667
2025-12-30 17:25:00,1227.67045,1584,768.0,1479.0,0.0,0.0,0.0,616.53968,929.5618,0.8515,612.76708,929.20818,0.84962,305.09682,60.0,49.0,78.0,5.0,69.0,1.0,0.0,Discharging,60.81666666666667,5.016666666666667
2025-12-30 17:30:00,1228.33977,1584,768.30022,1479.0,0.0,0.0,0.0,618.08316,931.25443,0.85062,612.54171,927.9625,0.85154,305.02185,60.0,49.0,78.0,5.0,69.0,1.0,0.0,Discharging,60.81666666666667,5.016666666666667
2025-12-30 17:35:00,1235.10031,1584,769.0,1479.0,0.0,0.0,0.0,618.69164,932.70603,0.84891,617.32962,933.76032,0.84868,305.0,60.0,49.0,78.0,5.0,69.0,1.0,0.0,Discharging,60.81666666666667,5.016666666666667
2025-12-30 17:40:00,1227.48146,1584,769.0,1479.0,0.0,0.0,0.0,615.09108,928.79047,0.84937,615.18466,930.9314,0.85091,304.98826,60.0,49.0,78.0,5.0,69.0,1.0,0.0,Discharging,60.81666666666667,5.016666666666667
2025-12-30 17:45:00,1233.37221,1584,769.0,1479.2525,0.0,0.0,0.0,619.66548,934.05226,0.85487,614.14896,930.73574,0.84666,304.98989,60.0,49.0,78.0,5.0,69.0,1.0,0.0,Discharging,60.81666666666667,5.016666666666667
2025-12-30 17:50:00,1233.11383,1584,769.0,1480.0,0.0,0.0,0.0,616.00764,928.87591,0.85173,614.11959,930.60183,0.85026,305.01348,60.0,49.0,78.0,5.0,69.0,1.0,0.0,Discharging,60.81666666666667,5.016666666666667
2025-12-30 17:55:00,1239.20159,1584,769.0,1480.0,0.0,0.0,0.0,620.92551,936.47652,0.85287,617.10615,936.29853,0.84724,305.12675,60.0,49.0,78.0,5.0,69.0,1.0,0.0,Discharging,60.81666666666667,5.016666666666667
2025-12-30 18:00:00,1237.13346,1584,769.0,1480.0,0.0,0.0,0.0,616.9713,932.64932,0.84827,616.45067,934.36184,0.84807,305.2,60.0,49.0,78.0,5.0,69.0,1.0,0.0,Discharging,60.81666666666667,5.016666666666667
2025-12-30 18:05:00,1234.04811,1584,769.0,1480.0,0.0,0.0,0.0,617.52602,931.37921,0.85015,619.13635,936.3304,0.85213,305.2,60.0,49.0,78.0,5.0,69.0,1.0,0.0,Discharging,60.81666666666667,5.016666666666667
2025-12-30 18:10:00,1231.50999,1584,769.0,1480.0,0.0,0.0,0.0,619.58029,933.18964,0.8548,612.8801,929.86514,0.84383,305.14306,60.0,49.0,78.0,5.0,69.0,1.0,0.0,Discharging,60.81666666666667,5.016666666666667
2025-12-30 18:15:00,1239.09199,1584,769.0,1480.0,0.0,0.0,0.0,621.31597,937.34963,0.85523,617.7539,935.9999,0.85067,305.1,60.0,49.0,78.0,5.0,69.0,1.0,0.0,Discharging,60.81666666666667,5.016666666666667
2025-12-30 18:20:00,1222.76283,1584,769.0,1480.0,0.0,0.0,0.0,612.81883,925.28699,0.8491,609.79026,924.53932,0.84603,305.1,60.0,49.0,78.0,5.0,69.0,1.0,0.0,Discharging,60.81666666666667,5.016666666666667
2025-12-30 18:25:00,1224.82793,1584,769.0,1480.0,0.0,0.0,0.0,613.37349,927.2369,0.84671,612.92558,927.33694,0.8502,305.1,60.0,49.0,78.0,5.0,69.0,1.0,0.0,Discharging,60.81666666666667,5.016666666666667
2025-12-30 18:30:00,1191.04745,1584,769.0,1480.0,0.0,0.0,0.0,591.03466,897.29112,0.84285,596.96265,904.539,0.84621,305.0243,60.0,49.0,78.0,5.0,69.0,1.0,0.0,Discharging,60.81666666666667,5.016666666666667
2025-12-30 18:35:00,1206.82193,1584,769.0,1480.0,0.0,0.0,0.0,604.27108,916.93999,0.84211,601.37205,915.61087,0.84295,304.96524,60.0,49.0,78.0,5.0,69.0,1.0,0.0,Discharging,60.81666666666667,5.016666666666667
2025-12-30 18:40:00,1217.60816,1584,769.0,1480.0,0.0,0.0,0.0,608.12746,922.71582,0.84595,608.46676,924.52475,0.84429,304.9,60.0,49.0,78.0,5.0,69.0,1.0,0.0,Discharging,60.81666666666667,5.016666666666667
2025-12-30 18:45:00,1206.24513,1584,769.0,1480.0,0.0,0.0,0.0,605.7969,916.99105,0.84699,600.8403,913.65467,0.84867,304.9,60.0,49.0,78.0,5.0,69.0,1.0,0.0,Discharging,60.81666666666667,5.016666666666667
2025-12-30 18:50:00,1179.51853,1584,769.0,1480.0,0.0,0.0,0.0,590.48796,895.04887,0.84286,591.50968,899.00143,0.84665,304.9,60.0,49.0,78.0,5.0,69.0,1.0,0.0,Discharging,60.81666666666667,5.016666666666667
2025-12-30 18:55:00,1174.08659,1584,769.0,1480.0,0.0,0.0,0.0,586.62284,890.05754,0.84331,588.37593,895.12019,0.84331,304.84672,60.0,49.0,78.0,5.0,69.0,1.0,0.0,Discharging,60.81666666666667,5.016666666666667
2025-12-30 19:00:00,1190.78247,1584,769.0,1480.0,0.0,0.0,0.0,596.22816,902.34285,0.84464,592.52173,900.79604,0.84458,304.88919,60.0,49.0,78.0,5.0,69.0,1.0,0.0,Discharging,60.81666666666667,5.016666666666667
2025-12-30 19:05:00,1178.61911,1584,769.0,1480.0,0.0,0.0,0.0,588.36286,891.50679,0.84277,590.55451,896.36847,0.84684,304.83612,60.0,49.0,78.0,5.0,69.0,1.0,0.0,Discharging,60.81666666666667,5.016666666666667
2025-12-30 19:10:00,1182.47345,1584,769.52805,1480.0,0.0,0.0,0.0,590.07653,893.94465,0.84433,591.09169,898.36661,0.84481,304.83454,60.0,49.0,78.0,5.0,69.0,1.0,0.0,Discharging,60.81666666666667,5.016666666666667
2025-12-30 19:15:00,1175.25349,1584,770.0,1480.0,0.0,0.0,0.0,588.27285,891.945,0.84292,588.15827,895.11026,0.84422,304.9,60.0,49.0,78.0,5.0,69.0,1.0,0.0,Discharging,60.81666666666667,5.016666666666667
2025-12-30 19:20:00,1181.52357,1584,770.0,1480.0,0.0,0.0,0.0,592.28695,898.60965,0.84035,591.37019,899.56622,0.84312,304.9,60.0,49.0,78.0,5.0,69.0,1.0,0.0,Discharging,60.81666666666667,5.016666666666667
2025-12-30 19:25:00,1181.20225,1584,770.0,1480.19337,0.0,0.0,0.0,588.63109,892.97468,0.84356,589.14743,895.74652,0.84541,304.95074,60.0,49.0,78.0,5.0,69.0,1.0,0.0,Discharging,60.81666666666667,5.016666666666667
2025-12-30 19:30:00,1178.33202,1584,770.0,1481.0,0.0,0.0,0.0,589.93332,893.80471,0.84409,589.251,895.44755,0.84887,305.0,60.0,49.0,78.0,5.0,69.0,1.0,0.0,Discharging,60.81666666666667,5.016666666666667
2025-12-30 19:35:00,1162.61559,1584,770.0,1481.0,0.0,0.0,0.0,581.72987,881.17465,0.84605,580.06976,879.95888,0.84479,305.0,60.0,49.0,78.0,5.0,69.0,1.0,0.0,Discharging,60.81666666666667,5.016666666666667
2025-12-30 19:40:00,1180.65226,1584,770.0,1481.0,0.0,0.0,0.0,593.24276,896.11026,0.85069,591.44699,896.72791,0.84764,305.0,60.0,49.0,78.0,5.0,69.0,1.0,0.0,Discharging,60.81666666666667,5.016666666666667
2025-12-30 19:45:00,1178.54796,1584,770.0,1481.0,0.0,0.0,0.0,590.39599,889.78512,0.84892,591.49735,896.05722,0.85028,305.01013,60.0,49.0,78.0,5.0,69.0,1.0,0.0,Discharging,60.81666666666667,5.016666666666667
2025-12-30 19:50:00,1156.337,1584,770.0,1481.0,0.0,0.0,0.0,582.53438,881.22607,0.84686,575.7226,877.04884,0.84284,305.03214,60.0,49.0,78.0,5.0,69.0,1.0,0.0,Discharging,60.81666666666667,5.016666666666667
2025-12-30 19:55:00,1160.54808,1584,770.0,1481.0,0.0,0.0,0.0,579.36464,877.895,0.8452,579.87094,880.19271,0.84469,305.07331,60.0,49.0,78.0,5.0,69.0,1.0,0.0,Discharging,60.81666666666667,5.016666666666667
2025-12-30 20:00:00,1154.72435,1584,770.0,1481.0,0.0,0.0,0.0,577.50865,875.58095,0.84461,576.59134,876.42586,0.8465,305.04524,60.0,49.0,78.0,5.0,69.0,1.0,0.0,Discharging,60.81666666666667,5.016666666666667
2025-12-30 20:05:00,1160.66369,1584,770.0,1481.0,0.0,0.0,0.0,581.80991,881.23048,0.84308,578.91103,880.72958,0.84613,305.01008,60.0,49.0,78.0,5.0,69.0,1.0,0.0,Discharging,60.81666666666667,5.016666666666667
2025-12-30 20:10:00,1161.5504,1584,770.0,1481.0,0.0,0.0,0.0,579.96904,878.50497,0.84545,579.68393,879.25022,0.84862,305.05456,60.0,49.0,78.0,5.0,69.0,1.0,0.0,Discharging,60.81666666666667,5.016666666666667
2025-12-30 20:15:00,1162.87873,1584,770.0,1481.0,0.0,0.0,0.0,581.3511,880.38848,0.84417,581.60794,883.21482,0.84539,305.06895,60.0,49.0,78.0,5.0,69.0,1.0,0.0,Discharging,60.81666666666667,5.016666666666667
2025-12-30 20:20:00,1072.65781,1584,770.0,1481.0,0.0,0.0,0.0,533.97236,819.97948,0.83416,537.81093,825.47171,0.83715,305.06804,60.0,49.0,78.0,5.0,69.0,1.0,0.0,Discharging,60.81666666666667,5.016666666666667
2025-12-30 20:25:00,1044.20595,1584,770.0,1481.0,0.0,0.0,0.0,522.37241,804.14621,0.83073,522.38907,805.09435,0.83602,305.08909,60.0,49.0,78.0,5.0,69.0,1.0,0.0,Discharging,60.81666666666667,5.016666666666667
2025-12-30 20:30:00,1142.79915,1584,770.0,1481.0,0.0,0.0,0.0,566.39147,862.51952,0.84131,573.75694,870.98972,0.84948,305.08912,60.0,49.0,78.0,5.0,69.0,1.0,0.0,Discharging,60.81666666666667,5.016666666666667
2025-12-30 20:35:00,1152.44188,1584,770.0,1481.0,0.0,0.0,0.0,571.93197,869.77852,0.8442,579.48041,878.12233,0.84833,305.06488,60.0,49.0,78.0,5.0,69.0,1.0,0.0,Discharging,60.81666666666667,5.016666666666667
2025-12-30 20:40:00,1156.20317,1584,770.0,1481.0,0.0,0.0,0.0,574.86994,874.31064,0.84274,577.77911,878.23308,0.84889,305.05479,60.0,49.0,78.0,5.0,69.0,1.0,0.0,Discharging,60.81666666666667,5.016666666666667
2025-12-30 20:45:00,1156.40105,1584,770.0,1481.0,0.0,0.0,0.0,578.39348,878.48889,0.84292,579.42074,879.86789,0.84653,305.06334,60.0,49.0,78.0,5.0,69.0,1.0,0.0,Discharging,60.81666666666667,5.016666666666667
2025-12-30 20:50:00,1151.01604,1584,770.0,1481.0,0.0,0.0,0.0,576.39477,873.99515,0.84701,576.34976,874.82266,0.84601,305.05548,60.0,49.0,78.0,5.0,69.0,1.0,0.0,Discharging,60.81666666666667,5.016666666666667
2025-12-30 20:55:00,1151.10298,1584,771.0,1481.0,0.0,0.0,0.0,575.95214,872.8207,0.845,574.31598,871.66326,0.84657,305.0,60.0,49.0,78.0,5.0,69.0,1.0,0.0,Discharging,60.81666666666667,5.016666666666667
2025-12-30 21:00:00,1156.71259,1584,771.0,1481.0,0.0,0.0,0.0,583.44752,882.34044,0.84794,574.57016,873.10422,0.84677,305.0,60.0,49.0,78.0,5.0,69.0,1.0,0.0,Discharging,60.81666666666667,5.016666666666667
2025-12-30 21:05:00,1154.32967,1584,771.0,1481.0,0.0,0.0,0.0,578.27549,877.75757,0.84669,579.71351,879.33968,0.8449,305.0,60.0,49.0,78.0,5.0,69.0,1.0,0.0,Discharging,60.81666666666667,5.016666666666667
2025-12-30 21:10:00,1154.15217,1584,771.0,1481.1268,0.0,0.0,0.0,576.65826,876.40007,0.84237,577.56107,876.53971,0.84532,305.00433,60.0,49.0,78.0,5.0,69.0,1.0,0.0,Discharging,60.81666666666667,5.016666666666667
2025-12-30 21:15:00,1158.59594,1584,771.0,1482.0,0.0,0.0,0.0,579.44513,877.27103,0.84757,576.70899,875.50689,0.84473,305.0,60.0,49.0,78.0,5.0,69.0,1.0,0.0,Discharging,60.81666666666667,5.016666666666667
2025-12-30 21:20:00,1162.20845,1584,771.0,1482.0,0.0,0.0,0.0,580.26445,878.17482,0.84758,579.89647,879.093,0.84932,305.0,60.0,49.0,78.0,5.0,69.0,1.0,0.0,Discharging,60.81666666666667,5.016666666666667
2025-12-30 21:25:00,1160.99207,1584,771.0,1482.0,0.0,0.0,0.0,575.23986,873.44637,0.84536,583.93606,885.95489,0.84479,305.0,60.0,49.0,78.0,5.0,69.0,1.0,0.0,Discharging,60.81666666666667,5.016666666666667
2025-12-30 21:30:00,1158.0926,1584,771.0,1482.0,0.0,0.0,0.0,576.93744,874.7318,0.84381,580.72232,880.63904,0.84678,305.02186,60.0,49.0,78.0,5.0,69.0,1.0,0.0,Discharging,60.81666666666667,5.016666666666667
2025-12-30 21:35:00,1158.12668,1584,771.0,1482.0,0.0,0.0,0.0,576.57038,874.61372,0.84743,579.78759,879.20611,0.84531,305.01013,60.0,49.0,78.0,5.0,69.0,1.0,0.0,Discharging,60.81666666666667,5.016666666666667
2025-12-30 21:40:00,1156.32025,1584,771.0,1482.0,0.0,0.0,0.0,575.17186,873.09596,0.8475,579.35775,877.22307,0.85095,305.0,60.0,49.0,78.0,5.0,69.0,1.0,0.0,Discharging,60.81666666666667,5.016666666666667
2025-12-30 21:45:00,1158.33138,1584,771.0,1482.0,0.0,0.0,0.0,576.41211,874.7384,0.8473,580.80076,879.9009,0.8466,305.0,60.0,49.0,78.0,5.0,69.0,1.0,0.0,Discharging,60.81666666666667,5.016666666666667
2025-12-30 21:50:00,1159.91947,1584,771.0,1482.0,0.0,0.0,0.0,577.67053,876.39527,0.8479,583.44494,884.84277,0.84422,305.0,60.0,49.0,78.0,5.0,69.0,1.0,0.0,Discharging,60.81666666666667,5.016666666666667
2025-12-30 21:55:00,1162.29555,1584,771.0,1482.0,0.0,0.0,0.0,581.23348,881.11392,0.84585,579.76213,880.49467,0.84816,305.0,60.0,49.0,78.0,5.0,69.0,1.0,0.0,Discharging,60.81666666666667,5.016666666666667
2025-12-30 22:00:00,1156.54518,1584,771.0,1482.0,0.0,0.0,0.0,577.18807,875.23677,0.84819,578.90914,877.78836,0.84868,305.0,60.0,49.0,78.0,5.0,69.0,1.0,0.0,Discharging,60.81666666666667,5.016666666666667
2025-12-30 22:05:00,1152.18822,1584,771.0,1482.0,0.0,0.0,0.0,575.97827,874.22319,0.84769,574.87418,873.10582,0.84633,305.0,60.0,49.0,78.0,5.0,69.0,1.0,0.0,Discharging,60.81666666666667,5.016666666666667
2025-12-30 22:10:00,1154.45234,1584,771.0,1482.0,0.0,0.0,0.0,578.18304,877.08936,0.84215,579.25273,879.20909,0.84847,305.0,60.0,49.0,78.0,5.0,69.0,1.0,0.0,Discharging,60.81666666666667,5.016666666666667
2025-12-30 22:15:00,1171.25799,1584,771.0,1482.0,0.0,0.0,0.0,582.58499,881.35942,0.84585,587.07388,886.55775,0.85261,305.0,60.0,49.0,78.0,5.0,69.0,1.0,0.0,Discharging,60.81666666666667,5.016666666666667
2025-12-30 22:20:00,1150.63,1584,771.0,1482.0,0.0,0.0,0.0,573.70958,868.93512,0.84561,575.51934,872.29128,0.84599,305.0,60.0,49.0,78.0,5.0,69.0,1.0,0.0,Discharging,60.81666666666667,5.016666666666667
2025-12-30 22:25:00,1138.6031,1584,771.0,1482.0,0.0,0.0,0.0,570.3957,864.73754,0.84602,567.48304,863.1692,0.84339,305.0,60.0,49.0,78.0,5.0,69.0,1.0,0.0,Discharging,60.81666666666667,5.016666666666667
2025-12-30 22:30:00,1139.686,1584,771.0,1482.0,0.0,0.0,0.0,567.54065,862.17932,0.84348,569.60661,865.33159,0.84466,305.0,60.0,49.0,78.0,5.0,69.0,1.0,0.0,Discharging,60.81666666666667,5.016666666666667
2025-12-30 22:35:00,1139.35338,1584,771.48528,1482.0,0.0,0.0,0.0,566.91023,862.74533,0.84185,570.43384,866.94304,0.84827,305.01009,60.0,49.0,78.0,5.0,69.0,1.0,0.0,Discharging,60.81666666666667,5.016666666666667
2025-12-30 22:40:00,1135.24846,1584,772.0,1482.0,0.0,0.0,0.0,568.93042,864.81684,0.84485,566.96061,864.42637,0.84388,305.01165,60.0,49.0,78.0,5.0,69.0,1.0,0.0,Discharging,60.81666666666667,5.016666666666667
2025-12-30 22:45:00,1142.22437,1584,772.0,1482.0,0.0,0.0,0.0,570.02002,866.33433,0.84703,571.33606,869.39169,0.84316,305.04008,60.0,49.0,78.0,5.0,69.0,1.0,0.0,Discharging,60.81666666666667,5.016666666666667
2025-12-30 22:50:00,1136.93451,1584,772.0,1482.0,0.0,0.0,0.0,566.79307,861.98444,0.84609,571.07436,869.25499,0.84433,305.08908,60.0,49.0,78.0,5.0,69.0,1.0,0.0,Discharging,60.81666666666667,5.016666666666667
2025-12-30 22:55:00,1135.65987,1584,772.0,1483.0,0.0,0.0,0.0,566.3334,860.97574,0.84427,568.4436,866.50426,0.84322,305.1,60.0,49.0,78.0,5.0,69.0,1.0,0.0,Discharging,60.81666666666667,5.016666666666667
2025-12-30 23:00:00,1139.9451,1584,772.0,1483.0,0.0,0.0,0.0,566.69693,860.16407,0.84725,573.4661,872.21935,0.84451,305.12185,60.0,49.0,78.0,5.0,69.0,1.0,0.0,Discharging,60.81666666666667,5.016666666666667
2025-12-30 23:05:00,1141.43343,1584,772.0,1483.0,0.0,0.0,0.0,569.00181,860.80675,0.84779,573.31794,871.70432,0.84458,305.11261,60.0,49.0,78.0,5.0,69.0,1.0,0.0,Discharging,60.81666666666667,5.016666666666667
2025-12-30 23:10:00,1140.77204,1584,772.0,1483.0,0.0,0.0,0.0,569.10209,862.89267,0.84365,573.63237,873.66479,0.84251,305.1,60.0,49.0,78.0,5.0,69.0,1.0,0.0,Discharging,60.81666666666667,5.016666666666667
2025-12-30 23:15:00,1135.31455,1584,772.0,1483.0,0.0,0.0,0.0,570.48827,863.54042,0.84605,565.38944,862.73297,0.84101,305.1,60.0,49.0,78.0,5.0,69.0,1.0,0.0,Discharging,60.81666666666667,5.016666666666667
2025-12-30 23:20:00,1141.06153,1584,772.0,1483.0,0.0,0.0,0.0,569.64044,864.52691,0.8457,572.76816,872.65715,0.84482,305.1,60.0,49.0,78.0,5.0,69.0,1.0,0.0,Discharging,60.81666666666667,5.016666666666667
2025-12-30 23:25:00,1136.9395,1584,772.0,1483.0,0.0,0.0,0.0,564.65025,857.79245,0.84586,567.89936,865.16317,0.84327,305.08037,60.0,49.0,78.0,5.0,69.0,1.0,0.0,Discharging,60.81666666666667,5.016666666666667
2025-12-30 23:30:00,1130.38435,1584,772.0,1483.0,0.0,0.0,0.0,565.63086,859.52757,0.84118,566.02486,862.05336,0.8463,305.05362,60.0,49.0,78.0,5.0,69.0,1.0,0.0,Discharging,60.81666666666667,5.016666666666667
2025-12-30 23:35:00,1140.72909,1584,772.0,1483.0,0.0,0.0,0.0,566.84688,861.07041,0.84118,569.91732,866.02293,0.84515,305.0,60.0,49.0,78.0,5.0,69.0,1.0,0.0,Discharging,60.81666666666667,5.016666666666667
2025-12-30 23:40:00,1139.71043,1584,772.0,1483.0,0.0,0.0,0.0,569.45929,865.30549,0.84618,571.30321,868.57049,0.84258,305.0,60.0,49.0,78.0,5.0,69.0,1.0,0.0,Discharging,60.81666666666667,5.016666666666667
2025-12-30 23:45:00,1147.05444,1584,772.0,1483.0,0.0,0.0,0.0,573.5716,870.64038,0.84361,572.85501,870.95582,0.84683,305.0,60.0,49.0,78.0,5.0,69.0,1.0,0.0,Discharging,60.81666666666667,5.016666666666667
2025-12-30 23:50:00,1180.54503,1584,772.0,1483.0,0.0,0.0,0.0,589.38254,889.52742,0.84999,584.24159,885.05861,0.84968,304.95369,60.0,49.0,78.0,5.0,69.0,1.0,0.0,Discharging,60.81666666666667,5.016666666666667
2025-12-30 23:55:00,1173.90533,1584,772.0,1483.0,0.0,0.0,0.0,587.50384,890.74204,0.84208,585.92519,889.28654,0.84731,304.91088,60.0,49.0,78.0,5.0,69.0,1.0,0.0,Discharging,60.81666666666667,5.016666666666667
2025-12-31 00:00:00,1116.97821,1584,772.0,1483.0,0.0,0.0,0.0,557.36295,849.75317,0.84167,555.30844,849.29753,0.84025,304.9,60.0,49.0,78.0,5.0,69.0,1.0,0.0,Discharging,60.81666666666667,5.016666666666667
2025-12-31 00:05:00,760.58038,1584,772.0,1483.0,0.0,0.0,0.0,386.36069,641.25372,0.76929,371.37768,628.37725,0.75467,304.90029,60.0,49.0,78.0,5.0,69.0,1.0,0.0,Discharging,60.81666666666667,5.016666666666667
2025-12-31 00:10:00,645.61962,1584,772.0,1483.0,0.0,0.0,0.0,321.73561,568.42609,0.72734,323.98954,569.18786,0.73296,304.92164,60.0,49.0,78.0,5.0,69.0,1.0,0.0,Discharging,60.81666666666667,5.016666666666667
2025-12-31 00:15:00,754.29415,1584,772.0,1483.0,0.0,0.0,0.0,375.86494,627.6338,0.76952,383.48896,637.63288,0.77401,304.9,60.0,49.0,78.0,5.0,69.0,1.0,0.0,Discharging,60.81666666666667,5.016666666666667
2025-12-31 00:20:00,840.66158,1584,772.0,1483.0,0.0,0.0,0.0,422.4586,681.33158,0.79498,418.95771,679.10383,0.79399,304.9,60.0,49.0,78.0,5.0,69.0,1.0,0.0,Discharging,60.81666666666667,5.016666666666667
2025-12-31 00:25:00,903.49082,1584,772.0,1483.0,0.0,0.0,0.0,451.58822,716.5976,0.80688,454.63549,720.0766,0.81057,304.9,60.0,49.0,78.0,5.0,69.0,1.0,0.0,Discharging,60.81666666666667,5.016666666666667
2025-12-31 00:30:00,1092.09211,1584,772.13054,1483.0,0.0,0.0,0.0,549.8332,839.7624,0.84189,545.49784,836.00838,0.8406,304.9,60.0,49.0,78.0,5.0,69.0,1.0,0.0,Discharging,60.81666666666667,5.016666666666667
2025-12-31 00:35:00,1182.87986,1584,773.0,1483.0,0.0,0.0,0.0,593.37418,898.5455,0.84768,589.01208,895.70775,0.84696,304.94116,60.0,49.0,78.0,5.0,69.0,1.0,0.0,Discharging,60.81666666666667,5.016666666666667
2025-12-31 00:40:00,1175.6966,1584,773.0,1483.0,0.0,0.0,0.0,591.07366,893.03519,0.8479,584.68919,888.5636,0.84498,304.93271,60.0,49.0,78.0,5.0,69.0,1.0,0.0,Discharging,60.81666666666667,5.016666666666667
2025-12-31 00:45:00,1185.22589,1584,773.0,1483.0,0.0,0.0,0.0,592.8775,895.30751,0.84693,591.91304,895.71907,0.84793,304.98908,60.0,49.0,78.0,5.0,69.0,1.0,0.0,Discharging,60.81666666666667,5.016666666666667
2025-12-31 00:50:00,1181.21974,1584,773.0,1483.95823,0.0,0.0,0.0,589.49703,894.26138,0.84749,591.14536,895.79811,0.84859,305.0,60.0,49.0,78.0,5.0,69.0,1.0,0.0,Discharging,60.81666666666667,5.016666666666667
2025-12-31 00:55:00,1175.71576,1584,773.0,1484.0,0.0,0.0,0.0,588.91842,892.58052,0.84733,588.08311,892.617,0.84882,305.0,60.0,49.0,78.0,5.0,69.0,1.0,0.0,Discharging,60.81666666666667,5.016666666666667
2025-12-31 01:00:00,1184.69299,1584,773.0,1484.0,0.0,0.0,0.0,595.2248,900.79497,0.84607,589.26818,894.90925,0.84625,305.0,60.0,49.0,78.0,5.0,69.0,1.0,0.0,Discharging,60.81666666666667,5.016666666666667
2025-12-31 01:05:00,1182.32325,1584,773.0,1484.0,0.0,0.0,0.0,589.65231,893.20982,0.84812,591.57165,895.88659,0.85108,305.0,60.0,49.0,78.0,5.0,69.0,1.0,0.0,Discharging,60.81666666666667,5.016666666666667
2025-12-31 01:10:00,1180.90901,1584,773.0,1484.0,0.0,0.0,0.0,587.44706,890.83126,0.84687,592.985,897.14919,0.84992,305.0,60.0,49.0,78.0,5.0,69.0,1.0,0.0,Discharging,60.81666666666667,5.016666666666667
2025-12-31 01:15:00,1242.73278,1584,773.0,1484.0,0.0,0.0,0.0,618.86954,934.3219,0.84785,621.04932,937.59676,0.85246,305.03107,60.0,49.0,78.0,5.0,69.0,1.0,0.0,Discharging,60.81666666666667,5.016666666666667
2025-12-31 01:20:00,1240.17516,1584,773.0,1484.0,0.0,0.0,0.0,619.05798,933.3446,0.84996,623.40789,938.35811,0.85178,305.1,60.0,49.0,78.0,5.0,69.0,1.0,0.0,Discharging,60.81666666666667,5.016666666666667
2025-12-31 01:25:00,1234.02637,1584,773.0,1484.0,0.0,0.0,0.0,612.51663,926.01462,0.85,619.78685,935.19944,0.85132,305.1,60.0,49.0,78.0,5.0,69.0,1.0,0.0,Discharging,60.81666666666667,5.016666666666667
2025-12-31 01:30:00,1241.1289,1584,773.0,1484.0,0.0,0.0,0.0,622.53446,936.50241,0.85531,620.37952,936.17351,0.85001,305.1,60.0,49.0,78.0,5.0,69.0,1.0,0.0,Discharging,60.81666666666667,5.016666666666667
2025-12-31 01:35:00,1234.03006,1584,773.0,1484.0,0.0,0.0,0.0,618.79819,932.12327,0.84895,618.01913,931.90316,0.85212,305.15254,60.0,49.0,78.0,5.0,69.0,1.0,0.0,Discharging,60.81666666666667,5.016666666666667
2025-12-31 01:40:00,1239.07708,1584,773.0,1484.0,0.0,0.0,0.0,619.56935,932.70422,0.85253,617.00589,931.28526,0.85105,305.12456,60.0,49.0,78.0,5.0,69.0,1.0,0.0,Discharging,60.81666666666667,5.016666666666667
2025-12-31 01:45:00,1237.29879,1584,773.0,1484.0,0.0,0.0,0.0,616.57461,931.23503,0.84974,618.08256,933.08782,0.85504,305.1,60.0,49.0,78.0,5.0,69.0,1.0,0.0,Discharging,60.81666666666667,5.016666666666667
2025-12-31 01:50:00,1236.40842,1584,773.0,1484.0,0.0,0.0,0.0,617.7551,931.85007,0.84998,617.88333,931.90654,0.85311,305.137,60.0,49.0,78.0,5.0,69.0,1.0,0.0,Discharging,60.81666666666667,5.016666666666667
2025-12-31 01:55:00,1235.27571,1584,773.0,1484.0,0.0,0.0,0.0,617.72977,931.31697,0.84888,618.55351,933.17039,0.8525,305.13215,60.0,49.0,78.0,5.0,69.0,1.0,0.0,Discharging,60.81666666666667,5.016666666666667
2025-12-31 02:00:00,1229.6714,1584,773.0,1484.0,0.0,0.0,0.0,618.07875,931.84223,0.8478,613.39091,928.13072,0.84996,305.11094,60.0,49.0,78.0,5.0,69.0,1.0,0.0,Discharging,60.81666666666667,5.016666666666667
2025-12-31 02:05:00,1229.57764,1584,773.0,1484.0,0.0,0.0,0.0,614.33196,926.60154,0.84911,613.38388,926.0477,0.85318,305.06472,60.0,49.0,78.0,5.0,69.0,1.0,0.0,Discharging,60.81666666666667,5.016666666666667
2025-12-31 02:10:00,1180.45852,1584,773.35954,1484.0,0.0,0.0,0.0,590.19325,892.98326,0.84909,591.69167,896.3242,0.84785,305.0,60.0,49.0,78.0,5.0,69.0,1.0,0.0,Discharging,60.81666666666667,5.016666666666667
2025-12-31 02:15:00,1190.24109,1584,774.0,1484.0,0.0,0.0,0.0,593.71629,897.35294,0.84891,594.39412,898.40305,0.8506,304.9,60.0,49.0,78.0,5.0,69.0,1.0,0.0,Discharging,60.81666666666667,5.016666666666667
2025-12-31 02:20:00,1178.86835,1584,774.0,1484.0,0.0,0.0,0.0,590.72922,892.65519,0.84891,588.60057,892.62935,0.84752,304.9,60.0,49.0,78.0,5.0,69.0,1.0,0.0,Discharging,60.81666666666667,5.016666666666667
2025-12-31 02:25:00,1180.41418,1584,774.0,1484.14673,0.0,0.0,0.0,591.15851,891.45681,0.85187,590.33826,894.4281,0.84781,304.9,60.0,49.0,78.0,5.0,69.0,1.0,0.0,Discharging,60.81666666666667,5.016666666666667
2025-12-31 02:30:00,1183.47701,1584,774.0,1485.0,0.0,0.0,0.0,590.62963,893.01769,0.84601,593.55927,897.552,0.8521,304.9,60.0,49.0,78.0,5.0,69.0,1.0,0.0,Discharging,60.81666666666667,5.016666666666667
2025-12-31 02:35:00,1179.4357,1584,774.0,1485.0,0.0,0.0,0.0,593.37044,896.0654,0.84888,589.28218,892.28254,0.8465,304.9,60.0,49.0,78.0,5.0,69.0,1.0,0.0,Discharging,60.81666666666667,5.016666666666667
2025-12-31 02:40:00,1186.02635,1584,774.0,1485.0,0.0,0.0,0.0,593.84085,896.50117,0.84785,590.80445,893.372,0.84991,304.92104,60.0,49.0,78.0,5.0,69.0,1.0,0.0,Discharging,60.81666666666667,5.016666666666667
2025-12-31 02:45:00,1178.71832,1584,774.0,1485.0,0.0,0.0,0.0,589.57093,892.5733,0.84789,593.47628,896.56396,0.85212,304.94608,60.0,49.0,78.0,5.0,69.0,1.0,0.0,Discharging,60.81666666666667,5.016666666666667
2025-12-31 02:50:00,1190.47009,1584,774.0,1485.0,0.0,0.0,0.0,594.82387,899.74551,0.84718,593.47389,898.39518,0.85106,304.96644,60.0,49.0,78.0,5.0,69.0,1.0,0.0,Discharging,60.81666666666667,5.016666666666667
2025-12-31 02:55:00,1176.08684,1584,774.0,1485.0,0.0,0.0,0.0,589.32922,892.69259,0.84658,590.43924,891.65937,0.85002,305.0,60.0,49.0,78.0,5.0,69.0,1.0,0.0,Discharging,60.81666666666667,5.016666666666667
2025-12-31 03:00:00,1188.98668,1584,774.0,1485.0,0.0,0.0,0.0,594.34778,900.59183,0.84333,592.3636,896.9301,0.85,305.0,60.0,49.0,78.0,5.0,69.0,1.0,0.0,Discharging,60.81666666666667,5.016666666666667
2025-12-31 03:05:00,1181.05891,1584,774.0,1485.0,0.0,0.0,0.0,592.00761,896.16272,0.84763,590.12729,893.83299,0.85,305.0492,60.0,49.0,78.0,5.0,69.0,1.0,0.0,Discharging,60.81666666666667,5.016666666666667
2025-12-31 03:10:00,1188.79418,1584,774.0,1485.0,0.0,0.0,0.0,592.9251,896.51708,0.84786,591.40231,894.03406,0.85217,305.06739,60.0,49.0,78.0,5.0,69.0,1.0,0.0,Discharging,60.81666666666667,5.016666666666667
2025-12-31 03:15:00,1184.43105,1584,774.0,1485.0,0.0,0.0,0.0,592.48469,897.82261,0.84557,591.0068,896.01253,0.84889,305.1,60.0,49.0,78.0,5.0,69.0,1.0,0.0,Discharging,60.81666666666667,5.016666666666667
2025-12-31 03:20:00,1190.4941,1584,774.0,1485.0,0.0,0.0,0.0,597.61357,902.78701,0.84992,593.30848,896.76171,0.85331,305.1,60.0,49.0,78.0,5.0,69.0,1.0,0.0,Discharging,60.81666666666667,5.016666666666667
2025-12-31 03:25:00,1187.63228,1584,774.0,1485.0,0.0,0.0,0.0,595.04991,901.83654,0.84683,594.99494,899.42784,0.84961,305.1,60.0,49.0,78.0,5.0,69.0,1.0,0.0,Discharging,60.81666666666667,5.016666666666667
2025-12-31 03:30:00,1194.625,1584,774.0,1485.0,0.0,0.0,0.0,598.13342,905.06637,0.84773,595.89888,900.77387,0.8485,305.1,60.0,49.0,78.0,5.0,69.0,1.0,0.0,Discharging,60.81666666666667,5.016666666666667
2025-12-31 03:35:00,1170.23134,1584,774.0,1485.0,0.0,0.0,0.0,579.85432,880.32505,0.84453,584.50077,883.78351,0.84995,305.1,60.0,49.0,78.0,5.0,69.0,1.0,0.0,Discharging,60.81666666666667,5.016666666666667
2025-12-31 03:40:00,1102.03297,1584,774.0,1485.0,0.0,0.0,0.0,556.78597,849.46748,0.84124,548.28529,839.6222,0.83809,305.1,60.0,49.0,78.0,5.0,69.0,1.0,0.0,Discharging,60.81666666666667,5.016666666666667
2025-12-31 03:45:00,1194.07974,1584,774.0,1485.0,0.0,0.0,0.0,596.99769,904.50519,0.84756,594.39434,900.84007,0.84681,305.1,60.0,49.0,78.0,5.0,69.0,1.0,0.0,Discharging,60.81666666666667,5.016666666666667
2025-12-31 03:50:00,1194.13146,1584,774.0,1485.0,0.0,0.0,0.0,598.73649,904.49922,0.84678,596.24603,901.86535,0.85283,305.07904,60.0,49.0,78.0,5.0,69.0,1.0,0.0,Discharging,60.81666666666667,5.016666666666667
2025-12-31 03:55:00,1207.0553,1584,775.0,1485.0,0.0,0.0,0.0,604.54959,911.30636,0.85,604.07137,908.83022,0.85502,305.0,60.0,49.0,78.0,5.0,69.0,1.0,0.0,Discharging,60.81666666666667,5.016666666666667
2025-12-31 04:00:00,1195.12264,1584,775.0,1485.0,0.0,0.0,0.0,600.99771,907.10044,0.84893,595.87266,900.34203,0.8514,304.94639,60.0,49.0,78.0,5.0,69.0,1.0,0.0,Discharging,60.81666666666667,5.016666666666667
2025-12-31 04:05:00,1200.1975,1584,775.0,1485.0,0.0,0.0,0.0,600.22723,904.25549,0.85219,597.05391,900.25878,0.8511,304.9,60.0,49.0,78.0,5.0,69.0,1.0,0.0,Discharging,60.81666666666667,5.016666666666667
2025-12-31 04:10:00,1195.68728,1584,775.0,1485.79195,0.0,0.0,0.0,601.27068,905.57862,0.84817,595.02867,897.98047,0.84777,304.9,60.0,49.0,78.0,5.0,69.0,1.0,0.0,Discharging,60.81666666666667,5.016666666666667
2025-12-31 04:15:00,1199.49399,1584,775.0,1486.0,0.0,0.0,0.0,602.18342,908.22954,0.85011,598.87863,902.47285,0.85334,304.84505,60.0,49.0,78.0,5.0,69.0,1.0,0.0,Discharging,60.81666666666667,5.016666666666667
2025-12-31 04:20:00,1206.88877,1584,775.0,1486.0,0.0,0.0,0.0,604.9439,915.12759,0.84622,604.18296,911.31548,0.85572,304.8,60.0,49.0,78.0,5.0,69.0,1.0,0.0,Discharging,60.81666666666667,5.016666666666667
2025-12-31 04:25:00,1238.22669,1584,775.0,1486.0,0.0,0.0,0.0,621.12231,935.92717,0.85009,615.19921,928.47142,0.85312,304.8,60.0,49.0,78.0,5.0,69.0,1.0,0.0,Discharging,60.81666666666667,5.016666666666667
2025-12-31 04:30:00,1232.83748,1584,775.0,1486.0,0.0,0.0,0.0,616.85822,929.25573,0.84981,616.15477,929.65342,0.85059,304.8,60.0,49.0,78.0,5.0,69.0,1.0,0.0,Discharging,60.81666666666667,5.016666666666667
2025-12-31 04:35:00,1265.00668,1584,775.0,1486.0,0.0,0.0,0.0,635.39615,954.66363,0.85472,628.93124,946.6795,0.8532,304.8,60.0,49.0,78.0,5.0,69.0,1.0,0.0,Discharging,60.81666666666667,5.016666666666667
2025-12-31 04:40:00,1262.22349,1584,775.0,1486.0,0.0,0.0,0.0,634.17132,952.09083,0.8536,629.89239,948.00536,0.85436,304.87619,60.0,49.0,78.0,5.0,69.0,1.0,0.0,Discharging,60.81666666666667,5.016666666666667
2025-12-31 04:45:00,1264.7552,1584,775.0,1486.0,0.0,0.0,0.0,629.7161,947.64314,0.85461,631.84467,949.81805,0.85538,304.9,60.0,49.0,78.0,5.0,69.0,1.0,0.0,Discharging,60.81666666666667,5.016666666666667
2025-12-31 04:50:00,1260.50343,1584,775.0,1486.0,0.0,0.0,0.0,631.82944,951.46205,0.85166,630.40788,948.12031,0.85756,304.94215,60.0,49.0,78.0,5.0,69.0,1.0,0.0,Discharging,60.81666666666667,5.016666666666667
2025-12-31 04:55:00,1261.20486,1584,775.0,1486.0,0.0,0.0,0.0,629.62471,947.94289,0.85343,631.22015,949.05286,0.85821,305.06672,60.0,49.0,78.0,5.0,69.0,1.0,0.0,Discharging,60.81666666666667,5.016666666666667
2025-12-31 05:00:00,1209.37093,1584,775.0,1486.0,0.0,0.0,0.0,604.72567,911.61297,0.85184,603.83058,910.56107,0.85337,305.11708,60.0,49.0,78.0,5.0,69.0,1.0,0.0,Discharging,60.81666666666667,5.016666666666667
2025-12-31 05:05:00,1208.20227,1584,775.0,1486.0,0.0,0.0,0.0,604.60551,910.71046,0.85322,599.0282,904.84089,0.85085,305.14863,60.0,49.0,78.0,5.0,69.0,1.0,0.0,Discharging,60.81666666666667,5.016666666666667
2025-12-31 05:10:00,1207.81749,1584,775.0,1486.0,0.0,0.0,0.0,607.18231,914.24491,0.85589,602.20934,908.44734,0.85515,305.13357,60.0,49.0,78.0,5.0,69.0,1.0,0.0,Discharging,60.81666666666667,5.016666666666667
2025-12-31 05:15:00,1198.81993,1584,775.0,1486.0,0.0,0.0,0.0,600.92831,905.6465,0.85127,599.4542,904.11724,0.8502,305.07305,60.0,49.0,78.0,5.0,69.0,1.0,0.0,Discharging,60.81666666666667,5.016666666666667
2025-12-31 05:20:00,1203.22164,1584,775.0,1486.0,0.0,0.0,0.0,598.94813,904.11797,0.85047,601.89542,906.79475,0.85342,305.02342,60.0,49.0,78.0,5.0,69.0,1.0,0.0,Discharging,60.81666666666667,5.016666666666667
2025-12-31 05:25:00,1193.98967,1584,775.0,1486.0,0.0,0.0,0.0,597.78105,903.85993,0.84625,599.43977,905.10449,0.85336,305.0,60.0,49.0,78.0,5.0,69.0,1.0,0.0,Discharging,60.81666666666667,5.016666666666667
2025-12-31 05:30:00,1199.14127,1584,775.44194,1486.0,0.0,0.0,0.0,599.88336,904.54457,0.84947,603.04778,908.45719,0.8537,304.98987,60.0,49.0,78.0,5.0,69.0,1.0,0.0,Discharging,60.81666666666667,5.016666666666667
2025-12-31 05:35:00,1200.19565,1584,776.0,1486.0,0.0,0.0,0.0,603.68521,907.22333,0.85612,596.84873,902.28358,0.85057,304.9,60.0,49.0,78.0,5.0,69.0,1.0,0.0,Discharging,60.81666666666667,5.016666666666667
2025-12-31 05:40:00,1189.64055,1584,776.0,1486.0,0.0,0.0,0.0,597.09495,901.5203,0.85054,597.88586,902.8995,0.85509,304.9,60.0,49.0,78.0,5.0,69.0,1.0,0.0,Discharging,60.81666666666667,5.016666666666667
2025-12-31 05:45:00,1198.71307,1584,776.0,1486.19049,0.0,0.0,0.0,595.6252,900.71773,0.84439,603.21634,907.80542,0.85521,304.9,60.0,49.0,78.0,5.0,69.0,1.0,0.0,Discharging,60.81666666666667,5.016666666666667
2025-12-31 05:50:00,1199.35545,1584,776.0,1487.0,0.0,0.0,0.0,599.54558,903.64169,0.85095,598.172,902.46968,0.85341,304.9,60.0,49.0,78.0,5.0,69.0,1.0,0.0,Discharging,60.81666666666667,5.016666666666667
2025-12-31 05:55:00,1195.6341,1584,776.0,1487.0,0.0,0.0,0.0,602.88489,910.44349,0.84859,595.21836,899.69004,0.8504,304.88911,60.0,49.0,78.0,5.0,69.0,1.0,0.0,Discharging,60.81666666666667,5.016666666666667
2025-12-31 06:00:00,1196.53777,1584,776.0,1487.0,0.0,0.0,0.0,599.23573,905.41603,0.84898,597.50173,901.70738,0.85326,304.90508,60.0,49.0,78.0,5.0,69.0,1.0,0.0,Discharging,60.81666666666667,5.016666666666667
2025-12-31 06:05:00,1201.92578,1584,776.0,1487.0,0.0,0.0,0.0,601.94763,907.66797,0.85014,600.26088,903.38921,0.85481,304.90504,60.0,49.0,78.0,5.0,69.0,1.0,0.0,Discharging,60.81666666666667,5.016666666666667
2025-12-31 06:10:00,1188.65902,1584,776.0,1487.0,0.0,0.0,0.0,592.94105,897.43667,0.84356,594.79531,897.42987,0.85189,304.93209,60.0,49.0,78.0,5.0,69.0,1.0,0.0,Discharging,60.81666666666667,5.016666666666667
2025-12-31 06:15:00,1197.9746,1584,776.0,1487.0,0.0,0.0,0.0,598.46197,906.4371,0.84568,599.94798,905.43211,0.85174,304.98912,60.0,49.0,78.0,5.0,69.0,1.0,0.0,Discharging,60.81666666666667,5.016666666666667
2025-12-31 06:20:00,1201.95809,1584,776.0,1487.0,0.0,0.0,0.0,601.55651,908.60042,0.84996,599.87116,904.07034,0.85502,305.0,60.0,49.0,78.0,5.0,69.0,1.0,0.0,Discharging,60.81666666666667,5.016666666666667
2025-12-31 06:25:00,1205.38424,1584,776.0,1487.0,0.0,0.0,0.0,606.0794,913.35362,0.85041,599.37177,904.74802,0.85375,305.0,60.0,49.0,78.0,5.0,69.0,1.0,0.0,Discharging,60.81666666666667,5.016666666666667
2025-12-31 06:30:00,1079.73642,1584,776.0,1487.0,0.0,0.0,0.0,539.59546,827.63753,0.83404,538.4161,825.2689,0.83968,305.0,60.0,49.0,78.0,5.0,69.0,1.0,0.0,Discharging,60.81666666666667,5.016666666666667
2025-12-31 06:35:00,1205.59674,1584,776.0,1487.0,0.0,0.0,0.0,603.57885,910.14024,0.8501,602.58342,910.7394,0.85065,305.0,60.0,49.0,78.0,5.0,69.0,1.0,0.0,Discharging,60.81666666666667,5.016666666666667
2025-12-31 06:40:00,1203.34209,1584,776.0,1487.0,0.0,0.0,0.0,606.36489,912.9933,0.85232,599.98619,906.7138,0.85019,305.0,60.0,49.0,78.0,5.0,69.0,1.0,0.0,Discharging,60.81666666666667,5.016666666666667
2025-12-31 06:45:00,1212.19168,1584,776.0,1487.0,0.0,0.0,0.0,608.27203,916.77213,0.85251,603.76964,913.223,0.85223,305.0,60.0,49.0,78.0,5.0,69.0,1.0,0.0,Discharging,60.81666666666667,5.016666666666667
2025-12-31 06:50:00,1207.29329,1584,776.0,1487.0,0.0,0.0,0.0,601.4779,909.25073,0.85046,603.23107,910.68658,0.85459,305.0,60.0,49.0,78.0,5.0,69.0,1.0,0.0,Discharging,60.81666666666667,5.016666666666667
2025-12-31 06:55:00,1204.46493,1584,776.0,1487.0,0.0,0.0,0.0,602.9744,909.84393,0.84994,599.52922,905.26595,0.85423,305.0,60.0,49.0,78.0,5.0,69.0,1.0,0.0,Discharging,60.81666666666667,5.016666666666667
2025-12-31 07:00:00,1207.29092,1584,776.0,1487.0,0.0,0.0,0.0,606.91206,915.20103,0.84909,602.18755,909.6315,0.85481,305.0,60.0,49.0,78.0,5.0,69.0,1.0,0.0,Discharging,60.81666666666667,5.016666666666667
2025-12-31 07:05:00,1219.47335,1584,776.0,1487.0,0.0,0.0,0.0,610.97872,922.77268,0.84686,607.21378,917.35606,0.84989,305.0,60.0,49.0,78.0,5.0,69.0,1.0,0.0,Discharging,60.81666666666667,5.016666666666667
2025-12-31 07:10:00,1272.73527,1584,776.42039,1487.0,0.0,0.0,0.0,636.92327,955.58389,0.85596,636.30932,954.94865,0.85793,305.07461,60.0,49.0,78.0,5.0,69.0,1.0,0.0,Discharging,60.81666666666667,5.016666666666667
2025-12-31 07:15:00,1267.08516,1584,777.0,1487.0,0.0,0.0,0.0,634.87035,952.86078,0.85495,634.9569,953.23445,0.85783,305.07322,60.0,49.0,78.0,5.0,69.0,1.0,0.0,Discharging,60.81666666666667,5.016666666666667
2025-12-31 07:20:00,1276.02817,1584,777.0,1487.0,0.0,0.0,0.0,639.05527,959.38444,0.85549,637.79203,957.25105,0.8541,305.02031,60.0,49.0,78.0,5.0,69.0,1.0,0.0,Discharging,60.81666666666667,5.016666666666667
2025-12-31 07:25:00,1253.30662,1584,777.0,1487.33467,0.0,0.0,0.0,624.36636,939.67094,0.852,624.25133,938.98704,0.85627,305.00734,60.0,49.0,78.0,5.0,69.0,1.0,0.0,Discharging,60.81666666666667,5.016666666666667
2025-12-31 07:30:00,1220.1529,1584,777.0,1488.0,0.0,0.0,0.0,607.95006,916.15541,0.85072,610.63399,917.46161,0.85512,305.04558,60.0,49.0,78.0,5.0,69.0,1.0,0.0,Discharging,60.81666666666667,5.016666666666667
2025-12-31 07:35:00,1193.71346,1584,777.0,1488.0,0.0,0.0,0.0,594.25202,897.74465,0.84633,597.18713,899.67906,0.85178,305.0,60.0,49.0,78.0,5.0,69.0,1.0,0.0,Discharging,60.81666666666667,5.016666666666667
2025-12-31 07:40:00,974.80537,1584,777.0,1488.0,0.0,0.0,0.0,485.68046,758.99236,0.82106,482.52796,754.1407,0.82015,305.0,60.0,49.0,78.0,5.0,69.0,1.0,0.0,Discharging,60.81666666666667,5.016666666666667
2025-12-31 07:45:00,1062.48411,1584,777.0,1488.0,0.0,0.0,0.0,532.74419,818.75258,0.83534,535.61739,820.93882,0.84007,305.0,60.0,49.0,78.0,5.0,69.0,1.0,0.0,Discharging,60.81666666666667,5.016666666666667
2025-12-31 07:50:00,1091.69858,1584,777.0,1488.0,0.0,0.0,0.0,549.14028,836.42802,0.83944,542.71362,831.03884,0.83773,305.0,60.0,49.0,78.0,5.0,69.0,1.0,0.0,Discharging,60.81666666666667,5.016666666666667
2025-12-31 07:55:00,1164.69471,1584,777.0,1488.0,0.0,0.0,0.0,585.46024,887.07478,0.8456,579.49621,879.95184,0.84432,305.0,60.0,49.0,78.0,5.0,69.0,1.0,0.0,Discharging,60.81666666666667,5.016666666666667
2025-12-31 08:00:00,1057.67535,1584,777.0,1488.0,0.0,0.0,0.0,527.30526,814.42161,0.83036,526.60085,811.58686,0.83242,305.0,60.0,49.0,78.0,5.0,69.0,1.0,0.0,Discharging,60.81666666666667,5.016666666666667
2025-12-31 08:05:00,1149.85971,1584,777.0,1488.0,0.0,0.0,0.0,572.63864,872.16033,0.84049,578.55161,876.69561,0.85026,305.0,60.0,49.0,78.0,5.0,69.0,1.0,0.0,Discharging,60.81666666666667,5.016666666666667
2025-12-31 08:10:00,1147.53752,1584,777.0,1488.0,0.0,0.0,0.0,572.39572,868.86831,0.84709,573.83868,868.69894,0.84699,305.01101,60.0,49.0,78.0,5.0,69.0,1.0,0.0,Discharging,60.81666666666667,5.016666666666667
2025-12-31 08:15:00,1149.97762,1584,777.0,1488.0,0.0,0.0,0.0,572.51346,870.26805,0.84122,578.10536,874.94098,0.8528,305.0,60.0,49.0,78.0,5.0,69.0,1.0,0.0,Discharging,60.81666666666667,5.016666666666667
2025-12-31 08:20:00,1111.78065,1584,777.0,1488.0,0.0,0.0,0.0,553.80712,844.78613,0.83884,555.49032,845.40787,0.84506,305.0,60.0,49.0,78.0,5.0,69.0,1.0,0.0,Discharging,60.81666666666667,5.016666666666667
2025-12-31 08:25:00,1117.73065,1584,777.0,1488.0,0.0,0.0,0.0,556.00901,849.34191,0.83959,563.5177,856.45963,0.84804,305.02189,60.0,49.0,78.0,5.0,69.0,1.0,0.0,Discharging,60.81666666666667,5.016666666666667
2025-12-31 08:30:00,1100.14037,1584,777.0,1488.0,0.0,0.0,0.0,548.37968,839.04692,0.83954,548.28605,835.97954,0.84383,305.0,60.0,49.0,78.0,5.0,69.0,1.0,0.0,Discharging,60.81666666666667,5.016666666666667
2025-12-31 08:35:00,1036.50952,1584,777.0,1488.0,0.0,0.0,0.0,516.80442,799.8881,0.82644,520.20714,801.4138,0.83659,304.97758,60.0,49.0,78.0,5.0,69.0,1.0,0.0,Discharging,60.81666666666667,5.016666666666667
2025-12-31 08:40:00,1133.87111,1584,777.0,1488.0,0.0,0.0,0.0,570.5446,867.97328,0.84508,564.6051,858.14825,0.84682,304.88274,60.0,49.0,78.0,5.0,69.0,1.0,0.0,Discharging,60.81666666666667,5.016666666666667
2025-12-31 08:45:00,1132.75971,1584,777.0,1488.0,0.0,0.0,0.0,565.09786,862.04316,0.83831,566.00756,861.08303,0.84366,304.82023,60.0,49.0,78.0,5.0,69.0,1.0,0.0,Discharging,60.81666666666667,5.016666666666667
2025-12-31 08:50:00,1153.40962,1584,777.0,1488.0,0.0,0.0,0.0,575.64708,874.44498,0.84565,575.8091,872.01186,0.8483,304.8,60.0,49.0,78.0,5.0,69.0,1.0,0.0,Discharging,60.81666666666667,5.016666666666667
2025-12-31 08:55:00,1139.72066,1584,778.0,1488.0,0.0,0.0,0.0,567.89369,865.42401,0.84339,574.83184,870.67066,0.84951,304.8,60.0,49.0,78.0,5.0,69.0,1.0,0.0,Discharging,60.81666666666667,5.016666666666667
2025-12-31 09:00:00,1141.09457,1584,778.0,1488.0,0.0,0.0,0.0,569.37214,866.57245,0.84348,573.19394,868.94446,0.84667,304.84442,60.0,49.0,78.0,5.0,69.0,1.0,0.0,Discharging,60.81666666666667,5.016666666666667
2025-12-31 09:05:00,1079.47284,1584,778.0,1488.0,0.0,0.0,0.0,537.62083,823.69311,0.83801,538.3421,822.92437,0.84023,304.88311,60.0,49.0,78.0,5.0,69.0,1.0,0.0,Discharging,60.81666666666667,5.016666666666667
2025-12-31 09:10:00,1075.1084,1584,778.0,1488.0,0.0,0.0,0.0,535.99027,825.46908,0.83332,540.20892,827.13867,0.84308,304.90548,60.0,49.0,78.0,5.0,69.0,1.0,0.0,Discharging,60.81666666666667,5.016666666666667
2025-12-31 09:15:00,1188.34357,1584,778.0,1489.0,0.0,0.0,0.0,594.64941,900.04271,0.84722,592.98563,894.84896,0.85439,305.0,60.0,49.0,78.0,5.0,69.0,1.0,0.0,Discharging,60.81666666666667,5.016666666666667
2025-12-31 09:20:00,1190.51604,1584,778.0,1489.0,0.0,0.0,0.0,593.7037,897.24754,0.84946,589.17337,891.9115,0.84746,305.05389,60.0,49.0,78.0,5.0,69.0,1.0,0.0,Discharging,60.81666666666667,5.016666666666667
2025-12-31 09:25:00,1183.70317,1584,778.0,1489.0,0.0,0.0,0.0,593.9795,899.71918,0.84696,592.41669,898.44726,0.84718,305.07886,60.0,49.0,78.0,5.0,69.0,1.0,0.0,Discharging,60.81666666666667,5.016666666666667
2025-12-31 09:30:00,1191.12836,1584,778.0,1489.0,0.0,0.0,0.0,593.48001,898.96627,0.84895,599.87271,904.5197,0.85326,305.1,60.0,49.0,78.0,5.0,69.0,1.0,0.0,Discharging,60.81666666666667,5.016666666666667
2025-12-31 09:35:00,1185.12297,1584,778.0,1489.0,0.0,0.0,0.0,596.53154,899.69101,0.85018,590.39589,893.96002,0.84892,305.17892,60.0,49.0,78.0,5.0,69.0,1.0,0.0,Discharging,60.81666666666667,5.016666666666667
2025-12-31 09:40:00,1179.84058,1584,778.0,1489.0,0.0,0.0,0.0,594.21079,898.25789,0.84922,584.26168,886.85919,0.8474,305.2,60.0,49.0,78.0,5.0,69.0,1.0,0.0,Discharging,60.81666666666667,5.016666666666667
2025-12-31 09:45:00,1200.55062,1584,778.0,1489.0,0.0,0.0,0.0,598.9605,904.42591,0.84892,598.51513,903.79005,0.85319,305.2,60.0,49.0,78.0,5.0,69.0,1.0,0.0,Discharging,60.81666666666667,5.016666666666667
2025-12-31 09:50:00,1236.76705,1584,778.0,1489.0,0.0,0.0,0.0,613.88517,928.45421,0.84816,618.53113,932.10768,0.85171,305.2,60.0,49.0,78.0,5.0,69.0,1.0,0.0,Discharging,60.81666666666667,5.016666666666667
2025-12-31 09:55:00,1232.03981,1584,778.0,1489.0,0.0,0.0,0.0,619.45421,936.84167,0.8478,613.26129,926.8208,0.84911,305.2,60.0,49.0,78.0,5.0,69.0,1.0,0.0,Discharging,60.81666666666667,5.016666666666667
2025-12-31 10:00:00,1166.80365,1584,778.0,1489.0,0.0,0.0,0.0,584.32363,888.4117,0.84051,581.56944,882.14803,0.84982,305.22342,60.0,49.0,78.0,5.0,69.0,1.0,0.0,Discharging,60.81666666666667,5.016666666666667
2025-12-31 10:05:00,1033.19933,1584,778.0,1489.0,0.0,0.0,0.0,516.11199,800.88536,0.82755,517.4907,797.31604,0.8335,305.26568,60.0,49.0,78.0,5.0,69.0,1.0,0.0,Discharging,60.81666666666667,5.016666666666667
2025-12-31 10:10:00,1028.48887,1584,778.0,1489.0,0.0,0.0,0.0,515.68388,802.56432,0.82299,517.66706,799.9377,0.83218,305.25697,60.0,49.0,78.0,5.0,69.0,1.0,0.0,Discharging,60.81666666666667,5.016666666666667
2025-12-31 10:15:00,1123.82045,1584,778.0,1489.0,0.0,0.0,0.0,558.64322,856.76738,0.83609,564.25745,859.27133,0.8429,305.2,60.0,49.0,78.0,5.0,69.0,1.0,0.0,Discharging,60.81666666666667,5.016666666666667
2025-12-31 10:20:00,1136.94261,1584,778.0,1489.0,0.0,0.0,0.0,566.47673,865.37921,0.83925,571.4507,867.88862,0.8453,305.18902,60.0,49.0,78.0,5.0,69.0,1.0,0.0,Discharging,60.81666666666667,5.016666666666667
2025-12-31 10:25:00,1123.78479,1584,778.0,1489.0,0.0,0.0,0.0,560.65354,858.7827,0.83852,562.39591,856.6085,0.84602,305.13688,60.0,49.0,78.0,5.0,69.0,1.0,0.0,Discharging,60.81666666666667,5.016666666666667
2025-12-31 10:30:00,1123.69028,1584,778.0,1489.0,0.0,0.0,0.0,557.50359,854.72531,0.83627,564.86071,857.81878,0.84765,305.16151,60.0,49.0,78.0,5.0,69.0,1.0,0.0,Discharging,60.81666666666667,5.016666666666667
2025-12-31 10:35:00,951.72763,1584,778.0,1489.0,0.0,0.0,0.0,475.38494,748.32203,0.81196,475.0799,745.74915,0.81734,305.1,60.0,49.0,78.0,5.0,69.0,1.0,0.0,Discharging,60.81666666666667,5.016666666666667
2025-12-31 10:40:00,1010.0633,1584,778.9233,1489.0,0.0,0.0,0.0,507.25232,787.65339,0.82575,503.15291,780.76055,0.82539,305.1,60.0,49.0,78.0,5.0,69.0,1.0,0.0,Discharging,60.81666666666667,5.016666666666667
2025-12-31 10:45:00,1051.18128,1584,779.0,1489.0,0.0,0.0,0.0,523.41899,812.84323,0.82747,527.22448,812.81559,0.83346,305.1,60.0,49.0,78.0,5.0,69.0,1.0,0.0,Discharging,60.81666666666667,5.016666666666667
2025-12-31 10:50:00,1063.76884,1584,779.0,1489.0,0.0,0.0,0.0,530.84469,819.76832,0.82881,532.83459,818.33714,0.83748,305.0434,60.0,49.0,78.0,5.0,69.0,1.0,0.0,Discharging,60.81666666666667,5.016666666666667
2025-12-31 10:55:00,1056.51536,1584,779.0,1489.00175,0.0,0.0,0.0,528.39835,816.63864,0.83111,526.7829,810.67089,0.83563,305.05296,60.0,49.0,78.0,5.0,69.0,1.0,0.0,Discharging,60.81666666666667,5.016666666666667
2025-12-31 11:00:00,1044.92986,1584,779.0,1490.0,0.0,0.0,0.0,525.26669,810.80447,0.82912,521.27563,804.97414,0.83405,305.0,60.0,49.0,78.0,5.0,69.0,1.0,0.0,Discharging,60.81666666666667,5.016666666666667
2025-12-31 11:05:00,1118.51789,1584,779.0,1490.0,0.0,0.0,0.0,559.71672,857.84094,0.83776,560.7329,855.91748,0.8439,305.0,60.0,49.0,78.0,5.0,69.0,1.0,0.0,Discharging,60.81666666666667,5.016666666666667
2025-12-31 11:10:00,1141.92435,1584,779.0,1490.0,0.0,0.0,0.0,569.22551,869.48876,0.84055,572.16702,872.61346,0.84283,304.97894,60.0,49.0,78.0,5.0,69.0,1.0,0.0,Discharging,60.81666666666667,5.016666666666667
2025-12-31 11:15:00,1142.39328,1584,779.0,1490.0,0.0,0.0,0.0,570.81216,871.42383,0.84204,573.59818,871.37676,0.84561,304.92391,60.0,49.0,78.0,5.0,69.0,1.0,0.0,Discharging,60.81666666666667,5.016666666666667
2025-12-31 11:20:00,1145.94624,1584,779.0,1490.0,0.0,0.0,0.0,572.70608,874.2013,0.83875,570.63602,869.17814,0.84852,304.9,60.0,49.0,78.0,5.0,69.0,1.0,0.0,Discharging,60.81666666666667,5.016666666666667
2025-12-31 11:25:00,1100.66399,1584,779.0,1490.0,0.0,0.0,0.0,548.05177,842.17014,0.8355,549.61265,841.31006,0.83899,304.89418,60.0,49.0,78.0,5.0,69.0,1.0,0.0,Discharging,60.81666666666667,5.016666666666667
2025-12-31 11:30:00,1047.2946,1584,779.0,1490.0,0.0,0.0,0.0,522.07186,808.23432,0.82977,525.50579,807.52991,0.83733,304.87542,60.0,49.0,78.0,5.0,69.0,1.0,0.0,Discharging,60.81666666666667,5.016666666666667
2025-12-31 11:35:00,1021.05362,1584,779.0,1490.0,0.0,0.0,0.0,511.54462,794.44147,0.8258,508.99719,789.31566,0.83056,304.9,60.0,49.0,78.0,5.0,69.0,1.0,0.0,Discharging,60.81666666666667,5.016666666666667
2025-12-31 11:40:00,1021.16467,1584,779.0,1490.0,0.0,0.0,0.0,512.23166,793.9144,0.82844,507.69345,788.8028,0.82503,304.92104,60.0,49.0,78.0,5.0,69.0,1.0,0.0,Discharging,60.81666666666667,5.016666666666667
2025-12-31 11:45:00,1017.44558,1584,779.0,1490.0,0.0,0.0,0.0,513.51476,794.98919,0.8302,506.41,785.6336,0.82693,304.9288,60.0,49.0,78.0,5.0,69.0,1.0,0.0,Discharging,60.81666666666667,5.016666666666667
2025-12-31 11:50:00,1014.45001,1584,779.0,1490.0,0.0,0.0,0.0,505.47418,787.44116,0.82222,504.93705,784.7991,0.82755,304.936,60.0,49.0,78.0,5.0,69.0,1.0,0.0,Discharging,60.81666666666667,5.016666666666667
2025-12-31 11:55:00,1064.66729,1584,779.0,1490.0,0.0,0.0,0.0,531.21405,822.46623,0.82976,533.72665,822.40058,0.83428,304.98903,60.0,49.0,78.0,5.0,69.0,1.0,0.0,Discharging,60.81666666666667,5.016666666666667
2025-12-31 12:00:00,1128.37171,1584,779.0,1490.0,0.0,0.0,0.0,562.08301,864.63475,0.83422,562.60759,861.67491,0.83622,305.0,60.0,49.0,78.0,5.0,69.0,1.0,0.0,Discharging,60.81666666666667,5.016666666666667
2025-12-31 12:05:00,1128.26988,1584,779.0,1490.0,0.0,0.0,0.0,564.31466,864.88397,0.83575,562.01499,859.67004,0.8402,305.0,60.0,49.0,78.0,5.0,69.0,1.0,0.0,Discharging,60.81666666666667,5.016666666666667
2025-12-31 12:10:00,1086.12395,1584,779.0,1490.0,0.0,0.0,0.0,543.88138,836.75713,0.83545,536.52419,826.36148,0.83223,305.0,60.0,49.0,78.0,5.0,69.0,1.0,0.0,Discharging,60.81666666666667,5.016666666666667
2025-12-31 12:15:00,1068.36916,1584,779.0,1490.0,0.0,0.0,0.0,536.18566,828.07606,0.83276,533.91637,821.3436,0.83642,305.0,60.0,49.0,78.0,5.0,69.0,1.0,0.0,Discharging,60.81666666666667,5.016666666666667
2025-12-31 12:20:00,1072.9552,1584,779.0,1490.0,0.0,0.0,0.0,539.45403,830.23833,0.83326,532.50209,817.32039,0.83655,305.03118,60.0,49.0,78.0,5.0,69.0,1.0,0.0,Discharging,60.81666666666667,5.016666666666667
2025-12-31 12:25:00,1062.04709,1584,779.0,1490.0,0.0,0.0,0.0,532.79742,820.97384,0.83273,529.44356,815.0126,0.83415,305.09048,60.0,49.0,78.0,5.0,69.0,1.0,0.0,Discharging,60.81666666666667,5.016666666666667
2025-12-31 12:30:00,1067.97551,1584,779.0,1490.0,0.0,0.0,0.0,535.77209,825.58471,0.83233,533.19468,820.42539,0.83501,305.1,60.0,49.0,78.0,5.0,69.0,1.0,0.0,Discharging,60.81666666666667,5.016666666666667
2025-12-31 12:35:00,1068.31286,1584,780.0,1490.0,0.0,0.0,0.0,536.30533,826.08851,0.83367,533.70934,819.4826,0.83328,305.1,60.0,49.0,78.0,5.0,69.0,1.0,0.0,Discharging,60.81666666666667,5.016666666666667
2025-12-31 12:40:00,1067.93362,1584,780.0,1490.0,0.0,0.0,0.0,533.82881,822.35695,0.83367,534.26817,819.7561,0.83635,305.1,60.0,49.0,78.0,5.0,69.0,1.0,0.0,Discharging,60.81666666666667,5.016666666666667
2025-12-31 12:45:00,1068.67878,1584,780.0,1490.0,0.0,0.0,0.0,537.27269,828.08826,0.83197,530.61264,818.32298,0.83231,305.07969,60.0,49.0,78.0,5.0,69.0,1.0,0.0,Discharging,60.81666666666667,5.016666666666667
2025-12-31 12:50:00,1070.50597,1584,780.0,1490.02117,0.0,0.0,0.0,537.34343,826.67607,0.83596,535.26229,822.46836,0.83655,305.0,60.0,49.0,78.0,5.0,69.0,1.0,0.0,Discharging,60.81666666666667,5.016666666666667
2025-12-31 12:55:00,1076.96414,1584,780.0,1491.0,0.0,0.0,0.0,537.22498,826.75627,0.83576,534.26285,820.00021,0.836,304.98911,60.0,49.0,78.0,5.0,69.0,1.0,0.0,Discharging,60.81666666666667,5.016666666666667
2025-12-31 13:00:00,1068.6275,1584,780.0,1491.0,0.0,0.0,0.0,537.74127,827.1091,0.83399,535.18638,822.50803,0.83675,304.99087,60.0,49.0,78.0,5.0,69.0,1.0,0.0,Discharging,60.81666666666667,5.016666666666667
2025-12-31 13:05:00,1073.88823,1584,780.0,1491.0,0.0,0.0,0.0,534.56012,822.31644,0.83494,536.71894,821.30703,0.83481,304.92258,60.0,49.0,78.0,5.0,69.0,1.0,0.0,Discharging,60.81666666666667,5.016666666666667
2025-12-31 13:10:00,1070.99132,1584,780.0,1491.0,0.0,0.0,0.0,534.24725,822.1699,0.83403,538.55824,824.71519,0.83793,304.9,60.0,49.0,78.0,5.0,69.0,1.0,0.0,Discharging,60.81666666666667,5.016666666666667
2025-12-31 13:15:00,1072.25369,1584,780.0,1491.0,0.0,0.0,0.0,536.56369,826.32834,0.83461,536.18653,824.32199,0.83626,304.94024,60.0,49.0,78.0,5.0,69.0,1.0,0.0,Discharging,60.81666666666667,5.016666666666667
2025-12-31 13:20:00,1062.99694,1584,780.0,1491.0,0.0,0.0,0.0,532.97587,820.98257,0.8322,530.53604,816.84297,0.83331,304.94531,60.0,49.0,78.0,5.0,69.0,1.0,0.0,Discharging,60.81666666666667,5.016666666666667
2025-12-31 13:25:00,1041.3508,1584,780.0,1491.0,0.0,0.0,0.0,523.1393,807.66949,0.82718,521.12619,805.66301,0.82847,304.97824,60.0,49.0,78.0,5.0,69.0,1.0,0.0,Discharging,60.81666666666667,5.016666666666667
2025-12-31 13:30:00,1066.5447,1584,780.0,1491.0,0.0,0.0,0.0,534.7866,822.44508,0.83673,532.33024,819.0021,0.83551,304.97816,60.0,49.0,78.0,5.0,69.0,1.0,0.0,Discharging,60.81666666666667,5.016666666666667
2025-12-31 13:35:00,1065.97236,1584,780.0,1491.0,0.0,0.0,0.0,535.65093,824.59236,0.83337,532.49445,819.29758,0.83284,304.94395,60.0,49.0,78.0,5.0,69.0,1.0,0.0,Discharging,60.81666666666667,5.016666666666667
2025-12-31 13:40:00,1070.77579,1584,780.0,1491.0,0.0,0.0,0.0,535.59479,822.19979,0.8357,530.43118,816.20369,0.83342,304.96587,60.0,49.0,78.0,5.0,69.0,1.0,0.0,Discharging,60.81666666666667,5.016666666666667
2025-12-31 13:45:00,1078.53762,1584,780.0,1491.0,0.0,0.0,0.0,539.12853,828.07919,0.83661,538.91335,824.72975,0.84031,304.99898,60.0,49.0,78.0,5.0,69.0,1.0,0.0,Discharging,60.81666666666667,5.016666666666667
2025-12-31 13:50:00,1079.61573,1584,780.0,1491.0,0.0,0.0,0.0,538.4419,828.72847,0.83726,537.33596,824.58429,0.83519,305.0,60.0,49.0,78.0,5.0,69.0,1.0,0.0,Discharging,60.81666666666667,5.016666666666667
2025-12-31 13:55:00,983.28517,1584,780.0,1491.0,0.0,0.0,0.0,488.03228,765.10574,0.81755,492.24572,767.66591,0.82348,305.03766,60.0,49.0,78.0,5.0,69.0,1.0,0.0,Discharging,60.81666666666667,5.016666666666667
2025-12-31 14:00:00,990.96615,1584,780.0,1491.0,0.0,0.0,0.0,496.16147,775.05199,0.82244,495.27818,770.8027,0.82745,305.08989,60.0,49.0,78.0,5.0,69.0,1.0,0.0,Discharging,60.81666666666667,5.016666666666667
2025-12-31 14:05:00,1000.44954,1584,780.0,1491.0,0.0,0.0,0.0,503.63798,783.02471,0.82581,495.81585,773.1779,0.82403,305.1,60.0,49.0,78.0,5.0,69.0,1.0,0.0,Discharging,60.81666666666667,5.016666666666667
2025-12-31 14:10:00,961.0325,1584,780.0,1491.0,0.0,0.0,0.0,480.21259,756.84039,0.8135,480.28238,753.40146,0.81823,305.1,60.0,49.0,78.0,5.0,69.0,1.0,0.0,Discharging,60.81666666666667,5.016666666666667
2025-12-31 14:15:00,854.71136,1584,780.0,1491.0,0.0,0.0,0.0,428.94492,692.09757,0.7929,428.16543,688.8263,0.7969,305.08095,60.0,49.0,78.0,5.0,69.0,1.0,0.0,Discharging,60.81666666666667,5.016666666666667
2025-12-31 14:20:00,956.12176,1584,780.0,1491.0,0.0,0.0,0.0,482.46271,756.53253,0.81858,477.57746,750.80595,0.8179,305.03497,60.0,49.0,78.0,5.0,69.0,1.0,0.0,Discharging,60.81666666666667,5.016666666666667
2025-12-31 14:25:00,944.66408,1584,780.04316,1491.0,0.0,0.0,0.0,473.14637,745.95932,0.81106,472.19298,742.49344,0.81639,305.0,60.0,49.0,78.0,5.0,69.0,1.0,0.0,Discharging,60.81666666666667,5.016666666666667
2025-12-31 14:30:00,934.43455,1584,781.0,1491.0,0.0,0.0,0.0,465.67488,736.06083,0.8102,469.75233,737.43828,0.82217,305.0,60.0,49.0,78.0,5.0,69.0,1.0,0.0,Discharging,60.81666666666667,5.016666666666667
2025-12-31 14:35:00,941.48005,1584,781.0,1491.0,0.0,0.0,0.0,471.08514,741.27611,0.81273,468.81613,736.38791,0.81833,304.95231,60.0,49.0,78.0,5.0,69.0,1.0,0.0,Discharging,60.81666666666667,5.016666666666667
2025-12-31 14:40:00,912.49627,1584,781.0,1491.0,0.0,0.0,0.0,454.22686,722.15715,0.80837,458.83866,726.57518,0.81238,304.9,60.0,49.0,78.0,5.0,69.0,1.0,0.0,Discharging,60.81666666666667,5.016666666666667
2025-12-31 14:45:00,908.65653,1584,781.0,1491.0,0.0,0.0,0.0,456.42169,725.01193,0.80689,455.49544,724.48842,0.80876,304.9,60.0,49.0,78.0,5.0,69.0,1.0,0.0,Discharging,60.81666666666667,5.016666666666667
2025-12-31 14:50:00,919.60614,1584,781.0,1491.28803,0.0,0.0,0.0,457.5423,725.06445,0.80996,461.78395,730.77058,0.81003,304.9,60.0,49.0,78.0,5.0,69.0,1.0,0.0,Discharging,60.81666666666667,5.016666666666667
2025-12-31 14:55:00,963.91561,1584,781.0,1492.0,0.0,0.0,0.0,483.25628,758.35764,0.81772,483.31521,757.81656,0.8217,304.95909,60.0,49.0,78.0,5.0,69.0,1.0,0.0,Discharging,60.81666666666667,5.016666666666667
2025-12-31 15:00:00,987.47595,1584,781.0,1492.0,0.0,0.0,0.0,494.30289,773.17552,0.82121,493.83715,772.39118,0.82344,305.0,60.0,49.0,78.0,5.0,69.0,1.0,0.0,Discharging,60.81666666666667,5.016666666666667
2025-12-31 15:05:00,990.98426,1584,781.0,1492.0,0.0,0.0,0.0,494.30094,770.29694,0.82532,496.71847,773.88775,0.8247,305.06447,60.0,49.0,78.0,5.0,69.0,1.0,0.0,Discharging,60.81666666666667,5.016666666666667
2025-12-31 15:10:00,990.07197,1584,781.0,1492.0,0.0,0.0,0.0,499.29302,775.72644,0.82652,492.6741,768.70882,0.82662,305.1,60.0,49.0,78.0,5.0,69.0,1.0,0.0,Discharging,60.81666666666667,5.016666666666667
2025-12-31 15:15:00,925.45294,1584,781.0,1492.0,0.0,0.0,0.0,473.16178,743.59468,0.81825,454.82616,725.31977,0.8069,305.1426,60.0,49.0,78.0,5.0,69.0,1.0,0.0,Discharging,60.81666666666667,5.016666666666667
2025-12-31 15:20:00,919.43147,1584,781.0,1492.0,0.0,0.0,0.0,457.27038,725.47157,0.80867,462.62704,731.39809,0.81457,305.2,60.0,49.0,78.0,5.0,69.0,1.0,0.0,Discharging,60.81666666666667,5.016666666666667
2025-12-31 15:25:00,925.59486,1584,781.0,1492.0,0.0,0.0,0.0,457.04715,725.83353,0.80631,467.11054,736.09286,0.81685,305.2,60.0,49.0,78.0,5.0,69.0,1.0,0.0,Discharging,60.81666666666667,5.016666666666667
2025-12-31 15:30:00,903.01551,1584,781.0,1492.0,0.0,0.0,0.0,456.71543,722.56379,0.81177,448.37233,714.72616,0.80779,305.21096,60.0,49.0,78.0,5.0,69.0,1.0,0.0,Discharging,60.81666666666667,5.016666666666667
2025-12-31 15:35:00,903.59327,1584,781.0,1492.0,0.0,0.0,0.0,449.06049,717.50412,0.80383,454.89581,723.94818,0.80889,305.2,60.0,49.0,78.0,5.0,69.0,1.0,0.0,Discharging,60.81666666666667,5.016666666666667
2025-12-31 15:40:00,734.61994,1584,781.0,1492.0,0.0,0.0,0.0,365.56431,620.07432,0.75681,364.97223,618.95898,0.75498,305.2109,60.0,49.0,78.0,5.0,69.0,1.0,0.0,Discharging,60.81666666666667,5.016666666666667
2025-12-31 15:45:00,865.22932,1584,781.0,1492.0,0.0,0.0,0.0,429.03303,694.14464,0.79077,440.15915,705.44259,0.80161,305.21089,60.0,49.0,78.0,5.0,69.0,1.0,0.0,Discharging,60.81666666666667,5.016666666666667
2025-12-31 15:50:00,919.90111,1584,781.0,1492.0,0.0,0.0,0.0,458.79421,727.09579,0.80874,459.89648,728.59405,0.81244,305.2,60.0,49.0,78.0,5.0,69.0,1.0,0.0,Discharging,60.81666666666667,5.016666666666667
2025-12-31 15:55:00,899.88867,1584,781.0,1492.0,0.0,0.0,0.0,451.58499,720.84946,0.8049,448.50969,716.07376,0.80884,305.21252,60.0,49.0,78.0,5.0,69.0,1.0,0.0,Discharging,60.81666666666667,5.016666666666667
2025-12-31 16:00:00,886.25312,1584,781.0,1492.0,0.0,0.0,0.0,443.21885,709.74345,0.80375,443.46936,707.87195,0.80624,305.27906,60.0,49.0,78.0,5.0,69.0,1.0,0.0,Discharging,60.81666666666667,5.016666666666667
2025-12-31 16:05:00,875.80337,1584,781.0,1492.0,0.0,0.0,0.0,428.02318,696.76419,0.78862,443.42581,710.35668,0.80722,305.3,60.0,49.0,78.0,5.0,69.0,1.0,0.0,Discharging,60.81666666666667,5.016666666666667
2025-12-31 16:10:00,950.84014,1584,781.0,1492.0,0.0,0.0,0.0,475.03445,753.97136,0.80894,475.94601,753.64539,0.81257,305.3,60.0,49.0,78.0,5.0,69.0,1.0,0.0,Discharging,60.81666666666667,5.016666666666667
2025-12-31 16:15:00,925.40641,1584,781.0,1492.0,0.0,0.0,0.0,465.57287,734.69088,0.81328,456.07108,725.43523,0.80989,305.2,60.0,49.0,78.0,5.0,69.0,1.0,0.0,Discharging,60.81666666666667,5.016666666666667
2025-12-31 16:20:00,917.23099,1584,781.0,1492.0,0.0,0.0,0.0,458.80244,727.48942,0.80891,456.68518,725.46865,0.80997,305.2,60.0,49.0,78.0,5.0,69.0,1.0,0.0,Discharging,60.81666666666667,5.016666666666667
2025-12-31 16:25:00,910.66181,1584,781.0,1492.0,0.0,0.0,0.0,455.21705,723.95204,0.81019,453.0777,719.25245,0.80966,305.16641,60.0,49.0,78.0,5.0,69.0,1.0,0.0,Discharging,60.81666666666667,5.016666666666667
2025-12-31 16:30:00,906.42883,1584,781.0,1492.0,0.0,0.0,0.0,453.6719,721.5752,0.80561,451.09389,716.66404,0.81118,305.12432,60.0,49.0,78.0,5.0,69.0,1.0,0.0,Discharging,60.81666666666667,5.016666666666667
2025-12-31 16:35:00,932.3575,1584,781.39166,1492.0,0.0,0.0,0.0,467.5547,737.99937,0.81226,464.67681,733.34385,0.81467,305.1,60.0,49.0,78.0,5.0,69.0,1.0,0.0,Discharging,60.81666666666667,5.016666666666667
2025-12-31 16:40:00,936.6633,1584,782.0,1492.0,0.0,0.0,0.0,466.87044,737.11541,0.81593,467.61252,737.53778,0.81326,305.1,60.0,49.0,78.0,5.0,69.0,1.0,0.0,Discharging,60.81666666666667,5.016666666666667
2025-12-31 16:45:00,912.33953,1584,782.0,1492.0,0.0,0.0,0.0,457.72218,724.28519,0.80848,454.90521,721.39839,0.81259,305.08912,60.0,49.0,78.0,5.0,69.0,1.0,0.0,Discharging,60.81666666666667,5.016666666666667
2025-12-31 16:50:00,870.58277,1584,782.0,1492.0,0.0,0.0,0.0,438.75472,703.10521,0.80101,432.13962,697.31875,0.799,305.06488,60.0,49.0,78.0,5.0,69.0,1.0,0.0,Discharging,60.81666666666667,5.016666666666667
2025-12-31 16:55:00,786.77574,1584,782.0,1492.0,0.0,0.0,0.0,389.35223,649.25326,0.76767,399.00216,657.16737,0.78108,305.0,60.0,49.0,78.0,5.0,69.0,1.0,0.0,Discharging,60.81666666666667,5.016666666666667
2025-12-31 17:00:00,755.56872,1584,782.0,1492.2172,0.0,0.0,0.0,372.0301,625.88057,0.76598,380.73512,634.18087,0.7748,305.0,60.0,49.0,78.0,5.0,69.0,1.0,0.0,Discharging,60.81666666666667,5.016666666666667
2025-12-31 17:05:00,712.55094,1584,782.0,1493.0,0.0,0.0,0.0,349.38459,594.77706,0.75472,361.53241,602.53502,0.77538,305.0,60.0,49.0,78.0,5.0,69.0,1.0,0.0,Discharging,60.81666666666667,5.016666666666667
2025-12-31 17:10:00,687.86085,1584,782.0,1493.0,0.0,0.0,0.0,340.33225,582.67636,0.74921,347.66748,586.08584,0.76621,305.0,60.0,49.0,78.0,5.0,69.0,1.0,0.0,Discharging,60.81666666666667,5.016666666666667
2025-12-31 17:15:00,680.15853,1584,782.0,1493.0,0.0,0.0,0.0,340.07817,578.86493,0.75573,338.42143,572.68756,0.76354,304.93459,60.0,49.0,78.0,5.0,69.0,1.0,0.0,Discharging,60.81666666666667,5.016666666666667
2025-12-31 17:20:00,671.04815,1584,782.0,1493.0,0.0,0.0,0.0,336.90293,573.87703,0.75333,335.36235,568.22682,0.76325,304.9193,60.0,49.0,78.0,5.0,69.0,1.0,0.0,Discharging,60.81666666666667,5.016666666666667
2025-12-31 17:25:00,672.05529,1584,782.0,1493.0,0.0,0.0,0.0,336.7929,572.43474,0.75806,335.95012,567.87933,0.76056,304.94015,60.0,49.0,78.0,5.0,69.0,1.0,0.0,Discharging,60.81666666666667,5.016666666666667
2025-12-31 17:30:00,677.35513,1584,782.0,1493.0,0.0,0.0,0.0,339.276,577.04952,0.75398,338.33158,572.00444,0.7612,304.94711,60.0,49.0,78.0,5.0,69.0,1.0,0.0,Discharging,60.81666666666667,5.016666666666667
2025-12-31 17:35:00,668.05471,1584,782.0,1493.0,0.0,0.0,0.0,335.58486,576.42667,0.74712,333.92403,572.19481,0.75428,305.03365,60.0,49.0,78.0,5.0,69.0,1.0,0.0,Discharging,60.81666666666667,5.016666666666667
2025-12-31 17:40:00,687.83366,1584,782.0,1493.0,0.0,0.0,0.0,343.00212,583.30561,0.7584,343.59252,581.06985,0.76199,305.03779,60.0,49.0,78.0,5.0,69.0,1.0,0.0,Discharging,60.81666666666667,5.016666666666667
2025-12-31 17:45:00,673.20131,1584,782.0,1493.0,0.0,0.0,0.0,336.39742,574.87471,0.75361,335.49227,572.43705,0.75766,305.12707,60.0,49.0,78.0,5.0,69.0,1.0,0.0,Discharging,60.81666666666667,5.016666666666667
2025-12-31 17:50:00,674.08611,1584,782.0,1493.0,0.0,0.0,0.0,337.42024,576.46293,0.75443,335.60348,571.29017,0.75605,305.2,60.0,49.0,78.0,5.0,69.0,1.0,0.0,Discharging,60.81666666666667,5.016666666666667
2025-12-31 17:55:00,706.17187,1584,782.0,1493.0,0.0,0.0,0.0,357.77034,600.46175,0.76155,343.82855,586.85441,0.75698,305.34397,60.0,49.0,78.0,5.0,69.0,1.0,0.0,Discharging,60.81666666666667,5.016666666666667
2025-12-31 18:00:00,665.57747,1584,782.0,1493.0,0.0,0.0,0.0,337.45076,575.09992,0.75262,330.70668,566.43709,0.75436,305.42793,60.0,49.0,78.0,5.0,69.0,1.0,0.0,Discharging,60.81666666666667,5.016666666666667
2025-12-31 18:05:00,752.29621,1584,782.0,1493.0,0.0,0.0,0.0,376.3945,642.04627,0.75466,378.49644,639.7399,0.76457,305.5,60.0,49.0,78.0,5.0,69.0,1.0,0.0,Discharging,60.81666666666667,5.016666666666667
2025-12-31 18:10:00,700.10413,1584,782.0,1493.0,0.0,0.0,0.0,349.56498,600.89258,0.74962,347.04058,596.53398,0.75075,305.577,60.0,49.0,78.0,5.0,69.0,1.0,0.0,Discharging,60.81666666666667,5.016666666666667
2025-12-31 18:15:00,642.59909,1584,782.0,1493.0,0.0,0.0,0.0,325.93719,568.05463,0.7377,314.6245,558.83744,0.72596,305.6,60.0,49.0,78.0,5.0,69.0,1.0,0.0,Idle,60.81666666666667,5.016666666666667
2025-12-31 18:20:00,610.96804,1584,782.0,1493.0,0.0,0.0,0.0,311.08834,552.58285,0.72454,296.65192,540.41025,0.7055,305.6,60.0,49.0,78.0,5.0,69.0,1.0,0.0,Idle,60.81666666666667,5.016666666666667
2025-12-31 18:25:00,537.86867,1584,782.0,1493.0,0.0,0.0,0.0,283.06774,520.52276,0.70045,256.81956,500.73866,0.66091,305.50955,60.0,49.0,78.0,5.0,69.0,1.0,0.0,Idle,60.81666666666667,5.016666666666667
2025-12-31 18:30:00,644.80889,1584,782.0,1493.0,0.0,0.0,0.0,326.84504,565.54321,0.74594,316.04451,555.48307,0.73389,305.42221,60.0,49.0,78.0,5.0,69.0,1.0,0.0,Idle,60.81666666666667,5.016666666666667
2025-12-31 18:35:00,641.20087,1584,782.0,1493.0,0.0,0.0,0.0,326.66497,562.95543,0.74804,314.94342,552.35837,0.74013,305.3,60.0,49.0,78.0,5.0,69.0,1.0,0.0,Idle,60.81666666666667,5.016666666666667
2025-12-31 18:40:00,638.9094,1584,782.0,1493.0,0.0,0.0,0.0,327.44681,562.6106,0.7492,318.44647,554.83152,0.74229,305.3,60.0,49.0,78.0,5.0,69.0,1.0,0.0,Idle,60.81666666666667,5.016666666666667
2025-12-31 18:45:00,642.41952,1584,782.0,1493.0,0.0,0.0,0.0,327.23348,560.42334,0.75008,316.02411,552.45627,0.73824,305.3,60.0,49.0,78.0,5.0,69.0,1.0,0.0,Idle,60.81666666666667,5.016666666666667
2025-12-31 18:50:00,675.5657,1584,782.0,1493.0,0.0,0.0,0.0,343.1222,581.37991,0.75751,334.33032,573.0574,0.75163,305.3,60.0,49.0,78.0,5.0,69.0,1.0,0.0,Idle,60.81666666666667,5.016666666666667
2025-12-31 18:55:00,676.91209,1584,782.0,1493.0,0.0,0.0,0.0,342.16637,580.28707,0.75739,334.50416,572.18591,0.753,305.23436,60.0,49.0,78.0,5.0,69.0,1.0,0.0,Idle,60.81666666666667,5.016666666666667
2025-12-31 19:00:00,748.48588,1584,782.0,1493.0,0.0,0.0,0.0,369.13824,624.95256,0.75846,376.66182,631.5222,0.76955,305.2211,60.0,49.0,78.0,5.0,69.0,1.0,0.0,Idle,60.81666666666667,5.016666666666667
2025-12-31 19:05:00,747.63493,1584,782.0,1493.0,0.0,0.0,0.0,368.9441,623.94767,0.75596,377.08153,631.14292,0.76969,305.2,60.0,49.0,78.0,5.0,69.0,1.0,0.0,Idle,60.81666666666667,5.016666666666667
2025-12-31 19:10:00,771.6365,1584,782.0,1493.0,0.0,0.0,0.0,381.5436,638.9921,0.76993,391.6167,648.14904,0.7775,305.12777,60.0,49.0,78.0,5.0,69.0,1.0,0.0,Idle,60.81666666666667,5.016666666666667
2025-12-31 19:15:00,913.07231,1584,782.0,1493.0,0.0,0.0,0.0,456.55646,721.13723,0.80425,461.53844,728.50711,0.80572,307.9545,60.0,49.0,78.0,5.0,69.0,1.0,0.22802,Ballast,60.81666666666667,5.016666666666667
2025-12-31 19:20:00,632.85407,1584,782.0,1493.0,0.0,0.0,0.0,311.48467,546.81314,0.72123,308.28645,547.37984,0.70861,323.07806,60.0,49.0,78.0,5.0,69.0,1.0,3.20969,Ballast,60.81666666666667,5.016666666666667
2025-12-31 19:25:00,514.44416,1584,782.0,1493.0,0.0,0.0,0.0,255.73692,487.56845,0.67433,257.4857,489.37645,0.6783,307.75442,60.0,49.0,78.0,5.0,69.0,1.0,6.45724,Ballast,60.81666666666667,5.016666666666667
2025-12-31 19:30:00,629.20357,1584,782.98246,1493.0,0.0,0.0,0.0,313.46018,548.50094,0.73004,323.02019,559.2062,0.73754,296.14767,60.0,49.0,78.0,4.97674,69.0,1.42283,8.67238,Ballast,60.81666666666667,5.000453833333334
2025-12-31 19:35:00,725.20779,1584,783.0,1493.0,0.0,0.0,0.0,370.4537,607.50311,0.78113,353.91123,593.90151,0.76668,295.23144,60.0,50.0,78.0,4.0,69.0,57.51446,10.41964,Ballast,60.833333333333336,4.958574333333333
2025-12-31 19:40:00,683.72395,1584,783.0,1493.0,0.0,0.0,0.0,340.71985,571.40123,0.76385,342.12069,573.07378,0.76861,290.15434,60.0,50.0,78.0,4.0,69.0,56.29307,10.25544,Ballast,60.833333333333336,4.938217833333333
2025-12-31 19:45:00,670.17665,1584,783.0,1493.0,0.0,0.0,0.0,334.94691,561.34008,0.7649,332.7001,559.84489,0.76278,282.51183,60.0,50.0,78.0,4.0,69.0,54.82025,10.49553,Ballast,60.833333333333336,4.913670833333334
2025-12-31 19:50:00,659.19058,1584,783.0,1493.0,0.0,0.0,0.0,330.70769,558.45864,0.76476,329.31556,556.40169,0.76204,277.38623,60.0,50.0,78.0,4.0,69.0,53.45932,10.72466,Ballast,60.833333333333336,4.890988666666667
2025-12-31 19:55:00,664.59396,1584,783.0,1493.0,0.0,0.0,0.0,333.3278,560.71219,0.76265,332.27784,560.52168,0.7611,267.46133,60.0,50.0,78.0,4.0,69.0,50.49493,10.91374,Ballast,60.833333333333336,4.841582166666667
2025-12-31 20:00:00,655.88897,1584,783.0,1493.76725,0.0,0.0,0.0,328.84434,557.06973,0.75863,326.45215,554.76433,0.75652,267.1752,60.0,50.0,78.0,4.0,69.0,49.00005,10.86857,Ballast,60.833333333333336,4.8166675
2025-12-31 20:05:00,653.28725,1584,783.0,1494.0,0.0,0.0,0.0,328.23826,553.69126,0.76119,326.88188,553.10612,0.76292,266.53969,60.0,50.0,78.0,4.0,69.0,47.53085,10.475,Ballast,60.833333333333336,4.792180833333333
2025-12-31 20:10:00,660.38212,1584,783.0,1494.0,0.0,0.0,0.0,330.69669,557.70445,0.76434,329.82934,559.71654,0.76,253.10936,60.0,50.0,78.0,4.0,69.0,46.24417,10.22899,Ballast,60.833333333333336,4.7707361666666666
2025-12-31 20:15:00,671.2122,1584,783.0,1494.0,0.0,0.0,0.0,334.25921,564.86533,0.76093,335.25364,565.70642,0.76533,211.96675,60.0,49.311,78.0,4.0,69.0,44.0,10.38805,Ballast,60.82185,4.733333333333333
2025-12-31 20:20:00,662.84541,1584,783.0,1494.0,0.0,0.0,0.0,330.53085,558.2015,0.76027,331.60087,559.9311,0.76128,179.75062,60.0,48.86367,78.0,4.0,69.0,43.59945,10.38606,Ballast,60.8143945,4.7266575
2025-12-31 20:25:00,662.66827,1584,783.0,1494.0,0.0,0.0,0.0,330.07786,557.25666,0.76156,331.78187,559.2901,0.76602,171.54994,60.0,48.0,78.0,4.0,69.0,44.0,10.77289,Ballast,60.8,4.733333333333333
2025-12-31 20:30:00,659.02815,1584,783.0,1494.0,0.0,0.0,0.0,329.43215,557.27515,0.76106,330.30011,558.9392,0.76085,163.98614,60.0,47.27035,78.0,4.0,69.0,44.0,10.94719,Ballast,60.787839166666664,4.733333333333333
2025-12-31 20:35:00,606.82184,1584,783.0,1494.0,0.0,0.0,0.0,308.72657,546.13321,0.72789,298.75169,536.70978,0.71661,160.52963,60.0,46.0,78.0,4.0,69.0,45.0,9.68648,Ballast,60.766666666666666,4.75
2025-12-31 20:40:00,544.71024,1584,783.0,1494.0,0.0,0.0,0.0,279.2767,493.35092,0.73687,263.67183,481.1185,0.71444,163.21887,60.0,45.34894,78.0,4.0,69.0,45.0,7.76617,Ballast,60.75581566666666,4.75
2025-12-31 20:45:00,485.7393,1584,783.0,1494.0,0.0,0.0,0.0,256.229,386.47673,0.8576,229.67967,358.92475,0.83099,197.04482,60.0,45.0,78.0,4.0,69.0,45.45742,8.49603,Ballast,60.75,4.7576236666666665
2025-12-31 20:50:00,443.62796,1584,783.0,1494.0,0.0,0.0,0.0,218.54489,337.08854,0.83549,220.81656,337.03581,0.84931,237.50945,60.0,44.28547,78.0,4.0,69.0,44.80471,9.53413,Ballast,60.73809116666666,4.746745166666667
2025-12-31 20:55:00,414.34402,1584,783.0,1494.0,0.0,0.0,0.0,414.41563,631.05885,0.8518,0.0,0.0,0.0,274.1156,60.0,44.0,78.0,4.0,69.0,42.1739,11.12371,Ballast,60.733333333333334,4.702898333333334
2025-12-31 21:00:00,395.03164,1584,783.0,1494.0,0.0,0.0,0.0,396.90293,600.99133,0.8526,0.0,0.0,0.0,269.93405,60.0,44.0,78.0,4.0,69.0,40.5939,10.77211,Ballast,60.733333333333334,4.676565
2025-12-31 21:05:00,390.39827,1584,783.0,1494.0,0.0,0.0,0.0,388.70482,592.54834,0.84759,0.0,0.0,0.0,269.1745,60.0,44.0,78.0,4.0,69.0,39.26373,10.408,Ballast,60.733333333333334,4.6543955
2025-12-31 21:10:00,388.50168,1584,783.0,1494.0,0.0,0.0,0.0,389.44324,593.84463,0.85105,0.0,0.0,0.0,271.62734,60.0,44.0,78.0,4.0,69.0,37.7104,10.07712,Ballast,60.733333333333334,4.6285066666666665
2025-12-31 21:15:00,382.54166,1584,783.0,1494.0,0.0,0.0,0.0,385.06102,594.98,0.83725,0.0,0.0,0.0,231.32958,60.0,44.0,78.0,4.0,69.0,35.24205,10.25549,Ballast,60.733333333333334,4.5873675
2025-12-31 21:20:00,386.84683,1584,783.0,1494.0,0.0,0.0,0.0,386.11633,597.385,0.83854,0.0,0.0,0.0,216.61291,60.0,43.05422,78.0,4.0,69.0,34.23709,10.88015,Ballast,60.717570333333335,4.570618166666667
2025-12-31 21:25:00,391.0474,1584,783.0,1494.0,0.0,0.0,0.0,389.3656,599.13755,0.8404,0.0,0.0,0.0,216.93162,60.0,42.70796,78.0,4.0,69.0,33.41573,11.1287,Ballast,60.71179933333333,4.556928833333333
2025-12-31 21:30:00,382.6259,1584,783.0,1494.0,0.0,0.0,0.0,383.77398,587.68993,0.84424,0.0,0.0,0.0,217.17411,60.0,42.0,78.0,4.0,69.0,32.58567,11.15983,Ballast,60.7,4.5430945000000005
2025-12-31 21:35:00,382.37931,1584,783.0,1494.0,0.0,0.0,0.0,382.24859,588.44757,0.8437,0.0,0.0,0.0,216.20288,60.0,40.91273,78.0,4.0,69.0,30.98002,11.22121,Ballast,60.681878833333336,4.516333666666666
2025-12-31 21:40:00,380.33388,1584,783.0,1494.0,0.0,0.0,0.0,381.83693,586.29697,0.84451,0.0,0.0,0.0,217.24789,60.0,40.0,78.0,4.0,69.0,30.0,11.25064,Ballast,60.666666666666664,4.5
2025-12-31 21:45:00,376.52028,1584,783.0,1494.0,0.0,0.0,0.0,377.41293,579.82697,0.84321,0.0,0.0,0.0,216.68784,60.0,39.48386,78.0,4.0,69.0,29.17933,11.59937,Ballast,60.658064333333336,4.486322166666667
2025-12-31 21:50:00,375.58119,1584,783.0,1494.0,0.0,0.0,0.0,374.86265,573.67308,0.8448,0.0,0.0,0.0,215.41866,60.0,38.98156,78.0,4.0,69.0,28.41311,11.52758,Ballast,60.64969266666667,4.4735518333333335
2025-12-31 21:55:00,385.83544,1584,783.0,1494.0,0.0,0.0,0.0,386.26504,591.93389,0.84712,0.0,0.0,0.0,216.28046,60.0,37.5116,78.0,4.0,69.0,26.87175,11.48594,Ballast,60.625193333333335,4.4478625
2025-12-31 22:00:00,379.12791,1584,783.0,1494.0,0.0,0.0,0.0,378.14725,580.21885,0.84486,0.0,0.0,0.0,216.04288,60.0,37.0,78.0,4.0,69.0,26.0,11.29958,Ballast,60.61666666666667,4.433333333333334
2025-12-31 22:05:00,381.48493,1584,783.0,1494.0,0.0,0.0,0.0,379.83985,583.45778,0.84448,0.0,0.0,0.0,216.39391,60.0,36.0445,78.0,4.0,69.0,25.15428,11.2063,Ballast,60.600741666666664,4.419238
2025-12-31 22:10:00,383.70907,1584,783.0,1494.0,0.0,0.0,0.0,383.66618,587.07861,0.84492,0.0,0.0,0.0,216.65894,60.0,35.61222,78.0,4.0,69.0,24.43996,10.78229,Ballast,60.593537,4.407332666666667
2025-12-31 22:15:00,379.77658,1584,783.23928,1494.0,0.0,0.0,0.0,379.13755,581.5841,0.8453,0.0,0.0,0.0,219.94017,60.0,34.22442,78.0,4.0,69.0,23.0,10.735,Ballast,60.570407,4.383333333333334
2025-12-31 22:20:00,384.05787,1584,784.0,1494.0,0.0,0.0,0.0,382.92569,585.15617,0.84755,0.0,0.0,0.0,219.51651,60.0,33.8612,78.0,4.0,69.0,22.14896,10.84295,Ballast,60.56435333333334,4.3691493333333336
2025-12-31 22:25:00,381.09461,1584,784.0,1494.0,0.0,0.0,0.0,381.21446,583.2443,0.8491,0.0,0.0,0.0,221.17292,60.0,33.0,78.0,4.0,69.0,21.42038,10.66736,Ballast,60.55,4.3570063333333335
2025-12-31 22:30:00,381.7559,1584,784.0,1494.0,0.0,0.0,0.0,382.43567,584.52009,0.84849,0.0,0.0,0.0,224.26653,60.0,32.56542,78.0,4.0,69.0,20.6657,10.30835,Ballast,60.542757,4.344428333333333
2025-12-31 22:35:00,384.7992,1584,784.0,1494.0,0.0,0.0,0.0,384.23864,586.54819,0.84908,0.0,0.0,0.0,223.75666,60.0,31.34132,78.0,4.0,69.0,18.91978,10.80349,Ballast,60.52235533333333,4.315329666666667
2025-12-31 22:40:00,386.55005,1584,784.0,1494.0,0.0,0.0,0.0,386.17629,589.96041,0.84476,0.0,0.0,0.0,223.49039,60.0,31.0,78.0,4.0,69.0,17.99445,10.98832,Ballast,60.516666666666666,4.2999075
2025-12-31 22:45:00,381.1082,1584,784.0,1494.0,0.0,0.0,0.0,380.89802,582.67569,0.84631,0.0,0.0,0.0,223.49195,60.0,30.07752,78.0,4.0,69.0,17.0,10.70792,Ballast,60.501292,4.283333333333333
2025-12-31 22:50:00,379.25004,1584,784.0,1494.0,0.0,0.0,0.0,380.03613,579.99374,0.845,0.0,0.0,0.0,224.40447,60.0,29.82942,78.0,4.0,69.0,16.12297,10.78932,Ballast,60.497157,4.268716166666667
2025-12-31 22:55:00,387.4859,1584,784.0,1494.0,0.0,0.0,0.0,387.70583,592.90365,0.84784,0.0,0.0,0.0,224.05365,60.0,28.61858,78.0,4.0,69.0,14.37783,10.1262,Ballast,60.47697633333333,4.2396305
2025-12-31 23:00:00,375.68665,1584,784.0,1494.0,0.0,0.0,0.0,377.36331,575.39301,0.84899,0.0,0.0,0.0,225.01728,60.0,28.0,78.0,4.0,69.0,13.60854,9.72738,Ballast,60.46666666666667,4.226809
2025-12-31 23:05:00,381.87582,1584,784.0,1494.0,0.0,0.0,0.0,380.77759,580.36247,0.85002,0.0,0.0,0.0,224.28829,60.0,27.55774,78.0,4.0,69.0,12.87978,9.39283,Ballast,60.45929566666667,4.214663
2025-12-31 23:10:00,390.92434,1584,784.0,1494.0,0.0,0.0,0.0,389.75375,593.02187,0.84994,0.0,0.0,0.0,224.88401,60.0,27.0,78.0,4.0,69.0,12.0,9.40286,Ballast,60.45,4.2
2025-12-31 23:15:00,384.85652,1584,784.0,1494.0,0.0,0.0,0.0,384.75559,583.5801,0.85065,0.0,0.0,0.0,223.19631,60.0,26.0,78.0,4.0,69.0,10.40691,9.97996,Ballast,60.43333333333333,4.1734485
2025-12-31 23:20:00,382.41496,1584,784.0,1494.0,0.0,0.0,0.0,383.59646,586.2543,0.8468,0.0,0.0,0.0,222.17955,60.0,25.51144,78.0,4.0,69.0,9.62968,9.77933,Ballast,60.425190666666666,4.160494666666667
2025-12-31 23:25:00,380.23254,1584,784.0,1494.0,0.0,0.0,0.0,380.82546,580.66601,0.84729,0.0,0.0,0.0,224.38249,60.0,25.0,78.0,4.0,69.0,8.79268,9.72191,Ballast,60.416666666666664,4.146544666666666
2025-12-31 23:30:00,387.40496,1584,784.0,1494.0,0.0,0.0,0.0,387.0341,587.60748,0.854,0.0,0.0,0.0,224.53469,60.0,24.55096,78.0,4.0,69.0,8.0,9.36205,Ballast,60.409182666666666,4.133333333333334
2025-12-31 23:35:00,383.82284,1584,784.0,1494.0,0.0,0.0,0.0,384.27118,585.40735,0.84766,0.0,0.0,0.0,222.66957,60.0,23.67044,78.0,4.0,69.0,6.26827,8.84061,Ballast,60.39450733333334,4.1044711666666664
2025-12-31 23:40:00,377.93892,1584,784.0,1494.0,0.0,0.0,0.0,378.47263,575.62134,0.84681,0.0,0.0,0.0,224.67368,60.0,23.0,78.0,4.0,69.0,5.61324,8.74479,Ballast,60.38333333333333,4.093554
2025-12-31 23:45:00,380.87293,1584,784.0,1494.0,0.0,0.0,0.0,382.22141,581.09136,0.8468,0.0,0.0,0.0,224.87046,60.0,22.90193,78.0,4.0,69.0,4.87764,8.90824,Ballast,60.38169883333333,4.081294
2025-12-31 23:50:00,386.18563,1584,784.0,1494.0,0.0,0.0,0.0,385.98485,589.1886,0.84707,0.0,0.0,0.0,222.95133,60.0,22.0,78.0,4.0,69.0,4.0,9.00625,Ballast,60.36666666666667,4.066666666666666
2025-12-31 23:55:00,385.93173,1584,784.0,1494.0,0.0,0.0,0.0,386.04467,585.44749,0.85314,0.0,0.0,0.0,212.82883,60.0,21.0,78.0,4.0,69.0,2.35624,10.15519,Ballast,60.35,4.039270666666667
2026-01-01 00:00:00,389.06704,1584,784.0,1494.0,0.0,0.0,0.0,389.93814,590.59071,0.8541,0.0,0.0,0.0,209.91539,60.0,20.6402,78.0,4.0,69.0,1.96408,10.31345,Ballast,60.34400333333333,4.032734666666666
