Sample time,AE_POWER(kW),DG_1_POWER(GByte),DG_2_POWER(GByte),DG_3_POWER(GByte),GE162(kW),GE163(A),GE164,GE262(kW),GE263(A),GE264,GE362(kW),GE363(A),GE364,HEADING(degree),LAT-DEG(degree),LAT-MIN(min),LAT-NS,LONG-DEG(degree),LONG-EW,LONG-MIN(min),SHIP SPEED(knots),Unnamed: 22,LATITUDE(DD),LONGITUDE(DD)
2026-01-23 00:05:00,1063.70202,285,334.0,86.0,530.69684,786.66441,0.86837,531.03881,815.40493,0.83741,0.0,0.0,0.0,283.91589,57.0,24.0,78.0,21.0,69.0,32.0,0.0,idle,57.4,21.533333333333335
2026-01-23 00:10:00,1066.96198,285,334.0,86.0,532.25894,785.34427,0.87185,535.95759,822.91995,0.83787,0.0,0.0,0.0,284.0,57.0,24.0,78.0,21.0,69.0,32.0,0.0,idle,57.4,21.533333333333335
2026-01-23 00:15:00,1078.35213,285,334.0,86.0,536.47449,798.922,0.86419,543.29324,822.23765,0.85347,0.0,0.0,0.0,284.0,57.0,24.0,78.0,21.0,69.0,32.0,0.0,idle,57.4,21.533333333333335
2026-01-23 00:20:00,1064.49662,285,334.0,86.0,532.20012,800.28096,0.85855,531.27447,802.14035,0.85271,0.0,0.0,0.0,284.0,57.0,24.0,78.0,21.0,69.0,32.0,0.0,idle,57.4,21.533333333333335
2026-01-23 00:25:00,1065.96666,285,334.0,86.0,535.37408,793.71678,0.86522,527.63153,804.11829,0.84481,0.0,0.0,0.0,284.00638,57.0,24.0,78.0,21.0,69.0,32.0,0.0,idle,57.4,21.533333333333335
2026-01-23 00:30:00,1062.10817,285,334.0,86.0,531.78828,790.54928,0.86637,531.76296,811.8103,0.84045,0.0,0.0,0.0,284.1,57.0,24.0,78.0,21.0,69.0,32.0,0.0,idle,57.4,21.533333333333335
2026-01-23 00:35:00,1066.94962,285,334.0,86.0,537.96084,796.79877,0.86882,541.74103,822.96477,0.84601,0.0,0.0,0.0,284.1,57.0,24.0,78.0,21.0,69.0,32.0,0.0,idle,57.4,21.533333333333335
2026-01-23 00:40:00,1082.11978,285,334.0,86.0,536.7999,795.77673,0.86782,543.92093,823.86448,0.84939,0.0,0.0,0.0,284.1,57.0,24.0,78.0,21.0,69.0,32.0,0.0,idle,57.4,21.533333333333335
2026-01-23 00:45:00,1076.40212,285,334.0,86.0,533.84374,800.57883,0.85833,540.42651,814.45703,0.85337,0.0,0.0,0.0,284.1,57.0,24.0,78.0,21.0,69.0,32.0,0.0,idle,57.4,21.533333333333335
2026-01-23 00:50:00,1035.03623,285,334.0,86.0,513.45513,774.54923,0.85196,516.75858,783.3197,0.85005,0.0,0.0,0.0,284.03813,57.0,24.0,78.0,21.0,69.0,32.0,0.0,idle,57.4,21.533333333333335
2026-01-23 00:55:00,957.15085,285,334.0,86.0,479.0136,727.53333,0.8478,484.1277,741.65395,0.83799,0.0,0.0,0.0,283.99328,57.0,24.0,78.0,21.0,69.0,32.0,0.0,idle,57.4,21.533333333333335
2026-01-23 01:00:00,1051.92194,285,334.04568,86.0,526.24896,787.27825,0.86191,527.16885,802.33341,0.84308,0.0,0.0,0.0,283.9,57.0,24.0,78.0,21.0,69.0,32.0,0.0,idle,57.4,21.533333333333335
2026-01-23 01:05:00,1092.08699,285,335.0,86.0,549.81457,815.81284,0.86664,539.3751,820.45076,0.84488,0.0,0.0,0.0,283.9,57.0,24.0,78.0,21.0,69.0,32.0,0.0,idle,57.4,21.533333333333335
2026-01-23 01:10:00,1090.32564,285,335.0,86.0,544.65568,811.99959,0.86324,549.63419,833.91645,0.84458,0.0,0.0,0.0,283.9,57.0,24.0,78.0,21.0,69.0,32.0,0.0,idle,57.4,21.533333333333335
2026-01-23 01:15:00,1078.66249,285,335.0,86.0,536.18958,801.24353,0.86188,541.36558,821.34456,0.84695,0.0,0.0,0.0,283.8,57.0,24.0,78.0,21.0,69.0,32.0,0.0,idle,57.4,21.533333333333335
2026-01-23 01:20:00,1069.40072,285,335.0,86.0,537.13085,798.92934,0.86572,533.79266,807.3367,0.85009,0.0,0.0,0.0,283.8,57.0,24.0,78.0,21.0,69.0,32.0,0.0,idle,57.4,21.533333333333335
2026-01-23 01:25:00,1078.07865,285,335.0,86.0,530.90084,792.34288,0.86242,543.54022,820.92126,0.85097,0.0,0.0,0.0,283.7967,57.0,24.0,78.0,21.0,69.0,32.0,0.0,idle,57.4,21.533333333333335
2026-01-23 01:30:00,1068.7344,285,335.0,86.0,533.17351,794.70046,0.86413,531.59846,809.06832,0.84318,0.0,0.0,0.0,283.7,57.0,24.0,78.0,21.0,69.0,32.0,0.0,idle,57.4,21.533333333333335
2026-01-23 01:35:00,1066.07622,285,335.0,86.0,525.23615,787.20406,0.85974,532.60789,806.68707,0.85093,0.0,0.0,0.0,283.7,57.0,24.0,78.0,21.0,69.0,32.0,0.0,idle,57.4,21.533333333333335
2026-01-23 01:40:00,1058.75705,285,335.0,86.0,528.97351,791.49305,0.85734,530.18515,801.37511,0.84916,0.0,0.0,0.0,283.7,57.0,24.0,78.0,21.0,69.0,32.0,0.0,idle,57.4,21.533333333333335
2026-01-23 01:45:00,1071.67823,285,335.0,86.0,536.02893,798.56449,0.86085,539.98593,815.55269,0.84845,0.0,0.0,0.0,283.7,57.0,24.0,78.0,21.0,69.0,32.0,0.0,idle,57.4,21.533333333333335
2026-01-23 01:50:00,1093.45963,285,335.0,86.0,539.77575,803.44841,0.86437,546.60037,824.55825,0.85239,0.0,0.0,0.0,283.7,57.0,24.0,78.0,21.0,69.0,32.0,0.0,idle,57.4,21.533333333333335
2026-01-23 01:55:00,1089.53439,286,335.0,86.0,544.81747,812.43667,0.864,537.00898,815.37622,0.84925,0.0,0.0,0.0,283.6,57.0,24.0,78.0,21.0,69.0,32.0,0.0,idle,57.4,21.533333333333335
2026-01-23 02:00:00,1084.90927,286,335.0,86.0,538.36601,809.23178,0.8573,549.18488,825.62913,0.85771,0.0,0.0,0.0,283.6,57.0,24.0,78.0,21.0,69.0,32.0,0.0,idle,57.4,21.533333333333335
2026-01-23 02:05:00,1105.18703,286,335.0,86.0,555.22658,825.21622,0.86572,550.93291,827.20888,0.85563,0.0,0.0,0.0,283.6825,57.0,24.0,78.0,21.0,69.0,32.0,0.0,idle,57.4,21.533333333333335
2026-01-23 02:10:00,1090.03647,286,335.0,86.0,546.17644,815.83481,0.86099,542.3651,817.53643,0.85303,0.0,0.0,0.0,283.7,57.0,24.0,78.0,21.0,69.0,32.0,0.0,idle,57.4,21.533333333333335
2026-01-23 02:15:00,1085.96639,286,335.0,86.0,543.59668,816.61875,0.85617,544.13245,821.25731,0.85438,0.0,0.0,0.0,283.8549,57.0,24.0,78.0,21.0,69.0,32.0,0.0,idle,57.4,21.533333333333335
2026-01-23 02:20:00,1089.5863,286,335.0,86.0,540.05276,810.17975,0.85808,550.89451,827.02443,0.85758,0.0,0.0,0.0,283.9,57.0,24.0,78.0,21.0,69.0,32.0,0.0,idle,57.4,21.533333333333335
2026-01-23 02:25:00,1090.33132,286,335.0,86.0,543.42717,812.04083,0.8591,548.90254,825.1105,0.85657,0.0,0.0,0.0,283.9,57.0,24.0,78.0,21.0,69.0,32.0,0.0,idle,57.4,21.533333333333335
2026-01-23 02:30:00,1087.98924,286,335.0,86.0,545.86115,813.39209,0.86502,539.7741,813.40054,0.85368,0.0,0.0,0.0,283.9,57.0,24.0,78.0,21.0,69.0,32.0,0.0,idle,57.4,21.533333333333335
2026-01-23 02:35:00,980.2682,286,335.0,86.0,481.71261,736.06334,0.84508,494.78381,752.65573,0.84561,0.0,0.0,0.0,283.9,57.0,24.0,78.0,21.0,69.0,32.0,0.0,idle,57.4,21.533333333333335
2026-01-23 02:40:00,990.65921,286,335.0,86.0,499.11258,757.01419,0.85052,493.51293,754.32121,0.8414,0.0,0.0,0.0,283.9,57.0,24.0,78.0,21.0,69.0,32.0,0.0,idle,57.4,21.533333333333335
2026-01-23 02:45:00,894.45095,286,335.0,86.0,449.12293,692.0142,0.83378,444.1201,690.46174,0.82757,0.0,0.0,0.0,283.9,57.0,24.0,78.0,21.0,69.0,32.0,0.0,idle,57.4,21.533333333333335
2026-01-23 02:50:00,911.98324,286,335.0,86.0,459.47553,703.68376,0.84354,455.49151,702.8033,0.83251,0.0,0.0,0.0,283.9,57.0,24.0,78.0,21.0,69.0,32.0,0.0,idle,57.4,21.533333333333335
2026-01-23 02:55:00,1054.64635,286,335.68992,86.0,527.62275,795.51049,0.85234,530.75197,801.03383,0.8533,0.0,0.0,0.0,283.9,57.0,24.0,78.0,21.0,69.0,32.0,0.0,idle,57.4,21.533333333333335
2026-01-23 03:00:00,1049.39622,286,336.0,86.0,523.85024,793.19815,0.84854,526.0847,797.12218,0.84937,0.0,0.0,0.0,283.9,57.0,24.0,78.0,21.0,69.0,32.0,0.0,idle,57.4,21.533333333333335
2026-01-23 03:05:00,1071.16974,286,336.0,86.0,534.94769,802.92352,0.85731,538.72242,813.281,0.85611,0.0,0.0,0.0,283.89424,57.0,24.0,78.0,21.0,69.0,32.0,0.0,idle,57.4,21.533333333333335
2026-01-23 03:10:00,1070.81024,286,336.0,86.0,536.60915,804.12506,0.85807,536.56049,811.41194,0.85183,0.0,0.0,0.0,283.8,57.0,24.0,78.0,21.0,69.0,32.0,0.0,idle,57.4,21.533333333333335
2026-01-23 03:15:00,1088.86012,286,336.0,86.0,543.23436,813.26692,0.85824,541.27717,815.71716,0.85549,0.0,0.0,0.0,283.8,57.0,24.0,78.0,21.0,69.0,32.0,0.0,idle,57.4,21.533333333333335
2026-01-23 03:20:00,1096.45995,286,336.0,86.0,547.97715,817.83706,0.86091,550.01274,826.72283,0.85697,0.0,0.0,0.0,283.77046,57.0,24.0,78.0,21.0,69.0,32.0,0.0,idle,57.4,21.533333333333335
2026-01-23 03:25:00,1088.78598,286,336.0,86.0,543.77198,811.16021,0.86498,542.19495,819.80061,0.85013,0.0,0.0,0.0,283.7,57.0,24.0,78.0,21.0,69.0,32.0,0.0,idle,57.4,21.533333333333335
2026-01-23 03:30:00,1090.39521,286,336.0,86.0,544.97957,813.73377,0.86388,545.64467,820.58311,0.85163,0.0,0.0,0.0,283.7,57.0,24.0,78.0,21.0,69.0,32.0,0.0,idle,57.4,21.533333333333335
2026-01-23 03:35:00,985.52098,286,336.0,86.0,491.98698,744.88908,0.84847,495.46404,753.48856,0.84402,0.0,0.0,0.0,283.7,57.0,24.0,78.0,21.0,69.0,32.0,0.0,idle,57.4,21.533333333333335
2026-01-23 03:40:00,1008.17509,286,336.0,86.0,501.28152,756.50541,0.85361,505.3283,764.53352,0.8517,0.0,0.0,0.0,283.7,57.0,24.0,78.0,21.0,69.0,32.0,0.0,idle,57.4,21.533333333333335
2026-01-23 03:45:00,979.39711,286.01176,336.0,86.0,491.78223,746.20694,0.84424,489.11767,745.61419,0.84208,0.0,0.0,0.0,283.71247,57.0,24.0,78.0,21.0,69.0,32.0,0.0,idle,57.4,21.533333333333335
2026-01-23 03:50:00,982.96816,287,336.0,86.0,484.84818,736.25427,0.84822,492.40452,749.15061,0.84455,0.0,0.0,0.0,283.8,57.0,24.0,78.0,21.0,69.0,32.0,0.0,idle,57.4,21.533333333333335
2026-01-23 03:55:00,984.77753,287,336.0,86.0,494.4073,745.44343,0.85171,491.28179,747.92828,0.84285,0.0,0.0,0.0,283.8,57.0,24.0,78.0,21.0,69.0,32.0,0.0,idle,57.4,21.533333333333335
2026-01-23 04:00:00,993.09363,287,336.0,86.0,499.00767,752.50078,0.85413,497.48438,755.73288,0.84492,0.0,0.0,0.0,283.84829,57.0,24.0,78.0,21.0,69.0,32.0,0.0,idle,57.4,21.533333333333335
2026-01-23 04:05:00,996.06065,287,336.0,86.0,496.60335,750.86642,0.85077,498.598,758.05896,0.84444,0.0,0.0,0.0,283.9,57.0,24.0,78.0,21.0,69.0,32.0,0.0,idle,57.4,21.533333333333335
2026-01-23 04:10:00,984.93877,287,336.0,86.0,495.54732,746.78618,0.85035,489.52518,746.7502,0.84288,0.0,0.0,0.0,283.9,57.0,24.0,78.0,21.0,69.0,32.0,0.0,idle,57.4,21.533333333333335
2026-01-23 04:15:00,985.52172,287,336.0,86.0,490.8136,743.94048,0.84838,493.51096,750.13976,0.84393,0.0,0.0,0.0,283.9,57.0,24.0,78.0,21.0,69.0,32.0,0.0,idle,57.4,21.533333333333335
2026-01-23 04:20:00,974.85806,287,336.0,86.0,489.36894,742.5836,0.84425,484.29765,738.79741,0.84383,0.0,0.0,0.0,283.9,57.0,24.0,78.0,21.0,69.0,32.0,0.0,idle,57.4,21.533333333333335
2026-01-23 04:25:00,986.19113,287,336.0,86.0,493.03853,748.33986,0.8485,497.27478,755.74155,0.84773,0.0,0.0,0.0,283.9,57.0,24.0,78.0,21.0,69.0,32.0,0.0,idle,57.4,21.533333333333335
2026-01-23 04:30:00,981.7117,287,336.0,86.0,494.80744,748.99738,0.848,492.65805,747.81667,0.8458,0.0,0.0,0.0,283.99297,57.0,24.0,78.0,21.0,69.0,32.0,0.0,idle,57.4,21.533333333333335
2026-01-23 04:35:00,985.58692,287,336.0,86.0,491.51062,746.53724,0.84584,490.06081,745.6926,0.84263,0.0,0.0,0.0,284.0,57.0,24.0,78.0,21.0,69.0,32.0,0.0,idle,57.4,21.533333333333335
2026-01-23 04:40:00,972.45415,287,336.0,86.0,489.46997,742.12564,0.84884,485.98244,741.52066,0.84166,0.0,0.0,0.0,284.0,57.0,24.0,78.0,21.0,69.0,32.0,0.0,idle,57.4,21.533333333333335
2026-01-23 04:45:00,987.93265,287,336.0,86.0,493.26452,747.57114,0.84954,494.11131,751.17488,0.84438,0.0,0.0,0.0,284.0,57.0,24.0,78.0,21.0,69.0,32.0,0.0,idle,57.4,21.533333333333335
2026-01-23 04:50:00,994.2107,287,336.0,86.0,498.92916,754.51073,0.85224,493.65586,748.98495,0.84515,0.0,0.0,0.0,284.0,57.0,24.0,78.0,21.0,69.0,32.0,0.0,idle,57.4,21.533333333333335
2026-01-23 04:55:00,964.94286,287,337.0,86.0,484.53452,737.32689,0.84744,482.95359,737.36227,0.8407,0.0,0.0,0.0,284.0,57.0,24.0,78.0,21.0,69.0,32.0,0.0,idle,57.4,21.533333333333335
2026-01-23 05:00:00,988.68909,287,337.0,86.0,497.05659,752.68973,0.85093,495.98584,753.40547,0.84774,0.0,0.0,0.0,284.0,57.0,24.0,78.0,21.0,69.0,32.0,0.0,idle,57.4,21.533333333333335
2026-01-23 05:05:00,994.47608,287,337.0,86.0,498.79229,753.45234,0.85222,492.77506,749.96237,0.8454,0.0,0.0,0.0,284.0,57.0,24.0,78.0,21.0,69.0,32.0,0.0,idle,57.4,21.533333333333335
2026-01-23 05:10:00,996.20525,287,337.0,86.0,500.97241,757.4116,0.85424,496.4322,753.52138,0.84804,0.0,0.0,0.0,284.0,57.0,24.0,78.0,21.0,69.0,32.0,0.0,idle,57.4,21.533333333333335
2026-01-23 05:15:00,1003.53319,287,337.0,86.0,500.26865,756.68771,0.85176,503.65994,762.78479,0.84997,0.0,0.0,0.0,283.94364,57.0,24.0,78.0,21.0,69.0,32.0,0.0,idle,57.4,21.533333333333335
2026-01-23 05:20:00,1104.3551,287,337.0,86.0,546.38069,821.39075,0.85822,556.17539,832.48401,0.85834,0.0,0.0,0.0,283.9,57.0,24.0,78.0,21.0,69.0,32.0,0.0,idle,57.4,21.533333333333335
2026-01-23 05:25:00,1079.81501,287,337.0,86.0,537.85001,810.13033,0.85469,546.47155,818.24364,0.85937,0.0,0.0,0.0,283.9,57.0,24.0,78.0,21.0,69.0,32.0,0.0,idle,57.4,21.533333333333335
2026-01-23 05:30:00,1090.26506,287,337.0,86.0,547.19589,819.07522,0.85792,543.10913,814.29024,0.85589,0.0,0.0,0.0,283.9,57.0,24.0,78.0,21.0,69.0,32.0,0.0,idle,57.4,21.533333333333335
2026-01-23 05:35:00,1098.10316,287,337.0,86.0,542.5548,815.94466,0.85752,555.48643,829.30924,0.86155,0.0,0.0,0.0,283.8,57.0,24.0,78.0,21.0,69.0,32.0,0.0,idle,57.4,21.533333333333335
2026-01-23 05:40:00,1084.00792,287,337.0,86.0,543.886,814.76917,0.86308,540.99601,810.97178,0.85746,0.0,0.0,0.0,283.8,57.0,24.0,78.0,21.0,69.0,32.0,0.0,idle,57.4,21.533333333333335
2026-01-23 05:45:00,1091.38782,287.32227,337.0,86.0,548.97578,820.53423,0.86011,540.17218,811.63122,0.85828,0.0,0.0,0.0,283.8,57.0,24.0,78.0,21.0,69.0,32.0,0.0,idle,57.4,21.533333333333335
2026-01-23 05:50:00,1026.51527,288,337.0,86.0,511.85105,774.01185,0.85109,510.94366,771.97928,0.85282,0.0,0.0,0.0,283.8,57.0,24.0,78.0,21.0,69.0,32.0,0.0,idle,57.4,21.533333333333335
2026-01-23 05:55:00,980.97164,288,337.0,86.0,488.47977,741.66061,0.84584,490.65104,744.10368,0.84609,0.0,0.0,0.0,283.8,57.0,24.0,78.0,21.0,69.0,32.0,0.0,idle,57.4,21.533333333333335
2026-01-23 06:00:00,992.2462,288,337.0,86.0,497.67287,751.30053,0.85106,495.62701,749.69046,0.85157,0.0,0.0,0.0,283.8,57.0,24.0,78.0,21.0,69.0,32.0,0.0,idle,57.4,21.533333333333335
2026-01-23 06:05:00,1028.37076,288,337.0,86.0,517.83606,780.02987,0.85488,511.96046,772.5689,0.85086,0.0,0.0,0.0,283.8,57.0,24.0,78.0,21.0,69.0,32.0,0.0,idle,57.4,21.533333333333335
2026-01-23 06:10:00,1082.14596,288,337.0,86.0,546.74844,818.2689,0.85851,541.0392,811.10355,0.85749,0.0,0.0,0.0,283.82303,57.0,24.0,78.0,21.0,69.0,32.0,0.0,idle,57.4,21.533333333333335
2026-01-23 06:15:00,1054.35177,288,337.0,86.0,529.97946,793.7586,0.85623,523.27978,788.21248,0.85291,0.0,0.0,0.0,283.9,57.0,24.0,78.0,21.0,69.0,32.0,0.0,idle,57.4,21.533333333333335
2026-01-23 06:20:00,1049.29361,288,337.0,86.0,523.69179,784.8247,0.8565,529.22189,793.57795,0.85897,0.0,0.0,0.0,283.90802,57.0,24.0,78.0,21.0,69.0,32.0,0.0,idle,57.4,21.533333333333335
2026-01-23 06:25:00,1065.97136,288,337.0,86.0,526.45449,789.47034,0.85788,540.19242,806.78032,0.86086,0.0,0.0,0.0,284.0,57.0,24.0,78.0,21.0,69.0,32.0,0.0,idle,57.4,21.533333333333335
2026-01-23 06:30:00,1072.11898,288,337.0,86.0,537.67285,802.54909,0.86037,535.3046,802.43933,0.85473,0.0,0.0,0.0,284.0,57.0,24.0,78.0,21.0,69.0,32.0,0.0,idle,57.4,21.533333333333335
2026-01-23 06:35:00,1011.89219,288,337.0,86.0,509.83601,765.49627,0.8552,503.0427,760.99637,0.84846,0.0,0.0,0.0,284.0,57.0,24.0,78.0,21.0,69.0,32.0,0.0,idle,57.4,21.533333333333335
2026-01-23 06:40:00,1010.0179,288,337.0,86.0,504.69954,760.37058,0.85157,505.07718,762.79895,0.85144,0.0,0.0,0.0,284.0,57.0,24.0,78.0,21.0,69.0,32.0,0.0,idle,57.4,21.533333333333335
2026-01-23 06:45:00,1091.97513,288,337.0,86.0,544.68958,813.09004,0.86285,541.37521,811.69454,0.85712,0.0,0.0,0.0,284.0,57.0,24.0,78.0,21.0,69.0,32.0,0.0,idle,57.4,21.533333333333335
2026-01-23 06:50:00,1046.76095,288,337.3101,86.0,523.95786,788.46102,0.85519,525.92035,791.86185,0.85142,0.0,0.0,0.0,284.0,57.0,24.0,78.0,21.0,69.0,32.0,0.0,idle,57.4,21.533333333333335
2026-01-23 06:55:00,1065.6725,288,338.0,86.0,535.56832,804.99951,0.85741,531.40387,802.87607,0.84958,0.0,0.0,0.0,283.92826,57.0,24.0,78.0,21.0,69.0,32.0,0.0,idle,57.4,21.533333333333335
2026-01-23 07:00:00,1065.54227,288,338.0,86.0,535.97688,801.3262,0.85957,528.8492,799.30229,0.85289,0.0,0.0,0.0,283.9,57.0,24.0,78.0,21.0,69.0,32.0,0.0,idle,57.4,21.533333333333335
2026-01-23 07:05:00,1035.47609,288,338.0,86.0,515.39514,771.34676,0.86024,518.87923,786.71432,0.84721,0.0,0.0,0.0,283.9,57.0,24.0,78.0,21.0,69.0,32.0,0.0,idle,57.4,21.533333333333335
2026-01-23 07:10:00,1010.73683,288,338.0,86.0,505.23476,756.76247,0.85891,506.64425,768.70147,0.84598,0.0,0.0,0.0,283.9,57.0,24.0,78.0,21.0,69.0,32.0,0.0,idle,57.4,21.533333333333335
2026-01-23 07:15:00,1052.60047,288,338.0,86.0,526.30387,786.96535,0.85631,527.79074,793.1,0.85417,0.0,0.0,0.0,283.80122,57.0,24.0,78.0,21.0,69.0,32.0,0.0,idle,57.4,21.533333333333335
2026-01-23 07:20:00,1044.38465,288,338.0,86.0,523.80758,783.7231,0.86054,524.60632,794.41948,0.84736,0.0,0.0,0.0,283.8,57.0,24.0,78.0,21.0,69.0,32.0,0.0,idle,57.4,21.533333333333335
2026-01-23 07:25:00,1025.30892,288,338.0,86.0,504.57329,760.3839,0.85285,518.00141,782.57863,0.84944,0.0,0.0,0.0,283.8,57.0,24.0,78.0,21.0,69.0,32.0,0.0,idle,57.4,21.533333333333335
2026-01-23 07:30:00,1077.21142,288,338.0,86.0,535.76049,802.35409,0.85761,538.73418,809.19622,0.85416,0.0,0.0,0.0,283.8,57.0,24.0,78.0,21.0,69.0,32.0,0.0,idle,57.4,21.533333333333335
2026-01-23 07:35:00,1037.04731,288,338.0,86.0,516.68912,776.61957,0.85241,522.10936,786.8337,0.85526,0.0,0.0,0.0,283.8,57.0,24.0,78.0,21.0,69.0,32.0,0.0,idle,57.4,21.533333333333335
2026-01-23 07:40:00,1002.09083,288.54929,338.0,86.0,498.39701,751.00986,0.85206,501.33245,757.6042,0.85208,0.0,0.0,0.0,283.8,57.0,24.0,78.0,21.0,69.0,32.0,0.0,idle,57.4,21.533333333333335
2026-01-23 07:45:00,1003.4346,289,338.0,86.0,505.03197,760.41231,0.85402,496.26135,754.0849,0.84875,0.0,0.0,0.0,283.84745,57.0,24.0,78.0,21.0,69.0,32.0,0.0,idle,57.4,21.533333333333335
2026-01-23 07:50:00,1001.52411,289,338.0,86.0,496.12706,749.49045,0.85246,504.5413,762.34376,0.84999,0.0,0.0,0.0,283.9,57.0,24.0,78.0,21.0,69.0,32.0,0.0,idle,57.4,21.533333333333335
2026-01-23 07:55:00,997.35082,289,338.0,86.0,500.86433,754.67928,0.85456,497.84287,754.24658,0.8495,0.0,0.0,0.0,283.9,57.0,24.0,78.0,21.0,69.0,32.0,0.0,idle,57.4,21.533333333333335
2026-01-23 08:00:00,989.00574,289,338.0,86.0,497.23823,751.46026,0.85017,492.1854,748.56534,0.84638,0.0,0.0,0.0,283.9,57.0,24.0,78.0,21.0,69.0,32.0,0.0,idle,57.4,21.533333333333335
2026-01-23 08:05:00,992.44234,289,338.0,86.0,493.37622,746.46468,0.85044,499.00162,755.07778,0.84951,0.0,0.0,0.0,283.9,57.0,24.0,78.0,21.0,69.0,32.0,0.0,idle,57.4,21.533333333333335
2026-01-23 08:10:00,969.88954,289,338.0,86.0,485.09394,737.29049,0.84322,482.7391,737.91168,0.84037,0.0,0.0,0.0,283.90477,57.0,24.0,78.0,21.0,69.0,32.0,0.0,idle,57.4,21.533333333333335
2026-01-23 08:15:00,992.7448,289,338.0,86.0,493.76389,746.72395,0.84794,500.65637,755.89049,0.85,0.0,0.0,0.0,284.0,57.0,24.0,78.0,21.0,69.0,32.0,0.0,idle,57.4,21.533333333333335
2026-01-23 08:20:00,1002.59957,289,338.0,86.0,501.03803,755.44025,0.85246,500.26849,757.46643,0.84672,0.0,0.0,0.0,284.0,57.0,24.0,78.0,21.0,69.0,32.0,0.0,idle,57.4,21.533333333333335
2026-01-23 08:25:00,983.5975,289,338.0,86.0,489.70802,743.95578,0.84627,492.16137,747.43491,0.84828,0.0,0.0,0.0,284.0,57.0,24.0,78.0,21.0,69.0,32.0,0.0,idle,57.4,21.533333333333335
2026-01-23 08:30:00,977.32154,289,338.0,86.0,489.48577,742.67858,0.84666,487.23078,740.99263,0.84762,0.0,0.0,0.0,284.0,57.0,24.0,78.0,21.0,69.0,32.0,0.0,idle,57.4,21.533333333333335
2026-01-23 08:35:00,984.90322,289,338.0,86.0,491.94593,743.96737,0.84675,490.61375,744.74639,0.84753,0.0,0.0,0.0,283.99843,57.0,24.0,78.0,21.0,69.0,32.0,0.0,idle,57.4,21.533333333333335
2026-01-23 08:40:00,989.44076,289,338.0,86.0,499.77615,755.15671,0.85257,498.3847,754.8469,0.84675,0.0,0.0,0.0,283.9,57.0,24.0,78.0,21.0,69.0,32.0,0.0,idle,57.4,21.533333333333335
2026-01-23 08:45:00,991.62923,289,338.0,86.0,495.1623,749.00125,0.85078,493.38893,748.20538,0.84787,0.0,0.0,0.0,283.90807,57.0,24.0,78.0,21.0,69.0,32.0,0.0,idle,57.4,21.533333333333335
2026-01-23 08:50:00,977.0056,289,338.70125,86.0,486.13683,738.59539,0.84414,493.1873,747.62983,0.84707,0.0,0.0,0.0,284.0,57.0,24.0,78.0,21.0,69.0,32.0,0.0,idle,57.4,21.533333333333335
2026-01-23 08:55:00,984.00137,289,339.0,86.0,494.72076,746.93013,0.85137,497.30053,751.82826,0.84626,0.0,0.0,0.0,284.0,57.0,24.0,78.0,21.0,69.0,32.0,0.0,idle,57.4,21.533333333333335
2026-01-23 09:00:00,989.29771,289,339.0,86.0,495.0907,749.64784,0.84782,493.865,750.5003,0.84573,0.0,0.0,0.0,284.09368,57.0,24.0,78.0,21.0,69.0,32.0,0.0,idle,57.4,21.533333333333335
2026-01-23 09:05:00,988.57509,289,339.0,86.0,496.97492,752.52536,0.84874,494.66463,751.93608,0.846,0.0,0.0,0.0,284.1,57.0,24.0,78.0,21.0,69.0,32.0,0.0,idle,57.4,21.533333333333335
2026-01-23 09:10:00,974.49598,289,339.0,86.0,488.15144,740.92187,0.84635,489.26481,745.91898,0.8437,0.0,0.0,0.0,284.1,57.0,24.0,78.0,21.0,69.0,32.0,0.0,idle,57.4,21.533333333333335
2026-01-23 09:15:00,978.62599,289,339.0,86.0,491.32077,744.32644,0.84935,486.18285,741.68336,0.84373,0.0,0.0,0.0,284.1,57.0,24.0,78.0,21.0,69.0,32.0,0.0,idle,57.4,21.533333333333335
2026-01-23 09:20:00,987.55352,289,339.0,86.0,495.89229,748.29355,0.85387,492.59407,749.17301,0.84329,0.0,0.0,0.0,284.1,57.0,24.0,78.0,21.0,69.0,32.0,0.0,idle,57.4,21.533333333333335
2026-01-23 09:25:00,989.59936,289,339.0,86.0,490.87856,743.48831,0.84709,494.11012,749.29074,0.84556,0.0,0.0,0.0,284.1,57.0,24.0,78.0,21.0,69.0,32.0,0.0,idle,57.4,21.533333333333335
2026-01-23 09:30:00,984.3955,289,339.0,86.0,493.47784,746.94047,0.85229,491.92883,748.73881,0.84526,0.0,0.0,0.0,284.1,57.0,24.0,78.0,21.0,69.0,32.0,0.0,idle,57.4,21.533333333333335
2026-01-23 09:35:00,970.76834,289,339.0,86.0,481.82843,734.29066,0.84226,486.24694,741.08068,0.84317,0.0,0.0,0.0,284.1,57.0,24.0,78.0,21.0,69.0,32.0,0.0,idle,57.4,21.533333333333335
2026-01-23 09:40:00,807.37475,289,339.0,86.0,399.31344,630.05248,0.81656,404.32094,638.59984,0.81041,0.0,0.0,0.0,284.1,57.0,24.0,78.0,21.0,69.0,32.0,0.0,idle,57.4,21.533333333333335
2026-01-23 09:45:00,749.47686,289.73202,339.0,86.0,382.08845,605.67184,0.80991,371.17141,600.50499,0.79524,0.0,0.0,0.0,284.03515,57.0,24.0,78.0,21.0,69.0,32.0,0.0,idle,57.4,21.533333333333335
2026-01-23 09:50:00,732.79272,290,339.0,86.0,367.69168,590.61959,0.80145,362.38896,590.95581,0.78758,0.0,0.0,0.0,284.0,57.0,24.0,78.0,21.0,69.0,32.0,0.0,idle,57.4,21.533333333333335
2026-01-23 09:55:00,688.3593,290,339.0,86.0,341.03254,559.54695,0.78422,349.03309,573.42508,0.7835,0.0,0.0,0.0,284.0,57.0,24.0,78.0,21.0,69.0,32.0,0.0,idle,57.4,21.533333333333335
2026-01-23 10:00:00,643.69367,290,339.0,86.0,314.53974,530.95754,0.76111,328.59787,549.13823,0.76831,0.0,0.0,0.0,283.9213,57.0,24.0,78.0,21.0,69.0,32.0,0.0,idle,57.4,21.533333333333335
2026-01-23 10:05:00,625.3114,290,339.0,86.0,307.97202,539.55611,0.73599,317.96539,552.33435,0.73932,0.0,0.0,0.0,283.9,57.0,24.0,78.0,21.0,69.0,32.0,0.0,idle,57.4,21.533333333333335
2026-01-23 10:10:00,603.12206,290,339.0,86.0,302.11849,530.26311,0.73329,301.39684,536.24295,0.72086,0.0,0.0,0.0,283.9,57.0,24.0,78.0,21.0,69.0,32.0,0.0,idle,57.4,21.533333333333335
2026-01-23 10:15:00,636.35373,290,339.0,86.0,323.55465,549.41831,0.75603,313.6629,546.84946,0.7377,0.0,0.0,0.0,283.9,57.0,24.0,78.0,21.0,69.0,32.0,0.0,idle,57.4,21.533333333333335
2026-01-23 10:20:00,592.16813,290,339.0,86.0,300.1522,521.05271,0.73984,289.98368,520.16925,0.71561,0.0,0.0,0.0,283.9,57.0,24.0,78.0,21.0,69.0,32.0,0.0,idle,57.4,21.533333333333335
2026-01-23 10:25:00,595.53361,290,339.0,86.0,301.67204,523.57239,0.74084,294.28992,523.82303,0.72288,0.0,0.0,0.0,283.9,57.0,24.0,78.0,21.0,69.0,32.0,0.0,idle,57.4,21.533333333333335
2026-01-23 10:30:00,612.85182,290,339.0,86.0,313.96909,536.94596,0.75555,302.30288,533.83371,0.72934,0.0,0.0,0.0,283.9,57.0,24.0,78.0,21.0,69.0,32.0,0.0,idle,57.4,21.533333333333335
2026-01-23 10:35:00,635.14666,290,339.0,86.0,318.34534,540.51354,0.75624,320.57326,551.81514,0.7443,0.0,0.0,0.0,283.9,57.0,24.0,78.0,21.0,69.0,32.0,0.0,idle,57.4,21.533333333333335
2026-01-23 10:40:00,653.76543,290,339.0,86.0,323.24765,545.46091,0.76394,327.37143,558.63597,0.75488,0.0,0.0,0.0,283.9,57.0,24.0,78.0,21.0,69.0,32.0,0.0,idle,57.4,21.533333333333335
2026-01-23 10:45:00,740.23418,290,339.0,86.0,374.67324,607.8237,0.78951,369.82713,610.78327,0.77534,0.0,0.0,0.0,283.88707,57.0,24.0,78.0,21.0,69.0,32.0,0.0,idle,57.4,21.533333333333335
2026-01-23 10:50:00,710.69378,290,339.0,86.0,347.66039,574.24161,0.78003,359.34427,594.75889,0.77481,0.0,0.0,0.0,283.8,57.0,24.0,78.0,21.0,69.0,32.0,0.0,idle,57.4,21.533333333333335
2026-01-23 10:55:00,704.26288,290,339.0,86.0,349.68396,575.55773,0.78292,356.01751,587.63289,0.77607,0.0,0.0,0.0,283.8,57.0,24.0,78.0,21.0,69.0,32.0,0.0,idle,57.4,21.533333333333335
2026-01-23 11:00:00,704.37872,290,339.0,86.0,356.9251,582.79034,0.78607,346.39477,579.48207,0.76724,0.0,0.0,0.0,283.8,57.0,24.0,78.0,21.0,69.0,32.0,0.0,idle,57.4,21.533333333333335
2026-01-23 11:05:00,747.29945,290,339.0,86.0,377.35694,609.11618,0.79893,372.51234,611.04492,0.78291,0.0,0.0,0.0,283.8,57.0,24.0,78.0,21.0,69.0,32.0,0.0,idle,57.4,21.533333333333335
2026-01-23 11:10:00,843.54985,290,339.0,86.0,420.08792,661.23966,0.81745,424.67501,671.77,0.81329,0.0,0.0,0.0,283.8,57.0,24.0,78.0,21.0,69.0,32.0,0.0,idle,57.4,21.533333333333335
2026-01-23 11:15:00,838.33397,290,339.0,86.0,417.80408,656.90612,0.81898,422.74727,669.02771,0.81357,0.0,0.0,0.0,283.8,57.0,24.0,78.0,21.0,69.0,32.0,0.0,idle,57.4,21.533333333333335
2026-01-23 11:20:00,830.73503,290,339.71286,86.0,423.75672,664.12275,0.81992,412.993,662.38749,0.80323,0.0,0.0,0.0,283.8,57.0,24.0,78.0,21.0,69.0,32.0,0.0,idle,57.4,21.533333333333335
2026-01-23 11:25:00,860.90495,290,340.0,86.0,433.2566,674.98581,0.82612,426.37276,676.54543,0.81106,0.0,0.0,0.0,283.8,57.0,24.0,78.0,21.0,69.0,32.0,0.0,idle,57.4,21.533333333333335
2026-01-23 11:30:00,808.38073,290,340.0,86.0,402.51633,638.2294,0.81085,400.64731,644.91548,0.79735,0.0,0.0,0.0,283.8,57.0,24.0,78.0,21.0,69.0,32.0,0.0,idle,57.4,21.533333333333335
2026-01-23 11:35:00,771.14974,290,340.0,86.0,389.58254,619.11952,0.81147,378.85973,617.3457,0.7886,0.0,0.0,0.0,283.8,57.0,24.0,78.0,21.0,69.0,32.0,0.0,idle,57.4,21.533333333333335
2026-01-23 11:40:00,741.60124,290,340.0,86.0,377.73274,607.41867,0.79905,361.97985,600.40706,0.77418,0.0,0.0,0.0,283.84316,57.0,24.0,78.0,21.0,69.0,32.0,0.0,idle,57.4,21.533333333333335
2026-01-23 11:45:00,755.83284,290,340.0,86.0,385.54762,616.38261,0.80325,372.63423,612.72197,0.78198,0.0,0.0,0.0,283.9,57.0,24.0,78.0,21.0,69.0,32.0,0.0,idle,57.4,21.533333333333335
2026-01-23 11:50:00,740.57523,290,340.0,86.0,376.09979,605.56022,0.80017,364.75259,603.94242,0.77638,0.0,0.0,0.0,283.9,57.0,24.0,78.0,21.0,69.0,32.0,0.0,idle,57.4,21.533333333333335
2026-01-23 11:55:00,679.23304,290,340.0,86.0,331.89626,544.53725,0.78437,346.07771,566.23914,0.78348,0.0,0.0,0.0,283.9,57.0,24.0,78.0,21.0,69.0,32.0,0.0,idle,57.4,21.533333333333335
2026-01-23 12:00:00,663.30099,290,340.0,86.0,326.4488,535.80409,0.78254,336.89207,554.70573,0.78083,0.0,0.0,0.0,283.9,57.0,24.0,78.0,21.0,69.0,32.0,0.0,idle,57.4,21.533333333333335
2026-01-23 12:05:00,649.07057,290,340.0,86.0,320.33775,530.0398,0.77679,325.91123,544.05872,0.76764,0.0,0.0,0.0,283.9,57.0,24.0,78.0,21.0,69.0,32.0,0.0,idle,57.4,21.533333333333335
2026-01-23 12:10:00,643.37109,290,340.0,86.0,331.60655,541.32096,0.78604,319.7069,539.74002,0.7592,0.0,0.0,0.0,283.9,57.0,24.0,78.0,21.0,69.0,32.0,0.0,idle,57.4,21.533333333333335
2026-01-23 12:15:00,497.68355,290,340.0,86.0,237.25099,441.02268,0.68997,258.29216,470.22879,0.70643,0.0,0.0,0.0,283.9,57.0,24.0,78.0,21.0,69.0,32.0,0.0,idle,57.4,21.533333333333335
2026-01-23 12:20:00,508.62901,290,340.0,86.0,246.83552,447.08058,0.70785,263.95009,474.39751,0.71163,0.0,0.0,0.0,283.9,57.0,24.0,78.0,21.0,69.0,32.0,0.0,idle,57.4,21.533333333333335
2026-01-23 12:25:00,672.84885,290,340.0,86.0,340.03389,550.46424,0.79575,333.86799,553.79874,0.77374,0.0,0.0,0.0,283.9,57.0,24.0,78.0,21.0,69.0,32.0,0.0,idle,57.4,21.533333333333335
2026-01-23 12:30:00,673.84276,290,340.0,86.0,343.38237,551.97011,0.79951,331.77693,550.85483,0.7739,0.0,0.0,0.0,283.9,57.0,24.0,78.0,21.0,69.0,32.0,0.0,idle,57.4,21.533333333333335
2026-01-23 12:35:00,674.90034,290.53124,340.0,86.0,343.3905,554.9164,0.80032,332.76013,554.20482,0.77314,0.0,0.0,0.0,283.84007,57.0,24.0,78.0,21.0,69.0,32.0,0.0,idle,57.4,21.533333333333335
2026-01-23 12:40:00,656.94682,291,340.0,86.0,333.19443,543.3658,0.79103,323.76646,544.02195,0.76571,0.0,0.0,0.0,283.8,57.0,24.0,78.0,21.0,69.0,32.0,0.0,idle,57.4,21.533333333333335
2026-01-23 12:45:00,655.23888,291,340.0,86.0,331.89448,541.01563,0.79147,322.28371,540.85436,0.7662,0.0,0.0,0.0,283.8,57.0,24.0,78.0,21.0,69.0,32.0,0.0,idle,57.4,21.533333333333335
2026-01-23 12:50:00,664.42753,291,340.0,86.0,336.05127,545.2185,0.79522,327.29196,546.39292,0.77078,0.0,0.0,0.0,283.89296,57.0,24.0,78.0,21.0,69.0,32.0,0.0,idle,57.4,21.533333333333335
2026-01-23 12:55:00,672.73813,291,340.0,86.0,341.30146,545.69054,0.80402,331.46839,545.04895,0.78187,0.0,0.0,0.0,284.0,57.0,24.0,78.0,21.0,69.0,32.0,0.0,idle,57.4,21.533333333333335
2026-01-23 13:00:00,668.99037,291,340.0,86.0,340.28648,544.76959,0.80652,329.91105,545.06535,0.77809,0.0,0.0,0.0,284.0,57.0,24.0,78.0,21.0,69.0,32.0,0.0,idle,57.4,21.533333333333335
2026-01-23 13:05:00,669.297,291,340.0,86.0,339.55949,543.57718,0.80697,329.0818,543.98248,0.78001,0.0,0.0,0.0,284.08044,57.0,24.0,78.0,21.0,69.0,32.0,0.0,idle,57.4,21.533333333333335
2026-01-23 13:10:00,664.48355,291,340.0,86.0,335.82926,537.24111,0.80594,327.02874,539.15337,0.7781,0.0,0.0,0.0,284.15033,57.0,24.0,78.0,21.0,69.0,32.0,0.0,idle,57.4,21.533333333333335
2026-01-23 13:15:00,485.5442,291,340.0,86.0,245.93484,400.42348,0.79914,237.23784,401.40256,0.75689,0.0,0.0,0.0,284.26593,57.0,24.0,78.0,21.0,69.0,32.0,0.0,idle,57.4,21.533333333333335
2026-01-23 13:20:00,480.91717,291,340.0,86.0,243.34494,379.90683,0.82224,237.08552,387.4457,0.78533,0.0,0.0,0.0,284.3,57.0,24.0,78.0,21.0,69.0,32.0,0.0,idle,57.4,21.533333333333335
2026-01-23 13:25:00,478.40558,291,340.0,86.0,240.51644,375.73617,0.82512,235.41044,386.65112,0.78392,0.0,0.0,0.0,284.3,57.0,24.0,78.0,21.0,69.0,32.0,0.0,idle,57.4,21.533333333333335
2026-01-23 13:30:00,466.85502,291,340.0,86.0,236.02276,368.89305,0.82067,230.21872,379.55018,0.77729,0.0,0.0,0.0,284.3,57.0,24.0,78.0,21.0,69.0,32.0,0.0,idle,57.4,21.533333333333335
2026-01-23 13:35:00,476.36205,291,340.0,86.0,242.46617,376.91983,0.82754,236.16088,386.70536,0.78709,0.0,0.0,0.0,284.3,57.0,24.0,78.0,21.0,69.0,32.0,0.0,idle,57.4,21.533333333333335
2026-01-23 13:40:00,479.4462,291,340.0,86.0,243.17219,377.3632,0.82906,235.91552,387.61973,0.78482,0.0,0.0,0.0,284.3,57.0,24.0,78.0,21.0,69.0,32.0,0.0,idle,57.4,21.533333333333335
2026-01-23 13:45:00,491.07141,291,340.0,86.0,248.93445,384.11676,0.83486,241.33539,392.9851,0.79277,0.0,0.0,0.0,284.3,57.0,24.0,78.0,21.0,69.0,32.0,0.0,idle,57.4,21.533333333333335
2026-01-23 13:50:00,468.77282,291,340.0,86.0,236.74153,371.73964,0.82256,232.25976,384.52557,0.77846,0.0,0.0,0.0,284.3,57.0,24.0,78.0,21.0,69.0,32.0,0.0,idle,57.4,21.533333333333335
2026-01-23 13:55:00,465.12192,291,340.0,86.0,0.0,0.0,0.0,466.00903,751.51282,0.80037,0.0,0.0,0.0,284.3,57.0,24.0,78.0,21.0,69.0,32.0,0.0,idle,57.4,21.533333333333335
2026-01-23 14:00:00,485.03559,291,340.0,86.0,0.0,0.0,0.0,482.6133,770.72579,0.80855,0.0,0.0,0.0,284.22465,57.0,24.0,78.0,21.0,69.0,32.0,0.0,idle,57.4,21.533333333333335
2026-01-23 14:05:00,486.80397,291,340.0,86.0,0.0,0.0,0.0,486.45254,772.21195,0.8124,0.0,0.0,0.0,284.2,57.0,24.0,78.0,21.0,69.0,32.0,0.0,idle,57.4,21.533333333333335
2026-01-23 14:10:00,474.156,291,340.0,86.0,0.0,0.0,0.0,472.95371,758.82955,0.80387,0.0,0.0,0.0,284.2,57.0,24.0,78.0,21.0,69.0,32.0,0.0,idle,57.4,21.533333333333335
2026-01-23 14:15:00,462.56107,291,340.09368,86.0,0.0,0.0,0.0,462.2158,749.17748,0.79619,0.0,0.0,0.0,284.1,57.0,24.0,78.0,21.0,69.0,32.0,0.0,idle,57.4,21.533333333333335
2026-01-23 14:20:00,483.20199,291,341.0,86.0,0.0,0.0,0.0,484.75065,771.46997,0.80592,0.0,0.0,0.0,284.1,57.0,24.0,78.0,21.0,69.0,32.0,0.0,idle,57.4,21.533333333333335
2026-01-23 14:25:00,476.75195,291,341.0,86.0,0.0,0.0,0.0,474.80489,761.34342,0.8043,0.0,0.0,0.0,284.1,57.0,24.0,78.0,21.0,69.0,32.0,0.0,idle,57.4,21.533333333333335
2026-01-23 14:30:00,473.82801,291,341.0,86.0,0.0,0.0,0.0,474.07199,762.91876,0.80532,0.0,0.0,0.0,284.01589,57.0,24.0,78.0,21.0,69.0,32.0,0.0,idle,57.4,21.533333333333335
2026-01-23 14:35:00,508.47169,291,341.0,86.0,0.0,0.0,0.0,509.40799,809.32707,0.80782,0.0,0.0,0.0,284.0,57.0,24.0,78.0,21.0,69.0,32.0,0.0,idle,57.4,21.533333333333335
2026-01-23 14:40:00,528.0867,291,341.0,86.0,0.0,0.0,0.0,529.27479,833.60594,0.81706,0.0,0.0,0.0,284.0,57.0,24.0,78.0,21.0,69.0,32.0,0.0,idle,57.4,21.533333333333335
2026-01-23 14:45:00,542.74169,291,341.0,86.0,0.0,0.0,0.0,539.92892,847.93915,0.82209,0.0,0.0,0.0,284.0,57.0,24.0,78.0,21.0,69.0,32.0,0.0,idle,57.4,21.533333333333335
2026-01-23 14:50:00,522.32847,291,341.0,86.0,0.0,0.0,0.0,523.45196,831.05046,0.81189,0.0,0.0,0.0,284.00272,57.0,24.0,78.0,21.0,69.0,32.0,0.0,idle,57.4,21.533333333333335
2026-01-23 14:55:00,492.68149,291,341.0,86.0,0.0,0.0,0.0,492.9331,785.64332,0.81011,0.0,0.0,0.0,284.1,57.0,24.0,78.0,21.0,69.0,32.0,0.0,idle,57.4,21.533333333333335
2026-01-23 15:00:00,493.06154,291,341.0,86.0,0.0,0.0,0.0,491.45939,784.11545,0.81009,0.0,0.0,0.0,284.1,57.0,24.0,78.0,21.0,69.0,32.0,0.0,idle,57.4,21.533333333333335
2026-01-23 15:05:00,495.07006,291,341.0,86.0,0.0,0.0,0.0,496.36165,786.49724,0.81163,0.0,0.0,0.0,284.1,57.0,24.0,78.0,21.0,69.0,32.0,0.0,idle,57.4,21.533333333333335
2026-01-23 15:10:00,485.22382,291,341.0,86.0,0.0,0.0,0.0,486.83858,780.31533,0.80319,0.0,0.0,0.0,284.1,57.0,24.0,78.0,21.0,69.0,32.0,0.0,idle,57.4,21.533333333333335
2026-01-23 15:15:00,479.78866,291,341.0,86.0,204.4839,323.22273,0.69589,276.08424,449.70088,0.78353,0.0,0.0,0.0,284.1,57.0,24.0,78.0,21.0,69.0,32.0,0.0,idle,57.4,21.533333333333335
2026-01-23 15:20:00,489.53247,291,341.0,86.0,252.00109,389.8044,0.83641,239.03904,396.08411,0.77854,0.0,0.0,0.0,284.1,57.0,24.0,78.0,21.0,69.0,32.0,0.0,idle,57.4,21.533333333333335
2026-01-23 15:25:00,488.79661,291,341.0,86.0,249.46394,399.73055,0.80478,241.65008,412.45067,0.75314,0.0,0.0,0.0,284.1,57.0,24.0,78.0,21.0,69.0,32.0,0.0,idle,57.4,21.533333333333335
2026-01-23 15:30:00,485.10432,291,341.0,86.0,247.89644,410.43262,0.77852,238.11807,423.52698,0.72753,0.0,0.0,0.0,284.1,57.0,24.0,78.0,21.0,69.0,32.0,0.0,idle,57.4,21.533333333333335
2026-01-23 15:35:00,492.82634,291,341.0,86.0,247.90444,436.81918,0.73481,248.2162,456.07971,0.70573,0.0,0.0,0.0,284.20142,57.0,24.0,78.0,21.0,69.0,32.0,0.0,idle,57.4,21.533333333333335
2026-01-23 15:40:00,479.17229,291,341.0,86.0,232.58467,456.16845,0.65783,247.15166,485.51111,0.6565,0.0,0.0,0.0,284.3,57.0,24.0,78.0,21.0,69.0,32.0,0.0,idle,57.4,21.533333333333335
2026-01-23 15:45:00,487.28953,291,341.0,86.0,235.25667,465.86611,0.651,253.66802,496.97944,0.65778,0.0,0.0,0.0,284.3,57.0,24.0,78.0,21.0,69.0,32.0,0.0,idle,57.4,21.533333333333335
2026-01-23 15:50:00,518.03953,291,341.0,86.0,246.40668,490.8491,0.6471,270.0473,524.34473,0.66042,0.0,0.0,0.0,284.3,57.0,24.0,78.0,21.0,69.0,32.0,0.0,idle,57.4,21.533333333333335
2026-01-23 15:55:00,528.74907,291,341.0,86.0,262.35159,504.24072,0.67021,266.59079,522.09681,0.65763,0.0,0.0,0.0,284.4,57.0,24.0,78.0,21.0,69.0,32.0,0.0,idle,57.4,21.533333333333335
2026-01-23 16:00:00,508.38637,291,341.0,86.0,253.46376,487.48747,0.6722,255.73538,504.31645,0.65694,0.0,0.0,0.0,284.4,57.0,24.0,78.0,21.0,69.0,32.0,0.0,idle,57.4,21.533333333333335
2026-01-23 16:05:00,502.07801,291,341.0,86.0,249.18558,484.02908,0.66268,253.09765,502.96484,0.64736,0.0,0.0,0.0,284.4,57.0,24.0,78.0,21.0,69.0,32.0,0.0,idle,57.4,21.533333333333335
2026-01-23 16:10:00,505.30465,291,341.0,86.0,251.94965,488.46774,0.6634,252.45934,505.84381,0.64171,0.0,0.0,0.0,284.4,57.0,24.0,78.0,21.0,69.0,32.0,0.0,idle,57.4,21.533333333333335
2026-01-23 16:15:00,557.25924,291,341.0,86.0,276.69529,518.92825,0.68544,279.51216,533.80573,0.67387,0.0,0.0,0.0,284.26456,57.0,24.0,78.0,21.0,69.0,32.0,0.0,idle,57.4,21.533333333333335
2026-01-23 16:20:00,673.63465,291,341.0,86.0,337.0819,589.24245,0.72504,338.68405,601.41656,0.7135,0.0,0.0,0.0,284.90183,57.0,24.0,78.0,21.0,69.0,32.0,0.03194,Ballast,57.4,21.533333333333335
2026-01-23 16:25:00,548.28718,291,341.0,86.0,277.38567,517.5453,0.68774,269.13535,524.75244,0.65998,0.0,0.0,0.0,277.8148,57.0,24.0,78.0,21.0,69.0,32.0,1.89905,Ballast,57.4,21.533333333333335
2026-01-23 16:30:00,543.6758,291,341.0,86.0,271.68186,506.73305,0.68983,269.97858,522.30906,0.66419,0.0,0.0,0.0,261.2196,57.0,24.0,78.0,21.0,69.0,32.0,4.32195,Ballast,57.4,21.533333333333335
2026-01-23 16:35:00,540.10728,291,341.0,86.0,273.4916,498.63672,0.70473,264.49633,507.92285,0.66965,0.0,0.0,0.0,323.99129,57.0,24.0,78.0,21.0,69.0,31.0,7.30251,Ballast,57.4,21.516666666666666
2026-01-23 16:40:00,529.61737,291,341.0,86.0,271.10825,449.34659,0.77919,259.43663,446.95115,0.74779,0.0,0.0,0.0,324.64009,57.0,24.51861,78.0,21.0,69.0,30.0021,8.04294,Ballast,57.4086435,21.500035
2026-01-23 16:45:00,549.95306,291,341.0,86.0,272.65308,452.13474,0.77511,277.45517,466.06091,0.76583,0.0,0.0,0.0,326.04037,57.0,25.0,78.0,21.0,69.0,29.64163,9.00762,Ballast,57.416666666666664,21.494027166666665
2026-01-23 16:50:00,570.38108,291,341.0,86.0,277.29692,458.13953,0.78006,291.72895,480.15072,0.78052,0.0,0.0,0.0,325.40803,57.0,25.51372,78.0,21.0,69.0,29.0,10.34068,Ballast,57.42522866666667,21.483333333333334
2026-01-23 16:55:00,570.17109,291,341.0,86.0,277.15814,456.57972,0.77946,292.50104,481.06949,0.78378,0.0,0.0,0.0,323.84799,57.0,26.77702,78.0,21.0,69.0,27.20708,11.03702,Ballast,57.446283666666666,21.453451333333334
2026-01-23 17:00:00,563.57473,291,341.0,86.0,277.08347,458.94591,0.77753,286.86764,476.71295,0.77385,0.0,0.0,0.0,331.11707,57.0,27.13311,78.0,21.0,69.0,26.46268,11.00219,Ballast,57.4522185,21.441044666666667
2026-01-23 17:05:00,543.16234,291,341.0,86.0,279.18828,456.66996,0.78529,266.27423,454.41333,0.75223,0.0,0.0,0.0,333.00974,57.0,28.0,78.0,21.0,69.0,25.9503,11.6079,Ballast,57.46666666666667,21.432505
2026-01-23 17:10:00,509.50538,291,341.0,86.0,258.78332,432.87052,0.77043,252.73686,440.31741,0.73809,0.0,0.0,0.0,333.14094,57.0,28.70819,78.0,21.0,69.0,25.0,13.30932,Ballast,57.478469833333335,21.416666666666668
2026-01-23 17:15:00,538.02918,291,341.97447,86.0,264.43346,435.19647,0.781,273.59871,460.44361,0.7612,0.0,0.0,0.0,332.99198,57.0,30.24014,78.0,21.0,69.0,23.47278,13.9,Ballast,57.50400233333333,21.391213
2026-01-23 17:20:00,521.55982,291,342.0,86.0,256.04029,426.73714,0.77167,263.58795,450.05361,0.75323,0.0,0.0,0.0,332.92958,57.0,31.02849,78.0,21.0,69.0,22.72167,13.9,Ballast,57.5171415,21.3786945
2026-01-23 17:25:00,527.26541,291,342.0,86.0,261.43427,432.1511,0.78113,268.93007,454.43436,0.75963,0.0,0.0,0.0,331.50898,57.0,32.0,78.0,21.0,69.0,21.93544,13.9,Ballast,57.53333333333333,21.365590666666666
2026-01-23 17:30:00,511.74537,291,342.0,86.0,258.49897,419.54184,0.79284,254.75373,434.04468,0.75242,0.0,0.0,0.0,331.04191,57.0,32.80122,78.0,21.0,69.0,21.0,13.97467,Ballast,57.546687,21.35
2026-01-23 17:35:00,492.73255,291.7212,342.0,86.0,493.08494,816.04252,0.77776,0.0,0.0,0.0,0.0,0.0,0.0,330.97939,57.0,34.35519,78.0,21.0,69.0,19.3006,14.0,Ballast,57.5725865,21.321676666666665
2026-01-23 17:40:00,502.84238,292,342.0,86.0,503.937,827.29849,0.78669,0.0,0.0,0.0,0.0,0.0,0.0,331.28197,57.0,35.13273,78.0,21.0,69.0,18.47633,14.0188,Ballast,57.5855455,21.307938833333335
2026-01-23 17:45:00,507.6922,292,342.0,86.0,509.38468,829.44598,0.79192,0.0,0.0,0.0,0.0,0.0,0.0,333.15719,57.0,36.0,78.0,21.0,69.0,17.68599,14.1,Ballast,57.6,21.2947665
2026-01-23 17:50:00,513.3003,292,342.0,86.0,511.35716,833.2898,0.79461,0.0,0.0,0.0,0.0,0.0,0.0,332.7895,57.0,36.93897,78.0,21.0,69.0,16.91574,14.16,Ballast,57.6156495,21.281929
2026-01-23 17:55:00,516.12983,292,342.0,86.0,514.9889,835.50336,0.79285,0.0,0.0,0.0,0.0,0.0,0.0,333.19126,57.0,38.54044,78.0,21.0,69.0,15.14806,14.16114,Ballast,57.64234066666667,21.252467666666668
2026-01-23 18:00:00,509.90033,292,342.0,86.0,507.73596,828.00351,0.79016,0.0,0.0,0.0,0.0,0.0,0.0,333.00794,57.0,39.35792,78.0,21.0,69.0,14.38082,14.26368,Ballast,57.655965333333334,21.239680333333332
2026-01-23 18:05:00,502.48258,292,342.0,86.0,502.7293,820.34867,0.79045,0.0,0.0,0.0,0.0,0.0,0.0,333.08986,57.0,40.17136,78.0,21.0,69.0,13.59174,14.21832,Ballast,57.669522666666666,21.226529
2026-01-23 18:10:00,488.71,292,342.0,86.0,489.68318,805.30237,0.7829,0.0,0.0,0.0,0.0,0.0,0.0,332.86548,57.0,41.0,78.0,21.0,69.0,12.80407,14.20988,Ballast,57.68333333333333,21.213401166666667
2026-01-23 18:15:00,527.16936,292,342.0,86.0,526.60772,851.13683,0.80033,0.0,0.0,0.0,0.0,0.0,0.0,298.63764,57.0,42.77301,78.0,21.0,69.0,11.02687,13.846,Ballast,57.7128835,21.183781166666666
2026-01-23 18:20:00,512.29946,292,342.0,86.0,512.05955,830.5781,0.79327,0.0,0.0,0.0,0.0,0.0,0.0,67.80257,57.0,43.66957,78.0,21.0,69.0,11.0,13.65284,Ballast,57.72782616666667,21.183333333333334
2026-01-23 18:25:00,504.7479,292,342.0,86.0,505.32605,823.80776,0.78902,0.0,0.0,0.0,0.0,0.0,0.0,57.58966,57.0,44.57399,78.0,21.0,69.0,11.0,13.69891,Ballast,57.74289983333333,21.183333333333334
2026-01-23 18:30:00,506.4138,292,342.0,86.0,506.57276,828.15219,0.78905,0.0,0.0,0.0,0.0,0.0,0.0,169.27706,57.0,45.49059,78.0,21.0,69.0,11.0,13.82779,Ballast,57.7581765,21.183333333333334
2026-01-23 18:35:00,514.00282,292,342.0,86.0,514.41587,833.05146,0.79384,0.0,0.0,0.0,0.0,0.0,0.0,168.10421,57.0,47.33981,78.0,21.0,69.0,11.0,13.9,Ballast,57.788996833333336,21.183333333333334
2026-01-23 18:40:00,524.58283,292,342.0,86.0,526.62061,847.60983,0.8017,0.0,0.0,0.0,0.0,0.0,0.0,125.15764,57.0,48.25787,78.0,21.0,69.0,11.0,13.85993,Ballast,57.80429783333334,21.183333333333334
2026-01-23 18:45:00,511.02524,292,342.0,86.0,511.01832,827.59535,0.79575,0.0,0.0,0.0,0.0,0.0,0.0,225.28191,57.0,49.17459,78.0,21.0,69.0,11.0,13.8,Ballast,57.8195765,21.183333333333334
2026-01-23 18:50:00,510.12423,292,342.0,86.0,508.6635,824.24409,0.79413,0.0,0.0,0.0,0.0,0.0,0.0,31.09048,57.0,50.08901,78.0,21.0,69.0,11.0,13.8,Ballast,57.834816833333335,21.183333333333334
2026-01-23 18:55:00,520.61196,292,342.0,86.0,517.68171,838.50544,0.79202,0.0,0.0,0.0,0.0,0.0,0.0,3.55528,57.0,52.0,78.0,21.0,69.0,11.0,13.84643,Ballast,57.86666666666667,21.183333333333334
2026-01-23 19:00:00,521.42612,292,342.0,86.0,519.55504,838.23864,0.79925,0.0,0.0,0.0,0.0,0.0,0.0,9.61686,57.0,52.93432,78.0,21.0,69.0,11.0,13.67718,Ballast,57.882238666666666,21.183333333333334
2026-01-23 19:05:00,497.99266,292,342.0,86.0,496.40183,811.10494,0.79179,0.0,0.0,0.0,0.0,0.0,0.0,9.8633,57.0,53.82242,78.0,21.0,69.0,11.0,13.68434,Ballast,57.89704033333334,21.183333333333334
2026-01-23 19:10:00,511.06829,292,342.0,86.0,509.25896,827.92985,0.79199,0.0,0.0,0.0,0.0,0.0,0.0,10.21699,57.0,54.71865,78.0,21.0,69.0,11.0,13.69694,Ballast,57.9119775,21.183333333333334
2026-01-23 19:15:00,521.96369,292,342.0,86.0,522.4356,841.89928,0.79915,0.0,0.0,0.0,0.0,0.0,0.0,9.96043,57.0,56.49151,78.0,21.0,69.0,12.0,13.6,Ballast,57.941525166666665,21.2
2026-01-23 19:20:00,520.91938,292,342.0,86.0,521.90271,841.72034,0.79933,0.0,0.0,0.0,0.0,0.0,0.0,9.90261,57.0,57.3871,78.0,21.0,69.0,12.0,13.69786,Ballast,57.956451666666666,21.2
2026-01-23 19:25:00,502.71996,292,342.0,86.0,501.34151,816.49566,0.79138,0.0,0.0,0.0,0.0,0.0,0.0,10.15164,57.0,58.28043,78.0,21.0,69.0,12.0,13.7,Ballast,57.9713405,21.2
2026-01-23 19:30:00,509.72924,292,342.0,86.0,508.56239,824.16936,0.79424,0.0,0.0,0.0,0.0,0.0,0.0,10.02336,57.17112,48.95326,78.0,21.0,69.0,12.56584,13.7,Ballast,57.98700766666667,21.209430666666666
2026-01-23 19:35:00,530.60056,293,342.0,86.0,530.94778,852.51298,0.80382,0.0,0.0,0.0,0.0,0.0,0.0,10.13259,58.0,1.0,78.0,21.0,69.0,13.0,13.76323,Ballast,58.016666666666666,21.216666666666665
2026-01-23 19:40:00,523.93876,293,342.0,86.0,524.77926,843.18498,0.79945,0.0,0.0,0.0,0.0,0.0,0.0,9.94781,58.0,1.96715,78.0,21.0,69.0,13.0,13.73324,Ballast,58.032785833333335,21.216666666666665
2026-01-23 19:45:00,502.40773,293,342.0,86.0,503.54727,821.12014,0.78845,0.0,0.0,0.0,0.0,0.0,0.0,10.08169,58.0,2.86502,78.0,21.0,69.0,13.8246,13.78213,Ballast,58.04775033333333,21.23041
2026-01-23 19:50:00,535.76255,293,342.0,86.0,535.13191,858.14602,0.80487,0.0,0.0,0.0,0.0,0.0,0.0,9.75913,58.0,3.76188,78.0,21.0,69.0,14.0,13.77485,Ballast,58.062698,21.233333333333334
2026-01-23 19:55:00,527.43051,293,342.0,86.0,525.6781,843.82164,0.80179,0.0,0.0,0.0,0.0,0.0,0.0,10.10181,58.0,5.55111,78.0,21.0,69.0,14.13784,13.63195,Ballast,58.0925185,21.235630666666665
2026-01-23 20:00:00,514.36609,293,342.0,86.0,515.12794,832.49377,0.79426,0.0,0.0,0.0,0.0,0.0,0.0,10.10226,58.0,6.43868,78.0,21.0,69.0,15.0,13.6,Ballast,58.107311333333335,21.25
2026-01-23 20:05:00,521.01755,293,342.0,86.0,521.0834,838.84673,0.80114,0.0,0.0,0.0,0.0,0.0,0.0,10.08747,58.0,7.32964,78.0,21.0,69.0,15.0,13.70108,Ballast,58.122160666666666,21.25
2026-01-23 20:10:00,520.54262,293,342.0,86.0,521.31838,839.05775,0.80218,0.0,0.0,0.0,0.0,0.0,0.0,9.86419,58.0,8.23168,78.0,21.0,69.0,15.0,13.72191,Ballast,58.137194666666666,21.25
2026-01-23 20:15:00,511.82131,293,342.0,86.0,512.45474,831.38054,0.79359,0.0,0.0,0.0,0.0,0.0,0.0,6.26351,58.0,10.01155,78.0,21.0,69.0,15.84942,13.5222,Ballast,58.16685916666667,21.264157
2026-01-23 20:20:00,504.8688,293,342.0,86.0,506.84078,825.03052,0.79089,0.0,0.0,0.0,0.0,0.0,0.0,6.26823,58.0,11.0,78.0,21.0,69.0,16.0,13.4,Ballast,58.18333333333333,21.266666666666666
2026-01-23 20:25:00,508.45295,293,342.0,86.0,508.41713,823.83897,0.79524,0.0,0.0,0.0,0.0,0.0,0.0,6.09479,58.0,11.89866,78.0,21.0,69.0,16.0,13.4,Ballast,58.198311,21.266666666666666
2026-01-23 20:30:00,524.80653,293,342.0,86.0,524.32002,841.95177,0.80164,0.0,0.0,0.0,0.0,0.0,0.0,5.96236,58.0,12.7794,78.0,21.0,69.0,16.0,13.4,Ballast,58.21299,21.266666666666666
2026-01-23 20:35:00,521.59399,293,342.0,86.0,522.76829,842.80885,0.79888,0.0,0.0,0.0,0.0,0.0,0.0,6.17094,58.0,14.54438,78.0,21.0,69.0,16.0,13.4,Ballast,58.242406333333335,21.266666666666666
2026-01-23 20:40:00,508.89145,293,342.0,86.0,510.45896,826.98602,0.79576,0.0,0.0,0.0,0.0,0.0,0.0,6.13095,58.0,15.42853,78.0,21.0,69.0,16.0,13.33001,Ballast,58.25714216666667,21.266666666666666
2026-01-23 20:45:00,506.43878,293,342.0,86.0,505.31013,821.10285,0.79165,0.0,0.0,0.0,0.0,0.0,0.0,5.86005,58.0,16.305,78.0,21.0,69.0,16.0,13.39399,Ballast,58.27175,21.266666666666666
2026-01-23 20:50:00,516.06851,293,342.0,86.0,517.27674,835.79377,0.79739,0.0,0.0,0.0,0.0,0.0,0.0,6.7972,58.0,17.1943,78.0,21.0,69.0,16.0,13.4,Ballast,58.28657166666667,21.266666666666666
2026-01-23 20:55:00,527.89374,293,342.0,86.0,526.27555,846.8891,0.79915,0.0,0.0,0.0,0.0,0.0,0.0,7.02002,58.0,19.0,78.0,21.0,69.0,16.49043,13.4,Ballast,58.31666666666667,21.2748405
2026-01-23 21:00:00,511.60068,293,342.0,86.0,511.8944,828.02439,0.79505,0.0,0.0,0.0,0.0,0.0,0.0,6.95195,58.0,19.96527,78.0,21.0,69.0,17.0,13.35125,Ballast,58.3327545,21.283333333333335
2026-01-23 21:05:00,498.14192,293,342.0,86.0,498.9144,815.29967,0.78692,0.0,0.0,0.0,0.0,0.0,0.0,7.21295,58.0,20.84173,78.0,21.0,69.0,17.0,13.32881,Ballast,58.34736216666667,21.283333333333335
2026-01-23 21:10:00,513.45932,293,342.0,86.0,514.09203,833.62211,0.79455,0.0,0.0,0.0,0.0,0.0,0.0,6.90165,58.0,21.72429,78.0,21.0,69.0,17.0,13.49597,Ballast,58.3620715,21.283333333333335
2026-01-23 21:15:00,527.97368,293,342.0,86.0,529.09467,850.68354,0.80023,0.0,0.0,0.0,0.0,0.0,0.0,8.96803,58.0,23.49048,78.0,21.0,69.0,17.0,13.38447,Ballast,58.391508,21.283333333333335
2026-01-23 21:20:00,533.52008,293,342.0,86.0,533.18724,856.95756,0.80377,0.0,0.0,0.0,0.0,0.0,0.0,8.92405,58.0,24.36552,78.0,21.0,69.0,17.0,13.39089,Ballast,58.406092,21.283333333333335
2026-01-23 21:25:00,537.51391,293,342.0,86.0,537.43671,869.79163,0.79461,0.0,0.0,0.0,0.0,0.0,0.0,8.9824,58.0,25.24481,78.0,21.0,69.0,17.01101,13.42942,Ballast,58.42074683333333,21.283516833333334
2026-01-23 21:30:00,546.12924,293.5458,342.0,86.0,546.80336,881.43195,0.80103,0.0,0.0,0.0,0.0,0.0,0.0,11.37571,58.0,26.12657,78.0,21.0,69.0,18.0,13.53727,Ballast,58.43544283333333,21.3
2026-01-23 21:35:00,510.29035,294,342.0,86.0,511.13591,830.70003,0.79245,0.0,0.0,0.0,0.0,0.0,0.0,5.33519,58.0,28.0,78.0,21.0,69.0,18.0,13.69587,Ballast,58.46666666666667,21.3
2026-01-23 21:40:00,528.59102,294,342.0,86.0,528.98859,848.28459,0.8007,0.0,0.0,0.0,0.0,0.0,0.0,2.95422,58.0,28.89914,78.0,21.0,69.0,18.0,13.92504,Ballast,58.48165233333334,21.3
2026-01-23 21:45:00,511.15922,294,342.0,86.0,510.44057,825.71878,0.79618,0.0,0.0,0.0,0.0,0.0,0.0,2.85548,58.0,29.82749,78.0,21.0,69.0,18.0,14.08229,Ballast,58.49712483333333,21.3
2026-01-23 21:50:00,512.63805,294,342.0,86.0,512.34655,830.09444,0.79312,0.0,0.0,0.0,0.0,0.0,0.0,2.96829,58.0,30.77102,78.0,21.0,69.0,18.0,14.16977,Ballast,58.51285033333333,21.3
2026-01-23 21:55:00,512.2326,294,342.0,86.0,512.35785,830.58127,0.79278,0.0,0.0,0.0,0.0,0.0,0.0,2.78448,58.0,32.65426,78.0,21.0,69.0,19.0,14.21794,Ballast,58.54423766666667,21.316666666666666
2026-01-23 22:00:00,533.57495,294,342.0,86.0,532.90881,852.40939,0.80486,0.0,0.0,0.0,0.0,0.0,0.0,2.87672,58.0,33.59887,78.0,21.0,69.0,19.0,14.20476,Ballast,58.55998116666667,21.316666666666666
2026-01-23 22:05:00,514.80852,294,342.0,86.0,515.86931,833.13326,0.79631,0.0,0.0,0.0,0.0,0.0,0.0,2.96253,58.0,34.54664,78.0,21.0,69.0,19.0,14.27584,Ballast,58.575777333333335,21.316666666666666
2026-01-23 22:10:00,509.67596,294,342.0,86.0,509.2807,829.05909,0.79273,0.0,0.0,0.0,0.0,0.0,0.0,3.09069,58.0,35.50504,78.0,21.0,69.0,19.0,14.39604,Ballast,58.59175066666667,21.316666666666666
2026-01-23 22:15:00,517.39436,294,342.0,86.0,516.81276,833.54508,0.79755,0.0,0.0,0.0,0.0,0.0,0.0,2.91309,58.0,37.41731,78.0,21.0,69.0,19.0,14.32113,Ballast,58.62362183333333,21.316666666666666
2026-01-23 22:20:00,525.5723,294,342.0,86.0,526.02737,846.43693,0.80098,0.0,0.0,0.0,0.0,0.0,0.0,2.9106,58.0,38.36258,78.0,21.0,69.0,19.0,14.18781,Ballast,58.63937633333333,21.316666666666666
2026-01-23 22:25:00,525.25492,294,342.0,86.0,525.62415,843.24733,0.79915,0.0,0.0,0.0,0.0,0.0,0.0,3.12025,58.0,39.29981,78.0,21.0,69.0,19.0,14.16136,Ballast,58.654996833333335,21.316666666666666
2026-01-23 22:30:00,521.56879,294,342.0,86.0,521.12332,839.59639,0.79963,0.0,0.0,0.0,0.0,0.0,0.0,2.66484,58.0,40.24018,78.0,21.0,69.0,19.0,14.04624,Ballast,58.67066966666667,21.316666666666666
2026-01-23 22:35:00,515.03735,294,342.0,86.0,514.94095,833.19905,0.7956,0.0,0.0,0.0,0.0,0.0,0.0,2.89231,58.0,42.12581,78.0,21.0,69.0,19.6497,14.2493,Ballast,58.702096833333336,21.327495
2026-01-23 22:40:00,507.20927,294,342.0,86.0,506.46994,822.29859,0.7921,0.0,0.0,0.0,0.0,0.0,0.0,24.47245,58.0,43.0,78.0,21.0,69.0,20.0,13.7604,Ballast,58.71666666666667,21.333333333333332
2026-01-23 22:45:00,525.68578,294,342.0,86.0,527.15498,846.61258,0.80169,0.0,0.0,0.0,0.0,0.0,0.0,33.87599,58.0,43.96046,78.0,21.0,69.0,20.52476,13.75727,Ballast,58.732674333333335,21.342079333333334
2026-01-23 22:50:00,520.81585,294,342.0,86.0,520.44409,838.44455,0.79898,0.0,0.0,0.0,0.0,0.0,0.0,34.89424,58.0,44.6834,78.0,21.0,69.0,21.48238,13.78175,Ballast,58.74472333333333,21.358039666666667
2026-01-23 22:55:00,514.49392,294,342.0,86.0,512.02407,829.44133,0.79176,0.0,0.0,0.0,0.0,0.0,0.0,35.06807,58.0,46.10793,78.0,21.0,69.0,23.38844,13.78739,Ballast,58.7684655,21.389807333333334
2026-01-23 23:00:00,507.72084,294,342.0,86.0,508.39654,823.777,0.79348,0.0,0.0,0.0,0.0,0.0,0.0,35.07435,58.0,47.0,78.0,21.0,69.0,24.35007,13.9,Ballast,58.78333333333333,21.4058345
2026-01-23 23:05:00,514.9981,294,342.0,86.0,514.61712,833.50642,0.79487,0.0,0.0,0.0,0.0,0.0,0.0,35.02033,58.0,47.82049,78.0,21.0,69.0,25.32181,13.93562,Ballast,58.797008166666664,21.422030166666666
2026-01-23 23:10:00,530.48161,294,342.0,86.0,533.62071,853.64355,0.80509,0.0,0.0,0.0,0.0,0.0,0.0,35.16896,58.0,48.55006,78.0,21.0,69.0,26.29988,13.96094,Ballast,58.80916766666667,21.438331333333334
2026-01-23 23:15:00,511.53603,294,342.0,86.0,511.2059,827.00155,0.79641,0.0,0.0,0.0,0.0,0.0,0.0,34.73264,58.0,50.0,78.0,21.0,69.0,28.22702,13.73017,Ballast,58.833333333333336,21.470450333333332
2026-01-23 23:20:00,505.96321,294,342.0,86.0,505.83518,821.79211,0.79335,0.0,0.0,0.0,0.0,0.0,0.0,35.01221,58.0,50.97264,78.0,21.0,69.0,29.19071,13.78574,Ballast,58.849544,21.486511833333335
2026-01-23 23:25:00,514.41636,294.56593,342.0,86.0,513.16653,833.36882,0.79085,0.0,0.0,0.0,0.0,0.0,0.0,34.97524,58.0,51.68021,78.0,21.0,69.0,30.15598,13.8,Ballast,58.86133683333333,21.502599666666665
2026-01-23 23:30:00,525.66377,295,342.0,86.0,526.50537,847.13155,0.80247,0.0,0.0,0.0,0.0,0.0,0.0,35.08286,58.0,52.39082,78.0,21.0,69.0,31.12747,13.8,Ballast,58.87318033333333,21.518791166666666
2026-01-23 23:35:00,517.40996,295,342.0,86.0,516.74785,831.44252,0.79936,0.0,0.0,0.0,0.0,0.0,0.0,35.1193,58.0,54.0,78.0,21.0,69.0,33.06474,13.73691,Ballast,58.9,21.551079
2026-01-23 23:40:00,514.33179,295,342.0,86.0,513.17303,830.0155,0.79453,0.0,0.0,0.0,0.0,0.0,0.0,34.94958,58.0,54.79297,78.0,21.0,69.0,34.03419,13.60587,Ballast,58.913216166666665,21.5672365
2026-01-23 23:45:00,508.21438,295,342.0,86.0,508.91002,826.02324,0.79282,0.0,0.0,0.0,0.0,0.0,0.0,35.05671,58.0,55.46067,78.0,21.0,69.0,35.00773,13.45418,Ballast,58.9243445,21.583462166666667
2026-01-23 23:50:00,511.5431,295,342.0,86.0,511.33487,832.94938,0.79243,0.0,0.0,0.0,0.0,0.0,0.0,34.96797,58.0,56.12448,78.0,21.0,69.0,36.0,13.4,Ballast,58.935408,21.6
2026-01-23 23:55:00,523.49416,295,342.0,86.0,524.15436,842.56733,0.8043,0.0,0.0,0.0,0.0,0.0,0.0,34.95114,58.0,57.7989,78.0,21.0,69.0,37.90671,13.47559,Ballast,58.963315,21.6317785
2026-01-24 00:00:00,521.90805,295,342.0,86.0,519.16613,834.73676,0.80216,0.0,0.0,0.0,0.0,0.0,0.0,35.1277,58.0,58.49272,78.0,21.0,69.0,38.83967,13.70236,Ballast,58.97487866666667,21.647327833333332
2026-01-24 00:05:00,515.47516,295,342.0,86.0,514.93201,833.61245,0.79325,0.0,0.0,0.0,0.0,0.0,0.0,34.89096,58.20898,46.67035,78.0,21.0,69.0,39.79747,13.86295,Ballast,58.98681916666666,21.663291166666667
2026-01-24 00:10:00,513.50812,295,342.0,86.0,512.3325,829.97997,0.79444,0.0,0.0,0.0,0.0,0.0,0.0,34.7217,59.0,0.0,78.0,21.0,69.0,40.75922,13.8334,Ballast,59.0,21.679320333333333
2026-01-24 00:15:00,536.66275,295,342.0,86.0,535.42842,855.03198,0.8056,0.0,0.0,0.0,0.0,0.0,0.0,35.01948,59.0,1.63306,78.0,21.0,69.0,42.696,13.79738,Ballast,59.027217666666665,21.7116
2026-01-24 00:20:00,519.62747,295,342.0,86.0,518.22479,833.15859,0.79765,0.0,0.0,0.0,0.0,0.0,0.0,35.16339,59.0,2.33754,78.0,21.0,69.0,43.66368,13.78791,Ballast,59.038959,21.727728
2026-01-24 00:25:00,513.57949,295,342.0,86.0,513.9094,831.47053,0.79671,0.0,0.0,0.0,0.0,0.0,0.0,35.03305,59.0,3.03219,78.0,21.0,69.0,44.64623,13.76384,Ballast,59.0505365,21.744103833333334
2026-01-24 00:30:00,511.82204,295,342.0,86.0,513.15921,833.95735,0.79144,0.0,0.0,0.0,0.0,0.0,0.0,34.80247,59.0,4.0,78.0,21.0,69.0,45.63769,13.788,Ballast,59.06666666666667,21.760628166666667
2026-01-24 00:35:00,529.43855,295,342.0,86.0,528.5804,847.59378,0.80724,0.0,0.0,0.0,0.0,0.0,0.0,47.13507,59.0,5.34353,78.0,21.0,69.0,47.646,13.55979,Ballast,59.08905883333333,21.7941
2026-01-24 00:40:00,527.75076,295,342.0,86.0,530.85817,850.80334,0.80407,0.0,0.0,0.0,0.0,0.0,0.0,49.96743,59.0,6.0,78.0,21.0,69.0,49.04607,13.57582,Ballast,59.1,21.8174345
2026-01-24 00:45:00,519.29748,295,342.0,86.0,518.24116,836.37357,0.79892,0.0,0.0,0.0,0.0,0.0,0.0,49.89909,59.0,6.64816,78.0,21.0,69.0,50.39361,13.55,Ballast,59.110802666666665,21.8398935
2026-01-24 00:50:00,515.47229,295,342.0,86.0,515.99649,833.43643,0.79594,0.0,0.0,0.0,0.0,0.0,0.0,50.03355,59.0,7.0,78.0,21.0,69.0,51.63943,13.44489,Ballast,59.11666666666667,21.860657166666666
2026-01-24 00:55:00,517.03112,295,342.0,86.0,517.18241,834.42187,0.80072,0.0,0.0,0.0,0.0,0.0,0.0,51.09503,59.0,8.29114,78.0,21.0,69.0,54.38582,13.61245,Ballast,59.138185666666665,21.906430333333333
2026-01-24 01:00:00,539.67195,295,342.0,86.0,539.55308,860.76094,0.80858,0.0,0.0,0.0,0.0,0.0,0.0,52.82835,59.0,9.0,78.0,21.0,69.0,55.66483,13.55049,Ballast,59.15,21.927747166666666
2026-01-24 01:05:00,526.41508,295,342.0,86.0,526.58958,846.18491,0.79932,0.0,0.0,0.0,0.0,0.0,0.0,52.88976,59.0,9.48814,78.0,21.0,69.0,57.16823,13.47587,Ballast,59.15813566666667,21.952803833333334
2026-01-24 01:10:00,521.16143,295,342.0,86.0,518.50502,835.86816,0.79841,0.0,0.0,0.0,0.0,0.0,0.0,53.04422,59.0,10.0,78.0,21.0,69.0,58.50729,13.53346,Ballast,59.166666666666664,21.9751215
2026-01-24 01:15:00,507.68468,295,342.0,86.0,506.62531,821.99702,0.79465,0.0,0.0,0.0,0.0,0.0,0.0,53.02297,59.0,11.0,78.0,22.0,69.0,1.36478,13.68047,Ballast,59.18333333333333,22.022746333333334
2026-01-24 01:20:00,515.21041,295.75027,342.0,86.0,515.7943,832.45009,0.79615,0.0,0.0,0.0,0.0,0.0,0.0,53.06262,59.0,11.91668,78.0,22.0,69.0,2.66007,13.8076,Ballast,59.19861133333333,22.0443345
2026-01-24 01:25:00,525.09022,296,342.0,86.0,527.25289,848.95102,0.80077,0.0,0.0,0.0,0.0,0.0,0.0,52.97098,59.0,12.15053,78.0,22.0,69.0,4.23188,13.9475,Ballast,59.20250883333333,22.070531333333335
2026-01-24 01:30:00,530.60966,296,342.0,86.0,531.59712,851.82317,0.80667,0.0,0.0,0.0,0.0,0.0,0.0,53.13595,59.0,13.0,78.0,22.0,69.0,5.58091,14.0,Ballast,59.21666666666667,22.093015166666667
2026-01-24 01:35:00,515.17231,296,342.0,86.0,515.01495,830.098,0.79676,0.0,0.0,0.0,0.0,0.0,0.0,52.89202,59.0,14.0,78.0,22.0,69.0,8.52257,13.95419,Ballast,59.233333333333334,22.142042833333335
2026-01-24 01:40:00,512.14847,296,342.0,86.0,511.22574,828.31467,0.79528,0.0,0.0,0.0,0.0,0.0,0.0,52.85494,59.0,14.61854,78.0,22.0,69.0,9.9722,13.9,Ballast,59.243642333333334,22.166203333333332
2026-01-24 01:45:00,531.19713,296,342.0,86.0,531.01131,853.04679,0.80046,0.0,0.0,0.0,0.0,0.0,0.0,52.99248,59.0,15.0,78.0,22.0,69.0,11.43387,13.9242,Ballast,59.25,22.1905645
2026-01-24 01:50:00,541.105,296,342.0,86.0,540.6327,860.95131,0.8107,0.0,0.0,0.0,0.0,0.0,0.0,53.08072,59.0,15.86666,78.0,22.0,69.0,12.77672,13.86804,Ballast,59.26444433333333,22.212945333333334
2026-01-24 01:55:00,518.07485,296,342.0,86.0,516.20056,832.90631,0.79628,0.0,0.0,0.0,0.0,0.0,0.0,52.96062,59.0,17.0,78.0,22.0,69.0,15.6083,13.88125,Ballast,59.28333333333333,22.260138333333334
2026-01-24 02:00:00,510.84806,296,342.0,86.0,513.8537,834.28473,0.79512,0.0,0.0,0.0,0.0,0.0,0.0,54.13487,59.0,17.43967,78.0,22.0,69.0,17.09391,13.9,Ballast,59.290661166666666,22.2848985
2026-01-24 02:05:00,555.99149,296,342.0,86.0,556.46622,895.34078,0.80051,0.0,0.0,0.0,0.0,0.0,0.0,55.93972,59.0,18.0,78.0,22.0,69.0,18.51226,13.95778,Ballast,59.3,22.308537666666666
2026-01-24 02:10:00,568.46415,296,342.0,86.0,568.35647,904.93887,0.81069,0.0,0.0,0.0,0.0,0.0,0.0,56.19028,59.0,18.63364,78.0,22.0,69.0,20.00876,13.95077,Ballast,59.31056066666667,22.333479333333333
2026-01-24 02:15:00,513.41671,296,342.0,86.0,513.12525,829.19773,0.79496,0.0,0.0,0.0,0.0,0.0,0.0,55.8512,59.0,19.76887,78.0,22.0,69.0,22.99955,13.92418,Ballast,59.32948116666667,22.383325833333334
2026-01-24 02:20:00,526.25496,296,342.0,86.0,525.16222,846.78156,0.80145,0.0,0.0,0.0,0.0,0.0,0.0,56.16253,59.0,20.0,78.0,22.0,69.0,24.50831,13.9,Ballast,59.333333333333336,22.408471833333333
2026-01-24 02:25:00,519.91438,296,342.0,86.0,519.82782,837.64822,0.79816,0.0,0.0,0.0,0.0,0.0,0.0,55.99029,59.0,20.83776,78.0,22.0,69.0,26.06212,13.96299,Ballast,59.347296,22.434368666666668
2026-01-24 02:30:00,523.93781,296,342.0,86.0,523.23673,842.58727,0.79806,0.0,0.0,0.0,0.0,0.0,0.0,56.08613,59.0,21.0,78.0,22.0,69.0,27.55348,13.84266,Ballast,59.35,22.459224666666668
2026-01-24 02:35:00,520.68,296,342.0,86.0,521.21028,840.49588,0.798,0.0,0.0,0.0,0.0,0.0,0.0,55.66762,59.0,22.0,78.0,22.0,69.0,30.55814,13.56346,Ballast,59.36666666666667,22.509302333333334
2026-01-24 02:40:00,515.89366,296,342.0,86.0,516.80242,834.98316,0.79701,0.0,0.0,0.0,0.0,0.0,0.0,55.92789,59.0,22.89489,78.0,22.0,69.0,32.07144,13.47243,Ballast,59.3815815,22.534524
2026-01-24 02:45:00,514.61079,296,342.0,86.0,514.66323,834.959,0.79585,0.0,0.0,0.0,0.0,0.0,0.0,56.08491,59.0,23.0,78.0,22.0,69.0,33.50617,13.42418,Ballast,59.38333333333333,22.558436166666667
2026-01-24 02:50:00,511.54081,296,342.0,86.0,511.22447,828.93949,0.79658,0.0,0.0,0.0,0.0,0.0,0.0,55.91653,59.0,23.93847,78.0,22.0,69.0,34.92691,13.4,Ballast,59.3989745,22.582115166666668
2026-01-24 02:55:00,522.6041,296,342.0,86.0,523.67076,840.41903,0.80117,0.0,0.0,0.0,0.0,0.0,0.0,56.33213,59.0,25.0,78.0,22.0,69.0,37.74637,13.55398,Ballast,59.416666666666664,22.629106166666666
2026-01-24 03:00:00,532.47617,296,342.0,86.0,533.50862,853.47376,0.8082,0.0,0.0,0.0,0.0,0.0,0.0,58.6249,59.0,25.13666,78.0,22.0,69.0,39.34688,13.59077,Ballast,59.418944333333336,22.655781333333334
2026-01-24 03:05:00,528.4752,296,342.0,86.0,529.09855,847.48805,0.80535,0.0,0.0,0.0,0.0,0.0,0.0,67.51459,59.0,26.0,78.0,22.0,69.0,40.80101,13.5369,Ballast,59.43333333333333,22.680016833333333
2026-01-24 03:10:00,529.42728,296,342.0,86.0,526.93379,843.68335,0.80548,0.0,0.0,0.0,0.0,0.0,0.0,70.80042,59.0,26.0,78.0,22.0,69.0,42.49519,13.50741,Ballast,59.43333333333333,22.708253166666665
2026-01-24 03:15:00,532.39347,297,342.0,86.0,533.93532,850.82348,0.80592,0.0,0.0,0.0,0.0,0.0,0.0,70.89801,59.0,27.0,78.0,22.0,69.0,45.75192,13.31091,Ballast,59.45,22.762532
2026-01-24 03:20:00,539.58551,297,342.0,86.0,538.51367,857.77597,0.80837,0.0,0.0,0.0,0.0,0.0,0.0,71.04443,59.0,27.0,78.0,22.0,69.0,47.47334,13.43001,Ballast,59.45,22.791222333333334
2026-01-24 03:25:00,543.88216,297,342.0,86.0,543.83289,863.03299,0.81264,0.0,0.0,0.0,0.0,0.0,0.0,73.02552,59.0,27.0,78.0,22.0,69.0,49.1541,13.45379,Ballast,59.45,22.819235
2026-01-24 03:30:00,520.11591,297,342.0,86.0,519.70136,835.38569,0.80166,0.0,0.0,0.0,0.0,0.0,0.0,72.94863,59.0,27.77358,78.0,22.0,69.0,50.78409,13.46645,Ballast,59.462893,22.8464015
2026-01-24 03:35:00,548.67413,297,342.0,86.0,548.04584,872.11438,0.80851,0.0,0.0,0.0,0.0,0.0,0.0,72.96708,59.0,28.0,78.0,22.0,69.0,54.22895,13.51931,Ballast,59.46666666666667,22.903815833333333
2026-01-24 03:40:00,558.35781,297,342.0,86.0,557.49285,882.10334,0.81293,0.0,0.0,0.0,0.0,0.0,0.0,73.12172,59.0,28.1657,78.0,22.0,69.0,55.86054,13.34841,Ballast,59.46942833333333,22.931009
2026-01-24 03:45:00,551.28147,297,342.0,86.0,550.50808,874.60924,0.80657,0.0,0.0,0.0,0.0,0.0,0.0,72.94353,59.0,29.0,78.0,22.0,69.0,57.53516,13.3,Ballast,59.483333333333334,22.958919333333334
2026-01-24 03:50:00,536.57996,297,342.0,86.0,537.39325,858.07585,0.80536,0.0,0.0,0.0,0.0,0.0,0.0,73.02557,59.0,29.0,78.0,22.35079,69.0,38.24446,13.49212,Ballast,59.483333333333334,22.988197666666668
2026-01-24 03:55:00,540.88818,297,342.0,86.0,539.73184,864.44807,0.80538,0.0,0.0,0.0,0.0,0.0,0.0,70.68913,59.0,29.55535,78.0,23.0,69.0,2.62337,13.89962,Ballast,59.49258916666667,23.043722833333334
2026-01-24 04:00:00,554.32845,297,342.0,86.0,554.83415,880.96783,0.81576,0.0,0.0,0.0,0.0,0.0,0.0,71.06789,59.0,30.0,78.0,23.0,69.0,4.44951,13.91197,Ballast,59.5,23.0741585
2026-01-24 04:05:00,520.32325,297,342.0,86.0,521.12249,844.17408,0.79649,0.0,0.0,0.0,0.0,0.0,0.0,71.02338,59.0,30.0,78.0,23.0,69.0,6.16704,13.98865,Ballast,59.5,23.102784
2026-01-24 04:10:00,519.65876,297,342.0,86.0,519.03666,840.5008,0.79777,0.0,0.0,0.0,0.0,0.0,0.0,71.0528,59.0,30.24156,78.0,23.0,69.0,7.88437,14.0,Ballast,59.504026,23.131406166666668
2026-01-24 04:15:00,544.14069,297,342.0,86.0,542.46296,867.3731,0.80678,0.0,0.0,0.0,0.0,0.0,0.0,71.05456,59.0,31.0,78.0,23.0,69.0,11.44919,14.02575,Ballast,59.516666666666666,23.190819833333332
2026-01-24 04:20:00,533.68143,297,342.0,86.0,534.03774,855.28589,0.80384,0.0,0.0,0.0,0.0,0.0,0.0,72.55922,59.0,31.0,78.0,23.0,69.0,13.1968,14.10834,Ballast,59.516666666666666,23.219946666666665
2026-01-24 04:25:00,522.82864,297,342.0,86.0,523.7652,846.81348,0.79631,0.0,0.0,0.0,0.0,0.0,0.0,72.79067,59.0,31.81096,78.0,23.0,69.0,14.95822,14.2879,Ballast,59.53018266666667,23.249303666666666
2026-01-24 04:30:00,513.96707,297,342.0,86.0,513.1823,829.24606,0.79841,0.0,0.0,0.0,0.0,0.0,0.0,73.22601,59.0,32.0,78.0,23.0,69.0,16.70712,14.22677,Ballast,59.53333333333333,23.278452
2026-01-24 04:35:00,536.19501,297,342.0,86.0,536.86593,860.41765,0.80542,0.0,0.0,0.0,0.0,0.0,0.0,74.50397,59.0,32.56799,78.0,23.0,69.0,20.29424,14.06823,Ballast,59.54279983333333,23.338237333333332
2026-01-24 04:40:00,535.66531,297,342.0,86.0,534.82839,854.52214,0.80985,0.0,0.0,0.0,0.0,0.0,0.0,74.9247,59.0,33.0,78.0,23.0,69.0,22.00767,13.80924,Ballast,59.55,23.3667945
2026-01-24 04:45:00,523.74127,297,342.0,86.0,522.8853,839.39515,0.8033,0.0,0.0,0.0,0.0,0.0,0.0,74.87637,59.0,33.0,78.0,23.0,69.0,23.67344,13.62495,Ballast,59.55,23.394557333333335
2026-01-24 04:50:00,511.18921,297,342.0,86.0,511.72555,829.6433,0.79573,0.0,0.0,0.0,0.0,0.0,0.0,75.09389,59.0,33.0,78.0,23.0,69.0,25.45905,13.54184,Ballast,59.55,23.4243175
2026-01-24 04:55:00,527.963,297,342.0,86.0,529.64489,850.95968,0.80212,0.0,0.0,0.0,0.0,0.0,0.0,72.50618,59.0,34.0,78.0,23.0,69.0,28.80099,13.81351,Ballast,59.56666666666667,23.4800165
2026-01-24 05:00:00,545.22943,297,342.0,86.0,543.84444,863.40703,0.80788,0.0,0.0,0.0,0.0,0.0,0.0,70.07377,59.0,34.0,78.0,23.0,69.0,30.52721,13.93051,Ballast,59.56666666666667,23.508786833333332
2026-01-24 05:05:00,527.28716,297.12124,342.0,86.0,528.25239,845.87338,0.80268,0.0,0.0,0.0,0.0,0.0,0.0,69.95734,59.0,34.75165,78.0,23.0,69.0,32.30714,14.01937,Ballast,59.57919416666667,23.538452333333332
2026-01-24 05:10:00,527.76176,298,342.0,86.0,528.69891,849.10702,0.80292,0.0,0.0,0.0,0.0,0.0,0.0,70.01347,59.0,35.0,78.0,23.0,69.0,33.98944,14.0,Ballast,59.583333333333336,23.566490666666667
2026-01-24 05:15:00,540.43778,298,342.0,86.0,540.86347,859.97598,0.80939,0.0,0.0,0.0,0.0,0.0,0.0,70.00906,59.0,35.75681,78.0,23.0,69.0,37.43583,13.61898,Ballast,59.595946833333336,23.6239305
2026-01-24 05:20:00,552.10568,298,342.0,86.0,551.48414,874.53484,0.81135,0.0,0.0,0.0,0.0,0.0,0.0,72.65926,59.0,36.0,78.0,23.0,69.0,39.10907,13.73636,Ballast,59.6,23.651817833333332
2026-01-24 05:25:00,542.97948,298,342.0,86.0,542.28065,862.07288,0.8104,0.0,0.0,0.0,0.0,0.0,0.0,73.03122,59.0,36.0,78.0,23.0,69.0,40.80107,13.73775,Ballast,59.6,23.680017833333334
2026-01-24 05:30:00,536.47292,298,342.0,86.0,537.04607,858.80062,0.80811,0.0,0.0,0.0,0.0,0.0,0.0,74.9354,59.0,36.17637,78.0,23.0,69.0,42.53965,13.8,Ballast,59.6029395,23.708994166666667
2026-01-24 05:35:00,533.45335,298,342.0,86.0,533.93526,854.79084,0.80539,0.0,0.0,0.0,0.0,0.0,0.0,75.2925,59.0,37.0,78.0,23.0,69.0,46.0653,13.54272,Ballast,59.61666666666667,23.767755
2026-01-24 05:40:00,543.76927,298,342.0,86.0,541.66764,861.15755,0.808,0.0,0.0,0.0,0.0,0.0,0.0,74.85365,59.0,37.0,78.0,23.0,69.0,47.75292,13.59965,Ballast,59.61666666666667,23.795882
2026-01-24 05:45:00,540.87913,298,342.0,86.0,544.09696,865.44765,0.81291,0.0,0.0,0.0,0.0,0.0,0.0,74.79059,59.0,37.0,78.0,23.0,69.0,49.51774,13.7669,Ballast,59.61666666666667,23.825295666666666
2026-01-24 05:50:00,539.23293,298,342.0,86.0,538.82947,858.83922,0.80803,0.0,0.0,0.0,0.0,0.0,0.0,72.97059,59.0,37.95743,78.0,23.0,69.0,51.34167,13.81715,Ballast,59.632623833333334,23.8556945
2026-01-24 05:55:00,563.73941,298,342.0,86.0,564.16975,887.81746,0.81962,0.0,0.0,0.0,0.0,0.0,0.0,73.09909,59.0,38.0,78.0,23.0,69.0,54.8039,13.85161,Ballast,59.63333333333333,23.913398333333333
2026-01-24 06:00:00,547.05863,298,342.0,86.0,545.98983,866.88273,0.81093,0.0,0.0,0.0,0.0,0.0,0.0,71.35827,59.0,38.04488,78.0,23.0,69.0,56.54946,13.9,Ballast,59.634081333333334,23.942491
2026-01-24 06:05:00,548.04933,298,342.0,86.0,547.40125,874.87865,0.80453,0.0,0.0,0.0,0.0,0.0,0.0,71.27093,59.0,39.0,78.0,23.0,69.0,58.38007,13.97444,Ballast,59.65,23.973001166666666
2026-01-24 06:10:00,538.12728,298,342.0,86.0,536.95206,866.2531,0.79768,0.0,0.0,0.0,0.0,0.0,0.0,72.9064,59.0,39.0,78.0,23.82724,69.0,10.45428,14.02773,Ballast,59.65,24.001478
2026-01-24 06:15:00,564.97871,298,342.0,86.0,566.15004,907.50451,0.80264,0.0,0.0,0.0,0.0,0.0,0.0,73.48735,59.0,39.85157,78.0,24.0,69.0,3.5586,14.2,Ballast,59.66419283333333,24.05931
2026-01-24 06:20:00,633.66368,298,342.0,86.0,347.85053,546.5235,0.81834,287.7883,481.72809,0.72288,0.0,0.0,0.0,73.93599,59.0,40.0,78.0,24.0,69.0,5.41887,13.98679,Ballast,59.666666666666664,24.0903145
2026-01-24 06:25:00,683.17537,298,342.0,86.0,343.7546,534.19249,0.82694,337.5009,536.32587,0.80837,0.0,0.0,0.0,73.86518,59.0,40.0,78.0,24.0,69.0,7.10903,13.71932,Ballast,59.666666666666664,24.118483833333332
2026-01-24 06:30:00,672.75977,298,342.0,86.0,337.91237,526.79774,0.82159,336.31868,535.46285,0.80688,0.0,0.0,0.0,74.08822,59.0,40.47843,78.0,24.0,69.0,8.7961,13.7208,Ballast,59.6746405,24.146601666666665
2026-01-24 06:35:00,647.96654,298,342.0,86.0,324.09666,503.97493,0.82393,326.95573,519.43323,0.80754,0.0,0.0,0.0,73.88887,59.0,41.0,78.0,24.0,69.0,12.31667,13.67916,Ballast,59.68333333333333,24.205277833333334
2026-01-24 06:40:00,646.83763,298,342.0,86.0,322.00072,502.7185,0.82099,322.22936,515.64979,0.80191,0.0,0.0,0.0,74.01213,59.0,41.0,78.0,24.0,69.0,13.99986,13.69664,Ballast,59.68333333333333,24.233331
2026-01-24 06:45:00,661.17232,298,342.0,86.0,323.16337,504.07015,0.82589,335.40251,528.45659,0.81273,0.0,0.0,0.0,75.61759,59.0,41.84114,78.0,24.0,69.0,15.70292,13.77421,Ballast,59.697352333333335,24.261715333333335
2026-01-24 06:50:00,660.24547,298,342.0,86.0,321.73433,502.76219,0.82221,336.40776,531.56582,0.80962,0.0,0.0,0.0,76.89874,59.0,42.0,78.0,24.0,69.0,17.50817,13.95484,Ballast,59.7,24.291802833333332
2026-01-24 06:55:00,722.71265,298,342.0,86.0,366.70658,553.50352,0.85298,356.0702,556.21278,0.82527,0.0,0.0,0.0,77.18531,59.0,42.0,78.0,24.0,69.0,21.08484,13.50786,Ballast,59.7,24.351414
2026-01-24 07:00:00,706.95082,298,342.0,86.0,359.35042,546.94677,0.84489,346.25027,546.26715,0.8167,0.0,0.0,0.0,78.83032,59.0,42.45644,78.0,24.0,69.0,22.74789,13.3,Ballast,59.707607333333335,24.3791315
2026-01-24 07:05:00,661.28576,298,342.0,86.0,340.12654,523.33296,0.83485,321.53256,518.95512,0.79594,0.0,0.0,0.0,78.41671,59.0,43.0,78.0,24.0,69.0,24.502,13.3,Ballast,59.71666666666667,24.408366666666666
2026-01-24 07:10:00,658.4545,298,342.0,86.0,339.9454,521.48249,0.83548,319.63118,514.90923,0.79771,0.0,0.0,0.0,78.03103,59.0,43.0,78.0,24.0,69.0,26.26874,13.35185,Ballast,59.71666666666667,24.437812333333333
2026-01-24 07:15:00,669.22035,298,342.0,86.0,336.20206,519.35285,0.83175,334.11371,529.76478,0.81121,0.0,0.0,0.0,77.7856,59.0,43.0,78.0,24.0,69.0,29.60029,12.79758,Ballast,59.71666666666667,24.493338166666668
2026-01-24 07:20:00,660.60695,298.63757,342.0,86.0,331.66251,512.49949,0.82915,330.96755,525.44655,0.80677,0.0,0.0,0.0,76.96166,59.0,43.05184,78.0,24.0,69.0,31.37112,12.65153,Ballast,59.71753066666667,24.522852
2026-01-24 07:25:00,705.40209,299,342.0,86.0,354.4874,542.1374,0.83698,351.16065,551.11849,0.8165,0.0,0.0,0.0,76.93952,59.0,44.0,78.0,24.0,69.0,32.94328,12.85563,Ballast,59.733333333333334,24.549054666666667
2026-01-24 07:30:00,712.73581,299,342.0,86.0,355.83926,542.73952,0.84338,357.5262,555.85695,0.82592,0.0,0.0,0.0,77.01594,59.0,44.0,78.0,24.0,69.0,34.56673,12.97123,Ballast,59.733333333333334,24.576112166666668
2026-01-24 07:35:00,606.35781,299,342.0,86.0,303.7344,464.0142,0.83899,303.05469,477.19943,0.8146,0.0,0.0,0.0,77.18867,59.0,44.0,78.0,24.0,69.0,37.99848,13.31207,Ballast,59.733333333333334,24.633308
2026-01-24 07:40:00,615.6166,299,342.0,86.0,309.8937,470.33475,0.84595,307.02775,480.61828,0.81947,0.0,0.0,0.0,77.27386,59.0,44.43201,78.0,24.0,69.0,39.64366,13.26369,Ballast,59.7405335,24.660727666666666
2026-01-24 07:45:00,617.32424,299,342.0,86.0,319.11727,480.50956,0.85119,296.04766,470.72929,0.80618,0.0,0.0,0.0,77.12998,59.0,45.0,78.0,24.0,69.0,41.44287,13.3,Ballast,59.75,24.6907145
2026-01-24 07:50:00,614.87103,299,342.0,86.0,308.27641,468.90898,0.84592,307.08665,481.95483,0.81817,0.0,0.0,0.0,76.8864,59.0,45.0,78.0,24.0,69.0,43.13418,13.31607,Ballast,59.75,24.718903
2026-01-24 07:55:00,601.27119,299,342.0,86.0,302.0979,461.49088,0.83987,303.81943,475.68277,0.82066,0.0,0.0,0.0,76.81294,59.0,45.0,78.0,24.0,69.0,46.54305,13.4,Ballast,59.75,24.7757175
2026-01-24 08:00:00,613.95362,299,342.0,86.0,304.41911,464.46449,0.84269,307.95197,479.2328,0.8256,0.0,0.0,0.0,76.83054,59.0,45.85756,78.0,24.0,69.0,48.34818,13.36108,Ballast,59.76429266666667,24.805803
2026-01-24 08:05:00,602.23206,299,342.0,86.0,299.10574,458.24036,0.83792,303.49117,476.5919,0.81812,0.0,0.0,0.0,76.91818,59.0,46.0,78.0,24.0,69.0,50.02236,13.3,Ballast,59.766666666666666,24.833706
2026-01-24 08:10:00,594.09743,299,342.0,86.0,296.81801,455.47486,0.83484,298.70639,471.95707,0.81006,0.0,0.0,0.0,76.98976,59.0,46.0,78.0,24.0,69.0,51.68437,13.3,Ballast,59.766666666666666,24.861406166666665
2026-01-24 08:15:00,590.4449,299,342.0,86.0,284.34646,442.01623,0.82489,305.43493,478.01838,0.81887,0.0,0.0,0.0,78.22979,59.0,46.21652,78.0,24.0,69.0,55.16509,13.28966,Ballast,59.77027533333333,24.919418166666667
2026-01-24 08:20:00,600.4748,299,342.0,86.0,290.49774,449.47725,0.82685,310.17711,483.14154,0.8221,0.0,0.0,0.0,78.10474,59.0,47.0,78.0,24.0,69.0,56.84275,13.36025,Ballast,59.78333333333333,24.947379166666668
2026-01-24 08:25:00,594.51772,299,342.0,86.0,288.5119,446.9703,0.83213,308.98526,480.47514,0.82255,0.0,0.0,0.0,78.04203,59.0,47.0,78.0,24.0,69.0,58.55363,13.3,Ballast,59.78333333333333,24.975893833333334
2026-01-24 08:30:00,618.41391,299,342.0,86.0,298.15198,456.61065,0.83707,318.27593,493.12095,0.82652,0.0,0.0,0.0,78.08329,59.0,47.0,78.0,24.96733,69.0,2.26967,13.28367,Ballast,59.78333333333333,25.005157833333335
2026-01-24 08:35:00,602.52277,299,342.0,86.0,300.52902,457.16873,0.84087,302.92178,475.69679,0.81358,0.0,0.0,0.0,77.9201,59.0,47.47118,78.0,25.0,69.0,3.70463,13.31201,Ballast,59.791186333333336,25.061743833333335
2026-01-24 08:40:00,604.06777,299,342.0,86.0,299.88959,454.66446,0.84206,303.29368,474.04237,0.8156,0.0,0.0,0.0,78.09483,59.0,48.0,78.0,25.0,69.0,5.47773,13.24701,Ballast,59.8,25.0912955
2026-01-24 08:45:00,587.74482,299,342.0,86.0,292.51853,449.16193,0.83355,296.18171,467.5079,0.81451,0.0,0.0,0.0,78.03377,59.0,48.0,78.0,25.0,69.0,7.18511,13.1,Ballast,59.8,25.119751833333332
2026-01-24 08:50:00,620.59009,299,342.0,86.0,309.81531,471.14884,0.84181,309.62659,483.10413,0.82128,0.0,0.0,0.0,77.96709,59.0,48.0,78.0,25.0,69.0,8.83449,13.1,Ballast,59.8,25.1472415
2026-01-24 08:55:00,607.74317,299,342.0,86.0,303.2199,461.57452,0.8405,303.78105,474.70028,0.81868,0.0,0.0,0.0,77.94493,59.0,48.43533,78.0,25.0,69.0,12.33721,13.3,Ballast,59.8072555,25.205620166666666
2026-01-24 09:00:00,601.93833,299,342.0,86.0,300.04808,456.83591,0.84117,301.41606,472.35915,0.8167,0.0,0.0,0.0,77.83913,59.0,49.0,78.0,25.0,69.0,14.02314,13.3,Ballast,59.81666666666667,25.233719
2026-01-24 09:05:00,600.78434,299,342.0,86.0,300.07264,456.92367,0.84149,300.8369,471.13521,0.81776,0.0,0.0,0.0,78.04508,59.0,49.0,78.0,25.0,69.0,15.71161,13.38536,Ballast,59.81666666666667,25.261860166666665
2026-01-24 09:10:00,622.68398,299,342.0,86.0,311.04916,467.5811,0.84897,311.11845,481.18801,0.82686,0.0,0.0,0.0,78.21874,59.0,49.0,78.0,25.0,69.0,17.49346,13.4,Ballast,59.81666666666667,25.291557666666666
2026-01-24 09:15:00,612.5678,299,342.86333,86.0,306.36922,462.87952,0.84462,307.75908,479.04844,0.82124,0.0,0.0,0.0,77.65776,59.0,49.3168,78.0,25.0,69.0,20.98215,13.53605,Ballast,59.82194666666667,25.3497025
2026-01-24 09:20:00,605.39538,299,343.0,86.0,302.01437,458.27411,0.84255,303.83207,474.723,0.81842,0.0,0.0,0.0,77.95053,59.0,50.0,78.0,25.0,69.0,22.71789,13.6,Ballast,59.833333333333336,25.3786315
2026-01-24 09:25:00,614.47512,299,343.0,86.0,306.55185,466.61242,0.84053,305.91358,480.31396,0.81139,0.0,0.0,0.0,57.203,59.0,50.0,78.0,25.0,69.0,24.50998,13.31589,Ballast,59.833333333333336,25.408499666666668
2026-01-24 09:30:00,644.85988,299,343.0,86.0,324.98687,493.01505,0.84169,320.59403,502.62049,0.81473,0.0,0.0,0.0,19.42398,59.0,50.53414,78.0,25.0,69.0,25.49208,12.39922,Ballast,59.84223566666667,25.424868
2026-01-24 09:35:00,650.81547,299,343.0,86.0,325.42182,499.45527,0.83605,324.43231,513.91626,0.80946,0.0,0.0,0.0,19.86363,59.0,52.0,78.0,25.0,69.0,26.47985,11.5,Ballast,59.86666666666667,25.441330833333332
2026-01-24 09:40:00,641.85758,299,343.0,86.0,322.92573,494.93883,0.83552,320.77898,506.766,0.80825,0.0,0.0,0.0,20.08159,59.0,52.82362,78.0,25.0,69.0,27.0,11.5,Ballast,59.88039366666667,25.45
2026-01-24 09:45:00,659.14015,299,343.0,86.0,331.15439,504.95314,0.84245,329.3778,515.62926,0.82026,0.0,0.0,0.0,20.69193,59.0,53.45207,78.0,25.0,69.0,27.42187,11.49227,Ballast,59.89086783333333,25.457031166666667
2026-01-24 09:50:00,640.21539,299,343.0,86.0,320.36568,492.27702,0.83622,319.86515,503.52535,0.81692,0.0,0.0,0.0,20.88197,59.0,54.0,78.0,25.0,69.0,28.0,10.36657,Ballast,59.9,25.466666666666665
2026-01-24 09:55:00,636.1586,299,343.0,86.0,319.06018,491.88127,0.83502,318.84844,502.20084,0.81252,0.0,0.0,0.0,20.97738,59.0,55.0,78.0,25.0,69.0,29.0,7.45922,Ballast,59.916666666666664,25.483333333333334
2026-01-24 10:00:00,605.39695,299,343.0,86.0,302.18378,470.41827,0.82038,302.97216,482.2265,0.80334,0.0,0.0,0.0,22.42913,59.0,55.95422,78.0,25.0,69.0,29.0,6.3691,Ballast,59.93257033333333,25.483333333333334
2026-01-24 10:05:00,599.83404,299,343.0,86.0,299.34766,466.93737,0.81887,301.97553,481.31752,0.80082,0.0,0.0,0.0,23.66452,59.0,56.0,78.0,25.0,69.0,29.0,4.93766,Ballast,59.93333333333333,25.483333333333334
2026-01-24 10:10:00,667.79611,299,343.0,86.0,343.61489,530.77849,0.83184,325.98243,524.40114,0.79552,0.0,0.0,0.0,31.42573,59.0,56.0,78.0,25.0,69.0,29.0,3.95803,Ballast,59.93333333333333,25.483333333333334
2026-01-24 10:15:00,730.43851,299,343.0,86.0,368.72864,560.88951,0.84252,362.38829,565.73859,0.82379,0.0,0.0,0.0,24.09556,59.0,57.0,78.0,25.0,69.0,30.0,7.96156,Ballast,59.95,25.5
2026-01-24 10:20:00,683.80753,299,343.0,86.0,342.48664,525.52325,0.83398,340.76839,534.41024,0.81927,0.0,0.0,0.0,24.14937,59.0,57.62254,78.0,25.0,69.0,30.19662,10.09238,Ballast,59.960375666666664,25.503277
2026-01-24 10:25:00,632.80101,299,343.0,86.0,309.84398,481.88487,0.82177,320.96182,504.06723,0.81521,0.0,0.0,0.0,24.11398,59.0,58.01202,78.0,25.0,69.0,31.0,9.9279,Ballast,59.966867,25.516666666666666
2026-01-24 10:30:00,615.14567,299,343.0,86.0,305.10564,476.00851,0.82002,311.72052,493.23215,0.80643,0.0,0.0,0.0,24.19407,59.0,59.0,78.0,25.0,69.0,31.11266,9.0701,Ballast,59.983333333333334,25.518544333333335
2026-01-24 10:35:00,640.67345,300,343.0,86.0,319.09087,504.64977,0.81123,323.26004,517.11734,0.8015,0.0,0.0,0.0,24.17778,60.0,0.0,78.0,25.0,69.0,32.0,7.75607,Ballast,60.0,25.533333333333335
2026-01-24 10:40:00,636.56432,300,343.0,86.0,322.42177,507.566,0.81322,314.88195,509.03082,0.79227,0.0,0.0,0.0,21.86238,60.0,0.16976,78.0,25.0,69.0,32.63385,8.09926,Ballast,60.00282933333333,25.5438975
2026-01-24 10:45:00,639.09684,300,343.0,86.0,324.2705,508.94577,0.81364,316.66363,512.25642,0.79135,0.0,0.0,0.0,16.09723,60.0,1.0,78.0,25.0,69.0,33.0,8.33088,Ballast,60.016666666666666,25.55
2026-01-24 10:50:00,659.49051,300,343.0,86.0,334.0717,519.57448,0.82206,324.8639,519.85062,0.80103,0.0,0.0,0.0,15.96722,60.0,1.40354,78.0,25.0,69.0,33.0,9.72452,Ballast,60.023392333333334,25.55
2026-01-24 10:55:00,657.41838,300,343.0,86.0,330.88939,516.15722,0.82034,323.52002,519.23891,0.79918,0.0,0.0,0.0,17.40348,60.0,2.93509,78.0,25.0,69.0,34.0,10.61784,Ballast,60.04891816666667,25.566666666666666
2026-01-24 11:00:00,650.81987,300,343.0,86.0,330.18508,517.75805,0.81505,323.1863,522.12644,0.79412,0.0,0.0,0.0,18.3139,60.0,3.47905,78.0,25.0,69.0,34.0,10.7424,Ballast,60.057984166666664,25.566666666666666
2026-01-24 11:05:00,682.88957,300,343.0,86.0,341.15331,530.49905,0.82595,339.45476,537.16744,0.80895,0.0,0.0,0.0,30.19118,60.0,4.0,78.0,25.0,69.0,34.9728,10.72981,Ballast,60.06666666666667,25.58288
2026-01-24 11:10:00,662.67366,300,343.0,86.0,332.20273,517.90309,0.82258,330.91863,528.25545,0.80294,0.0,0.0,0.0,41.26654,60.0,4.95061,78.0,25.0,69.0,35.59115,10.74955,Ballast,60.082510166666665,25.593185833333333
2026-01-24 11:15:00,640.19063,300,343.0,86.0,319.97849,504.44315,0.81091,320.457,514.32341,0.79807,0.0,0.0,0.0,42.07755,60.0,6.0,78.0,25.0,69.0,37.48361,10.9,Ballast,60.1,25.624726833333334
2026-01-24 11:20:00,638.53201,300,343.0,86.0,320.38518,504.99344,0.81178,319.06,514.22408,0.79412,0.0,0.0,0.0,26.40066,60.0,6.39992,78.0,25.0,69.0,38.25731,10.66811,Ballast,60.10666533333333,25.637621833333334
2026-01-24 11:25:00,644.70164,300,343.0,86.0,322.96367,507.65976,0.8146,321.24962,517.58792,0.79484,0.0,0.0,0.0,9.71185,60.0,7.0,78.0,25.0,69.0,39.0,10.60636,Ballast,60.11666666666667,25.65
2026-01-24 11:30:00,657.23831,300,343.0,86.0,330.51481,513.50954,0.82893,323.62159,521.19698,0.79699,0.0,0.0,0.0,5.04533,60.0,7.94904,78.0,25.0,69.0,39.0,10.77431,Ballast,60.132484,25.65
2026-01-24 11:35:00,627.46546,300,343.0,86.0,310.05214,478.08298,0.83037,315.30841,525.05016,0.77128,0.0,0.0,0.0,340.00667,60.0,9.06148,78.0,25.0,69.0,38.83525,10.29869,Ballast,60.151024666666665,25.647254166666666
2026-01-24 11:40:00,614.94125,300,343.0,86.0,303.78501,466.85709,0.8341,313.09178,527.61727,0.76163,0.0,0.0,0.0,333.06487,60.0,10.0,78.0,25.0,69.0,38.0,9.28124,Ballast,60.166666666666664,25.633333333333333
2026-01-24 11:45:00,611.37458,300,343.0,86.0,304.03051,471.11756,0.82767,308.50131,518.17783,0.76501,0.0,0.0,0.0,331.96443,60.0,10.22827,78.0,25.0,69.0,37.6644,8.88064,Ballast,60.170471166666665,25.62774
2026-01-24 11:50:00,635.07742,300,343.0,86.0,318.81806,492.03743,0.82838,317.53468,519.98464,0.78234,0.0,0.0,0.0,330.07063,60.0,11.0,78.0,25.0,69.0,37.0,8.58381,Ballast,60.18333333333333,25.616666666666667
2026-01-24 11:55:00,620.68489,300,343.0,86.0,307.934,463.137,0.85137,309.22446,533.14127,0.7455,0.0,0.0,0.0,331.96665,60.0,12.0,78.0,25.0,69.0,36.0,8.59483,Ballast,60.2,25.6
2026-01-24 12:00:00,610.90444,300,343.0,86.0,303.7891,476.80528,0.81951,307.47858,509.86448,0.7729,0.0,0.0,0.0,332.08042,60.0,12.28139,78.0,25.0,69.0,35.2871,8.60363,Ballast,60.20468983333333,25.588118333333334
2026-01-24 12:05:00,613.90577,300,343.0,86.0,307.81942,483.73885,0.81439,309.07606,510.49479,0.77859,0.0,0.0,0.0,336.34491,60.0,13.0,78.0,25.0,69.0,35.0,8.688,Ballast,60.21666666666667,25.583333333333332
2026-01-24 12:10:00,627.23909,300,343.0,86.0,314.49752,546.46811,0.73885,314.96081,570.69834,0.70793,0.0,0.0,0.0,340.12528,60.0,13.40327,78.0,25.0,69.0,34.29507,8.7,Ballast,60.223387833333334,25.5715845
2026-01-24 12:15:00,654.84479,300,343.0,86.0,325.71156,552.26625,0.75592,328.80327,587.22531,0.71754,0.0,0.0,0.0,340.81617,60.0,14.57144,78.0,25.0,69.0,33.8377,8.58491,Ballast,60.24285733333333,25.563961666666668
2026-01-24 12:20:00,770.75019,300,343.03103,86.0,382.96625,630.12387,0.78173,386.9066,657.03102,0.75561,0.0,0.0,0.0,340.15237,60.0,15.0,78.0,25.0,69.0,33.0,8.52411,Ballast,60.25,25.55
2026-01-24 12:25:00,779.83365,300,344.0,86.0,386.18995,626.58116,0.79071,391.53874,672.54107,0.74356,0.0,0.0,0.0,340.22267,60.0,15.72072,78.0,25.0,69.0,33.0,8.49278,Ballast,60.262012,25.55
2026-01-24 12:30:00,729.03804,300,344.0,86.0,359.78959,595.50434,0.77454,368.90845,644.1235,0.73455,0.0,0.0,0.0,312.66525,60.0,16.0,78.0,25.0,69.0,32.45682,7.48066,Ballast,60.266666666666666,25.540947
2026-01-24 12:35:00,642.3795,300,344.0,86.0,321.74012,547.22891,0.7559,318.91073,596.1373,0.68347,0.0,0.0,0.0,13.37512,60.0,17.0,78.0,25.0,69.0,33.0,6.32933,Ballast,60.28333333333333,25.55
2026-01-24 12:40:00,606.05841,300,344.0,86.0,300.74178,529.00602,0.73195,304.76159,578.36799,0.67401,0.0,0.0,0.0,13.76398,60.0,17.0,78.0,25.0,69.0,33.0,2.5562,Ballast,60.28333333333333,25.55
2026-01-24 12:45:00,551.06559,300,344.0,86.0,273.46745,503.5467,0.69265,278.66753,530.71515,0.67184,0.0,0.0,0.0,13.14237,60.0,17.01833,78.0,25.0,69.0,33.0,1.93697,Ballast,60.283638833333335,25.55
2026-01-24 12:50:00,580.73992,300,344.0,86.0,288.30682,526.60246,0.70258,294.19857,542.24817,0.69367,0.0,0.0,0.0,15.47916,60.0,18.0,78.0,25.0,69.0,33.0,2.65494,Ballast,60.3,25.55
2026-01-24 12:55:00,579.86278,300,344.0,86.0,292.30231,527.58978,0.70879,289.25215,537.41871,0.68982,0.0,0.0,0.0,19.67783,60.0,18.0,78.0,25.0,69.0,33.0,2.72507,Ballast,60.3,25.55
2026-01-24 13:00:00,557.2374,300,344.0,86.0,273.91309,512.75762,0.68424,282.84641,529.01714,0.68511,0.0,0.0,0.0,21.36965,60.0,18.0,78.0,25.0,69.0,33.0,1.65886,Ballast,60.3,25.55
2026-01-24 13:05:00,554.21833,300,344.0,86.0,280.81277,517.74805,0.69402,274.67154,521.71238,0.6739,0.0,0.0,0.0,73.99825,60.0,18.0,78.0,25.0,69.0,33.0,1.24549,Ballast,60.3,25.55
2026-01-24 13:10:00,592.65666,300,344.0,86.0,300.65732,544.86742,0.70886,293.48292,546.89327,0.68678,0.0,0.0,0.0,111.7357,60.0,18.0,78.0,25.0,69.0,33.0,0.90469,Ballast,60.3,25.55
2026-01-24 13:15:00,567.19428,300,344.0,86.0,282.87627,519.30031,0.6967,286.33314,532.4103,0.68999,0.0,0.0,0.0,121.86451,60.0,18.0,78.0,25.0,69.0,33.0,0.58772,Ballast,60.3,25.55
2026-01-24 13:20:00,578.1987,300,344.0,86.0,291.47384,528.7375,0.70166,291.05652,536.25028,0.69084,0.0,0.0,0.0,125.33356,60.0,18.0,78.0,25.0,69.0,33.0,0.20549,Ballast,60.3,25.55
2026-01-24 13:25:00,595.96268,300,344.0,86.0,294.072,530.57552,0.70733,294.95725,540.3976,0.69448,0.0,0.0,0.0,129.88729,60.0,18.0,78.0,25.0,69.0,33.0,0.0,Idle,60.3,25.55
2026-01-24 13:30:00,543.71211,300,344.0,86.0,264.21179,500.35986,0.67529,278.70871,522.08415,0.67943,0.0,0.0,0.0,129.85466,60.0,18.0,78.0,25.0,69.0,33.0,0.0,Idle,60.3,25.55
2026-01-24 13:35:00,539.98365,300,344.0,86.0,264.41804,497.12446,0.67997,276.65443,518.91959,0.68352,0.0,0.0,0.0,129.8,60.0,18.0,78.0,25.0,69.0,33.0,0.0,Idle,60.3,25.55
2026-01-24 13:40:00,537.44574,300,344.0,86.0,259.30211,492.52094,0.67538,274.31379,517.76586,0.67705,0.0,0.0,0.0,129.72226,60.0,18.0,78.0,25.0,69.0,33.0,0.0,Idle,60.3,25.55
2026-01-24 13:45:00,508.76968,300,344.0,86.0,254.84201,487.10332,0.66886,253.13069,499.54705,0.64896,0.0,0.0,0.0,129.7,60.0,18.0,78.0,25.0,69.0,33.0,0.0,Idle,60.3,25.55
2026-01-24 13:50:00,517.73816,300.97561,344.0,86.0,260.4398,493.20469,0.67798,258.00749,503.81697,0.65532,0.0,0.0,0.0,129.65229,60.0,18.0,78.0,25.0,69.0,33.0,0.0,Idle,60.3,25.55
2026-01-24 13:55:00,548.59208,301,344.0,86.0,264.21905,499.17795,0.67856,283.72359,526.26137,0.69131,0.0,0.0,0.0,129.53417,60.0,18.0,78.0,25.0,69.0,33.0,0.0,Idle,60.3,25.55
2026-01-24 14:00:00,514.9745,301,344.0,86.0,252.99083,475.78196,0.68257,263.93285,495.14819,0.6816,0.0,0.0,0.0,129.5,60.0,18.0,78.0,25.0,69.0,33.0,0.0,Idle,60.3,25.55
2026-01-24 14:05:00,489.1733,301,344.0,86.0,249.08665,445.27916,0.71818,239.54049,446.38093,0.69159,0.0,0.0,0.0,129.47604,60.0,18.0,78.0,25.0,69.0,33.0,0.0,Idle,60.3,25.55
2026-01-24 14:10:00,467.1351,301,344.0,86.0,237.3626,382.83432,0.79211,228.8503,382.79298,0.76727,0.0,0.0,0.0,129.4,60.0,18.0,78.0,25.0,69.0,33.0,0.0,Idle,60.3,25.55
2026-01-24 14:15:00,457.15923,301,344.0,86.0,0.0,0.0,0.0,456.31136,747.59363,0.78201,0.0,0.0,0.0,129.4,60.0,18.0,78.0,25.0,69.0,33.0,0.0,Idle,60.3,25.55
2026-01-24 14:20:00,450.18768,301,344.0,86.0,0.0,0.0,0.0,450.0647,741.53676,0.78017,0.0,0.0,0.0,129.35219,60.0,18.0,78.0,25.0,69.0,33.0,0.0,Idle,60.3,25.55
2026-01-24 14:25:00,439.94657,301,344.0,86.0,0.0,0.0,0.0,439.84002,731.66092,0.77131,0.0,0.0,0.0,129.3,60.0,18.0,78.0,25.0,69.0,33.0,0.0,Idle,60.3,25.55
2026-01-24 14:30:00,438.59207,301,344.0,86.0,0.0,0.0,0.0,438.25886,728.75724,0.76884,0.0,0.0,0.0,129.3,60.0,18.0,78.0,25.0,69.0,33.0,0.0,Idle,60.3,25.55
2026-01-24 14:35:00,457.12974,301,344.0,86.0,0.0,0.0,0.0,457.37296,747.5814,0.78314,0.0,0.0,0.0,129.38345,60.0,18.0,78.0,25.0,69.0,33.0,0.0,Idle,60.3,25.55
2026-01-24 14:40:00,446.00102,301,344.0,86.0,0.0,0.0,0.0,446.49655,735.1384,0.77946,0.0,0.0,0.0,129.4,60.0,18.0,78.0,25.0,69.0,33.0,0.0,Idle,60.3,25.55
2026-01-24 14:45:00,460.30691,301,344.0,86.0,0.0,0.0,0.0,461.33623,753.95835,0.7882,0.0,0.0,0.0,129.4,60.0,18.0,78.0,25.0,69.0,33.0,0.0,Idle,60.3,25.55
2026-01-24 14:50:00,453.04796,301,344.0,86.0,0.0,0.0,0.0,453.83699,743.3289,0.7828,0.0,0.0,0.0,129.42002,60.0,18.0,78.0,25.0,69.0,33.0,0.0,Idle,60.3,25.55
2026-01-24 14:55:00,459.95485,301,344.0,86.0,0.0,0.0,0.0,461.72733,752.19652,0.7856,0.0,0.0,0.0,129.5,60.0,18.0,78.0,25.0,69.0,33.0,0.0,Idle,60.3,25.55
2026-01-24 15:00:00,447.997,301,344.0,86.0,0.0,0.0,0.0,447.02131,732.28704,0.78308,0.0,0.0,0.0,129.5,60.0,18.0,78.0,25.0,69.0,33.0,0.0,Idle,60.3,25.55
2026-01-24 15:05:00,453.37346,301,344.0,86.0,0.0,0.0,0.0,454.12305,740.13629,0.78701,0.0,0.0,0.0,129.5,60.0,18.0,78.0,25.0,69.0,33.0,0.0,Idle,60.3,25.55
2026-01-24 15:10:00,447.91225,301,344.0,86.0,0.0,0.0,0.0,447.50292,733.80986,0.78276,0.0,0.0,0.0,129.53458,60.0,18.0,78.0,25.0,69.0,33.0,0.0,Idle,60.3,25.55
2026-01-24 15:15:00,446.95151,301,344.99683,86.0,0.0,0.0,0.0,445.53171,727.86634,0.78617,0.0,0.0,0.0,129.6,60.0,18.0,78.0,25.0,69.0,33.0,0.0,Idle,60.3,25.55
2026-01-24 15:20:00,455.99467,301,345.0,86.0,0.0,0.0,0.0,456.34314,741.99262,0.78679,0.0,0.0,0.0,129.6,60.0,18.0,78.0,25.0,69.0,33.0,0.0,Idle,60.3,25.55
2026-01-24 15:25:00,446.21017,301,345.0,86.0,0.0,0.0,0.0,446.6712,733.24132,0.78087,0.0,0.0,0.0,129.6,60.0,18.0,78.0,25.0,69.0,33.0,0.0,Idle,60.3,25.55
2026-01-24 15:30:00,458.31819,301,345.0,86.0,0.0,0.0,0.0,457.27643,738.94923,0.79178,0.0,0.0,0.0,129.6,60.0,18.0,78.0,25.0,69.0,33.0,0.0,Idle,60.3,25.55
2026-01-24 15:35:00,453.88691,301,345.0,86.0,0.0,0.0,0.0,454.60109,736.62597,0.79307,0.0,0.0,0.0,129.6,60.0,18.0,78.0,25.0,69.0,33.0,0.0,Idle,60.3,25.55
2026-01-24 15:40:00,447.32051,301,345.0,86.0,0.0,0.0,0.0,448.11347,734.7558,0.78036,0.0,0.0,0.0,129.6,60.0,18.0,78.0,25.0,69.0,33.0,0.0,Idle,60.3,25.55
2026-01-24 15:45:00,452.42694,301,345.0,86.0,0.0,0.0,0.0,452.05026,735.91721,0.78685,0.0,0.0,0.0,129.6,60.0,18.0,78.0,25.0,69.0,33.0,0.0,Idle,60.3,25.55
2026-01-24 15:50:00,453.24472,301,345.0,86.0,0.0,0.0,0.0,453.49501,734.79604,0.79117,0.0,0.0,0.0,129.6,60.0,18.0,78.0,25.0,69.0,33.0,0.0,Idle,60.3,25.55
2026-01-24 15:55:00,462.12914,301,345.0,86.0,0.0,0.0,0.0,462.30262,744.62042,0.79588,0.0,0.0,0.0,129.6,60.0,18.0,78.0,25.0,69.0,33.0,0.0,Idle,60.3,25.55
2026-01-24 16:00:00,444.80781,301,345.0,86.0,0.0,0.0,0.0,445.01628,727.51266,0.7811,0.0,0.0,0.0,129.6,60.0,18.0,78.0,25.0,69.0,33.0,0.0,Idle,60.3,25.55
2026-01-24 16:05:00,466.2897,301,345.0,86.0,0.0,0.0,0.0,467.94309,756.90898,0.79307,0.0,0.0,0.0,129.56069,60.0,18.0,78.0,25.0,69.0,33.0,0.0,Idle,60.3,25.55
2026-01-24 16:10:00,477.02866,301,345.0,86.0,0.0,0.0,0.0,475.74383,764.36227,0.79798,0.0,0.0,0.0,129.5,60.0,18.0,78.0,25.0,69.0,33.0,0.0,Idle,60.3,25.55
2026-01-24 16:15:00,450.3993,301,345.0,86.0,0.0,0.0,0.0,448.75868,732.79361,0.78456,0.0,0.0,0.0,129.5,60.0,18.0,78.0,25.0,69.0,33.0,0.0,Idle,60.3,25.55
2026-01-24 16:20:00,445.60843,301,345.0,86.0,0.0,0.0,0.0,446.41385,732.74035,0.78366,0.0,0.0,0.0,129.5,60.0,18.0,78.0,25.0,69.0,33.0,0.0,Idle,60.3,25.55
2026-01-24 16:25:00,453.40291,301,345.0,86.0,0.0,0.0,0.0,455.11351,739.21159,0.78654,0.0,0.0,0.0,129.5,60.0,18.0,78.0,25.0,69.0,33.0,0.0,Idle,60.3,25.55
2026-01-24 16:30:00,439.70226,301,345.0,86.0,0.0,0.0,0.0,440.56273,723.16096,0.78067,0.0,0.0,0.0,129.5,60.0,18.0,78.0,25.0,69.0,33.0,0.0,Idle,60.3,25.55
2026-01-24 16:35:00,451.00256,301,345.0,86.0,0.0,0.0,0.0,451.04021,734.61088,0.78878,0.0,0.0,0.0,129.5,60.0,18.0,78.0,25.0,69.0,33.0,0.0,Idle,60.3,25.55
2026-01-24 16:40:00,457.71769,301,345.0,86.0,0.0,0.0,0.0,455.64085,742.58198,0.78684,0.0,0.0,0.0,129.5,60.0,18.0,78.0,25.0,69.0,33.0,0.0,Idle,60.3,25.55
2026-01-24 16:45:00,447.62221,301,345.0,86.0,0.0,0.0,0.0,447.40778,729.98177,0.78522,0.0,0.0,0.0,129.5,60.0,18.0,78.0,25.0,69.0,33.0,0.0,Idle,60.3,25.55
2026-01-24 16:50:00,444.75554,301,345.0,86.0,0.0,0.0,0.0,442.90988,727.13046,0.78094,0.0,0.0,0.0,129.5,60.0,18.0,78.0,25.0,69.0,33.0,0.0,Idle,60.3,25.55
2026-01-24 16:55:00,434.74545,301,345.0,86.0,0.0,0.0,0.0,432.86081,715.46188,0.77517,0.0,0.0,0.0,129.5,60.0,18.0,78.0,25.0,69.0,33.0,0.0,Idle,60.3,25.55
2026-01-24 17:00:00,446.66214,301,345.0,86.0,0.0,0.0,0.0,447.95421,734.6041,0.78136,0.0,0.0,0.0,129.5,60.0,18.0,78.0,25.0,69.0,33.0,0.0,Idle,60.3,25.55
2026-01-24 17:05:00,452.44712,301,345.0,86.0,0.0,0.0,0.0,453.08809,737.32101,0.79007,0.0,0.0,0.0,129.5,60.0,18.0,78.0,25.0,69.0,33.0,0.0,Idle,60.3,25.55
2026-01-24 17:10:00,435.17747,301,345.0,86.0,0.0,0.0,0.0,435.27614,716.59159,0.77605,0.0,0.0,0.0,129.5,60.0,18.0,78.0,25.0,69.0,33.0,0.0,Idle,60.3,25.55
2026-01-24 17:15:00,443.4175,301,345.0,86.0,0.0,0.0,0.0,442.99743,727.49596,0.78342,0.0,0.0,0.0,129.5,60.0,18.0,78.0,25.0,69.0,33.0,0.0,Idle,60.3,25.55
2026-01-24 17:20:00,439.37973,301,345.0,86.0,0.0,0.0,0.0,440.17258,724.10571,0.78055,0.0,0.0,0.0,129.5,60.0,18.0,78.0,25.0,69.0,33.0,0.0,Idle,60.3,25.55
2026-01-24 17:25:00,461.55727,301,345.0,86.0,0.0,0.0,0.0,461.62786,746.85589,0.79286,0.0,0.0,0.0,129.5,60.0,18.0,78.0,25.0,69.0,33.0,0.0,Idle,60.3,25.55
2026-01-24 17:30:00,445.24727,301,345.5948,86.0,0.0,0.0,0.0,444.55426,727.88701,0.78428,0.0,0.0,0.0,129.5,60.0,18.0,78.0,25.0,69.0,33.0,0.0,Idle,60.3,25.55
2026-01-24 17:35:00,431.64051,301,346.0,86.0,0.0,0.0,0.0,431.77453,712.19703,0.77541,0.0,0.0,0.0,129.5,60.0,18.0,78.0,25.0,69.0,33.0,0.0,Idle,60.3,25.55
2026-01-24 17:40:00,435.3643,301,346.0,86.0,0.0,0.0,0.0,434.87008,717.04572,0.77694,0.0,0.0,0.0,129.5,60.0,18.0,78.0,25.0,69.0,33.0,0.0,Idle,60.3,25.55
2026-01-24 17:45:00,456.91712,301,346.0,86.0,0.0,0.0,0.0,457.24859,743.16718,0.7865,0.0,0.0,0.0,129.5,60.0,18.0,78.0,25.0,69.0,33.0,0.0,Loading,60.3,25.55
2026-01-24 17:50:00,442.32796,301,346.0,86.0,0.0,0.0,0.0,443.2761,726.2428,0.78098,0.0,0.0,0.0,129.5,60.0,18.0,78.0,25.0,69.0,33.0,0.0,Loading,60.3,25.55
2026-01-24 17:55:00,463.48142,301,346.0,86.0,0.0,0.0,0.0,461.26869,758.92398,0.77887,0.0,0.0,0.0,129.5,60.0,18.0,78.0,25.0,69.0,33.0,0.0,Loading,60.3,25.55
2026-01-24 18:00:00,473.10128,301,346.0,86.0,0.0,0.0,0.0,473.66537,774.30172,0.78563,0.0,0.0,0.0,129.5,60.0,18.0,78.0,25.0,69.0,33.0,0.0,Loading,60.3,25.55
2026-01-24 18:05:00,460.55125,301,346.0,86.0,0.0,0.0,0.0,461.76915,756.27485,0.78157,0.0,0.0,0.0,129.5,60.0,18.0,78.0,25.0,69.0,33.0,0.0,Loading,60.3,25.55
2026-01-24 18:10:00,452.32059,301,346.0,86.0,0.0,0.0,0.0,452.44264,734.92273,0.78832,0.0,0.0,0.0,129.5,60.0,18.0,78.0,25.0,69.0,33.0,0.0,Loading,60.3,25.55
2026-01-24 18:15:00,429.45769,301,346.0,86.0,0.0,0.0,0.0,431.34679,712.40309,0.77461,0.0,0.0,0.0,129.5,60.0,18.0,78.0,25.0,69.0,33.0,0.0,Loading,60.3,25.55
2026-01-24 18:20:00,441.31778,301,346.0,86.0,0.0,0.0,0.0,440.63991,720.93872,0.78349,0.0,0.0,0.0,129.5,60.0,18.0,78.0,25.0,69.0,33.0,0.0,Loading,60.3,25.55
2026-01-24 18:25:00,456.08837,301,346.0,86.0,0.0,0.0,0.0,455.93249,738.9681,0.78641,0.0,0.0,0.0,129.5,60.0,18.0,78.0,25.0,69.0,33.0,0.0,Loading,60.3,25.55
2026-01-24 18:30:00,455.41725,301,346.0,86.0,0.0,0.0,0.0,454.98574,739.70851,0.78969,0.0,0.0,0.0,129.5,60.0,18.0,78.0,25.0,69.0,33.0,0.0,Loading,60.3,25.55
2026-01-24 18:35:00,434.82765,301,346.0,86.0,0.0,0.0,0.0,434.38633,715.9697,0.77668,0.0,0.0,0.0,129.5,60.0,18.0,78.0,25.0,69.0,33.0,0.0,Loading,60.3,25.55
2026-01-24 18:40:00,442.37852,301,346.0,86.0,0.0,0.0,0.0,445.29361,726.61818,0.78244,0.0,0.0,0.0,129.5,60.0,18.0,78.0,25.0,69.0,33.0,0.0,Loading,60.3,25.55
2026-01-24 18:45:00,454.59334,301,346.0,86.0,0.0,0.0,0.0,455.22959,738.14345,0.78922,0.0,0.0,0.0,129.5,60.0,18.0,78.0,25.0,69.0,33.0,0.0,Loading,60.3,25.55
2026-01-24 18:50:00,459.03496,301,346.0,86.0,0.0,0.0,0.0,458.11993,741.24044,0.78745,0.0,0.0,0.0,129.5,60.0,18.0,78.0,25.0,69.0,33.0,0.0,Loading,60.3,25.55
2026-01-24 18:55:00,447.88156,301,346.0,86.0,0.0,0.0,0.0,447.83334,729.43021,0.78643,0.0,0.0,0.0,129.5,60.0,18.0,78.0,25.0,69.0,33.0,0.0,Loading,60.3,25.55
2026-01-24 19:00:00,436.54306,301,346.0,86.0,0.0,0.0,0.0,438.84051,722.39295,0.77708,0.0,0.0,0.0,129.5,60.0,18.0,78.0,25.0,69.0,33.0,0.0,Loading,60.3,25.55
2026-01-24 19:05:00,441.33093,301,346.0,86.0,0.0,0.0,0.0,440.55722,720.7189,0.78104,0.0,0.0,0.0,129.5,60.0,18.0,78.0,25.0,69.0,33.0,0.0,Loading,60.3,25.55
2026-01-24 19:10:00,458.87492,301,346.0,86.0,0.0,0.0,0.0,458.96161,743.83283,0.79177,0.0,0.0,0.0,129.5,60.0,18.0,78.0,25.0,69.0,33.0,0.0,Loading,60.3,25.55
2026-01-24 19:15:00,433.04799,301,346.0,86.0,0.0,0.0,0.0,432.94101,713.66257,0.77782,0.0,0.0,0.0,129.5,60.0,18.0,78.0,25.0,69.0,33.0,0.0,Loading,60.3,25.55
2026-01-24 19:20:00,438.03906,301,346.0,86.0,0.0,0.0,0.0,438.54,719.04066,0.78035,0.0,0.0,0.0,129.5,60.0,18.0,78.0,25.0,69.0,33.0,0.0,Loading,60.3,25.55
2026-01-24 19:25:00,439.95472,301,346.0,86.0,0.0,0.0,0.0,440.88603,721.73615,0.78007,0.0,0.0,0.0,129.5,60.0,18.0,78.0,25.0,69.0,33.0,0.0,Loading,60.3,25.55
2026-01-24 19:30:00,444.54416,301,346.0,86.0,0.0,0.0,0.0,443.88729,726.61052,0.77997,0.0,0.0,0.0,129.5,60.0,18.0,78.0,25.0,69.0,33.0,0.0,Loading,60.3,25.55
2026-01-24 19:35:00,439.49471,301,346.0,86.0,0.0,0.0,0.0,439.24127,720.22862,0.77801,0.0,0.0,0.0,129.5,60.0,18.0,78.0,25.0,69.0,33.0,0.0,Loading,60.3,25.55
2026-01-24 19:40:00,439.65236,301,346.07052,86.0,0.0,0.0,0.0,439.92624,719.77183,0.78123,0.0,0.0,0.0,129.5,60.0,18.0,78.0,25.0,69.0,33.0,0.0,Loading,60.3,25.55
2026-01-24 19:45:00,428.91208,301,347.0,86.0,0.0,0.0,0.0,429.68867,709.97365,0.77299,0.0,0.0,0.0,129.5,60.0,18.0,78.0,25.0,69.0,33.0,0.0,Loading,60.3,25.55
2026-01-24 19:50:00,456.3677,301,347.0,86.0,0.0,0.0,0.0,456.47892,739.71391,0.79128,0.0,0.0,0.0,129.5,60.0,18.0,78.0,25.0,69.0,33.0,0.0,Loading,60.3,25.55
2026-01-24 19:55:00,446.32175,301,347.0,86.0,0.0,0.0,0.0,445.55647,727.85537,0.78248,0.0,0.0,0.0,129.5,60.0,18.0,78.0,25.0,69.0,33.0,0.0,Loading,60.3,25.55
2026-01-24 20:00:00,437.92402,301,347.0,86.0,0.0,0.0,0.0,439.14475,718.68543,0.77875,0.0,0.0,0.0,129.5,60.0,18.0,78.0,25.0,69.0,33.0,0.0,Loading,60.3,25.55
2026-01-24 20:05:00,443.92391,301,347.0,86.0,0.0,0.0,0.0,443.28178,726.31455,0.7766,0.0,0.0,0.0,129.5,60.0,18.0,78.0,25.0,69.0,33.0,0.0,Loading,60.3,25.55
2026-01-24 20:10:00,446.83328,301,347.0,86.0,0.0,0.0,0.0,448.12135,728.7368,0.78592,0.0,0.0,0.0,129.5,60.0,18.0,78.0,25.0,69.0,33.0,0.0,Loading,60.3,25.55
2026-01-24 20:15:00,473.95988,301,347.0,86.0,0.0,0.0,0.0,472.89065,756.79705,0.79753,0.0,0.0,0.0,129.5,60.0,18.0,78.0,25.0,69.0,33.0,0.0,Loading,60.3,25.55
2026-01-24 20:20:00,450.54802,301,347.0,86.0,0.0,0.0,0.0,450.83311,733.6503,0.7842,0.0,0.0,0.0,129.5549,60.0,18.0,78.0,25.0,69.0,33.0,0.0,Loading,60.3,25.55
2026-01-24 20:25:00,442.07081,301,347.0,86.0,0.0,0.0,0.0,440.13407,719.97069,0.78419,0.0,0.0,0.0,129.6,60.0,18.0,78.0,25.0,69.0,33.0,0.0,Loading,60.3,25.55
2026-01-24 20:30:00,438.61048,301,347.0,86.0,0.0,0.0,0.0,439.46239,719.08617,0.78163,0.0,0.0,0.0,129.6,60.0,18.0,78.0,25.0,69.0,33.0,0.0,Loading,60.3,25.55
2026-01-24 20:35:00,444.93148,301,347.0,86.0,0.0,0.0,0.0,446.64758,731.04431,0.77927,0.0,0.0,0.0,129.6,60.0,18.0,78.0,25.0,69.0,33.0,0.0,Loading,60.3,25.55
2026-01-24 20:40:00,453.88907,301,347.0,86.0,0.0,0.0,0.0,451.9444,733.94275,0.78286,0.0,0.0,0.0,129.6,60.0,18.0,78.0,25.0,69.0,33.0,0.0,Loading,60.3,25.55
2026-01-24 20:45:00,454.47694,301,347.0,86.0,0.0,0.0,0.0,454.20179,734.48825,0.79184,0.0,0.0,0.0,129.6,60.0,18.0,78.0,25.0,69.0,33.0,0.0,Loading,60.3,25.55
2026-01-24 20:50:00,436.25102,301,347.0,86.0,0.0,0.0,0.0,434.90123,714.09537,0.77863,0.0,0.0,0.0,129.6,60.0,18.0,78.0,25.0,69.0,33.0,0.0,Loading,60.3,25.55
2026-01-24 20:55:00,597.33208,301,347.0,86.0,0.0,0.0,0.0,599.63035,910.51433,0.84122,0.0,0.0,0.0,129.6,60.0,18.0,78.0,25.0,69.0,33.0,0.0,Loading,60.3,25.55
2026-01-24 21:00:00,602.42496,301,347.0,86.0,31.86983,57.72708,0.10641,570.58652,857.0571,0.85389,0.0,0.0,0.0,129.6,60.0,18.0,78.0,25.0,69.0,33.0,0.0,Loading,60.3,25.55
2026-01-24 21:05:00,611.36307,301,347.0,86.0,296.36759,443.99422,0.85699,315.35853,473.71713,0.84999,0.0,0.0,0.0,129.6,60.0,18.0,78.0,25.0,69.0,33.0,0.0,Loading,60.3,25.55
2026-01-24 21:10:00,561.88141,301,347.0,86.0,275.89581,421.14019,0.83773,285.52523,440.26598,0.82731,0.0,0.0,0.0,129.6,60.0,18.0,78.0,25.0,69.0,33.0,0.0,Loading,60.3,25.55
2026-01-24 21:15:00,600.15265,301,347.0,86.0,295.84592,447.28583,0.84581,303.26602,460.83545,0.84054,0.0,0.0,0.0,129.6,60.0,18.0,78.0,25.0,69.0,33.0,0.0,Loading,60.3,25.55
2026-01-24 21:20:00,584.52254,301,347.0,86.0,287.97635,436.60878,0.84273,297.45747,453.58821,0.83823,0.0,0.0,0.0,129.6,60.0,18.0,78.0,25.0,69.0,33.0,0.0,Loading,60.3,25.55
2026-01-24 21:25:00,604.09125,301,347.0,86.0,297.10919,449.13055,0.84464,306.36268,463.06138,0.84356,0.0,0.0,0.0,129.6,60.0,18.0,78.0,25.0,69.0,33.0,0.0,Loading,60.3,25.55
2026-01-24 21:30:00,602.38077,301,347.0,86.0,295.9102,445.47405,0.84928,306.33378,462.6707,0.84474,0.0,0.0,0.0,129.6,60.0,18.0,78.0,25.0,69.0,33.0,0.0,Loading,60.3,25.55
2026-01-24 21:35:00,594.81919,301,347.0,86.0,290.85528,440.22766,0.8459,304.16274,461.98665,0.84247,0.0,0.0,0.0,129.6,60.0,18.0,78.0,25.0,69.0,33.0,0.0,Loading,60.3,25.55
2026-01-24 21:40:00,593.99812,301,347.0,86.0,290.01406,441.17251,0.8429,305.42421,462.30451,0.84415,0.0,0.0,0.0,129.6,60.0,18.0,78.0,25.0,69.0,33.0,0.0,Loading,60.3,25.55
2026-01-24 21:45:00,604.25433,301,347.0,86.0,300.99636,450.78149,0.85922,303.26368,459.47016,0.84357,0.0,0.0,0.0,129.6,60.0,18.0,78.0,25.0,69.0,33.0,0.0,Loading,60.3,25.55
2026-01-24 21:50:00,606.57684,301,347.0,86.0,310.07324,460.52349,0.86019,297.99079,454.77364,0.83402,0.0,0.0,0.0,129.6,60.0,18.0,78.0,25.0,69.0,33.0,0.0,Loading,60.3,25.55
2026-01-24 21:55:00,629.66076,301,347.0,86.0,320.41912,479.43345,0.85461,309.53181,473.65222,0.83549,0.0,0.0,0.0,129.6,60.0,18.0,78.0,25.0,69.0,33.0,0.0,Loading,60.3,25.55
2026-01-24 22:00:00,617.5167,301,347.0,86.0,314.50669,473.09545,0.8496,302.93416,467.73688,0.82744,0.0,0.0,0.0,129.6,60.0,18.0,78.0,25.0,69.0,33.0,0.0,Loading,60.3,25.55
2026-01-24 22:05:00,630.07544,301,347.0,86.0,317.88384,472.79435,0.8601,309.47609,471.13565,0.83977,0.0,0.0,0.0,129.6,60.0,18.0,78.0,25.0,69.0,33.0,0.0,Loading,60.3,25.55
2026-01-24 22:10:00,607.56052,301,347.0,86.0,306.91162,456.97479,0.86071,300.54895,456.56962,0.83884,0.0,0.0,0.0,129.6,60.0,18.0,78.0,25.0,69.0,33.0,0.0,Loading,60.3,25.55
2026-01-24 22:15:00,592.15073,301,347.0,86.0,296.65903,446.46574,0.84731,292.90259,448.19045,0.83302,0.0,0.0,0.0,129.6,60.0,18.0,78.0,25.0,69.0,33.0,0.0,Idle,60.3,25.55
2026-01-24 22:20:00,600.00764,301,347.99611,86.0,300.9852,452.07805,0.85014,297.56102,454.71108,0.83952,0.0,0.0,0.0,129.6,60.0,18.0,78.0,25.0,69.0,33.0,0.0,Idle,60.3,25.55
2026-01-24 22:25:00,591.44979,301,348.0,86.0,296.88973,446.72436,0.84947,293.09326,448.21802,0.8354,0.0,0.0,0.0,129.6,60.0,18.0,78.0,25.0,69.0,33.0,0.0,Idle,60.3,25.55
2026-01-24 22:30:00,602.73527,301,348.0,86.0,302.91444,453.99,0.85518,299.88016,455.18339,0.84218,0.0,0.0,0.0,129.53672,60.0,18.0,78.0,25.0,69.0,33.0,0.0,Idle,60.3,25.55
2026-01-24 22:35:00,592.57891,301,348.0,86.0,297.29062,447.05264,0.85014,294.13573,448.29519,0.8358,0.0,0.0,0.0,129.5,60.0,18.0,78.0,25.0,69.0,33.0,0.0,Idle,60.3,25.55
2026-01-24 22:40:00,599.10395,301,348.0,86.0,301.79966,452.32098,0.85539,297.86462,454.96055,0.83624,0.0,0.0,0.0,129.42767,60.0,18.0,78.0,25.0,69.0,33.0,0.0,Idle,60.3,25.55
2026-01-24 22:45:00,597.35294,301,348.0,86.0,301.36985,450.91836,0.853,296.94407,454.61639,0.83236,0.0,0.0,0.0,129.4,60.0,18.0,78.0,25.0,69.0,33.0,0.0,Idle,60.3,25.55
2026-01-24 22:50:00,591.04899,301,348.0,86.0,296.69263,446.47915,0.85125,294.69769,448.86262,0.83689,0.0,0.0,0.0,129.4,60.0,18.0,78.0,25.0,69.0,33.0,0.0,Idle,60.3,25.55
2026-01-24 22:55:00,606.34781,301,348.0,86.0,304.3214,453.72622,0.85685,301.59712,457.32261,0.84196,0.0,0.0,0.0,129.4,60.0,18.0,78.0,25.0,69.0,33.0,0.0,Idle,60.3,25.55
2026-01-24 23:00:00,598.56702,301,348.0,86.0,301.71521,453.69256,0.85149,298.59264,455.71427,0.83643,0.0,0.0,0.0,129.45032,60.0,18.0,78.0,25.0,69.0,33.0,0.0,Idle,60.3,25.55
2026-01-24 23:05:00,610.93878,301,348.0,86.0,306.94788,459.83647,0.85126,304.12601,461.53621,0.84318,0.0,0.0,0.0,129.5,60.0,18.0,78.0,25.0,69.0,33.0,0.0,Idle,60.3,25.55
2026-01-24 23:10:00,589.26261,301,348.0,86.0,294.59249,444.47745,0.84708,294.02694,448.22878,0.83645,0.0,0.0,0.0,129.50767,60.0,18.0,78.0,25.0,69.0,33.0,0.0,Idle,60.3,25.55
2026-01-24 23:15:00,599.24619,301,348.0,86.0,291.27904,440.59094,0.84496,307.19438,461.73703,0.84647,0.0,0.0,0.0,129.6,60.0,18.0,78.0,25.0,69.0,33.0,0.0,Idle,60.3,25.55
2026-01-24 23:20:00,594.48448,301,348.0,86.0,288.41645,438.01006,0.84234,306.76877,463.10181,0.84575,0.0,0.0,0.0,129.6,60.0,18.0,78.0,25.0,69.0,33.0,0.0,Idle,60.3,25.55
2026-01-24 23:25:00,592.73114,301,348.0,86.0,289.0837,437.71195,0.84241,305.0638,460.97709,0.84709,0.0,0.0,0.0,129.6,60.0,18.0,78.0,25.0,69.0,33.0,0.0,Idle,60.3,25.55
2026-01-24 23:30:00,589.55562,301,348.0,86.0,285.99873,436.11794,0.83708,303.05195,459.46752,0.84016,0.0,0.0,0.0,129.6,60.0,18.0,78.0,25.0,69.0,33.0,0.0,Idle,60.3,25.55
2026-01-24 23:35:00,602.4791,301,348.0,86.0,300.53788,451.8807,0.84942,301.64764,458.05504,0.84132,0.0,0.0,0.0,129.6,60.0,18.0,78.0,25.0,69.0,33.0,0.0,Idle,60.3,25.55
2026-01-24 23:40:00,598.044,301,348.0,86.0,293.25521,442.48546,0.84715,302.69229,457.46616,0.84433,0.0,0.0,0.0,129.6,60.0,18.0,78.0,25.0,69.0,33.0,0.0,Idle,60.3,25.55
2026-01-24 23:45:00,592.80633,301,348.0,86.0,289.06058,438.24714,0.8441,304.96865,459.55469,0.8478,0.0,0.0,0.0,129.6,60.0,18.0,78.0,25.0,69.0,33.0,0.0,Idle,60.3,25.55
2026-01-24 23:50:00,588.88728,301,348.0,86.0,284.71742,433.65329,0.83757,302.71653,457.11193,0.84406,0.0,0.0,0.0,129.6,60.0,18.0,78.0,25.0,69.0,33.0,0.0,Idle,60.3,25.55
2026-01-24 23:55:00,606.67298,301,348.0,86.0,295.25539,447.68819,0.84586,311.31057,467.57943,0.84975,0.0,0.0,0.0,129.6,60.0,18.0,78.0,25.0,69.0,33.0,0.0,Idle,60.3,25.55
2026-01-25 00:00:00,618.4484,301,348.0,86.0,300.12807,451.38203,0.85013,317.60359,472.91851,0.85649,0.0,0.0,0.0,129.6,60.0,18.0,78.0,25.0,69.0,33.0,0.0,Idle,60.3,25.55
2026-01-25 00:05:00,606.1349,301.90509,348.0,86.0,297.43907,447.54703,0.85222,308.19401,463.2544,0.85143,0.0,0.0,0.0,129.6,60.0,18.0,78.0,25.0,69.0,33.0,0.0,Idle,60.3,25.55
2026-01-25 00:10:00,592.75018,302,348.0,86.0,299.73852,449.58272,0.85275,291.69883,445.9337,0.83401,0.0,0.0,0.0,129.6,60.0,18.0,78.0,25.0,69.0,33.0,0.0,Idle,60.3,25.55
2026-01-25 00:15:00,613.30744,302,348.0,86.0,311.85958,462.14486,0.86255,301.66298,456.2498,0.84475,0.0,0.0,0.0,129.6,60.0,18.0,78.0,25.0,69.0,33.0,0.0,Idle,60.3,25.55
2026-01-25 00:20:00,613.54389,302,348.0,86.0,311.53594,462.84665,0.86098,301.65867,456.98612,0.84472,0.0,0.0,0.0,129.6,60.0,18.0,78.0,25.0,69.0,33.0,0.0,Idle,60.3,25.55
2026-01-25 00:25:00,606.53608,302,348.0,86.0,307.94165,458.85306,0.85912,298.12529,453.09104,0.84006,0.0,0.0,0.0,129.6,60.0,18.0,78.0,25.0,69.0,33.0,0.0,Idle,60.3,25.55
2026-01-25 00:30:00,591.17254,302,348.0,86.0,300.3966,450.83417,0.8484,292.02908,445.68337,0.83273,0.0,0.0,0.0,129.6,60.0,18.0,78.0,25.0,69.0,33.0,0.0,Idle,60.3,25.55
2026-01-25 00:35:00,605.35206,302,348.0,86.0,307.87669,461.09401,0.85461,299.39073,455.10516,0.83505,0.0,0.0,0.0,129.55262,60.0,18.0,78.0,25.0,69.0,33.0,0.0,Idle,60.3,25.55
2026-01-25 00:40:00,604.83124,302,348.0,86.0,307.15705,460.45466,0.84844,297.5663,454.01672,0.83495,0.0,0.0,0.0,129.5,60.0,18.0,78.0,25.0,69.0,33.0,0.0,Idle,60.3,25.55
2026-01-25 00:45:00,617.33909,302,348.0,86.0,314.5716,467.88083,0.86051,302.45593,460.95224,0.83637,0.0,0.0,0.0,129.5,60.0,18.0,78.0,25.0,69.0,33.0,0.0,Idle,60.3,25.55
2026-01-25 00:50:00,585.87476,302,348.0,86.0,296.70444,447.71384,0.84685,289.507,446.41763,0.82922,0.0,0.0,0.0,129.5,60.0,18.0,78.0,25.0,69.0,33.0,0.0,Idle,60.3,25.55
2026-01-25 00:55:00,604.74635,302,348.0,86.0,307.73899,459.97658,0.85296,297.93731,456.16307,0.83282,0.0,0.0,0.0,129.5,60.0,18.0,78.0,25.0,69.0,33.0,0.0,Idle,60.3,25.55
2026-01-25 01:00:00,614.14929,302,348.0,86.0,313.99233,466.04061,0.86013,301.51159,459.39539,0.83296,0.0,0.0,0.0,129.45949,60.0,18.0,78.0,25.0,69.0,33.0,0.0,Idle,60.3,25.55
2026-01-25 01:05:00,605.86104,302,348.0,86.0,307.79122,459.16862,0.8587,299.19951,456.1443,0.83454,0.0,0.0,0.0,129.4,60.0,18.0,78.0,25.0,69.0,33.0,0.0,Idle,60.3,25.55
2026-01-25 01:10:00,586.02731,302,348.0,86.0,297.2715,448.17063,0.84861,289.46004,446.73981,0.82915,0.0,0.0,0.0,129.4,60.0,18.0,78.0,25.0,69.0,33.0,0.0,Idle,60.3,25.55
2026-01-25 01:15:00,599.91618,302,348.0,86.0,304.55225,455.03754,0.85642,295.89795,451.82354,0.83755,0.0,0.0,0.0,129.4,60.0,18.0,78.0,25.0,69.0,33.0,0.0,Idle,60.3,25.55
2026-01-25 01:20:00,609.46964,302,348.0,86.0,310.05062,461.53156,0.85963,299.04057,457.09305,0.83852,0.0,0.0,0.0,129.32071,60.0,18.0,78.0,25.0,69.0,33.0,0.0,Idle,60.3,25.55
2026-01-25 01:25:00,616.18042,302,348.0,86.0,314.6256,466.90718,0.86322,300.73326,459.39438,0.83677,0.0,0.0,0.0,129.3,60.0,18.0,78.0,25.0,69.0,33.0,0.0,Idle,60.3,25.55
2026-01-25 01:30:00,584.2338,302,348.0,86.0,295.997,444.84278,0.84851,287.48752,444.45427,0.82469,0.0,0.0,0.0,129.3,60.0,18.0,78.0,25.0,69.0,33.0,0.0,Idle,60.3,25.55
2026-01-25 01:35:00,606.7323,302,348.0,86.0,308.80131,460.34941,0.85275,299.02272,456.68545,0.83511,0.0,0.0,0.0,129.3,60.0,18.0,78.0,25.0,69.0,33.0,0.0,Idle,60.3,25.55
2026-01-25 01:40:00,633.93433,302,348.99719,86.0,315.18231,470.42978,0.8598,317.90564,479.55286,0.8479,0.0,0.0,0.0,129.38171,60.0,18.0,78.0,25.0,69.0,33.0,0.0,Idle,60.3,25.55
2026-01-25 01:45:00,632.96483,302,349.0,86.0,323.32078,479.70252,0.86192,308.04732,469.71918,0.8393,0.0,0.0,0.0,129.47234,60.0,18.0,78.0,25.0,69.0,33.0,0.0,Idle,60.3,25.55
2026-01-25 01:50:00,617.86106,302,349.0,86.0,315.74625,469.89304,0.85905,303.4846,461.83136,0.83668,0.0,0.0,0.0,129.55143,60.0,18.0,78.0,25.0,69.0,33.0,0.0,Idle,60.3,25.55
2026-01-25 01:55:00,627.78419,302,349.0,86.0,319.56779,476.35304,0.85767,307.44218,466.97917,0.84149,0.0,0.0,0.0,129.62051,60.0,18.0,78.0,25.0,69.0,33.0,0.0,Idle,60.3,25.55
2026-01-25 02:00:00,621.77696,302,349.0,86.0,315.32407,469.8817,0.85868,304.74623,463.81942,0.83766,0.0,0.0,0.0,129.7,60.0,18.0,78.0,25.0,69.0,33.0,0.0,Idle,60.3,25.55
2026-01-25 02:05:00,622.27239,302,349.0,86.0,317.46884,470.89262,0.86513,305.66323,463.50604,0.84167,0.0,0.0,0.0,129.7,60.0,18.0,78.0,25.0,69.0,33.0,0.0,Idle,60.3,25.55
2026-01-25 02:10:00,607.70259,302,349.0,86.0,308.58797,461.23874,0.85785,298.29252,455.30145,0.83749,0.0,0.0,0.0,129.7,60.0,18.0,78.0,25.0,69.0,33.0,0.0,Idle,60.3,25.55
2026-01-25 02:15:00,617.58097,302,349.0,86.0,314.59078,469.59564,0.85698,302.73365,462.68296,0.83572,0.0,0.0,0.0,129.7,60.0,18.0,78.0,25.0,69.0,33.0,0.0,Idle,60.3,25.55
2026-01-25 02:20:00,654.46971,302,349.0,86.0,334.69237,498.14523,0.85824,324.81593,491.15923,0.84548,0.0,0.0,0.0,129.7,60.0,18.0,78.0,25.0,69.0,33.0,0.0,Idle,60.3,25.55
2026-01-25 02:25:00,663.26828,302,349.0,86.0,335.37052,499.98166,0.85803,327.34427,493.694,0.84499,0.0,0.0,0.0,129.7,60.0,18.0,78.0,25.0,69.0,33.0,0.0,Idle,60.3,25.55
2026-01-25 02:30:00,669.07918,302,349.0,86.0,338.10867,502.44006,0.859,329.75212,496.24238,0.85,0.0,0.0,0.0,129.7,60.0,18.0,78.0,25.0,69.0,33.0,0.0,Idle,60.3,25.55
2026-01-25 02:35:00,621.47899,302,349.0,86.0,310.178,465.66688,0.85167,310.86697,470.74021,0.84279,0.0,0.0,0.0,129.7,60.0,18.0,78.0,25.0,69.0,33.0,0.0,Idle,60.3,25.55
2026-01-25 02:40:00,619.33839,302,349.0,86.0,309.83464,464.03856,0.8539,310.27921,469.70039,0.84452,0.0,0.0,0.0,129.7,60.0,18.0,78.0,25.0,69.0,33.0,0.0,Idle,60.3,25.55
2026-01-25 02:45:00,594.40811,302,349.0,86.0,297.39317,447.0916,0.85053,298.65797,452.87224,0.84155,0.0,0.0,0.0,129.7,60.0,18.0,78.0,25.0,69.0,33.0,0.0,Idle,60.3,25.55
2026-01-25 02:50:00,610.70385,302,349.0,86.0,305.3388,457.23704,0.85281,306.12909,461.82706,0.84774,0.0,0.0,0.0,129.7,60.0,18.0,78.0,25.0,69.0,33.0,0.0,Idle,60.3,25.55
2026-01-25 02:55:00,616.33014,302,349.0,86.0,307.94137,461.98479,0.85097,308.08455,463.9806,0.84627,0.0,0.0,0.0,129.6351,60.0,18.0,78.0,25.0,69.0,33.0,0.0,Idle,60.3,25.55
2026-01-25 03:00:00,586.71506,302,349.0,86.0,291.7794,440.75747,0.8455,294.99455,448.98883,0.83877,0.0,0.0,0.0,129.6,60.0,18.0,78.0,25.0,69.0,33.0,0.0,Idle,60.3,25.55
2026-01-25 03:05:00,611.72022,302,349.0,86.0,305.18602,457.61568,0.85419,305.71847,463.73646,0.843,0.0,0.0,0.0,129.6,60.0,18.0,78.0,25.0,69.0,33.0,0.0,Idle,60.3,25.55
2026-01-25 03:10:00,613.43982,302,349.0,86.0,305.44832,456.90507,0.85527,306.6121,463.0195,0.8476,0.0,0.0,0.0,129.6,60.0,18.0,78.0,25.0,69.0,33.0,0.0,Idle,60.3,25.55
2026-01-25 03:15:00,638.57247,302.47797,349.0,86.0,318.36142,473.78232,0.86022,318.97483,480.52516,0.84814,0.0,0.0,0.0,129.6,60.0,18.0,78.0,25.0,69.0,33.0,0.0,Idle,60.3,25.55
2026-01-25 03:20:00,622.30684,303,349.0,86.0,310.06893,463.2309,0.85407,311.88166,469.95372,0.84694,0.0,0.0,0.0,129.6,60.0,18.0,78.0,25.0,69.0,33.0,0.0,Idle,60.3,25.55
2026-01-25 03:25:00,563.61633,303,349.0,86.0,277.72282,422.60803,0.839,280.21378,431.09051,0.82972,0.0,0.0,0.0,129.6,60.0,18.0,78.0,25.0,69.0,33.0,0.0,Idle,60.3,25.55
2026-01-25 03:30:00,520.62326,303,349.0,86.0,260.45212,400.70642,0.83022,259.68515,406.65926,0.81342,0.0,0.0,0.0,129.6,60.0,18.0,78.0,25.0,69.0,33.0,0.0,Idle,60.3,25.55
2026-01-25 03:35:00,537.41752,303,349.0,86.0,270.03039,412.85312,0.83529,266.87565,416.68893,0.81897,0.0,0.0,0.0,129.6,60.0,18.0,78.0,25.0,69.0,33.0,0.0,Idle,60.3,25.55
2026-01-25 03:40:00,541.93986,303,349.0,86.0,272.2925,414.35199,0.83691,269.78394,418.21716,0.82001,0.0,0.0,0.0,129.6,60.0,18.0,78.0,25.0,69.0,33.0,0.0,Idle,60.3,25.55
2026-01-25 03:45:00,554.68537,303,349.0,86.0,277.9994,421.18671,0.84393,276.67117,425.56195,0.83092,0.0,0.0,0.0,129.6,60.0,18.0,78.0,25.0,69.0,33.0,0.0,Idle,60.3,25.55
2026-01-25 03:50:00,532.02412,303,349.0,86.0,267.01048,409.48521,0.8337,265.07194,411.49996,0.82032,0.0,0.0,0.0,129.6,60.0,18.0,78.0,25.0,69.0,33.0,0.0,Idle,60.3,25.55
2026-01-25 03:55:00,610.07502,303,349.0,86.0,311.58543,463.78273,0.85714,300.48727,454.90794,0.83932,0.0,0.0,0.0,129.6,60.0,18.0,78.0,25.0,69.0,33.0,0.0,Idle,60.3,25.55
2026-01-25 04:00:00,637.70863,303,349.0,86.0,325.17508,481.38551,0.86278,312.06876,469.8169,0.84932,0.0,0.0,0.0,129.6,60.0,18.0,78.0,25.0,69.0,33.0,0.0,Idle,60.3,25.55
2026-01-25 04:05:00,621.3431,303,349.0,86.0,316.38889,469.27271,0.86024,303.65955,460.83232,0.84038,0.0,0.0,0.0,129.6,60.0,18.0,78.0,25.0,69.0,33.0,0.0,Idle,60.3,25.55
2026-01-25 04:10:00,611.39724,303,349.0,86.0,311.16462,462.09968,0.85826,300.30634,455.0812,0.84014,0.0,0.0,0.0,129.54369,60.0,18.0,78.0,25.0,69.0,33.0,0.0,Idle,60.3,25.55
2026-01-25 04:15:00,527.20823,303,349.0,86.0,269.54467,409.91996,0.83764,259.93299,408.03117,0.81218,0.0,0.0,0.0,129.5,60.0,18.0,78.0,25.0,69.0,33.0,0.0,Idle,60.3,25.55
2026-01-25 04:20:00,614.51543,303,349.0,86.0,313.87638,465.57815,0.86042,301.32362,459.58398,0.83704,0.0,0.0,0.0,129.5,60.0,18.0,78.0,25.0,69.0,33.0,0.0,Idle,60.3,25.55
2026-01-25 04:25:00,601.69452,303,349.0,86.0,305.35615,455.39048,0.8566,295.78103,452.13394,0.83403,0.0,0.0,0.0,129.5,60.0,18.0,78.0,25.0,69.0,33.0,0.0,Idle,60.3,25.55
2026-01-25 04:30:00,602.97466,303,349.0,86.0,306.61796,455.37936,0.85705,296.83126,450.45258,0.83945,0.0,0.0,0.0,129.5,60.0,18.0,78.0,25.0,69.0,33.0,0.0,Idle,60.3,25.55
2026-01-25 04:35:00,611.23038,303,349.0,86.0,310.43481,461.66863,0.85652,299.99177,456.37958,0.83858,0.0,0.0,0.0,129.5,60.0,18.0,78.0,25.0,69.0,33.0,0.0,Idle,60.3,25.55
2026-01-25 04:40:00,620.28194,303,349.0,86.0,315.81391,468.26905,0.85755,304.01576,460.26351,0.83951,0.0,0.0,0.0,129.5,60.0,18.0,78.0,25.0,69.0,33.0,0.0,Idle,60.3,25.55
2026-01-25 04:45:00,608.4502,303,349.0,86.0,308.49567,460.79719,0.85778,297.81903,454.47555,0.83687,0.0,0.0,0.0,129.5,60.0,18.0,78.0,25.0,69.0,33.0,0.0,Idle,60.3,25.55
2026-01-25 04:50:00,618.71987,303,349.0,86.0,315.01281,466.83374,0.86455,303.15685,461.40318,0.83861,0.0,0.0,0.0,129.5,60.0,18.0,78.0,25.0,69.0,33.0,0.0,Idle,60.3,25.55
2026-01-25 04:55:00,605.84444,303,349.0,86.0,307.44357,458.80772,0.85762,297.14452,453.03626,0.83911,0.0,0.0,0.0,129.5,60.0,18.0,78.0,25.0,69.0,33.0,0.0,Idle,60.3,25.55
2026-01-25 05:00:00,611.12601,303,349.83183,86.0,309.93961,461.5167,0.85889,298.94658,455.27906,0.83996,0.0,0.0,0.0,129.5,60.0,18.0,78.0,25.0,69.0,33.0,0.0,Idle,60.3,25.55
2026-01-25 05:05:00,614.40747,303,350.0,86.0,312.26022,465.01454,0.86162,302.15266,460.18585,0.83744,0.0,0.0,0.0,129.5,60.0,18.0,78.0,25.0,69.0,33.0,0.0,Idle,60.3,25.55
2026-01-25 05:10:00,590.56493,303,350.0,86.0,299.13584,449.41143,0.84865,289.8329,446.13214,0.83011,0.0,0.0,0.0,129.5,60.0,18.0,78.0,25.0,69.0,33.0,0.0,Idle,60.3,25.55
2026-01-25 05:15:00,608.52649,303,350.0,86.0,310.4847,461.4241,0.8621,299.04678,456.02479,0.83743,0.0,0.0,0.0,129.5,60.0,18.0,78.0,25.0,69.0,33.0,0.0,Idle,60.3,25.55
2026-01-25 05:20:00,616.80788,303,350.0,86.0,314.18134,464.94104,0.86481,301.93038,459.47208,0.83738,0.0,0.0,0.0,129.5,60.0,18.0,78.0,25.0,69.0,33.0,0.0,Idle,60.3,25.55
2026-01-25 05:25:00,625.26503,303,350.0,86.0,319.66338,470.42013,0.86223,306.96807,463.97564,0.84206,0.0,0.0,0.0,129.5,60.0,18.0,78.0,25.0,69.0,33.0,0.0,Idle,60.3,25.55
2026-01-25 05:30:00,605.7555,303,350.0,86.0,307.59983,456.25577,0.8623,297.50514,452.58418,0.83897,0.0,0.0,0.0,129.5,60.0,18.0,78.0,25.0,69.0,33.0,0.0,Idle,60.3,25.55
2026-01-25 05:35:00,600.56543,303,350.0,86.0,305.72506,456.20142,0.85563,294.98187,451.42888,0.82985,0.0,0.0,0.0,129.5,60.0,18.0,78.0,25.0,69.0,33.0,0.0,Idle,60.3,25.55
2026-01-25 05:40:00,615.84909,303,350.0,86.0,313.53329,463.11054,0.86343,301.7878,457.30688,0.8403,0.0,0.0,0.0,129.5,60.0,18.0,78.0,25.0,69.0,33.0,0.0,Idle,60.3,25.55
2026-01-25 05:45:00,618.96786,303,350.0,86.0,316.30885,468.65556,0.86303,304.39283,461.14257,0.84279,0.0,0.0,0.0,129.56514,60.0,18.0,78.0,25.0,69.0,33.0,0.0,Idle,60.3,25.55
2026-01-25 05:50:00,593.53989,303,350.0,86.0,300.74359,449.98494,0.85657,291.99287,445.97336,0.83228,0.0,0.0,0.0,129.6,60.0,18.0,78.0,25.0,69.0,33.0,0.0,Idle,60.3,25.55
2026-01-25 05:55:00,601.19798,303,350.0,86.0,305.24475,455.79522,0.85833,295.0798,451.15382,0.83749,0.0,0.0,0.0,129.6,60.0,18.0,78.0,25.0,69.0,33.0,0.0,Idle,60.3,25.55
2026-01-25 06:00:00,611.21319,303,350.0,86.0,301.74794,453.2043,0.85117,308.4172,464.4309,0.8479,0.0,0.0,0.0,129.6,60.0,18.0,78.0,25.0,69.0,33.0,0.0,Idle,60.3,25.55
2026-01-25 06:05:00,613.54324,303,350.0,86.0,301.90586,456.33839,0.8468,310.72378,469.65701,0.84503,0.0,0.0,0.0,129.6,60.0,18.0,78.0,25.0,69.0,33.0,0.0,Idle,60.3,25.55
2026-01-25 06:10:00,607.10492,303,350.0,86.0,300.15655,453.38481,0.84521,307.93528,466.96454,0.84598,0.0,0.0,0.0,129.6,60.0,18.0,78.0,25.0,69.0,33.0,0.0,Idle,60.3,25.55
2026-01-25 06:15:00,648.3344,303,350.0,86.0,323.16916,483.73676,0.85453,324.39661,489.54992,0.84897,0.0,0.0,0.0,129.6,60.0,18.0,78.0,25.0,69.0,33.0,0.0,Idle,60.3,25.55
2026-01-25 06:20:00,644.46901,303,350.0,86.0,323.34196,484.65561,0.85386,320.18533,485.66273,0.84371,0.0,0.0,0.0,129.6,60.0,18.0,78.0,25.0,69.0,33.0,0.0,Idle,60.3,25.55
2026-01-25 06:25:00,616.35214,303,350.0,86.0,311.45231,464.88162,0.85854,305.12042,463.23032,0.84115,0.0,0.0,0.0,129.6,60.0,18.0,78.0,25.0,69.0,33.0,0.0,Idle,60.3,25.55
2026-01-25 06:30:00,595.51873,303,350.0,86.0,298.66918,449.79268,0.85136,295.38905,452.30313,0.83113,0.0,0.0,0.0,129.6,60.0,18.0,78.0,25.0,69.0,33.0,0.0,Idle,60.3,25.55
2026-01-25 06:35:00,617.67632,303.89461,350.0,86.0,311.00875,463.40738,0.85966,306.00262,461.77769,0.85013,0.0,0.0,0.0,129.6,60.0,18.0,78.0,25.0,69.0,33.0,0.0,Idle,60.3,25.55
2026-01-25 06:40:00,608.52372,304,350.0,86.0,306.13995,457.92214,0.85894,303.05112,459.40673,0.84731,0.0,0.0,0.0,129.6,60.0,18.0,78.0,25.0,69.0,33.0,0.0,Idle,60.3,25.55
2026-01-25 06:45:00,607.29586,304,350.0,86.0,305.77025,458.16922,0.8566,302.85092,459.82168,0.83966,0.0,0.0,0.0,129.6,60.0,18.0,78.0,25.0,69.0,33.0,0.0,Idle,60.3,25.55
2026-01-25 06:50:00,611.79752,304,350.0,86.0,307.95738,460.96924,0.85544,302.70382,460.06041,0.8403,0.0,0.0,0.0,129.6,60.0,18.0,78.0,25.0,69.0,33.0,0.0,Idle,60.3,25.55
2026-01-25 06:55:00,610.25802,304,350.0,86.0,306.90566,459.9555,0.85574,303.259,459.98443,0.84599,0.0,0.0,0.0,129.5,60.0,18.0,78.0,25.0,69.0,33.0,0.0,Idle,60.3,25.55
2026-01-25 07:00:00,609.93953,304,350.0,86.0,307.10662,459.05738,0.85575,301.75671,456.63416,0.84303,0.0,0.0,0.0,129.5,60.0,18.0,78.0,25.0,69.0,33.0,0.0,Idle,60.3,25.55
2026-01-25 07:05:00,613.74894,304,350.0,86.0,307.24566,458.36243,0.85924,305.04961,460.15446,0.85061,0.0,0.0,0.0,129.5,60.0,18.0,78.0,25.0,69.0,33.0,0.0,Idle,60.3,25.55
2026-01-25 07:10:00,597.80165,304,350.0,86.0,301.20628,453.16402,0.8532,298.28878,454.11317,0.83915,0.0,0.0,0.0,129.5,60.0,18.0,78.0,25.0,69.0,33.0,0.0,Idle,60.3,25.55
2026-01-25 07:15:00,608.49755,304,350.0,86.0,306.07009,458.0322,0.85848,302.24132,457.02435,0.84654,0.0,0.0,0.0,129.5,60.0,18.0,78.0,25.0,69.0,33.0,0.0,Idle,60.3,25.55
2026-01-25 07:20:00,637.27095,304,350.0,86.0,321.84205,476.5934,0.86561,316.08846,474.65286,0.85095,0.0,0.0,0.0,129.5,60.0,18.0,78.0,25.0,69.0,33.0,0.0,Idle,60.3,25.55
2026-01-25 07:25:00,642.78267,304,350.0,86.0,322.41125,479.78486,0.8571,318.75373,479.67826,0.84946,0.0,0.0,0.0,129.5,60.0,18.0,78.0,25.0,69.0,33.0,0.0,Idle,60.3,25.55
2026-01-25 07:30:00,611.14149,304,350.0,86.0,307.41611,459.81092,0.8577,303.3576,461.21444,0.84147,0.0,0.0,0.0,129.5,60.0,18.0,78.0,25.0,69.0,33.0,0.0,Idle,60.3,25.55
2026-01-25 07:35:00,627.50039,304,350.0,86.0,315.70434,470.09636,0.86174,311.03825,469.06295,0.84775,0.0,0.0,0.0,129.5,60.0,18.0,78.0,25.0,69.0,33.0,0.0,Idle,60.3,25.55
2026-01-25 07:40:00,643.47387,304,350.0,86.0,318.69523,475.20336,0.85714,327.0739,488.34052,0.85769,0.0,0.0,0.0,129.5,60.0,18.0,78.0,25.0,69.0,33.0,0.0,Idle,60.3,25.55
2026-01-25 07:45:00,560.06767,304,350.0,86.0,288.86481,434.62096,0.8508,269.08893,421.06291,0.81597,0.0,0.0,0.0,129.49298,60.0,18.0,78.0,25.0,69.0,33.0,0.0,Idle,60.3,25.55
2026-01-25 07:50:00,522.49806,304,350.0,86.0,266.30238,407.51877,0.83345,256.53342,403.01351,0.8139,0.0,0.0,0.0,129.4,60.0,18.0,78.0,25.0,69.0,33.0,0.0,Idle,60.3,25.55
2026-01-25 07:55:00,524.13248,304,350.0,86.0,263.55324,403.64454,0.83501,261.0403,408.6372,0.81659,0.0,0.0,0.0,129.4,60.0,18.0,78.0,25.0,69.0,33.0,0.0,Idle,60.3,25.55
2026-01-25 08:00:00,527.12571,304,350.0,86.0,264.78934,405.02671,0.83358,260.80617,408.91239,0.81818,0.0,0.0,0.0,129.4,60.0,18.0,78.0,25.0,69.0,33.0,0.0,Idle,60.3,25.55
2026-01-25 08:05:00,516.58617,304,350.0,86.0,259.69083,399.31068,0.83037,256.02478,403.13932,0.81569,0.0,0.0,0.0,129.4,60.0,18.0,78.0,25.0,69.0,33.0,0.0,Idle,60.3,25.55
2026-01-25 08:10:00,508.12775,304,350.0,86.0,256.19614,395.96022,0.83018,252.93544,399.84245,0.80873,0.0,0.0,0.0,129.4,60.0,18.0,78.0,25.0,69.0,33.0,0.0,Idle,60.3,25.55
2026-01-25 08:15:00,516.59982,304,350.0,86.0,259.64314,399.28917,0.82936,257.34519,404.6199,0.81432,0.0,0.0,0.0,129.4,60.0,18.0,78.0,25.0,69.0,33.0,0.0,Idle,60.3,25.55
2026-01-25 08:20:00,546.17729,304,350.0,86.0,277.70485,420.5083,0.8411,271.04038,419.30289,0.82434,0.0,0.0,0.0,129.4,60.0,18.0,78.0,25.0,69.0,33.0,0.0,Idle,60.3,25.55
2026-01-25 08:25:00,544.72846,304,350.95773,86.0,272.88786,415.09467,0.83798,268.29673,417.0937,0.8213,0.0,0.0,0.0,129.4,60.0,18.0,78.0,25.0,69.0,33.0,0.0,Idle,60.3,25.55
2026-01-25 08:30:00,516.21565,304,351.0,86.0,259.19544,399.68663,0.83186,257.26812,404.56255,0.80984,0.0,0.0,0.0,129.45144,60.0,18.0,78.0,25.0,69.0,33.0,0.0,Idle,60.3,25.55
2026-01-25 08:35:00,521.8499,304,351.0,86.0,261.4531,403.56512,0.83094,258.36468,407.60851,0.80853,0.0,0.0,0.0,129.5,60.0,18.0,78.0,25.0,69.0,33.0,0.0,Idle,60.3,25.55
2026-01-25 08:40:00,504.2439,304,351.0,86.0,252.09229,391.13485,0.82205,250.65324,397.36293,0.80629,0.0,0.0,0.0,129.5,60.0,18.0,78.0,25.0,69.0,33.0,0.0,Idle,60.3,25.55
2026-01-25 08:45:00,491.24214,304,351.0,86.0,239.70422,378.68188,0.80641,251.79082,398.0697,0.80761,0.0,0.0,0.0,129.5,60.0,18.0,78.0,25.0,69.0,33.0,0.0,Idle,60.3,25.55
2026-01-25 08:50:00,489.28396,304,351.0,86.0,241.46968,379.27341,0.81351,249.06245,395.71259,0.80144,0.0,0.0,0.0,129.54178,60.0,18.0,78.0,25.0,69.0,33.0,0.0,Idle,60.3,25.55
2026-01-25 08:55:00,514.82983,304,351.0,86.0,259.03362,397.7876,0.82835,255.46057,401.48707,0.81155,0.0,0.0,0.0,129.65914,60.0,18.0,78.0,25.0,69.0,33.0,0.0,Idle,60.3,25.55
2026-01-25 09:00:00,499.3846,304,351.0,86.0,249.62518,388.88341,0.81935,247.56937,394.74719,0.79836,0.0,0.0,0.0,129.7,60.0,18.0,78.0,25.0,69.0,33.0,0.0,Idle,60.3,25.55
2026-01-25 09:05:00,509.12977,304,351.0,86.0,257.25029,397.96529,0.82453,252.89174,403.21054,0.80377,0.0,0.0,0.0,129.71648,60.0,18.0,78.0,25.0,69.0,33.0,0.0,Idle,60.3,25.55
2026-01-25 09:10:00,490.23879,304,351.0,86.0,244.93237,382.0782,0.81856,243.92717,391.30654,0.79552,0.0,0.0,0.0,129.8,60.0,18.0,78.0,25.0,69.0,33.0,0.0,Idle,60.3,25.55
2026-01-25 09:15:00,510.92652,304,351.0,86.0,258.09793,396.44068,0.83007,254.4927,400.47384,0.81128,0.0,0.0,0.0,129.8,60.0,18.0,78.0,25.0,69.0,33.0,0.0,Idle,60.3,25.55
2026-01-25 09:20:00,450.72692,304,351.0,86.0,222.06475,357.78331,0.78965,226.74769,371.16815,0.78009,0.0,0.0,0.0,129.8,60.0,18.0,78.0,25.0,69.0,33.0,0.0,Idle,60.3,25.55
2026-01-25 09:25:00,414.13986,304,351.0,86.0,197.55412,331.64003,0.75956,214.9329,354.92073,0.77183,0.0,0.0,0.0,129.8,60.0,18.0,78.0,25.0,69.0,33.0,0.0,Idle,60.3,25.55
2026-01-25 09:30:00,412.66713,304,351.0,86.0,198.80408,334.3175,0.75838,214.12415,355.61847,0.76742,0.0,0.0,0.0,129.8,60.0,18.0,78.0,25.0,69.0,33.0,0.0,Idle,60.3,25.55
2026-01-25 09:35:00,426.97281,304,351.0,86.0,214.28743,349.01212,0.78378,213.94957,357.96767,0.76234,0.0,0.0,0.0,129.8,60.0,18.0,78.0,25.0,69.0,33.0,0.0,Idle,60.3,25.55
2026-01-25 09:40:00,416.26278,304,351.0,86.0,81.45993,138.06838,0.30639,334.43021,554.47199,0.77167,0.0,0.0,0.0,129.8,60.0,18.0,78.0,25.0,69.0,33.0,0.0,Idle,60.3,25.55
2026-01-25 09:45:00,402.475,304,351.0,86.0,0.0,0.0,0.0,402.39863,678.56469,0.75807,0.0,0.0,0.0,129.8,60.0,18.0,78.0,25.0,69.0,33.0,0.0,Idle,60.3,25.55
2026-01-25 09:50:00,415.66393,304,351.0,86.0,0.0,0.0,0.0,414.6104,692.07236,0.77092,0.0,0.0,0.0,129.8,60.0,18.0,78.0,25.0,69.0,33.0,0.0,Idle,60.3,25.55
2026-01-25 09:55:00,437.81807,304,351.0,86.0,0.0,0.0,0.0,436.79023,719.30329,0.77931,0.0,0.0,0.0,129.8,60.0,18.0,78.0,25.0,69.0,33.0,0.0,Idle,60.3,25.55
2026-01-25 10:00:00,427.52082,304,351.0,86.0,0.0,0.0,0.0,426.94553,703.36989,0.77832,0.0,0.0,0.0,129.8,60.0,18.0,78.0,25.0,69.0,33.0,0.0,Idle,60.3,25.55
2026-01-25 10:05:00,421.98072,304,351.0,86.0,0.0,0.0,0.0,421.35702,697.6244,0.77333,0.0,0.0,0.0,129.8,60.0,18.0,78.0,25.0,69.0,33.0,0.0,Idle,60.3,25.55
2026-01-25 10:10:00,425.46868,304,351.0,86.0,0.0,0.0,0.0,424.53696,700.85773,0.77383,0.0,0.0,0.0,129.8,60.0,18.0,78.0,25.0,69.0,33.0,0.0,Idle,60.3,25.55
2026-01-25 10:15:00,411.47988,304,351.0,86.0,0.0,0.0,0.0,411.32133,690.279,0.76333,0.0,0.0,0.0,129.8,60.0,18.0,78.0,25.0,69.0,33.0,0.0,Idle,60.3,25.55
2026-01-25 10:20:00,417.48434,304,351.0,86.0,0.0,0.0,0.0,418.65899,698.08623,0.76736,0.0,0.0,0.0,129.8,60.0,18.0,78.0,25.0,69.0,33.0,0.0,Idle,60.3,25.55
2026-01-25 10:25:00,425.116,304,351.0,86.0,0.0,0.0,0.0,425.79587,703.86148,0.77507,0.0,0.0,0.0,129.8,60.0,18.0,78.0,25.0,69.0,33.0,0.0,Idle,60.3,25.55
2026-01-25 10:30:00,429.86751,304,351.0,86.0,0.0,0.0,0.0,429.44159,706.56896,0.77658,0.0,0.0,0.0,129.8,60.0,18.0,78.0,25.0,69.0,33.0,0.0,Idle,60.3,25.55
2026-01-25 10:35:00,428.09487,304,351.0,86.0,0.0,0.0,0.0,427.52539,702.62495,0.77787,0.0,0.0,0.0,129.67724,60.0,18.0,78.0,25.0,69.0,33.0,0.0,Idle,60.3,25.55
2026-01-25 10:40:00,421.81968,304,351.0,86.0,0.0,0.0,0.0,421.60926,698.4511,0.77265,0.0,0.0,0.0,129.6,60.0,18.0,78.0,25.0,69.0,33.0,0.0,Idle,60.3,25.55
2026-01-25 10:45:00,428.41968,304,351.0,86.0,0.0,0.0,0.0,429.93727,706.19093,0.77749,0.0,0.0,0.0,129.54629,60.0,18.0,78.0,25.0,69.0,33.0,0.0,Idle,60.3,25.55
2026-01-25 10:50:00,438.90137,304,351.0,86.0,0.0,0.0,0.0,440.7103,717.4456,0.78706,0.0,0.0,0.0,129.5,60.0,18.0,78.0,25.0,69.0,33.0,0.0,Idle,60.3,25.55
2026-01-25 10:55:00,439.55945,304,351.0,86.0,0.0,0.0,0.0,440.78785,718.3367,0.78681,0.0,0.0,0.0,129.5,60.0,18.0,78.0,25.0,69.0,33.0,0.0,Idle,60.3,25.55
2026-01-25 11:00:00,420.98359,304,351.0,86.0,0.0,0.0,0.0,424.01915,705.01047,0.77131,0.0,0.0,0.0,129.5,60.0,18.0,78.0,25.0,69.0,33.0,0.0,Idle,60.3,25.55
2026-01-25 11:05:00,473.76388,304,351.0,86.0,0.0,0.0,0.0,473.17953,771.31435,0.78592,0.0,0.0,0.0,129.5,60.0,18.0,78.0,25.0,69.0,33.0,0.0,Idle,60.3,25.55
2026-01-25 11:10:00,444.87394,304,351.0,86.0,0.0,0.0,0.0,445.36434,741.16034,0.76711,0.0,0.0,0.0,129.5,60.0,18.0,78.0,25.0,69.0,33.0,0.0,Idle,60.3,25.55
2026-01-25 11:15:00,415.9211,304,351.54409,86.0,0.0,0.0,0.0,414.5968,697.2587,0.76362,0.0,0.0,0.0,129.32347,60.0,18.0,78.0,25.0,69.0,33.0,0.0,Idle,60.3,25.55
2026-01-25 11:20:00,433.874,304,352.0,86.0,0.0,0.0,0.0,433.47849,713.47876,0.77406,0.0,0.0,0.0,129.26939,60.0,18.0,78.0,25.0,69.0,33.0,0.0,Idle,60.3,25.55
2026-01-25 11:25:00,427.01603,304,352.0,86.0,0.0,0.0,0.0,428.57753,708.74979,0.77265,0.0,0.0,0.0,129.2,60.0,18.0,78.0,25.0,69.0,33.0,0.0,Idle,60.3,25.55
2026-01-25 11:30:00,431.16411,304,352.0,86.0,0.0,0.0,0.0,429.62381,710.99394,0.77374,0.0,0.0,0.0,129.2,60.0,18.0,78.0,25.0,69.0,33.0,0.0,Idle,60.3,25.55
2026-01-25 11:35:00,418.55775,304,352.0,86.0,0.0,0.0,0.0,420.12295,700.71551,0.76572,0.0,0.0,0.0,129.2,60.0,18.0,78.0,25.0,69.0,33.0,0.0,Idle,60.3,25.55
2026-01-25 11:40:00,434.94463,304,352.0,86.0,0.0,0.0,0.0,432.8949,713.56048,0.77834,0.0,0.0,0.0,129.22108,60.0,18.0,78.0,25.0,69.0,33.0,0.0,Idle,60.3,25.55
2026-01-25 11:45:00,425.27085,304,352.0,86.0,0.0,0.0,0.0,425.41729,707.10359,0.76998,0.0,0.0,0.0,129.3,60.0,18.0,78.0,25.0,69.0,33.0,0.0,Idle,60.3,25.55
2026-01-25 11:50:00,412.4059,304,352.0,86.0,0.0,0.0,0.0,412.55733,691.00856,0.76487,0.0,0.0,0.0,129.38801,60.0,18.0,78.0,25.0,69.0,33.0,0.0,Idle,60.3,25.55
2026-01-25 11:55:00,415.61669,304,352.0,86.0,0.0,0.0,0.0,415.43449,692.44922,0.76528,0.0,0.0,0.0,129.53273,60.0,18.0,78.0,25.0,69.0,33.0,0.0,Idle,60.3,25.55
2026-01-25 12:00:00,431.55166,304,352.0,86.0,0.0,0.0,0.0,431.8145,712.55926,0.77348,0.0,0.0,0.0,129.61188,60.0,18.0,78.0,25.0,69.0,33.0,0.0,Idle,60.3,25.55
2026-01-25 12:05:00,435.76541,304,352.0,86.0,0.0,0.0,0.0,434.31063,712.58637,0.77997,0.0,0.0,0.0,129.7,60.0,18.0,78.0,25.0,69.0,33.0,0.0,Idle,60.3,25.55
2026-01-25 12:10:00,423.04629,304,352.0,86.0,0.0,0.0,0.0,425.32268,701.44244,0.77654,0.0,0.0,0.0,129.7,60.0,18.0,78.0,25.0,69.0,33.0,0.0,Idle,60.3,25.55
2026-01-25 12:15:00,423.67779,304,352.0,86.0,0.0,0.0,0.0,423.53774,703.36831,0.76812,0.0,0.0,0.0,129.7,60.0,18.0,78.0,25.0,69.0,33.0,0.0,Idle,60.3,25.55
2026-01-25 12:20:00,410.52274,304,352.0,86.0,0.0,0.0,0.0,409.95328,690.13136,0.75949,0.0,0.0,0.0,129.7,60.0,18.0,78.0,25.0,69.0,33.0,0.0,Idle,60.3,25.55
2026-01-25 12:25:00,448.7642,304,352.0,86.0,0.0,0.0,0.0,450.48609,729.43851,0.7887,0.0,0.0,0.0,129.7,60.0,18.0,78.0,25.0,69.0,33.0,0.0,Idle,60.3,25.55
2026-01-25 12:30:00,457.66446,304,352.0,86.0,0.0,0.0,0.0,457.07835,739.15362,0.78994,0.0,0.0,0.0,129.68031,60.0,18.0,78.0,25.0,69.0,33.0,0.0,Idle,60.3,25.55
2026-01-25 12:35:00,415.44614,304,352.0,86.0,0.0,0.0,0.0,413.66157,693.23615,0.7632,0.0,0.0,0.0,129.6,60.0,18.0,78.0,25.0,69.0,33.0,0.0,Idle,60.3,25.55
2026-01-25 12:40:00,445.11575,304,352.0,86.0,0.0,0.0,0.0,445.08381,721.10205,0.78786,0.0,0.0,0.0,129.6,60.0,18.0,78.0,25.0,69.0,33.0,0.0,Idle,60.3,25.55
2026-01-25 12:45:00,440.83948,304,352.0,86.0,0.0,0.0,0.0,442.59268,718.50565,0.78543,0.0,0.0,0.0,129.6,60.0,18.0,78.0,25.0,69.0,33.0,0.0,Idle,60.3,25.55
2026-01-25 12:50:00,431.03068,304,352.0,86.0,0.0,0.0,0.0,432.11614,712.02421,0.77238,0.0,0.0,0.0,129.6,60.0,18.0,78.0,25.0,69.0,33.0,0.0,Idle,60.3,25.55
2026-01-25 12:55:00,420.49347,304,352.0,86.0,0.0,0.0,0.0,419.80571,697.55484,0.7686,0.0,0.0,0.0,129.66458,60.0,18.0,78.0,25.0,69.0,33.0,0.0,Idle,60.3,25.55
2026-01-25 13:00:00,447.56271,304,352.0,86.0,0.0,0.0,0.0,445.83333,725.13181,0.78308,0.0,0.0,0.0,129.7,60.0,18.0,78.0,25.0,69.0,33.0,0.0,Idle,60.3,25.55
2026-01-25 13:05:00,437.29264,304,352.0,86.0,0.0,0.0,0.0,435.01969,710.37511,0.78031,0.0,0.0,0.0,129.7,60.0,18.0,78.0,25.0,69.0,33.0,0.0,Idle,60.3,25.55
2026-01-25 13:10:00,422.88044,304,352.0,86.0,0.0,0.0,0.0,420.61367,698.82907,0.76694,0.0,0.0,0.0,129.7,60.0,18.0,78.0,25.0,69.0,33.0,0.0,Idle,60.3,25.55
2026-01-25 13:15:00,421.00054,304,352.0,86.0,0.0,0.0,0.0,421.47427,701.50735,0.76802,0.0,0.0,0.0,129.7,60.0,18.0,78.0,25.0,69.0,33.0,0.0,Idle,60.3,25.55
2026-01-25 13:20:00,439.02344,304,352.0,86.0,0.0,0.0,0.0,439.33298,715.52018,0.78217,0.0,0.0,0.0,129.60582,60.0,18.0,78.0,25.0,69.0,33.0,0.0,Idle,60.3,25.55
2026-01-25 13:25:00,440.30964,304,352.0,86.0,0.0,0.0,0.0,440.93225,718.67935,0.78157,0.0,0.0,0.0,129.6,60.0,18.0,78.0,25.0,69.0,33.0,0.0,Idle,60.3,25.55
2026-01-25 13:30:00,442.02771,304,352.0,86.0,0.0,0.0,0.0,440.82239,718.3648,0.78068,0.0,0.0,0.0,129.56101,60.0,18.0,78.0,25.0,69.0,33.0,0.0,Idle,60.3,25.55
2026-01-25 13:35:00,440.18176,304,352.47567,86.0,0.0,0.0,0.0,439.5131,721.78925,0.77491,0.0,0.0,0.0,129.5,60.0,18.0,78.0,25.0,69.0,33.0,0.0,Idle,60.3,25.55
2026-01-25 13:40:00,431.69476,304,353.0,86.0,0.0,0.0,0.0,434.15517,713.30737,0.77797,0.0,0.0,0.0,129.5,60.0,18.0,78.0,25.0,69.0,33.0,0.0,Idle,60.3,25.55
2026-01-25 13:45:00,448.50341,304,353.0,86.0,0.0,0.0,0.0,447.44344,726.19712,0.78665,0.0,0.0,0.0,129.41272,60.0,18.0,78.0,25.0,69.0,33.0,0.0,Idle,60.3,25.55
2026-01-25 13:50:00,435.82708,304,353.0,86.0,0.0,0.0,0.0,437.02656,717.711,0.77719,0.0,0.0,0.0,129.4,60.0,18.0,78.0,25.0,69.0,33.0,0.0,Idle,60.3,25.55
2026-01-25 13:55:00,449.54478,304,353.0,86.0,0.0,0.0,0.0,451.91736,735.75251,0.78083,0.0,0.0,0.0,129.4,60.0,18.0,78.0,25.0,69.0,33.0,0.0,Idle,60.3,25.55
2026-01-25 14:00:00,440.18855,304,353.0,86.0,0.0,0.0,0.0,439.63354,720.55679,0.78034,0.0,0.0,0.0,129.40195,60.0,18.0,78.0,25.0,69.0,33.0,0.0,Idle,60.3,25.55
2026-01-25 14:05:00,452.19954,304,353.0,86.0,0.0,0.0,0.0,450.41284,733.69897,0.78487,0.0,0.0,0.0,129.51684,60.0,18.0,78.0,25.0,69.0,33.0,0.0,Idle,60.3,25.55
2026-01-25 14:10:00,440.04895,304,353.0,86.0,0.0,0.0,0.0,440.37259,725.72076,0.78002,0.0,0.0,0.0,129.65594,60.0,18.0,78.0,25.0,69.0,33.0,0.0,Idle,60.3,25.55
2026-01-25 14:15:00,434.64878,304,353.0,86.0,0.0,0.0,0.0,434.55805,719.09441,0.77252,0.0,0.0,0.0,129.83748,60.0,18.0,78.0,25.0,69.0,33.0,0.0,Idle,60.3,25.55
2026-01-25 14:20:00,450.85987,304,353.0,86.0,0.0,0.0,0.0,451.45157,736.25339,0.78337,0.0,0.0,0.0,129.9,60.0,18.0,78.0,25.0,69.0,33.0,0.0,Idle,60.3,25.55
2026-01-25 14:25:00,454.35018,304,353.0,86.0,0.0,0.0,0.0,456.70452,741.38645,0.79073,0.0,0.0,0.0,129.9,60.0,18.0,78.0,25.0,69.0,33.0,0.0,Idle,60.3,25.55
2026-01-25 14:30:00,460.01192,304,353.0,86.0,0.0,0.0,0.0,459.0087,742.80281,0.78826,0.0,0.0,0.0,129.9,60.0,18.0,78.0,25.0,69.0,33.0,0.0,Idle,60.3,25.55
2026-01-25 14:35:00,446.7345,304,353.0,86.0,0.0,0.0,0.0,445.70581,729.73653,0.78078,0.0,0.0,0.0,129.9,60.0,18.0,78.0,25.0,69.0,33.0,0.0,Idle,60.3,25.55
2026-01-25 14:40:00,470.73794,304,353.0,86.0,0.0,0.0,0.0,472.60984,762.48358,0.79495,0.0,0.0,0.0,129.9,60.0,18.0,78.0,25.0,69.0,33.0,0.0,Idle,60.3,25.55
2026-01-25 14:45:00,455.68065,304,353.0,86.0,0.0,0.0,0.0,454.92879,742.27811,0.78522,0.0,0.0,0.0,129.9,60.0,18.0,78.0,25.0,69.0,33.0,0.0,Idle,60.3,25.55
2026-01-25 14:50:00,471.05244,304,353.0,86.0,0.0,0.0,0.0,471.03729,761.98778,0.79209,0.0,0.0,0.0,129.86294,60.0,18.0,78.0,25.0,69.0,33.0,0.0,Idle,60.3,25.55
2026-01-25 14:55:00,464.71819,304,353.0,86.0,0.0,0.0,0.0,464.48667,749.55681,0.79422,0.0,0.0,0.0,129.54557,60.0,18.0,78.0,25.0,69.0,33.0,0.0,Idle,60.3,25.55
2026-01-25 15:00:00,447.20629,304,353.0,86.0,0.0,0.0,0.0,447.69924,732.42751,0.78339,0.0,0.0,0.0,129.47903,60.0,18.0,78.0,25.0,69.0,33.0,0.0,Idle,60.3,25.55
2026-01-25 15:05:00,457.88747,304,353.0,86.0,0.0,0.0,0.0,458.58586,743.16401,0.79153,0.0,0.0,0.0,129.37557,60.0,18.0,78.0,25.0,69.0,33.0,0.0,Idle,60.3,25.55
2026-01-25 15:10:00,453.18531,304,353.0,86.0,0.0,0.0,0.0,454.07521,736.52185,0.79079,0.0,0.0,0.0,129.29741,60.0,18.0,78.0,25.0,69.0,33.0,0.0,Idle,60.3,25.55
2026-01-25 15:15:00,454.6283,304,353.0,86.0,0.0,0.0,0.0,455.17658,742.67719,0.7874,0.0,0.0,0.0,129.16736,60.0,18.0,78.0,25.0,69.0,33.0,0.0,Idle,60.3,25.55
2026-01-25 15:20:00,449.90047,304,353.0,86.0,0.0,0.0,0.0,449.58429,732.43671,0.7861,0.0,0.0,0.0,129.1,60.0,18.0,78.0,25.0,69.0,33.0,0.0,Idle,60.3,25.55
2026-01-25 15:25:00,457.57844,304,353.0,86.0,0.0,0.0,0.0,456.65904,738.80788,0.79116,0.0,0.0,0.0,129.12669,60.0,18.0,78.0,25.0,69.0,33.0,0.0,Idle,60.3,25.55
2026-01-25 15:30:00,454.47449,304,353.0,86.0,0.0,0.0,0.0,454.81907,738.09639,0.78878,0.0,0.0,0.0,129.21745,60.0,18.0,78.0,25.0,69.0,33.0,0.0,Idle,60.3,25.55
2026-01-25 15:35:00,458.62973,304,353.0,86.0,0.0,0.0,0.0,461.22288,747.81939,0.79248,0.0,0.0,0.0,129.43566,60.0,18.0,78.0,25.0,69.0,33.0,0.0,Idle,60.3,25.55
2026-01-25 15:40:00,457.72255,304,353.0,86.0,0.0,0.0,0.0,458.2894,740.79193,0.79559,0.0,0.0,0.0,129.5,60.0,18.0,78.0,25.0,69.0,33.0,0.0,Idle,60.3,25.55
2026-01-25 15:45:00,468.36313,304,353.0,86.0,0.0,0.0,0.0,467.33343,751.25613,0.79817,0.0,0.0,0.0,129.56569,60.0,18.0,78.0,25.0,69.0,33.0,0.0,Idle,60.3,25.55
2026-01-25 15:50:00,456.7548,304,353.28132,86.0,0.0,0.0,0.0,456.87987,740.74424,0.79401,0.0,0.0,0.0,129.6,60.0,18.0,78.0,25.0,69.0,33.0,0.0,Idle,60.3,25.55
2026-01-25 15:55:00,488.73474,304,354.0,86.0,0.0,0.0,0.0,485.0434,788.39255,0.79075,0.0,0.0,0.0,129.6,60.0,18.0,78.0,25.0,69.0,33.0,0.0,Idle,60.3,25.55
2026-01-25 16:00:00,493.33723,304,354.0,86.0,0.0,0.0,0.0,492.73151,793.53171,0.7966,0.0,0.0,0.0,129.6,60.0,18.0,78.0,25.0,69.0,33.0,0.0,Idle,60.3,25.55
2026-01-25 16:05:00,456.14121,304,354.0,86.0,0.0,0.0,0.0,457.37957,747.58763,0.78537,0.0,0.0,0.0,129.6,60.0,18.0,78.0,25.0,69.0,33.0,0.0,Idle,60.3,25.55
2026-01-25 16:10:00,462.22747,304,354.0,86.0,0.0,0.0,0.0,461.64458,744.30174,0.79474,0.0,0.0,0.0,129.6,60.0,18.0,78.0,25.0,69.0,33.0,0.0,Idle,60.3,25.55
2026-01-25 16:15:00,451.06494,304,354.0,86.0,0.0,0.0,0.0,450.61358,737.41769,0.78493,0.0,0.0,0.0,129.6,60.0,18.0,78.0,25.0,69.0,33.0,0.0,Idle,60.3,25.55
2026-01-25 16:20:00,473.2034,304,354.0,86.0,0.0,0.0,0.0,472.69242,760.26722,0.79694,0.0,0.0,0.0,129.6,60.0,18.0,78.0,25.0,69.0,33.0,0.0,Idle,60.3,25.55
2026-01-25 16:25:00,451.96163,304,354.0,86.0,0.0,0.0,0.0,452.21492,734.56097,0.78927,0.0,0.0,0.0,129.6,60.0,18.0,78.0,25.0,69.0,33.0,0.0,Idle,60.3,25.55
2026-01-25 16:30:00,467.89497,304,354.0,86.0,0.0,0.0,0.0,467.65057,751.46247,0.79978,0.0,0.0,0.0,129.6,60.0,18.0,78.0,25.0,69.0,33.0,0.0,Idle,60.3,25.55
2026-01-25 16:35:00,462.39526,304,354.0,86.0,0.0,0.0,0.0,462.79981,745.23741,0.79342,0.0,0.0,0.0,129.6,60.0,18.0,78.0,25.0,69.0,33.0,0.0,Idle,60.3,25.55
2026-01-25 16:40:00,462.9444,304,354.0,86.0,0.0,0.0,0.0,461.62505,747.61966,0.79228,0.0,0.0,0.0,129.6,60.0,18.0,78.0,25.0,69.0,33.0,0.0,Idle,60.3,25.55
2026-01-25 16:45:00,461.42838,304,354.0,86.0,0.0,0.0,0.0,461.8307,743.65689,0.79995,0.0,0.0,0.0,129.6,60.0,18.0,78.0,25.0,69.0,33.0,0.0,Idle,60.3,25.55
2026-01-25 16:50:00,455.17911,304,354.0,86.0,0.0,0.0,0.0,455.89758,739.26442,0.78919,0.0,0.0,0.0,129.6,60.0,18.0,78.0,25.0,69.0,33.0,0.0,Idle,60.3,25.55
2026-01-25 16:55:00,458.51303,304,354.0,86.0,0.0,0.0,0.0,456.53767,738.10702,0.79249,0.0,0.0,0.0,129.6,60.0,18.0,78.0,25.0,69.0,33.0,0.0,Idle,60.3,25.55
2026-01-25 17:00:00,466.03695,304,354.0,86.0,0.0,0.0,0.0,466.05604,751.05515,0.79443,0.0,0.0,0.0,129.6,60.0,18.0,78.0,25.0,69.0,33.0,0.0,Idle,60.3,25.55
2026-01-25 17:05:00,458.20309,304,354.0,86.0,0.0,0.0,0.0,458.59552,740.30774,0.79496,0.0,0.0,0.0,129.6,60.0,18.0,78.0,25.0,69.0,33.0,0.0,Idle,60.3,25.55
2026-01-25 17:10:00,457.24556,304,354.0,86.0,0.0,0.0,0.0,457.80178,741.68309,0.79188,0.0,0.0,0.0,129.6,60.0,18.0,78.0,25.0,69.0,33.0,0.0,Idle,60.3,25.55
2026-01-25 17:15:00,452.7119,304,354.0,86.0,0.0,0.0,0.0,454.30493,735.89313,0.78971,0.0,0.0,0.0,129.6,60.0,18.0,78.0,25.0,69.0,33.0,0.0,Idle,60.3,25.55
2026-01-25 17:20:00,446.32537,304,354.0,86.0,0.0,0.0,0.0,446.58272,728.39047,0.78354,0.0,0.0,0.0,129.6,60.0,18.0,78.0,25.0,69.0,33.0,0.0,Idle,60.3,25.55
2026-01-25 17:25:00,442.33205,304,354.0,86.0,0.0,0.0,0.0,442.58589,726.29786,0.78121,0.0,0.0,0.0,129.6,60.0,18.0,78.0,25.0,69.0,33.0,0.0,Idle,60.3,25.55
2026-01-25 17:30:00,450.61582,304,354.0,86.0,0.0,0.0,0.0,451.83048,733.39202,0.79306,0.0,0.0,0.0,129.6,60.0,18.0,78.0,25.0,69.0,33.0,0.0,Idle,60.3,25.55
2026-01-25 17:35:00,441.35279,304,354.0,86.0,0.0,0.0,0.0,439.96755,720.2313,0.78044,0.0,0.0,0.0,129.56233,60.0,18.0,78.0,25.0,69.0,33.0,0.0,Idle,60.3,25.55
2026-01-25 17:40:00,446.40412,304,354.0,86.0,0.0,0.0,0.0,445.61072,728.20563,0.78424,0.0,0.0,0.0,129.5,60.0,18.0,78.0,25.0,69.0,33.0,0.0,Idle,60.3,25.55
2026-01-25 17:45:00,437.31068,304,354.0,86.0,0.0,0.0,0.0,438.29404,717.16551,0.78504,0.0,0.0,0.0,129.5,60.0,18.0,78.0,25.0,69.0,33.0,0.0,Idle,60.3,25.55
2026-01-25 17:50:00,458.51372,304,354.0,86.0,0.0,0.0,0.0,457.70891,738.72224,0.79368,0.0,0.0,0.0,129.5,60.0,18.0,78.0,25.0,69.0,33.0,0.0,Idle,60.3,25.55
2026-01-25 17:55:00,429.66107,304,354.0,86.0,0.0,0.0,0.0,431.00441,708.53048,0.77872,0.0,0.0,0.0,129.55223,60.0,18.0,78.0,25.0,69.0,33.0,0.0,Idle,60.3,25.55
2026-01-25 18:00:00,449.0631,304,354.58902,86.0,0.0,0.0,0.0,450.57743,727.91343,0.79111,0.0,0.0,0.0,129.6,60.0,18.0,78.0,25.0,69.0,33.0,0.0,Idle,60.3,25.55
2026-01-25 18:05:00,431.85858,304,355.0,86.0,0.0,0.0,0.0,430.15627,706.07633,0.77749,0.0,0.0,0.0,129.6,60.0,18.0,78.0,25.0,69.0,33.0,0.0,Idle,60.3,25.55
2026-01-25 18:10:00,466.14515,304,355.0,86.0,0.0,0.0,0.0,467.60939,744.2308,0.80254,0.0,0.0,0.0,129.6,60.0,18.0,78.0,25.0,69.0,33.0,0.0,Idle,60.3,25.55
2026-01-25 18:15:00,459.87805,304,355.0,86.0,0.0,0.0,0.0,457.71661,736.48058,0.79727,0.0,0.0,0.0,129.6,60.0,18.0,78.0,25.0,69.0,33.0,0.0,Idle,60.3,25.55
2026-01-25 18:20:00,451.67325,304,355.0,86.0,0.0,0.0,0.0,453.5082,729.76023,0.79329,0.0,0.0,0.0,129.6,60.0,18.0,78.0,25.0,69.0,33.0,0.0,Idle,60.3,25.55
2026-01-25 18:25:00,453.56944,304,355.0,86.0,0.0,0.0,0.0,453.22518,730.31361,0.79546,0.0,0.0,0.0,129.6,60.0,18.0,78.0,25.0,69.0,33.0,0.0,Idle,60.3,25.55
2026-01-25 18:30:00,442.26632,304,355.0,86.0,0.0,0.0,0.0,443.17397,720.30986,0.78916,0.0,0.0,0.0,129.6,60.0,18.0,78.0,25.0,69.0,33.0,0.0,Idle,60.3,25.55
2026-01-25 18:35:00,453.58336,304,355.0,86.0,0.0,0.0,0.0,452.66034,731.11553,0.79242,0.0,0.0,0.0,129.6,60.0,18.0,78.0,25.0,69.0,33.0,0.0,Idle,60.3,25.55
2026-01-25 18:40:00,445.83969,304,355.0,86.0,0.0,0.0,0.0,447.37204,724.84028,0.78962,0.0,0.0,0.0,129.6,60.0,18.0,78.0,25.0,69.0,33.0,0.0,Idle,60.3,25.55
2026-01-25 18:45:00,454.96166,304,355.0,86.0,0.0,0.0,0.0,453.88435,731.79883,0.79468,0.0,0.0,0.0,129.6,60.0,18.0,78.0,25.0,69.0,33.0,0.0,Idle,60.3,25.55
2026-01-25 18:50:00,458.05454,304,355.0,86.0,0.0,0.0,0.0,459.01447,736.01815,0.79835,0.0,0.0,0.0,129.6,60.0,18.0,78.0,25.0,69.0,33.0,0.0,Idle,60.3,25.55
2026-01-25 18:55:00,446.63757,304,355.0,86.0,0.0,0.0,0.0,447.40249,726.18194,0.78317,0.0,0.0,0.0,129.6,60.0,18.0,78.0,25.0,69.0,33.0,0.0,Idle,60.3,25.55
2026-01-25 19:00:00,438.15151,304,355.0,86.0,0.0,0.0,0.0,438.69619,716.76763,0.78179,0.0,0.0,0.0,129.6,60.0,18.0,78.0,25.0,69.0,33.0,0.0,Idle,60.3,25.55
2026-01-25 19:05:00,452.25019,304,355.0,86.0,0.0,0.0,0.0,454.1227,729.95465,0.79422,0.0,0.0,0.0,129.6,60.0,18.0,78.0,25.0,69.0,33.0,0.0,Idle,60.3,25.55
2026-01-25 19:10:00,454.04056,304,355.0,86.0,0.0,0.0,0.0,451.80188,727.40465,0.79157,0.0,0.0,0.0,129.6,60.0,18.0,78.0,25.0,69.0,33.0,0.0,Idle,60.3,25.55
2026-01-25 19:15:00,436.98004,304,355.0,86.0,0.0,0.0,0.0,435.70988,715.72218,0.77973,0.0,0.0,0.0,129.6,60.0,18.0,78.0,25.0,69.0,33.0,0.0,Idle,60.3,25.55
2026-01-25 19:20:00,449.43275,304,355.0,86.0,0.0,0.0,0.0,450.1176,726.29341,0.79431,0.0,0.0,0.0,129.6,60.0,18.0,78.0,25.0,69.0,33.0,0.0,Idle,60.3,25.55
2026-01-25 19:25:00,447.81178,304,355.0,86.0,0.0,0.0,0.0,447.02026,726.28509,0.78747,0.0,0.0,0.0,129.6,60.0,18.0,78.0,25.0,69.0,33.0,0.0,Idle,60.3,25.55
2026-01-25 19:30:00,460.36195,304,355.0,86.0,0.0,0.0,0.0,460.05264,736.56136,0.79994,0.0,0.0,0.0,129.6,60.0,18.0,78.0,25.0,69.0,33.0,0.0,Idle,60.3,25.55
2026-01-25 19:35:00,444.19034,304,355.0,86.0,0.0,0.0,0.0,443.03447,719.43752,0.78995,0.0,0.0,0.0,129.6,60.0,18.0,78.0,25.0,69.0,33.0,0.0,Idle,60.3,25.55
2026-01-25 19:40:00,435.48268,304,355.0,86.0,0.0,0.0,0.0,436.71989,716.2259,0.78006,0.0,0.0,0.0,129.6,60.0,18.0,78.0,25.0,69.0,33.0,0.0,Idle,60.3,25.55
2026-01-25 19:45:00,446.06371,304,355.0,86.0,0.0,0.0,0.0,446.4824,723.13517,0.7884,0.0,0.0,0.0,129.6,60.0,18.0,78.0,25.0,69.0,33.0,0.0,Idle,60.3,25.55
2026-01-25 19:50:00,459.52221,304,355.0,86.0,0.0,0.0,0.0,457.38048,735.10103,0.79547,0.0,0.0,0.0,129.6,60.0,18.0,78.0,25.0,69.0,33.0,0.0,Idle,60.3,25.55
2026-01-25 19:55:00,441.32926,304,355.0,86.0,0.0,0.0,0.0,440.36642,716.51549,0.78665,0.0,0.0,0.0,129.6,60.0,18.0,78.0,25.0,69.0,33.0,0.0,Idle,60.3,25.55
2026-01-25 20:00:00,440.3736,304,355.0,86.0,0.0,0.0,0.0,440.95644,721.22224,0.78535,0.0,0.0,0.0,129.6,60.0,18.0,78.0,25.0,69.0,33.0,0.0,Idle,60.3,25.55
2026-01-25 20:05:00,437.89182,304,355.0,86.0,0.0,0.0,0.0,438.08418,715.90745,0.78224,0.0,0.0,0.0,129.6,60.0,18.0,78.0,25.0,69.0,33.0,0.0,Idle,60.3,25.55
2026-01-25 20:10:00,451.20977,304,355.0,86.0,0.0,0.0,0.0,450.57457,728.83351,0.79086,0.0,0.0,0.0,129.6,60.0,18.0,78.0,25.0,69.0,33.0,0.0,Idle,60.3,25.55
2026-01-25 20:15:00,438.91171,304,356.0,86.0,0.0,0.0,0.0,437.46549,716.6434,0.78309,0.0,0.0,0.0,129.6,60.0,18.0,78.0,25.0,69.0,33.0,0.0,Idle,60.3,25.55
2026-01-25 20:20:00,435.38725,304,356.0,86.0,0.0,0.0,0.0,436.03603,712.85692,0.77992,0.0,0.0,0.0,129.6,60.0,18.0,78.0,25.0,69.0,33.0,0.0,Idle,60.3,25.55
2026-01-25 20:25:00,439.34384,304,356.0,86.0,0.0,0.0,0.0,438.43026,716.81709,0.7827,0.0,0.0,0.0,129.6,60.0,18.0,78.0,25.0,69.0,33.0,0.0,Idle,60.3,25.55
2026-01-25 20:30:00,457.43345,304,356.0,86.0,0.0,0.0,0.0,456.85691,733.84877,0.79566,0.0,0.0,0.0,129.6,60.0,18.0,78.0,25.0,69.0,33.0,0.0,Idle,60.3,25.55
2026-01-25 20:35:00,445.97071,304,356.0,86.0,0.0,0.0,0.0,445.97601,723.42381,0.78831,0.0,0.0,0.0,129.6,60.0,18.0,78.0,25.0,69.0,33.0,0.0,Idle,60.3,25.55
2026-01-25 20:40:00,433.19244,304,356.0,86.0,0.0,0.0,0.0,434.57298,711.53561,0.7799,0.0,0.0,0.0,129.6,60.0,18.0,78.0,25.0,69.0,33.0,0.0,Idle,60.3,25.55
2026-01-25 20:45:00,429.98235,304,356.0,86.0,0.0,0.0,0.0,430.13626,706.26595,0.77617,0.0,0.0,0.0,129.6,60.0,18.0,78.0,25.0,69.0,33.0,0.0,Idle,60.3,25.55
2026-01-25 20:50:00,436.37318,304,356.0,86.0,0.0,0.0,0.0,437.80586,716.22424,0.78099,0.0,0.0,0.0,129.6,60.0,18.0,78.0,25.0,69.0,33.0,0.0,Idle,60.3,25.55
2026-01-25 20:55:00,489.05956,304,356.0,86.0,0.0,0.0,0.0,485.78946,780.16696,0.79775,0.0,0.0,0.0,129.6,60.0,18.0,78.0,25.0,69.0,33.0,0.0,Idle,60.3,25.55
2026-01-25 21:00:00,477.86871,304,356.0,86.0,0.0,0.0,0.0,478.78099,769.76381,0.79661,0.0,0.0,0.0,129.6,60.0,18.0,78.0,25.0,69.0,33.0,0.0,Idle,60.3,25.55
2026-01-25 21:05:00,459.86109,304,356.0,86.0,0.0,0.0,0.0,459.90355,740.64745,0.79308,0.0,0.0,0.0,129.6,60.0,18.0,78.0,25.0,69.0,33.0,0.0,Idle,60.3,25.55
2026-01-25 21:10:00,445.63837,304,356.0,86.0,0.0,0.0,0.0,445.48204,721.67518,0.79056,0.0,0.0,0.0,129.6,60.0,18.0,78.0,25.0,69.0,33.0,0.0,Idle,60.3,25.55
2026-01-25 21:15:00,460.43317,304,356.0,86.0,0.0,0.0,0.0,460.75941,735.0593,0.80034,0.0,0.0,0.0,129.6,60.0,18.0,78.0,25.0,69.0,33.0,0.0,Idle,60.3,25.55
2026-01-25 21:20:00,452.0274,304,356.0,86.0,0.0,0.0,0.0,451.12306,726.89437,0.79698,0.0,0.0,0.0,129.6,60.0,18.0,78.0,25.0,69.0,33.0,0.0,Idle,60.3,25.55
2026-01-25 21:25:00,453.75824,304,356.0,86.0,0.0,0.0,0.0,453.55196,729.3812,0.79474,0.0,0.0,0.0,129.6,60.0,18.0,78.0,25.0,69.0,33.0,0.0,Idle,60.3,25.55
2026-01-25 21:30:00,452.92884,304,356.0,86.0,0.0,0.0,0.0,452.45564,730.16258,0.79286,0.0,0.0,0.0,129.6,60.0,18.0,78.0,25.0,69.0,33.0,0.0,Idle,60.3,25.55
2026-01-25 21:35:00,450.46982,304,356.0,86.0,0.0,0.0,0.0,447.31567,727.23868,0.78784,0.0,0.0,0.0,129.6,60.0,18.0,78.0,25.0,69.0,33.0,0.0,Idle,60.3,25.55
2026-01-25 21:40:00,454.4587,304,356.0,86.0,0.0,0.0,0.0,453.59982,734.36669,0.79381,0.0,0.0,0.0,129.6,60.0,18.0,78.0,25.0,69.0,33.0,0.0,Idle,60.3,25.55
2026-01-25 21:45:00,435.95548,304,356.0,86.0,0.0,0.0,0.0,435.67197,716.65284,0.78035,0.0,0.0,0.0,129.6,60.0,18.0,78.0,25.0,69.0,33.0,0.0,Idle,60.3,25.55
2026-01-25 21:50:00,436.0425,304,356.0,86.0,0.0,0.0,0.0,434.41927,712.84577,0.77941,0.0,0.0,0.0,129.6,60.0,18.0,78.0,25.0,69.0,33.0,0.0,Idle,60.3,25.55
2026-01-25 21:55:00,439.97643,304,356.0,86.0,0.0,0.0,0.0,440.13909,719.35329,0.78186,0.0,0.0,0.0,129.6,60.0,18.0,78.0,25.0,69.0,33.0,0.0,Idle,60.3,25.55
2026-01-25 22:00:00,460.88828,304,356.0,86.0,0.0,0.0,0.0,461.03401,741.23194,0.7966,0.0,0.0,0.0,129.6,60.0,18.0,78.0,25.0,69.0,33.0,0.0,Idle,60.3,25.55
2026-01-25 22:05:00,431.83227,304,356.0,86.0,0.0,0.0,0.0,431.58693,710.57956,0.77616,0.0,0.0,0.0,129.6,60.0,18.0,78.0,25.0,69.0,33.0,0.0,Idle,60.3,25.55
2026-01-25 22:10:00,438.24211,304,356.0,86.0,0.0,0.0,0.0,437.50239,718.46434,0.78284,0.0,0.0,0.0,129.6,60.0,18.0,78.0,25.0,69.0,33.0,0.0,Idle,60.3,25.55
2026-01-25 22:15:00,449.28461,304,356.0,86.0,0.0,0.0,0.0,449.75563,727.65787,0.79043,0.0,0.0,0.0,129.6,60.0,18.0,78.0,25.0,69.0,33.0,0.0,Idle,60.3,25.55
2026-01-25 22:20:00,450.89773,304,356.0,86.0,0.0,0.0,0.0,451.83725,729.84277,0.79338,0.0,0.0,0.0,129.6,60.0,18.0,78.0,25.0,69.0,33.0,0.0,Idle,60.3,25.55
2026-01-25 22:25:00,441.62752,304,356.0,86.0,0.0,0.0,0.0,441.44769,716.2052,0.78441,0.0,0.0,0.0,129.6,60.0,18.0,78.0,25.0,69.0,33.0,0.0,Idle,60.3,25.55
2026-01-25 22:30:00,438.27844,304,356.57496,86.0,0.0,0.0,0.0,440.55458,718.72436,0.785,0.0,0.0,0.0,129.6,60.0,18.0,78.0,25.0,69.0,33.0,0.0,Idle,60.3,25.55
2026-01-25 22:35:00,473.51166,304,357.0,86.0,0.0,0.0,0.0,474.5588,759.31271,0.7998,0.0,0.0,0.0,129.6,60.0,18.0,78.0,25.0,69.0,33.0,0.0,Idle,60.3,25.55
2026-01-25 22:40:00,458.41501,304,357.0,86.0,0.0,0.0,0.0,458.31447,737.64976,0.79446,0.0,0.0,0.0,129.6,60.0,18.0,78.0,25.0,69.0,33.0,0.0,Idle,60.3,25.55
2026-01-25 22:45:00,450.51959,304,357.0,86.0,0.0,0.0,0.0,450.24453,728.00489,0.79158,0.0,0.0,0.0,129.6,60.0,18.0,78.0,25.0,69.0,33.0,0.0,Idle,60.3,25.55
2026-01-25 22:50:00,450.83827,304,357.0,86.0,0.0,0.0,0.0,453.12143,733.13946,0.78961,0.0,0.0,0.0,129.6,60.0,18.0,78.0,25.0,69.0,33.0,0.0,Idle,60.3,25.55
2026-01-25 22:55:00,441.85566,304,357.0,86.0,0.0,0.0,0.0,441.15781,715.2733,0.78704,0.0,0.0,0.0,129.6,60.0,18.0,78.0,25.0,69.0,33.0,0.0,Idle,60.3,25.55
2026-01-25 23:00:00,431.69206,304,357.0,86.0,0.0,0.0,0.0,431.11329,707.85866,0.77932,0.0,0.0,0.0,129.6,60.0,18.0,78.0,25.0,69.0,33.0,0.0,Idle,60.3,25.55
2026-01-25 23:05:00,439.86355,304,357.0,86.0,0.0,0.0,0.0,440.00583,719.82944,0.78155,0.0,0.0,0.0,129.6,60.0,18.0,78.0,25.0,69.0,33.0,0.0,Idle,60.3,25.55
2026-01-25 23:10:00,448.45993,304,357.0,86.0,0.0,0.0,0.0,449.18805,724.60048,0.79086,0.0,0.0,0.0,129.6,60.0,18.0,78.0,25.0,69.0,33.0,0.0,Idle,60.3,25.55
2026-01-25 23:15:00,445.83062,304,357.0,86.0,0.0,0.0,0.0,444.22345,719.97315,0.78673,0.0,0.0,0.0,129.6,60.0,18.0,78.0,25.0,69.0,33.0,0.0,Idle,60.3,25.55
2026-01-25 23:20:00,426.16917,304,357.0,86.0,0.0,0.0,0.0,426.95957,705.59247,0.77518,0.0,0.0,0.0,129.6,60.0,18.0,78.0,25.0,69.0,33.0,0.0,Idle,60.3,25.55
2026-01-25 23:25:00,437.08639,304,357.0,86.0,0.0,0.0,0.0,437.89092,715.61121,0.78451,0.0,0.0,0.0,129.6,60.0,18.0,78.0,25.0,69.0,33.0,0.0,Idle,60.3,25.55
2026-01-25 23:30:00,438.80759,304,357.0,86.0,0.0,0.0,0.0,439.10306,716.02638,0.7822,0.0,0.0,0.0,129.6,60.0,18.0,78.0,25.0,69.0,33.0,0.0,Idle,60.3,25.55
2026-01-25 23:35:00,432.15478,304,357.0,86.0,0.0,0.0,0.0,432.52452,709.5075,0.78153,0.0,0.0,0.0,129.6,60.0,18.0,78.0,25.0,69.0,33.0,0.0,Idle,60.3,25.55
2026-01-25 23:40:00,427.32297,304,357.0,86.0,0.0,0.0,0.0,428.17292,706.65531,0.77618,0.0,0.0,0.0,129.6,60.0,18.0,78.0,25.0,69.0,33.0,0.0,Idle,60.3,25.55
2026-01-25 23:45:00,439.29644,304,357.0,86.0,0.0,0.0,0.0,438.76734,719.71706,0.78202,0.0,0.0,0.0,129.6,60.0,18.0,78.0,25.0,69.0,33.0,0.0,Idle,60.3,25.55
2026-01-25 23:50:00,436.19665,304,357.0,86.0,0.0,0.0,0.0,434.11922,712.77017,0.78276,0.0,0.0,0.0,129.6,60.0,18.0,78.0,25.0,69.0,33.0,0.0,Idle,60.3,25.55
2026-01-25 23:55:00,436.45047,304,357.0,86.0,0.0,0.0,0.0,438.72349,707.95527,0.79371,0.0,0.0,0.0,129.6,60.0,18.0,78.0,25.0,69.0,33.0,0.0,Idle,60.3,25.55
2026-01-26 00:00:00,421.92681,304,357.0,86.0,0.0,0.0,0.0,421.13717,686.95733,0.7872,0.0,0.0,0.0,129.6,60.0,18.0,78.0,25.0,69.0,33.0,0.0,Idle,60.3,25.55
2026-01-26 00:05:00,429.35369,304,357.0,86.0,0.0,0.0,0.0,432.98847,702.27272,0.78841,0.0,0.0,0.0,129.6,60.0,18.0,78.0,25.0,69.0,33.0,0.0,Idle,60.3,25.55
2026-01-26 00:10:00,413.87368,304,357.0,86.0,0.0,0.0,0.0,413.85079,677.60338,0.78121,0.0,0.0,0.0,129.6,60.0,18.0,78.0,25.0,69.0,33.0,0.0,Idle,60.3,25.55
2026-01-26 00:15:00,430.10323,304,357.0,86.0,0.0,0.0,0.0,430.76676,694.99049,0.79196,0.0,0.0,0.0,129.6,60.0,18.0,78.0,25.0,69.0,33.0,0.0,Idle,60.3,25.55
2026-01-26 00:20:00,434.87239,304,357.0,86.0,0.0,0.0,0.0,433.59539,701.8105,0.79015,0.0,0.0,0.0,129.6,60.0,18.0,78.0,25.0,69.0,33.0,0.0,Idle,60.3,25.55
2026-01-26 00:25:00,424.54354,304,357.0,86.0,0.0,0.0,0.0,424.05474,691.09029,0.78575,0.0,0.0,0.0,129.6,60.0,18.0,78.0,25.0,69.0,33.0,0.0,Idle,60.3,25.55
2026-01-26 00:30:00,415.35138,304,357.0,86.0,0.0,0.0,0.0,417.25913,680.4981,0.78326,0.0,0.0,0.0,129.6,60.0,18.0,78.0,25.0,69.0,33.0,0.0,Idle,60.3,25.55
2026-01-26 00:35:00,467.21691,304,357.0,86.0,0.0,0.0,0.0,464.9019,733.19521,0.81134,0.0,0.0,0.0,129.6,60.0,18.0,78.0,25.0,69.0,33.0,0.0,Idle,60.3,25.55
2026-01-26 00:40:00,475.21019,304,357.0,86.0,0.0,0.0,0.0,476.16219,745.58671,0.81785,0.0,0.0,0.0,129.6,60.0,18.0,78.0,25.0,69.0,33.0,0.0,Idle,60.3,25.55
2026-01-26 00:45:00,453.91054,304,357.46402,86.0,0.0,0.0,0.0,454.9774,724.64032,0.80274,0.0,0.0,0.0,129.6,60.0,18.0,78.0,25.0,69.0,33.0,0.0,Idle,60.3,25.55
2026-01-26 00:50:00,471.58683,304,358.0,86.0,0.0,0.0,0.0,472.07301,742.75009,0.81476,0.0,0.0,0.0,129.6,60.0,18.0,78.0,25.0,69.0,33.0,0.0,Idle,60.3,25.55
2026-01-26 00:55:00,468.37934,304,358.0,86.0,0.0,0.0,0.0,468.82168,737.05071,0.81561,0.0,0.0,0.0,129.6,60.0,18.0,78.0,25.0,69.0,33.0,0.0,Idle,60.3,25.55
2026-01-26 01:00:00,475.49183,304,358.0,86.0,0.0,0.0,0.0,474.4031,744.92979,0.81552,0.0,0.0,0.0,129.6,60.0,18.0,78.0,25.0,69.0,33.0,0.0,Idle,60.3,25.55
2026-01-26 01:05:00,467.91385,304,358.0,86.0,0.0,0.0,0.0,466.70676,737.07711,0.8125,0.0,0.0,0.0,129.6,60.0,18.0,78.0,25.0,69.0,33.0,0.0,Idle,60.3,25.55
2026-01-26 01:10:00,457.62482,304,358.0,86.0,0.0,0.0,0.0,455.7534,725.48892,0.80398,0.0,0.0,0.0,129.6,60.0,18.0,78.0,25.0,69.0,33.0,0.0,Idle,60.3,25.55
2026-01-26 01:15:00,463.49004,304,358.0,86.0,0.0,0.0,0.0,464.41447,734.40604,0.80969,0.0,0.0,0.0,129.6,60.0,18.0,78.0,25.0,69.0,33.0,0.0,Idle,60.3,25.55
2026-01-26 01:20:00,460.96245,304,358.0,86.0,0.0,0.0,0.0,461.32053,728.83864,0.80934,0.0,0.0,0.0,129.6,60.0,18.0,78.0,25.0,69.0,33.0,0.0,Idle,60.3,25.55
2026-01-26 01:25:00,483.00537,304,358.0,86.0,0.0,0.0,0.0,482.34905,752.09347,0.81986,0.0,0.0,0.0,129.6,60.0,18.0,78.0,25.0,69.0,33.0,0.0,Idle,60.3,25.55
2026-01-26 01:30:00,460.80494,304,358.0,86.0,0.0,0.0,0.0,460.66716,730.35635,0.80576,0.0,0.0,0.0,129.6,60.0,18.0,78.0,25.0,69.0,33.0,0.0,Idle,60.3,25.55
2026-01-26 01:35:00,479.52112,304,358.0,86.0,151.79487,242.12708,0.51027,327.31058,521.0213,0.7977,0.0,0.0,0.0,129.6,60.0,18.0,78.0,25.0,69.0,33.0,0.0,Idle,60.3,25.55
2026-01-26 01:40:00,502.0456,304,358.0,86.0,261.97686,405.47217,0.82332,238.31368,396.20297,0.77001,0.0,0.0,0.0,129.6,60.0,18.0,78.0,25.0,69.0,33.0,0.0,Idle,60.3,25.55
2026-01-26 01:45:00,497.55967,304,358.0,86.0,262.8552,411.56401,0.8169,234.55121,395.08627,0.75602,0.0,0.0,0.0,129.60782,60.0,18.0,78.0,25.0,69.0,33.0,0.0,Idle,60.3,25.55
2026-01-26 01:50:00,482.12232,304,358.0,86.0,250.92284,392.63129,0.81545,229.41082,384.90287,0.75816,0.0,0.0,0.0,129.7,60.0,18.0,78.0,25.0,69.0,33.0,0.0,Idle,60.3,25.55
2026-01-26 01:55:00,456.80139,304,358.0,86.0,216.22878,357.49035,0.77201,239.85909,391.66914,0.78372,0.0,0.0,0.0,129.7,60.0,18.0,78.0,25.0,69.0,33.0,0.0,Idle,60.3,25.55
2026-01-26 02:00:00,492.94869,304,358.0,86.0,249.03711,437.18682,0.72984,247.3649,454.02307,0.69899,0.0,0.0,0.0,129.7,60.0,18.0,78.0,25.0,69.0,33.0,0.0,Idle,60.3,25.55
2026-01-26 02:05:00,486.23759,304,358.0,86.0,254.36732,453.50252,0.71761,231.9363,451.08957,0.65683,0.0,0.0,0.0,129.7,60.0,18.0,78.0,25.0,69.0,33.0,0.0,Idle,60.3,25.55
2026-01-26 02:10:00,533.69409,304,358.0,86.0,276.46886,479.83144,0.73895,253.74051,476.89769,0.67963,0.0,0.0,0.0,129.7,60.0,18.0,78.0,25.0,69.0,33.0,0.0,Idle,60.3,25.55
2026-01-26 02:15:00,497.91664,304.86284,358.0,86.0,249.20773,460.47186,0.69665,246.99969,474.4591,0.66598,0.0,0.0,0.0,129.7,60.0,18.0,78.0,25.0,69.0,33.0,0.0,Idle,60.3,25.55
2026-01-26 02:20:00,489.49279,305,358.0,86.0,245.65177,456.80185,0.68892,244.02681,471.87995,0.66262,0.0,0.0,0.0,129.7,60.0,18.0,78.0,25.0,69.0,33.0,0.0,Idle,60.3,25.55
2026-01-26 02:25:00,504.42626,305,358.0,86.0,259.83534,475.9156,0.70294,245.15514,477.02799,0.66066,0.0,0.0,0.0,129.7,60.0,18.0,78.0,25.0,69.0,33.0,0.0,Idle,60.3,25.55
2026-01-26 02:30:00,617.64129,305,358.0,86.0,320.67593,549.0768,0.75202,297.74146,540.17631,0.7098,0.0,0.0,0.0,129.7,60.0,18.0,78.0,25.0,69.0,33.0,0.0,Idle,60.3,25.55
2026-01-26 02:35:00,512.49251,305,358.0,86.0,245.63675,476.43349,0.66234,265.96702,504.17907,0.67791,0.0,0.0,0.0,129.6,60.0,18.0,78.0,25.0,69.0,33.0,0.0,Idle,60.3,25.55
2026-01-26 02:40:00,482.36744,305,358.0,86.0,239.88323,470.35324,0.65585,244.30546,483.87451,0.64571,0.0,0.0,0.0,129.57546,60.0,18.0,78.0,25.0,69.0,33.0,0.0,Idle,60.3,25.55
2026-01-26 02:45:00,491.6382,305,358.0,86.0,240.21763,473.07518,0.65325,250.35267,491.35295,0.6539,0.0,0.0,0.0,130.14661,60.0,18.0,78.0,25.0,69.0,33.0,0.18545,Laden,60.3,25.55
2026-01-26 02:50:00,524.47564,305,358.0,86.0,270.6269,504.75042,0.68865,253.86957,504.11813,0.64447,0.0,0.0,0.0,125.81123,60.0,18.0,78.0,25.0,69.0,33.0,1.53731,Laden,60.3,25.55
2026-01-26 02:55:00,516.38012,305,358.0,86.0,247.39907,479.98365,0.66072,269.37588,509.49408,0.67707,0.0,0.0,0.0,194.42332,60.0,18.0,78.0,25.0,69.0,33.0,4.70538,Laden,60.3,25.55
2026-01-26 03:00:00,505.34894,305,358.0,86.0,252.63768,482.96643,0.67102,251.30141,492.89781,0.65322,0.0,0.0,0.0,194.19628,60.0,17.65818,78.0,25.0,69.0,33.0,6.02432,Laden,60.294303,25.55
2026-01-26 03:05:00,519.78405,305,358.0,86.0,252.66322,486.46507,0.66757,266.2784,507.5376,0.67322,0.0,0.0,0.0,194.25175,60.0,17.0,78.0,25.0,69.0,33.0,7.01466,Laden,60.28333333333333,25.55
2026-01-26 03:10:00,513.11446,305,358.0,86.0,256.42362,483.89148,0.68063,259.78253,498.03939,0.66749,0.0,0.0,0.0,179.51144,60.0,16.71693,78.0,25.0,69.0,33.0,8.47703,Laden,60.2786155,25.55
2026-01-26 03:15:00,503.89446,305,358.0,86.0,256.46502,478.57628,0.68681,247.37178,479.0487,0.66331,0.0,0.0,0.0,160.29788,60.0,15.15753,78.0,25.0,69.0,33.0,11.72065,Laden,60.2526255,25.55
2026-01-26 03:20:00,502.40704,305,358.0,86.0,255.11498,476.27017,0.68969,246.35669,478.63192,0.66067,0.0,0.0,0.0,161.33045,60.0,14.49848,78.0,25.0,69.0,33.83125,12.21078,Laden,60.241641333333334,25.563854166666665
2026-01-26 03:25:00,505.58229,305,358.0,86.0,257.26004,477.06343,0.6952,247.885,481.87463,0.66098,0.0,0.0,0.0,160.21167,60.0,13.76947,78.0,25.0,69.0,34.01224,12.4,Laden,60.22949116666667,25.566870666666667
2026-01-26 03:30:00,455.66544,305,358.0,86.0,222.60634,389.28741,0.73791,235.64954,406.60729,0.74411,0.0,0.0,0.0,153.61518,60.0,13.0,78.0,25.0,69.0,35.0,12.33972,Laden,60.21666666666667,25.583333333333332
2026-01-26 03:35:00,521.57442,305,358.0,86.0,255.66068,424.78028,0.77432,266.02487,437.8788,0.77978,0.0,0.0,0.0,153.17377,60.0,11.44611,78.0,25.0,69.0,36.28716,12.41577,Laden,60.1907685,25.604786
2026-01-26 03:40:00,528.48515,305,358.0,86.0,260.58041,430.50933,0.77717,269.06579,441.88588,0.78412,0.0,0.0,0.0,151.09351,60.0,10.83147,78.0,25.0,69.0,37.0429,12.27262,Laden,60.1805245,25.617381666666667
2026-01-26 03:45:00,527.93718,305,358.0,86.0,258.47425,426.21609,0.78116,268.82968,439.89185,0.78439,0.0,0.0,0.0,153.94756,60.0,10.0,78.0,25.0,69.0,38.0,12.40166,Laden,60.166666666666664,25.633333333333333
2026-01-26 03:50:00,498.46097,305,358.0,86.0,243.2136,408.68379,0.76433,254.68293,423.3669,0.76817,0.0,0.0,0.0,165.16193,60.0,9.17837,78.0,25.0,69.0,38.56639,12.5,Laden,60.15297283333334,25.642773166666668
2026-01-26 03:55:00,510.69242,305,358.13667,86.0,251.15113,419.55112,0.76968,260.4385,431.57496,0.77366,0.0,0.0,0.0,184.94337,60.0,7.60841,78.0,25.0,69.0,39.0,12.44877,Laden,60.12680683333333,25.65
2026-01-26 04:00:00,528.66904,305,359.0,86.0,267.43309,433.23886,0.79409,260.27152,429.93452,0.77754,0.0,0.0,0.0,196.84352,60.0,6.84365,78.0,25.0,69.0,38.8529,12.39669,Laden,60.11406083333333,25.647548333333333
2026-01-26 04:05:00,526.32082,305,359.0,86.0,269.58551,436.94694,0.7939,257.27923,428.36675,0.77368,0.0,0.0,0.0,218.65154,60.0,6.0,78.0,25.0,69.0,37.88516,12.44039,Laden,60.1,25.631419333333334
2026-01-26 04:10:00,531.04414,305,359.0,86.0,264.46079,436.05465,0.7806,266.11047,442.04843,0.77428,0.0,0.0,0.0,222.06694,60.0,5.35622,78.0,25.0,69.0,36.79155,12.40124,Laden,60.08927033333333,25.6131925
2026-01-26 04:15:00,530.65356,305,359.0,86.0,262.14755,437.254,0.76803,268.56605,446.72695,0.77063,0.0,0.0,0.0,195.13018,60.0,4.11376,78.0,25.0,69.0,35.0,8.86261,Laden,60.068562666666665,25.583333333333332
2026-01-26 04:20:00,535.66801,305,359.0,86.0,266.30856,441.08665,0.77405,272.80022,450.7797,0.77355,0.0,0.0,0.0,191.15907,60.0,3.97201,78.0,25.0,69.0,35.0,7.90649,Laden,60.06620016666667,25.583333333333332
2026-01-26 04:25:00,553.26942,305,359.0,86.0,271.39752,448.16256,0.77786,280.56654,459.59192,0.7848,0.0,0.0,0.0,218.49572,60.0,3.0,78.0,25.0,69.0,34.49657,7.38909,Laden,60.05,25.574942833333335
2026-01-26 04:30:00,541.21377,305,359.0,86.0,268.29108,445.77249,0.77224,272.12202,452.19883,0.7734,0.0,0.0,0.0,196.00933,60.0,3.0,78.0,25.0,69.0,34.0,7.7153,Laden,60.05,25.566666666666666
2026-01-26 04:35:00,505.39304,305,359.0,86.0,256.6451,423.34969,0.77359,248.91058,419.12012,0.76078,0.0,0.0,0.0,196.47512,60.0,1.71052,78.0,25.0,69.0,33.0,11.31899,Laden,60.02850866666667,25.55
2026-01-26 04:40:00,514.02765,305,359.0,86.0,15.88113,34.97614,0.05266,497.50432,813.63769,0.7891,0.0,0.0,0.0,195.73238,60.0,1.0,78.0,25.0,69.0,33.0,12.02509,Laden,60.016666666666666,25.55
2026-01-26 04:45:00,510.41808,305,359.0,86.0,0.0,0.0,0.0,508.99186,837.51938,0.78279,0.0,0.0,0.0,196.28777,60.0,0.00948,78.0,25.0,69.0,32.15738,12.29277,Laden,60.000158,25.535956333333335
2026-01-26 04:50:00,514.07193,305,359.0,86.0,0.0,0.0,0.0,515.53851,844.04362,0.78332,0.0,0.0,0.0,196.28697,59.27742,42.58281,78.0,25.0,69.0,32.0,12.4,Laden,59.9871335,25.533333333333335
2026-01-26 04:55:00,498.44272,305,359.0,86.0,0.0,0.0,0.0,496.06905,821.56644,0.77411,0.0,0.0,0.0,231.12513,59.0,58.0,78.0,25.0,69.0,29.91764,12.91718,Laden,59.96666666666667,25.49862733333333
2026-01-26 05:00:00,511.86605,305,359.0,86.0,0.0,0.0,0.0,511.99189,841.53187,0.78155,0.0,0.0,0.0,236.63412,59.0,57.51005,78.0,25.0,69.0,28.51425,13.04174,Laden,59.95850083333333,25.4752375
2026-01-26 05:05:00,521.43066,305,359.0,86.0,0.0,0.0,0.0,520.6718,853.00572,0.78358,0.0,0.0,0.0,238.61518,59.0,57.0,78.0,25.0,69.0,27.09838,13.13585,Laden,59.95,25.451639666666665
2026-01-26 05:10:00,522.22051,305,359.0,86.0,0.0,0.0,0.0,521.58535,850.40461,0.78874,0.0,0.0,0.0,239.89919,59.0,56.65444,78.0,25.0,69.0,25.54194,13.24044,Laden,59.944240666666666,25.425699
2026-01-26 05:15:00,518.04162,305,359.0,86.0,0.0,0.0,0.0,517.67035,849.74771,0.78475,0.0,0.0,0.0,239.92284,59.0,55.83695,78.0,25.0,69.0,22.51349,13.2898,Laden,59.930615833333334,25.375224833333334
2026-01-26 05:20:00,485.46482,305,359.0,86.0,0.0,0.0,0.0,485.99466,811.32298,0.76792,0.0,0.0,0.0,239.96231,59.0,55.0,78.0,25.0,69.0,21.01805,13.09167,Laden,59.916666666666664,25.350300833333332
2026-01-26 05:25:00,509.87693,305,359.0,86.0,0.0,0.0,0.0,508.0866,834.33698,0.78573,0.0,0.0,0.0,240.18667,59.0,55.0,78.0,25.0,69.0,19.51658,12.95695,Laden,59.916666666666664,25.325276333333335
2026-01-26 05:30:00,504.98882,305,359.0,86.0,0.0,0.0,0.0,507.0165,827.61222,0.78683,0.0,0.0,0.0,240.06042,59.0,54.07794,78.0,25.0,69.0,18.06716,12.9,Laden,59.901299,25.301119333333332
2026-01-26 05:35:00,507.78907,305,359.0,86.0,0.0,0.0,0.0,508.85369,816.55972,0.80039,0.0,0.0,0.0,239.87745,59.0,53.38097,78.0,25.0,69.0,15.14744,12.71209,Laden,59.88968283333333,25.252457333333332
2026-01-26 05:40:00,511.78334,305,359.0,86.0,0.0,0.0,0.0,511.73836,816.19439,0.80429,0.0,0.0,0.0,239.938,59.0,53.0,78.0,25.0,69.0,13.60655,12.7,Laden,59.88333333333333,25.226775833333335
2026-01-26 05:45:00,506.33251,305,359.0,86.0,0.0,0.0,0.0,506.9959,810.71384,0.80337,0.0,0.0,0.0,240.34712,59.0,52.65101,78.0,25.0,69.0,12.30173,12.6039,Laden,59.87751683333333,25.205028833333333
2026-01-26 05:50:00,512.58735,305,359.0,86.0,0.0,0.0,0.0,511.22979,815.40327,0.80444,0.0,0.0,0.0,242.35339,59.0,52.0,78.0,25.0,69.0,10.69436,12.6,Laden,59.86666666666667,25.178239333333334
2026-01-26 05:55:00,499.29013,305,359.0,86.0,0.0,0.0,0.0,496.54419,800.19813,0.80018,0.0,0.0,0.0,255.06399,59.0,51.92444,78.0,25.0,69.0,7.55762,12.6419,Laden,59.86540733333333,25.12596033333333
2026-01-26 06:00:00,489.27638,305,359.0,86.0,0.0,0.0,0.0,491.08465,797.3275,0.7943,0.0,0.0,0.0,254.90394,59.0,51.0,78.0,25.0,69.0,5.98132,12.50125,Laden,59.85,25.099688666666665
2026-01-26 06:05:00,492.89492,305,359.0,86.0,0.0,0.0,0.0,491.80944,796.83513,0.79325,0.0,0.0,0.0,255.4555,59.0,51.0,78.0,25.0,69.0,4.42747,12.42259,Laden,59.85,25.073791166666666
2026-01-26 06:10:00,499.54761,305,359.0,86.0,0.0,0.0,0.0,499.97963,804.9526,0.80164,0.0,0.0,0.0,257.10859,59.0,51.0,78.0,25.0,69.0,2.74008,12.4,Laden,59.85,25.045668
2026-01-26 06:15:00,526.8626,305,359.6896,86.0,0.0,0.0,0.0,526.26078,833.06333,0.81194,0.0,0.0,0.0,257.04525,59.0,50.86932,78.0,24.55757,69.0,26.05433,12.37599,Laden,59.847822,24.99180883333333
2026-01-26 06:20:00,510.64496,305,360.0,86.0,0.0,0.0,0.0,512.87339,819.61756,0.80537,0.0,0.0,0.0,256.82019,59.0,50.0,78.0,24.0,69.0,57.98572,12.4,Laden,59.833333333333336,24.966428666666665
2026-01-26 06:25:00,518.51693,305,360.0,86.0,0.0,0.0,0.0,517.25237,826.09301,0.80519,0.0,0.0,0.0,256.75445,59.0,50.0,78.0,24.0,69.0,56.42661,12.4,Laden,59.833333333333336,24.9404435
2026-01-26 06:30:00,502.0302,305,360.0,86.0,0.0,0.0,0.0,500.05715,807.06792,0.79957,0.0,0.0,0.0,256.93055,59.0,50.0,78.0,24.0,69.0,54.72694,12.4,Laden,59.833333333333336,24.912115666666665
2026-01-26 06:35:00,515.69208,305,360.0,86.0,0.0,0.0,0.0,516.02658,825.08299,0.80622,0.0,0.0,0.0,257.23639,59.0,49.91898,78.0,24.0,69.0,51.56131,12.4,Laden,59.831983,24.859355166666667
2026-01-26 06:40:00,498.98087,305,360.0,86.0,0.0,0.0,0.0,499.79717,804.90594,0.7989,0.0,0.0,0.0,257.38885,59.0,49.0,78.0,24.0,69.0,50.00888,12.44218,Laden,59.81666666666667,24.83348133333333
2026-01-26 06:45:00,495.18033,305,360.0,86.0,0.0,0.0,0.0,496.13194,806.13161,0.79067,0.0,0.0,0.0,257.34252,59.0,49.0,78.0,24.0,69.0,48.43202,12.59203,Laden,59.81666666666667,24.807200333333334
2026-01-26 06:50:00,480.3943,305,360.0,86.0,0.0,0.0,0.0,479.01706,784.99081,0.78618,0.0,0.0,0.0,257.27304,59.0,49.0,78.0,24.0,69.0,46.69537,12.75792,Laden,59.81666666666667,24.778256166666665
2026-01-26 06:55:00,499.14859,305,360.0,86.0,0.0,0.0,0.0,497.25849,800.35689,0.79703,0.0,0.0,0.0,256.74686,59.0,48.86619,78.0,24.0,69.0,43.45397,12.87285,Laden,59.8144365,24.724232833333332
2026-01-26 07:00:00,504.83328,305,360.0,86.0,0.0,0.0,0.0,506.70405,810.24457,0.80522,0.0,0.0,0.0,256.91385,59.0,48.0,78.0,24.0,69.0,41.72619,12.71035,Laden,59.8,24.6954365
2026-01-26 07:05:00,497.33476,305,360.0,86.0,0.0,0.0,0.0,498.01404,803.61635,0.79786,0.0,0.0,0.0,256.82433,59.0,48.0,78.0,24.0,69.0,40.1581,12.61752,Laden,59.8,24.669301666666666
2026-01-26 07:10:00,513.01364,305,360.0,86.0,0.0,0.0,0.0,513.60724,825.56711,0.80185,0.0,0.0,0.0,256.87371,59.0,48.0,78.0,24.0,69.0,38.49704,12.6,Laden,59.8,24.641617333333333
2026-01-26 07:15:00,549.55397,305,360.0,86.0,0.0,0.0,0.0,550.41065,876.85356,0.80634,0.0,0.0,0.0,256.84242,59.0,48.0,78.0,24.0,69.0,35.27075,12.6,Laden,59.8,24.587845833333333
2026-01-26 07:20:00,539.62146,305,360.0,86.0,0.0,0.0,0.0,539.38061,866.11841,0.79677,0.0,0.0,0.0,256.84872,59.0,47.1858,78.0,24.0,69.0,33.54927,12.66038,Laden,59.78643,24.559154499999998
2026-01-26 07:25:00,534.8885,305,360.0,86.0,0.0,0.0,0.0,533.49597,862.76522,0.79282,0.0,0.0,0.0,257.21311,59.0,47.0,78.0,24.0,69.0,31.92066,12.7,Laden,59.78333333333333,24.532011
2026-01-26 07:30:00,528.85149,305,360.0,86.0,0.0,0.0,0.0,530.60263,854.83852,0.79563,0.0,0.0,0.0,257.16279,59.0,47.0,78.0,24.0,69.0,30.34159,12.8233,Laden,59.78333333333333,24.505693166666667
2026-01-26 07:35:00,588.06409,305,360.0,86.0,0.0,0.0,0.0,588.31058,933.59229,0.81238,0.0,0.0,0.0,257.26084,59.0,47.0,78.0,24.0,69.0,26.96519,12.9,Laden,59.78333333333333,24.449419833333334
2026-01-26 07:40:00,576.44497,305,360.0,86.0,0.0,0.0,0.0,575.10847,920.29329,0.80737,0.0,0.0,0.0,256.99643,59.0,46.14321,78.0,24.0,69.0,25.35751,12.98995,Laden,59.7690535,24.422625166666666
2026-01-26 07:45:00,556.59948,305,360.0,86.0,0.0,0.0,0.0,553.69452,887.9464,0.80442,0.0,0.0,0.0,260.06435,59.0,46.0,78.0,24.0,69.0,23.57223,13.06499,Laden,59.766666666666666,24.3928705
2026-01-26 07:50:00,533.27451,305,360.0,86.0,0.0,0.0,0.0,532.63082,859.9063,0.79576,0.0,0.0,0.0,260.27358,59.0,46.0,78.0,24.0,69.0,21.9092,13.1,Laden,59.766666666666666,24.365153333333332
2026-01-26 07:55:00,556.83419,305,360.0,86.0,0.0,0.0,0.0,557.51016,884.51752,0.81234,0.0,0.0,0.0,259.79719,59.0,46.0,78.0,24.0,69.0,18.53108,12.96751,Laden,59.766666666666666,24.308851333333333
2026-01-26 08:00:00,538.61363,305,360.0,86.0,0.0,0.0,0.0,538.12112,868.23566,0.79723,0.0,0.0,0.0,258.49037,59.0,45.35529,78.0,24.0,69.0,16.84925,12.9,Laden,59.7559215,24.280820833333333
2026-01-26 08:05:00,556.25865,305,360.0,86.0,0.0,0.0,0.0,555.30238,889.93447,0.79996,0.0,0.0,0.0,256.21129,59.0,45.0,78.0,24.0,69.0,15.25293,12.91407,Laden,59.75,24.2542155
2026-01-26 08:10:00,542.75636,305,360.291,86.0,0.0,0.0,0.0,542.51816,876.1185,0.79656,0.0,0.0,0.0,256.08711,59.0,45.0,78.0,24.0,69.0,13.52375,13.04219,Laden,59.75,24.225395833333334
2026-01-26 08:15:00,510.04912,305,361.0,86.0,0.0,0.0,0.0,511.65972,839.44874,0.78617,0.0,0.0,0.0,255.25764,59.0,45.0,78.0,24.0,69.0,10.16188,13.23453,Laden,59.75,24.169364666666667
2026-01-26 08:20:00,531.19935,305,361.0,86.0,0.0,0.0,0.0,534.25581,867.74498,0.79294,0.0,0.0,0.0,255.72144,59.0,44.33567,78.0,24.0,69.0,8.45658,13.21528,Laden,59.738927833333335,24.140943
2026-01-26 08:25:00,531.32741,305,361.0,86.0,0.0,0.0,0.0,530.63464,862.97325,0.78899,0.0,0.0,0.0,254.70268,59.0,44.0,78.0,24.0,69.0,6.68855,13.0556,Laden,59.733333333333334,24.111475833333333
2026-01-26 08:30:00,544.51481,305,361.0,86.0,0.0,0.0,0.0,546.78748,878.93951,0.80123,0.0,0.0,0.0,254.11247,59.0,44.0,78.0,24.0,69.0,5.08484,13.0,Laden,59.733333333333334,24.084747333333333
2026-01-26 08:35:00,532.97214,305,361.0,86.0,0.0,0.0,0.0,532.43016,862.13135,0.79202,0.0,0.0,0.0,254.1477,59.0,43.79672,78.0,24.0,69.0,1.68715,13.06714,Laden,59.72994533333333,24.028119166666666
2026-01-26 08:40:00,528.74095,305,361.0,86.0,0.0,0.0,0.0,526.89567,859.8067,0.78755,0.0,0.0,0.0,253.82294,59.0,43.0,78.0,23.85003,69.0,9.04365,13.1,Laden,59.71666666666667,24.0007575
2026-01-26 08:45:00,547.39712,305,361.0,86.0,0.0,0.0,0.0,548.38116,883.78766,0.79895,0.0,0.0,0.0,253.90638,59.0,43.0,78.0,23.0,69.0,58.44924,13.1,Laden,59.71666666666667,23.974154
2026-01-26 08:50:00,568.20314,305,361.0,86.0,0.0,0.0,0.0,569.76184,901.63058,0.80825,0.0,0.0,0.0,253.96369,59.0,43.0,78.0,23.0,69.0,56.70128,13.1,Laden,59.71666666666667,23.945021333333333
2026-01-26 08:55:00,525.20257,305,361.0,86.0,0.0,0.0,0.0,525.82198,848.93474,0.79444,0.0,0.0,0.0,256.25066,59.0,42.0,78.0,23.0,69.0,53.44882,13.24724,Laden,59.7,23.890813666666666
2026-01-26 09:00:00,525.70765,305,361.0,86.0,0.0,0.0,0.0,526.26285,854.35127,0.78969,0.0,0.0,0.0,256.76384,59.0,42.0,78.0,23.0,69.0,51.66873,13.36442,Laden,59.7,23.8611455
2026-01-26 09:05:00,527.47616,305,361.0,86.0,0.0,0.0,0.0,526.77836,853.78214,0.7922,0.0,0.0,0.0,256.27482,59.0,42.0,78.0,23.0,69.0,50.00442,13.47977,Laden,59.7,23.833407
2026-01-26 09:10:00,546.91361,305,361.0,86.0,0.0,0.0,0.0,545.56247,870.24044,0.80419,0.0,0.0,0.0,255.83674,59.0,41.80586,78.0,23.0,69.0,48.32626,13.58355,Laden,59.696764333333334,23.805437666666666
2026-01-26 09:15:00,546.51366,305,361.0,86.0,0.0,0.0,0.0,547.3943,870.57023,0.80414,0.0,0.0,0.0,255.84935,59.0,41.0,78.0,23.0,69.0,44.79343,13.6,Laden,59.68333333333333,23.746557166666665
2026-01-26 09:20:00,538.30968,305,361.0,86.0,0.0,0.0,0.0,540.59851,864.3586,0.80061,0.0,0.0,0.0,255.61536,59.0,41.0,78.0,23.0,69.0,43.1055,13.59063,Laden,59.68333333333333,23.718425
2026-01-26 09:25:00,531.52644,305,361.0,86.0,0.0,0.0,0.0,531.6352,853.38299,0.79402,0.0,0.0,0.0,255.98794,59.0,40.94865,78.0,23.0,69.0,41.42255,13.43889,Laden,59.6824775,23.690375833333334
2026-01-26 09:30:00,534.36095,305,361.0,86.0,0.0,0.0,0.0,533.52882,856.4569,0.79529,0.0,0.0,0.0,255.92017,59.0,40.0,78.0,23.0,69.0,39.6052,13.37126,Laden,59.666666666666664,23.66008666666667
2026-01-26 09:35:00,547.69622,305,361.0,86.0,0.0,0.0,0.0,549.82161,878.52548,0.80326,0.0,0.0,0.0,255.12622,59.0,40.0,78.0,23.0,69.0,36.29826,13.3,Laden,59.666666666666664,23.604971
2026-01-26 09:40:00,538.28284,305,361.0,86.0,0.0,0.0,0.0,538.63409,861.40182,0.79891,0.0,0.0,0.0,255.02657,59.0,40.0,78.0,23.0,69.0,34.53455,13.3,Laden,59.666666666666664,23.575575833333332
2026-01-26 09:45:00,538.84623,305,361.0,86.0,0.0,0.0,0.0,537.95875,861.32131,0.79827,0.0,0.0,0.0,254.91318,59.0,39.36682,78.0,23.0,69.0,32.82976,13.3,Laden,59.65611366666667,23.547162666666665
2026-01-26 09:50:00,522.05141,305,361.0,86.0,0.0,0.0,0.0,522.87334,845.86655,0.78976,0.0,0.0,0.0,254.89884,59.0,39.0,78.0,23.0,69.0,31.16658,13.33351,Laden,59.65,23.519443
2026-01-26 09:55:00,545.42905,305,361.0,86.0,0.0,0.0,0.0,545.82813,874.11108,0.80108,0.0,0.0,0.0,253.01923,59.0,39.0,78.0,23.0,69.0,27.68366,13.13849,Laden,59.65,23.461394333333335
2026-01-26 10:00:00,552.94775,305,361.26998,86.0,0.0,0.0,0.0,552.64778,881.62018,0.80317,0.0,0.0,0.0,253.36119,59.0,38.74539,78.0,23.0,69.0,26.09259,13.14412,Laden,59.6457565,23.4348765
2026-01-26 10:05:00,538.51962,305,362.0,86.0,0.0,0.0,0.0,539.14808,865.57833,0.79922,0.0,0.0,0.0,253.46793,59.0,38.0,78.0,23.0,69.0,24.44096,13.3251,Laden,59.63333333333333,23.407349333333332
2026-01-26 10:10:00,545.00766,305,362.0,86.0,0.0,0.0,0.0,545.29299,870.99771,0.8031,0.0,0.0,0.0,253.05626,59.0,38.0,78.0,23.0,69.0,22.65615,13.51781,Laden,59.63333333333333,23.3776025
2026-01-26 10:15:00,535.10966,305,362.0,86.0,0.0,0.0,0.0,534.28095,862.23984,0.7913,0.0,0.0,0.0,252.78956,59.0,37.45366,78.0,23.0,69.0,19.33461,13.6,Laden,59.62422766666667,23.3222435
2026-01-26 10:20:00,545.69927,305,362.0,86.0,0.0,0.0,0.0,547.36472,873.50084,0.80327,0.0,0.0,0.0,252.90275,59.0,37.0,78.0,23.0,69.0,17.54155,13.6,Laden,59.61666666666667,23.292359166666667
2026-01-26 10:25:00,513.33135,305,362.0,86.0,0.0,0.0,0.0,513.6112,836.97651,0.78352,0.0,0.0,0.0,253.10287,59.0,37.0,78.0,23.0,69.0,15.84477,13.6,Laden,59.61666666666667,23.2640795
2026-01-26 10:30:00,539.73124,305,362.0,86.0,0.0,0.0,0.0,539.81993,865.138,0.80003,0.0,0.0,0.0,253.19806,59.0,37.0,78.0,23.0,69.0,14.19284,13.56352,Laden,59.61666666666667,23.236547333333334
2026-01-26 10:35:00,550.57674,305,362.0,86.0,0.0,0.0,0.0,549.9111,877.68311,0.80265,0.0,0.0,0.0,257.08152,59.0,36.0,78.0,23.0,69.0,10.68464,13.56104,Laden,59.6,23.178077333333334
2026-01-26 10:40:00,543.14976,305,362.0,86.0,0.0,0.0,0.0,542.39124,867.61105,0.79986,0.0,0.0,0.0,256.75812,59.0,36.0,78.0,23.0,69.0,8.99301,13.56011,Laden,59.6,23.1498835
2026-01-26 10:45:00,548.77293,305,362.0,86.0,0.0,0.0,0.0,547.28641,871.75113,0.80348,0.0,0.0,0.0,257.05917,59.0,36.0,78.0,23.0,69.0,7.31145,13.52408,Laden,59.6,23.1218575
2026-01-26 10:50:00,523.80118,305,362.0,86.0,0.0,0.0,0.0,523.77155,844.62359,0.79546,0.0,0.0,0.0,256.95099,59.0,35.45314,78.0,23.0,69.0,5.52947,13.56132,Laden,59.590885666666665,23.092157833333335
2026-01-26 10:55:00,525.86525,305,362.0,86.0,0.0,0.0,0.0,525.77984,852.00794,0.79092,0.0,0.0,0.0,256.07924,59.0,35.0,78.0,23.0,69.0,2.14324,13.4315,Laden,59.583333333333336,23.035720666666666
2026-01-26 11:00:00,530.95187,305,362.0,86.0,0.0,0.0,0.0,531.43731,858.19656,0.79619,0.0,0.0,0.0,255.24769,59.0,35.0,78.0,23.0,69.0,0.45174,13.33668,Laden,59.583333333333336,23.007529
2026-01-26 11:05:00,544.38977,305,362.0,86.0,0.0,0.0,0.0,544.72634,870.00769,0.80453,0.0,0.0,0.0,255.04044,59.0,34.58237,78.0,22.04755,69.0,55.7852,13.2846,Laden,59.57637283333333,22.977303333333335
2026-01-26 11:10:00,525.90964,305,362.0,86.0,0.0,0.0,0.0,525.32343,849.27005,0.79394,0.0,0.0,0.0,255.0383,59.0,34.0,78.0,22.0,69.0,57.06054,13.2,Laden,59.56666666666667,22.951009
2026-01-26 11:15:00,529.12735,305,362.0,86.0,0.0,0.0,0.0,529.49711,856.84043,0.7923,0.0,0.0,0.0,254.39126,59.0,34.0,78.0,22.0,69.0,53.60913,13.21394,Laden,59.56666666666667,22.8934855
2026-01-26 11:20:00,538.04272,305,362.0,86.0,0.0,0.0,0.0,536.88937,865.07923,0.79281,0.0,0.0,0.0,252.45225,59.0,33.99029,78.0,22.0,69.0,51.98535,13.13411,Laden,59.56650483333333,22.8664225
2026-01-26 11:25:00,544.17181,305,362.0,86.0,0.0,0.0,0.0,542.14006,868.56135,0.80278,0.0,0.0,0.0,252.52487,59.0,33.0,78.0,22.0,69.0,50.41115,13.0,Laden,59.55,22.840185833333333
2026-01-26 11:30:00,526.42605,305,362.0,86.0,0.0,0.0,0.0,527.17843,851.32731,0.79335,0.0,0.0,0.0,252.70087,59.0,33.0,78.0,22.0,69.0,48.65915,12.91184,Laden,59.55,22.810985833333334
2026-01-26 11:35:00,515.5147,305,362.0,86.0,0.0,0.0,0.0,516.53677,839.97203,0.78617,0.0,0.0,0.0,252.11831,59.0,32.97263,78.0,22.0,69.0,45.47926,12.9,Laden,59.54954383333333,22.757987666666665
2026-01-26 11:40:00,537.85614,305,362.0,86.0,0.0,0.0,0.0,538.97485,867.42532,0.79346,0.0,0.0,0.0,251.71204,59.0,32.0,78.0,22.0,69.0,43.80425,12.86558,Laden,59.53333333333333,22.730070833333333
2026-01-26 11:45:00,538.73744,305,362.0,86.0,0.0,0.0,0.0,536.74504,863.12072,0.7974,0.0,0.0,0.0,251.3508,59.0,32.0,78.0,22.0,69.0,42.29594,12.6874,Laden,59.53333333333333,22.704932333333332
2026-01-26 11:50:00,534.76263,305,362.0,86.0,0.0,0.0,0.0,534.17093,860.05421,0.79389,0.0,0.0,0.0,254.01643,59.0,32.0,78.0,22.0,69.0,40.5948,12.6,Laden,59.53333333333333,22.67658
2026-01-26 11:55:00,528.64396,305,363.0,86.0,0.0,0.0,0.0,527.10668,852.64932,0.79236,0.0,0.0,0.0,254.17212,59.0,31.0,78.0,22.0,69.0,37.47316,12.75668,Laden,59.516666666666666,22.624552666666666
2026-01-26 12:00:00,491.08432,305,363.0,86.0,0.0,0.0,0.0,488.45306,795.4983,0.78396,0.0,0.0,0.0,254.04361,59.0,31.0,78.0,22.0,69.0,35.79246,12.92742,Laden,59.516666666666666,22.596541
2026-01-26 12:05:00,497.47162,305,363.0,86.0,0.0,0.0,0.0,497.97908,800.76689,0.79457,0.0,0.0,0.0,254.10355,59.0,31.0,78.0,22.0,69.0,34.2269,13.02219,Laden,59.516666666666666,22.570448333333335
2026-01-26 12:10:00,501.07123,305,363.0,86.0,0.0,0.0,0.0,499.99829,800.49949,0.79836,0.0,0.0,0.0,253.99731,59.0,31.0,78.0,22.0,69.0,32.52259,13.1102,Laden,59.516666666666666,22.542043166666666
2026-01-26 12:15:00,479.73656,305,363.0,86.0,0.0,0.0,0.0,481.52628,783.96464,0.78554,0.0,0.0,0.0,237.8487,59.0,30.0,78.0,22.0,69.0,29.3235,12.90692,Laden,59.5,22.488725
2026-01-26 12:20:00,482.25994,305,363.0,86.0,0.0,0.0,0.0,481.0847,792.01282,0.77741,0.0,0.0,0.0,231.35011,59.0,29.66349,78.0,22.0,69.0,27.90801,12.76056,Laden,59.4943915,22.4651335
2026-01-26 12:25:00,488.39919,305,363.0,86.0,0.0,0.0,0.0,489.7231,801.05019,0.78172,0.0,0.0,0.0,231.19087,59.0,29.0,78.0,22.0,69.0,26.59984,12.9,Laden,59.483333333333334,22.443330666666668
2026-01-26 12:30:00,496.37975,305,363.0,86.0,0.0,0.0,0.0,495.80868,798.55683,0.79523,0.0,0.0,0.0,231.40848,59.0,28.49571,78.0,22.0,69.0,25.36331,12.9,Laden,59.4749285,22.422721833333334
2026-01-26 12:35:00,485.36915,305,363.0,86.0,0.0,0.0,0.0,485.04336,787.83813,0.78679,0.0,0.0,0.0,230.8911,59.0,27.34956,78.0,22.0,69.0,22.6373,12.89955,Laden,59.455826,22.377288333333333
2026-01-26 12:40:00,485.14841,305,363.0,86.0,0.0,0.0,0.0,484.23644,791.41542,0.78567,0.0,0.0,0.0,231.32943,59.0,27.0,78.0,22.0,69.0,21.41563,12.78485,Laden,59.45,22.356927166666665
2026-01-26 12:45:00,493.60956,305,363.0,86.0,0.0,0.0,0.0,492.16226,798.24395,0.79026,0.0,0.0,0.0,232.20527,59.0,26.1741,78.0,22.0,69.0,20.14813,12.74858,Laden,59.436235,22.335802166666667
2026-01-26 12:50:00,533.82327,305,363.0,86.0,0.0,0.0,0.0,531.91378,852.231,0.80082,0.0,0.0,0.0,231.87001,59.0,26.0,78.0,22.0,69.0,18.71648,12.9,Laden,59.43333333333333,22.311941333333333
2026-01-26 12:55:00,545.38078,305,363.0,86.0,0.0,0.0,0.0,543.86658,864.7539,0.80391,0.0,0.0,0.0,230.79757,59.0,24.88018,78.0,22.0,69.0,16.19776,12.93621,Laden,59.41466966666667,22.269962666666668
2026-01-26 13:00:00,497.51114,305,363.0,86.0,0.0,0.0,0.0,496.8382,803.44328,0.79183,0.0,0.0,0.0,232.2237,59.0,24.0,78.0,22.0,69.0,14.74009,12.86563,Laden,59.4,22.24566816666667
2026-01-26 13:05:00,497.61579,305,363.0,86.0,0.0,0.0,0.0,497.53413,801.64595,0.79334,0.0,0.0,0.0,232.14493,59.0,23.7478,78.0,22.0,69.0,13.50358,12.76906,Laden,59.39579666666667,22.225059666666667
2026-01-26 13:10:00,500.18961,305,363.0,86.0,0.0,0.0,0.0,501.1687,804.73851,0.79583,0.0,0.0,0.0,231.78916,59.0,23.0,78.0,22.0,69.0,12.26142,12.7,Laden,59.38333333333333,22.204357
2026-01-26 13:15:00,506.1426,305,363.0,86.0,0.0,0.0,0.0,505.95183,807.63539,0.80223,0.0,0.0,0.0,231.13772,59.0,22.0,78.0,22.0,69.0,9.55833,12.7,Laden,59.36666666666667,22.1593055
2026-01-26 13:20:00,487.9726,305,363.0,86.0,0.0,0.0,0.0,488.12844,790.70761,0.78744,0.0,0.0,0.0,231.03838,59.0,21.51642,78.0,22.0,69.0,8.32255,12.7,Laden,59.358607,22.138709166666665
2026-01-26 13:25:00,495.82321,305,363.0,86.0,0.0,0.0,0.0,495.71568,802.33848,0.79039,0.0,0.0,0.0,230.88726,59.0,21.0,78.0,22.0,69.0,6.91976,12.7,Laden,59.35,22.11532933333333
2026-01-26 13:30:00,486.89171,305,363.0,86.0,0.0,0.0,0.0,486.38051,788.12232,0.78812,0.0,0.0,0.0,230.82727,59.0,20.4148,78.0,22.0,69.0,5.60582,12.7,Laden,59.340246666666665,22.093430333333334
2026-01-26 13:35:00,504.33291,305,363.0,86.0,0.0,0.0,0.0,505.50752,805.31464,0.80479,0.0,0.0,0.0,229.99746,59.0,19.2906,78.0,22.0,69.0,3.09463,12.6,Laden,59.32151,22.051577166666668
2026-01-26 13:40:00,492.62649,305,363.0,86.0,0.0,0.0,0.0,491.47706,792.37148,0.79149,0.0,0.0,0.0,230.09378,59.0,19.0,78.0,22.0,69.0,1.72619,12.6,Laden,59.31666666666667,22.02876983333333
2026-01-26 13:45:00,501.30896,305,363.0,86.0,0.0,0.0,0.0,501.58675,805.89764,0.79422,0.0,0.0,0.0,229.78395,59.0,18.16552,78.0,22.0,69.0,0.51522,12.6,Laden,59.30275866666667,22.008587
2026-01-26 13:50:00,506.06893,305,363.0,86.0,0.0,0.0,0.0,506.03876,813.71787,0.79493,0.0,0.0,0.0,229.83243,59.0,18.0,78.0,21.31024,69.0,40.69604,12.50181,Laden,59.3,21.988507333333335
2026-01-26 13:55:00,503.33799,305,364.0,86.0,0.0,0.0,0.0,503.88639,806.63199,0.79737,0.0,0.0,0.0,232.07456,59.0,16.83152,78.0,21.0,69.0,56.70664,12.64183,Laden,59.28052533333334,21.945110666666668
2026-01-26 14:00:00,481.53383,305,364.0,86.0,0.0,0.0,0.0,482.06331,787.26518,0.78964,0.0,0.0,0.0,232.09963,59.0,16.0,78.0,21.0,69.0,55.49205,12.7326,Laden,59.266666666666666,21.9248675
2026-01-26 14:05:00,480.56105,305,364.0,86.0,0.0,0.0,0.0,479.19927,786.43325,0.78493,0.0,0.0,0.0,232.24141,59.0,15.65846,78.0,21.0,69.0,54.26825,12.9,Laden,59.26097433333333,21.904470833333335
2026-01-26 14:10:00,484.94572,305,364.0,86.0,0.0,0.0,0.0,484.42189,793.19758,0.78525,0.0,0.0,0.0,232.9311,59.0,15.0,78.0,21.0,69.0,52.83875,12.95353,Laden,59.25,21.880645833333332
2026-01-26 14:15:00,491.88083,305,364.0,86.0,0.0,0.0,0.0,490.35974,800.72674,0.78755,0.0,0.0,0.0,232.81465,59.0,14.0,78.0,21.0,69.0,50.30906,13.0649,Laden,59.233333333333334,21.838484333333334
2026-01-26 14:20:00,496.20228,305,364.0,86.0,0.0,0.0,0.0,496.03499,805.68484,0.79087,0.0,0.0,0.0,233.07672,59.0,13.32217,78.0,21.0,69.0,48.88517,13.1,Laden,59.22203616666667,21.814752833333333
2026-01-26 14:25:00,497.31653,305,364.0,86.0,0.0,0.0,0.0,497.78094,808.33427,0.79279,0.0,0.0,0.0,233.11603,59.0,13.0,78.0,21.0,69.0,47.55848,13.1,Laden,59.21666666666667,21.792641333333332
2026-01-26 14:30:00,480.63385,305,364.0,86.0,0.0,0.0,0.0,479.34389,789.34037,0.78183,0.0,0.0,0.0,232.73881,59.0,12.15772,78.0,21.0,69.0,46.29895,13.12369,Laden,59.20262866666667,21.771649166666666
2026-01-26 14:35:00,481.97419,305,364.0,86.0,0.0,0.0,0.0,481.81023,792.09496,0.78152,0.0,0.0,0.0,233.01428,59.0,11.00233,78.0,21.0,69.0,43.50761,13.25802,Laden,59.183372166666665,21.725126833333334
2026-01-26 14:40:00,502.11208,305,364.0,86.0,0.0,0.0,0.0,502.01717,814.26396,0.78983,0.0,0.0,0.0,232.98257,59.0,10.8305,78.0,21.0,69.0,42.21467,13.3,Laden,59.180508333333336,21.703577833333334
2026-01-26 14:45:00,502.52133,305,364.0,86.0,0.0,0.0,0.0,501.1525,810.57049,0.79917,0.0,0.0,0.0,232.94216,59.0,10.0,78.0,21.0,69.0,40.71193,13.21379,Laden,59.166666666666664,21.678532166666667
2026-01-26 14:50:00,480.2661,305,364.0,86.0,0.0,0.0,0.0,478.84102,785.68562,0.78563,0.0,0.0,0.0,233.08299,59.0,9.64904,78.0,21.0,69.0,39.45774,13.19002,Laden,59.160817333333334,21.657629
2026-01-26 14:55:00,493.57215,305,364.0,86.0,0.0,0.0,0.0,494.32091,806.97366,0.79097,0.0,0.0,0.0,233.45291,59.0,8.50005,78.0,21.0,69.0,36.67659,13.17246,Laden,59.1416675,21.6112765
2026-01-26 15:00:00,501.20231,305,364.0,86.0,0.0,0.0,0.0,499.95479,809.30836,0.79629,0.0,0.0,0.0,228.78593,59.0,8.0,78.0,21.0,69.0,35.41674,13.05818,Laden,59.13333333333333,21.590279
2026-01-26 15:05:00,506.28668,305,364.0,86.0,0.0,0.0,0.0,506.95185,812.06049,0.8036,0.0,0.0,0.0,215.19514,59.0,7.25656,78.0,21.0,69.0,34.25739,12.71969,Laden,59.120942666666664,21.5709565
2026-01-26 15:10:00,501.2622,305,364.0,86.0,0.0,0.0,0.0,503.56172,808.13675,0.79955,0.0,0.0,0.0,214.05126,59.0,6.66607,78.0,21.0,69.0,33.3413,12.83337,Laden,59.111101166666664,21.555688333333332
2026-01-26 15:15:00,507.56109,305,364.0,86.0,0.0,0.0,0.0,506.7811,811.16649,0.79707,0.0,0.0,0.0,214.00876,59.0,5.07245,78.0,21.0,69.0,31.4602,12.94232,Laden,59.084540833333335,21.524336666666667
2026-01-26 15:20:00,511.47026,305,364.0,86.0,0.0,0.0,0.0,511.48396,817.01083,0.80134,0.0,0.0,0.0,213.70925,59.0,4.48807,78.0,21.0,69.0,30.47969,13.0,Laden,59.07480116666667,21.507994833333335
2026-01-26 15:25:00,496.58911,305,364.0,86.0,0.0,0.0,0.0,498.69186,799.63218,0.80068,0.0,0.0,0.0,213.82537,59.0,3.89742,78.0,21.0,69.0,29.50007,12.9745,Laden,59.064957,21.491667833333334
2026-01-26 15:30:00,503.17405,305,364.0,86.0,0.0,0.0,0.0,503.15912,806.96834,0.79895,0.0,0.0,0.0,214.22632,59.0,3.0,78.0,21.0,69.0,28.5457,12.9,Laden,59.05,21.475761666666667
2026-01-26 15:35:00,503.89942,305,364.0,86.0,0.0,0.0,0.0,503.78323,807.72929,0.79978,0.0,0.0,0.0,213.81503,59.0,1.75673,78.0,21.0,69.0,26.58667,12.9,Laden,59.029278833333336,21.443111166666668
2026-01-26 15:40:00,503.54539,305,364.0,86.0,0.0,0.0,0.0,504.2334,808.09422,0.79988,0.0,0.0,0.0,213.75243,59.0,1.0,78.0,21.0,69.0,25.60822,12.92419,Laden,59.016666666666666,21.426803666666668
2026-01-26 15:45:00,504.53163,305,364.0,86.0,0.0,0.0,0.0,503.57336,808.82898,0.79944,0.0,0.0,0.0,213.59708,59.0,0.18399,78.0,21.0,69.0,24.6332,12.91187,Laden,59.0030665,21.410553333333333
2026-01-26 15:50:00,503.38103,305,364.0,86.0,0.0,0.0,0.0,505.99099,809.12265,0.80289,0.0,0.0,0.0,213.9633,58.59459,23.86985,78.0,21.0,69.0,23.68828,12.9,Laden,58.99242083333333,21.394804666666666
2026-01-26 15:55:00,514.27549,305,364.98836,86.0,0.0,0.0,0.0,516.39675,824.07621,0.80458,0.0,0.0,0.0,210.15289,58.0,58.0,78.0,21.0,69.0,22.0,12.87788,Laden,58.96666666666667,21.366666666666667
2026-01-26 16:00:00,498.4252,305,365.0,86.0,0.0,0.0,0.0,498.43513,803.78458,0.7958,0.0,0.0,0.0,210.29617,58.0,57.30563,78.0,21.0,69.0,21.0648,12.9,Laden,58.955093833333336,21.35108
2026-01-26 16:05:00,508.83146,305,365.0,86.0,0.0,0.0,0.0,508.63797,817.34977,0.798,0.0,0.0,0.0,210.04133,58.0,56.6464,78.0,21.0,69.0,20.26604,12.92439,Laden,58.94410666666667,21.337767333333332
2026-01-26 16:10:00,502.54806,305,365.0,86.0,0.0,0.0,0.0,501.35591,807.39027,0.79975,0.0,0.0,0.0,209.89756,58.0,55.96901,78.0,21.0,69.0,19.4563,13.0,Laden,58.932816833333334,21.324271666666668
2026-01-26 16:15:00,500.10537,305,365.0,86.0,0.0,0.0,0.0,499.05342,802.29975,0.79989,0.0,0.0,0.0,210.07229,58.0,54.29253,78.0,21.0,69.0,17.88785,13.0,Laden,58.9048755,21.29813083333333
2026-01-26 16:20:00,501.76897,305,365.0,86.0,0.0,0.0,0.0,502.26449,805.43005,0.79957,0.0,0.0,0.0,209.91942,58.0,53.61775,78.0,21.0,69.0,17.0,13.05461,Laden,58.89362916666666,21.283333333333335
2026-01-26 16:25:00,495.47045,305,365.0,86.0,0.0,0.0,0.0,495.40095,800.46228,0.79722,0.0,0.0,0.0,209.87123,58.0,52.93086,78.0,21.0,69.0,16.07672,13.124,Laden,58.882181,21.267945333333333
2026-01-26 16:30:00,501.45599,305,365.0,86.0,0.0,0.0,0.0,501.5132,808.98582,0.79495,0.0,0.0,0.0,210.05207,58.0,52.0,78.0,21.0,69.0,15.24782,13.0667,Laden,58.86666666666667,21.254130333333332
2026-01-26 16:35:00,494.80096,305,365.0,86.0,0.0,0.0,0.0,496.49071,800.50664,0.79513,0.0,0.0,0.0,209.96381,58.0,50.59595,78.0,21.0,69.0,13.61638,13.0,Laden,58.843265833333334,21.226939666666667
2026-01-26 16:40:00,504.3264,305,365.0,86.0,0.0,0.0,0.0,503.8502,805.85992,0.80189,0.0,0.0,0.0,209.81732,58.0,49.92763,78.0,21.0,69.0,12.80625,12.95532,Laden,58.832127166666666,21.2134375
2026-01-26 16:45:00,500.2766,305,365.0,86.0,0.0,0.0,0.0,498.00216,800.69063,0.79718,0.0,0.0,0.0,210.10359,58.0,49.0,78.0,21.0,69.0,12.0,12.92424,Laden,58.81666666666667,21.2
2026-01-26 16:50:00,500.30428,305,365.0,86.0,0.0,0.0,0.0,498.98019,804.5282,0.79579,0.0,0.0,0.0,210.13441,58.0,48.27096,78.0,21.0,69.0,11.0,12.9,Laden,58.804516,21.183333333333334
2026-01-26 16:55:00,496.19102,305,365.0,86.0,0.0,0.0,0.0,495.70108,799.98764,0.79335,0.0,0.0,0.0,210.04005,58.0,46.95188,78.0,21.0,69.0,9.35447,13.0,Laden,58.78253133333333,21.155907833333334
2026-01-26 17:00:00,496.21037,305,365.0,86.0,0.0,0.0,0.0,497.76426,802.04035,0.79632,0.0,0.0,0.0,209.86846,58.0,46.0,78.0,21.0,69.0,8.52435,13.0,Laden,58.766666666666666,21.1420725
2026-01-26 17:05:00,509.09172,305,365.0,86.0,0.0,0.0,0.0,509.26048,811.98523,0.80246,0.0,0.0,0.0,210.0194,58.0,45.28148,78.0,21.0,69.0,7.72511,12.95998,Laden,58.754691333333334,21.128751833333332
2026-01-26 17:10:00,507.68598,305,365.0,86.0,0.0,0.0,0.0,508.39477,811.90206,0.80522,0.0,0.0,0.0,210.10888,58.0,44.62439,78.0,21.0,69.0,6.90637,12.88059,Laden,58.743739833333336,21.115106166666667
2026-01-26 17:15:00,519.97556,305,365.0,86.0,0.0,0.0,0.0,518.11954,825.64488,0.80376,0.0,0.0,0.0,210.04955,58.0,43.0,78.0,21.0,69.0,5.1319,12.68602,Laden,58.71666666666667,21.085531666666668
2026-01-26 17:20:00,506.55824,305,365.0,86.0,0.0,0.0,0.0,504.57952,811.50002,0.79673,0.0,0.0,0.0,210.20778,58.0,42.32167,78.0,21.0,69.0,4.3999,12.67772,Laden,58.70536116666667,21.073331666666668
2026-01-26 17:25:00,502.36946,305,365.0,86.0,0.0,0.0,0.0,501.93941,806.84863,0.7956,0.0,0.0,0.0,210.3343,58.0,41.66795,78.0,21.0,69.0,3.64372,12.7,Laden,58.69446583333333,21.060728666666666
2026-01-26 17:30:00,491.11381,305,365.0,86.0,0.0,0.0,0.0,492.13462,793.78621,0.79387,0.0,0.0,0.0,209.73518,58.0,41.0,78.0,21.0,69.0,2.89582,12.7485,Laden,58.68333333333333,21.048263666666667
2026-01-26 17:35:00,513.7825,305,365.0,86.0,0.0,0.0,0.0,513.75202,820.57871,0.80266,0.0,0.0,0.0,209.86984,58.0,39.33871,78.0,21.0,69.0,1.14452,12.9,Laden,58.655645166666666,21.019075333333333
2026-01-26 17:40:00,517.53562,305,365.0,86.0,0.0,0.0,0.0,520.55534,827.75715,0.80732,0.0,0.0,0.0,209.9828,58.0,38.6732,78.0,21.0,69.0,0.38568,12.9,Laden,58.644553333333334,21.006428
2026-01-26 17:45:00,499.02511,305,365.0,86.0,0.0,0.0,0.0,498.00305,802.16721,0.79668,0.0,0.0,0.0,209.97173,58.0,38.0,78.0,20.62932,69.0,21.8204,12.8759,Laden,58.63333333333333,20.992993333333335
2026-01-26 17:50:00,514.64969,305,365.0,86.0,0.0,0.0,0.0,512.68131,817.46905,0.80419,0.0,0.0,0.0,209.73977,58.0,37.01223,78.0,20.0,69.0,58.86176,12.85199,Laden,58.6168705,20.981029333333332
2026-01-26 17:55:00,550.31982,305,366.0,86.0,0.0,0.0,0.0,550.65964,872.06236,0.80849,0.0,0.0,0.0,210.31141,58.0,35.69856,78.0,20.0,69.0,57.0871,12.81201,Laden,58.594976,20.951451666666667
2026-01-26 18:00:00,548.30252,305,366.0,86.0,0.0,0.0,0.0,549.80485,867.64188,0.81104,0.0,0.0,0.0,209.59663,58.0,35.0,78.0,20.0,69.0,56.3049,12.79091,Laden,58.583333333333336,20.938415
2026-01-26 18:05:00,521.8638,305,366.0,86.0,0.0,0.0,0.0,520.8154,824.41654,0.80938,0.0,0.0,0.0,207.87044,58.0,34.04621,78.0,20.0,69.0,55.61006,12.7,Laden,58.56743683333333,20.926834333333332
2026-01-26 18:10:00,516.81916,305,366.0,86.0,0.0,0.0,0.0,516.94173,820.94182,0.80433,0.0,0.0,0.0,208.23043,58.0,33.3619,78.0,20.0,69.0,54.9595,12.66226,Laden,58.55603166666667,20.915991666666667
2026-01-26 18:15:00,518.42534,305,366.0,86.0,0.0,0.0,0.0,520.77118,824.90501,0.80829,0.0,0.0,0.0,207.85211,58.0,32.0,78.0,20.0,69.0,53.28231,12.6,Laden,58.53333333333333,20.8880385
2026-01-26 18:20:00,518.20474,305,366.0,86.0,0.0,0.0,0.0,518.07029,820.20038,0.80765,0.0,0.0,0.0,207.3307,58.0,31.04636,78.0,20.0,69.0,52.61682,12.61371,Laden,58.517439333333336,20.876947
2026-01-26 18:25:00,518.03014,305,366.0,86.0,0.0,0.0,0.0,517.85943,819.57661,0.80832,0.0,0.0,0.0,208.12591,58.0,30.37444,78.0,20.0,69.0,51.99494,12.68395,Laden,58.50624066666666,20.866582333333334
2026-01-26 18:30:00,506.04418,305,366.0,86.0,0.0,0.0,0.0,504.96502,806.17135,0.80162,0.0,0.0,0.0,207.97889,58.0,29.69939,78.0,20.0,69.0,51.0,12.6,Laden,58.494989833333335,20.85
2026-01-26 18:35:00,513.0749,305,366.0,86.0,0.0,0.0,0.0,513.72196,822.6652,0.79829,0.0,0.0,0.0,211.05855,58.0,28.04793,78.0,20.0,69.0,49.64615,12.5,Laden,58.4674655,20.827435833333332
2026-01-26 18:40:00,496.3072,305,366.0,86.0,0.0,0.0,0.0,496.14395,804.72614,0.79041,0.0,0.0,0.0,209.31681,58.0,27.44998,78.0,20.0,69.0,48.90546,12.42481,Laden,58.45749966666666,20.815091
2026-01-26 18:45:00,500.47492,305,366.0,86.0,0.0,0.0,0.0,500.02989,806.92236,0.79603,0.0,0.0,0.0,208.2494,58.0,26.81503,78.0,20.0,69.0,48.0,12.39479,Laden,58.446917166666665,20.8
2026-01-26 18:50:00,490.55009,305,366.0,86.0,0.0,0.0,0.0,490.60946,795.0754,0.7901,0.0,0.0,0.0,208.27984,58.0,26.0,78.0,20.0,69.0,47.25448,12.48572,Laden,58.43333333333333,20.787574666666668
2026-01-26 18:55:00,528.40726,305,366.0,86.0,0.0,0.0,0.0,528.63849,841.45145,0.80414,0.0,0.0,0.0,207.94784,58.0,24.53648,78.0,20.0,69.0,45.85842,12.55726,Laden,58.40894133333333,20.764307
2026-01-26 19:00:00,523.05363,305,366.0,86.0,0.0,0.0,0.0,522.50831,833.18131,0.80226,0.0,0.0,0.0,207.96545,58.0,23.89661,78.0,20.0,69.0,45.0,12.64504,Laden,58.398276833333334,20.75
2026-01-26 19:05:00,496.32326,305,366.0,86.0,0.0,0.0,0.0,495.64835,803.49915,0.79013,0.0,0.0,0.0,211.25429,58.0,23.0,78.0,20.0,69.0,44.11822,12.75264,Laden,58.38333333333333,20.735303666666667
2026-01-26 19:10:00,510.27386,305,366.0,86.0,0.0,0.0,0.0,510.2893,820.77769,0.79549,0.0,0.0,0.0,212.13213,58.0,22.28596,78.0,20.0,69.0,43.23065,12.86613,Laden,58.371432666666664,20.720510833333332
2026-01-26 19:15:00,526.19128,305,366.0,86.0,0.0,0.0,0.0,525.7136,837.70999,0.80418,0.0,0.0,0.0,213.62372,58.0,21.0,78.0,20.0,69.0,41.36044,12.91231,Laden,58.35,20.689340666666666
2026-01-26 19:20:00,515.494,305,366.0,86.0,0.0,0.0,0.0,515.2086,825.43846,0.79908,0.0,0.0,0.0,213.98188,58.0,20.12344,78.0,20.0,69.0,40.39389,12.97901,Laden,58.33539066666667,20.6732315
2026-01-26 19:25:00,502.45416,305,366.0,86.0,0.0,0.0,0.0,500.9773,809.3404,0.79214,0.0,0.0,0.0,214.00228,58.0,19.53862,78.0,20.0,69.0,39.4307,13.0,Laden,58.325643666666664,20.657178333333334
2026-01-26 19:30:00,497.42659,305,366.0,86.0,0.0,0.0,0.0,496.63455,809.25998,0.78516,0.0,0.0,0.0,214.09794,58.0,18.94569,78.0,20.0,69.0,38.48158,13.01448,Laden,58.3157615,20.641359666666666
2026-01-26 19:35:00,507.00577,305,366.0,86.0,0.0,0.0,0.0,506.49944,814.36834,0.79401,0.0,0.0,0.0,213.87108,58.0,17.3408,78.0,20.0,69.0,36.618,13.0,Laden,58.28901333333334,20.6103
2026-01-26 19:40:00,520.84899,305,366.0,86.0,0.0,0.0,0.0,519.72404,828.62035,0.80548,0.0,0.0,0.0,213.75407,58.0,16.73545,78.0,20.0,69.0,35.70518,12.94545,Laden,58.27892416666667,20.595086333333334
2026-01-26 19:45:00,501.0544,305,366.0,86.0,0.0,0.0,0.0,500.28734,803.39774,0.79557,0.0,0.0,0.0,214.35979,58.0,16.0,78.0,20.0,69.0,34.81675,12.8344,Laden,58.266666666666666,20.580279166666667
2026-01-26 19:50:00,497.87222,305,366.0,86.0,0.0,0.0,0.0,496.89277,802.09396,0.79435,0.0,0.0,0.0,214.07857,58.0,15.13096,78.0,20.0,69.0,33.92985,12.7,Laden,58.25218266666667,20.5654975
2026-01-26 19:55:00,496.16905,305,367.0,86.0,0.0,0.0,0.0,496.65684,802.04936,0.79332,0.0,0.0,0.0,213.82526,58.0,13.95309,78.0,20.0,69.0,32.05147,12.61313,Laden,58.2325515,20.534191166666666
2026-01-26 20:00:00,502.13207,305,367.0,86.0,0.0,0.0,0.0,503.83338,807.51716,0.80023,0.0,0.0,0.0,213.98425,58.0,13.0,78.0,20.0,69.0,31.19074,12.6,Laden,58.21666666666667,20.519845666666665
2026-01-26 20:05:00,508.96608,305,367.0,86.0,0.0,0.0,0.0,508.01767,811.14877,0.80092,0.0,0.0,0.0,213.75117,58.0,12.37619,78.0,20.0,69.0,30.31308,12.56808,Laden,58.20626983333333,20.505218
2026-01-26 20:10:00,509.00303,305,367.0,86.0,0.0,0.0,0.0,508.2464,813.96282,0.79669,0.0,0.0,0.0,213.80949,58.0,11.81629,78.0,20.0,69.0,29.44314,12.5,Laden,58.19693816666667,20.490719
2026-01-26 20:15:00,514.97226,305,367.0,86.0,0.0,0.0,0.0,513.83876,820.42758,0.80451,0.0,0.0,0.0,213.89785,58.0,10.25447,78.0,20.0,69.0,27.65755,12.6,Laden,58.17090783333333,20.460959166666665
2026-01-26 20:20:00,485.53954,305,367.0,86.0,0.0,0.0,0.0,486.04157,789.24754,0.78502,0.0,0.0,0.0,214.10654,58.0,9.71134,78.0,20.0,69.0,26.74148,12.6,Laden,58.16185566666667,20.445691333333333
2026-01-26 20:25:00,497.23021,305,367.0,86.0,0.0,0.0,0.0,497.6382,801.66759,0.7934,0.0,0.0,0.0,213.84465,58.0,9.0,78.0,20.0,69.0,25.81073,12.63528,Laden,58.15,20.430178833333333
2026-01-26 20:30:00,511.83575,305,367.0,86.0,0.0,0.0,0.0,511.9247,817.70434,0.80123,0.0,0.0,0.0,213.84528,58.0,8.15947,78.0,20.0,69.0,24.88903,12.65181,Laden,58.13599116666666,20.414817166666666
2026-01-26 20:35:00,490.05366,305,367.0,86.0,0.0,0.0,0.0,486.78075,788.89893,0.7893,0.0,0.0,0.0,209.25553,58.0,6.98529,78.0,20.0,69.0,23.0,12.6743,Laden,58.1164215,20.383333333333333
2026-01-26 20:40:00,501.0293,305,367.0,86.0,0.0,0.0,0.0,500.95384,805.85986,0.79816,0.0,0.0,0.0,207.96332,58.0,6.0,78.0,20.0,69.0,22.21929,12.68948,Laden,58.1,20.3703215
2026-01-26 20:45:00,497.75854,305,367.0,86.0,0.0,0.0,0.0,497.55822,803.69875,0.79239,0.0,0.0,0.0,207.72692,58.0,5.31392,78.0,20.0,69.0,21.5487,12.67932,Laden,58.088565333333335,20.359145
2026-01-26 20:50:00,502.47851,305,367.0,86.0,0.0,0.0,0.0,501.81407,807.15334,0.7945,0.0,0.0,0.0,207.74768,58.0,4.63831,78.0,20.0,69.0,20.93644,12.63624,Laden,58.07730516666667,20.348940666666667
2026-01-26 20:55:00,501.41266,305,367.0,86.0,0.0,0.0,0.0,501.48299,801.91161,0.79769,0.0,0.0,0.0,209.27355,58.0,3.0,78.0,20.0,69.0,19.29137,12.57218,Laden,58.05,20.321522833333333
2026-01-26 21:00:00,498.07127,305,367.0,86.0,0.0,0.0,0.0,497.23605,801.57308,0.79376,0.0,0.0,0.0,208.89888,58.0,2.32413,78.0,20.0,69.0,18.59836,12.5842,Laden,58.0387355,20.309972666666667
2026-01-26 21:05:00,496.55591,305,367.0,86.0,0.0,0.0,0.0,496.37852,799.90518,0.79392,0.0,0.0,0.0,208.9153,58.0,1.66845,78.0,20.0,69.0,17.94776,12.56268,Laden,58.0278075,20.299129333333333
2026-01-26 21:10:00,494.819,305,367.0,86.0,0.0,0.0,0.0,496.11812,806.70797,0.78809,0.0,0.0,0.0,208.32542,58.0,1.0,78.0,20.0,69.0,17.0,12.5703,Laden,58.016666666666666,20.283333333333335
2026-01-26 21:15:00,518.56799,305,367.0,86.0,0.0,0.0,0.0,516.91501,827.73281,0.80525,0.0,0.0,0.0,207.29342,57.33989,38.89729,78.0,20.0,69.0,15.72344,12.58502,Laden,57.988178166666664,20.262057333333335
2026-01-26 21:20:00,490.40406,305,367.0,86.0,0.0,0.0,0.0,489.10367,792.27298,0.79132,0.0,0.0,0.0,207.26639,57.0,58.66123,78.0,20.0,69.0,15.0,12.61692,Laden,57.97768716666667,20.25
2026-01-26 21:25:00,496.21037,305,367.0,86.0,0.0,0.0,0.0,494.71787,798.86754,0.79166,0.0,0.0,0.0,207.03617,57.0,57.97973,78.0,20.0,69.0,14.12701,12.6,Laden,57.966328833333336,20.235450166666666
2026-01-26 21:30:00,493.15016,305,367.0,86.0,0.0,0.0,0.0,493.09721,803.23353,0.79048,0.0,0.0,0.0,207.17696,57.0,57.0,78.0,20.0,69.0,13.53937,12.67149,Laden,57.95,20.225656166666667
2026-01-26 21:35:00,507.93573,305,367.0,86.0,0.0,0.0,0.0,507.7461,815.27835,0.80065,0.0,0.0,0.0,206.93932,57.0,55.62775,78.0,20.0,69.0,12.0,12.65824,Laden,57.92712916666667,20.2
2026-01-26 21:40:00,503.67262,305,367.0,86.0,0.0,0.0,0.0,503.99967,810.86866,0.80115,0.0,0.0,0.0,207.16814,57.0,54.95692,78.0,20.0,69.0,11.29799,12.66936,Laden,57.915948666666665,20.188299833333332
2026-01-26 21:45:00,498.32264,305,367.0,86.0,0.0,0.0,0.0,498.93935,806.08497,0.79537,0.0,0.0,0.0,208.68793,57.0,54.0,78.0,20.0,69.0,10.61958,12.73609,Laden,57.9,20.176993
2026-01-26 21:50:00,493.62061,305,367.03966,86.0,0.0,0.0,0.0,494.10347,802.35129,0.79279,0.0,0.0,0.0,209.24462,57.0,53.3015,78.0,20.0,69.0,9.87496,12.77581,Laden,57.888358333333336,20.164582666666668
2026-01-26 21:55:00,497.51155,305,368.0,86.0,0.0,0.0,0.0,496.07146,803.76839,0.794,0.0,0.0,0.0,208.8533,57.0,52.0,78.0,20.0,69.0,8.08477,12.72412,Laden,57.86666666666667,20.134746166666666
2026-01-26 22:00:00,505.50358,305,368.0,86.0,0.0,0.0,0.0,504.83619,815.62342,0.79516,0.0,0.0,0.0,201.65388,57.0,51.01769,78.0,20.0,69.0,7.41236,12.56352,Laden,57.850294833333336,20.123539333333333
2026-01-26 22:05:00,509.4248,305,368.0,86.0,0.0,0.0,0.0,509.02826,816.87175,0.80209,0.0,0.0,0.0,201.85392,57.0,50.30971,78.0,20.0,69.0,7.0,12.57581,Laden,57.83849516666667,20.116666666666667
2026-01-26 22:10:00,499.56866,305,368.0,86.0,0.0,0.0,0.0,497.90742,806.56484,0.79278,0.0,0.0,0.0,202.09139,57.0,49.60727,78.0,20.0,69.0,6.03981,12.55207,Laden,57.826787833333334,20.1006635
2026-01-26 22:15:00,485.95258,305,368.0,86.0,0.0,0.0,0.0,486.58088,792.04162,0.79132,0.0,0.0,0.0,201.92413,57.0,48.0,78.0,20.0,69.0,5.0,12.59505,Laden,57.8,20.083333333333332
2026-01-26 22:20:00,495.63834,305,368.0,86.0,0.0,0.0,0.0,494.46432,800.26316,0.79471,0.0,0.0,0.0,201.71642,57.0,47.17474,78.0,20.0,69.0,4.3346,12.53112,Laden,57.786245666666666,20.072243333333333
2026-01-26 22:25:00,513.36918,305,368.0,86.0,0.0,0.0,0.0,514.02523,824.01683,0.80136,0.0,0.0,0.0,201.99581,57.0,46.46322,78.0,20.0,69.0,4.0,12.50003,Laden,57.774387,20.066666666666666
2026-01-26 22:30:00,505.90878,305,368.0,86.0,0.0,0.0,0.0,505.6468,816.84933,0.79532,0.0,0.0,0.0,201.86469,57.0,45.76733,78.0,20.0,69.0,3.02061,12.44491,Laden,57.76278883333333,20.0503435
2026-01-26 22:35:00,494.37362,305,368.0,86.0,0.0,0.0,0.0,492.62045,799.03104,0.79369,0.0,0.0,0.0,201.7175,57.0,44.08157,78.0,20.0,69.0,2.0,12.1067,Laden,57.734692833333334,20.033333333333335
2026-01-26 22:40:00,508.71052,305,368.0,86.0,0.0,0.0,0.0,503.84568,817.32022,0.79225,0.0,0.0,0.0,201.75983,57.0,43.42142,78.0,20.0,69.0,1.43146,12.03733,Laden,57.72369033333333,20.023857666666668
2026-01-26 22:45:00,537.16768,305,368.0,86.0,0.0,0.0,0.0,538.11974,860.86638,0.80493,0.0,0.0,0.0,200.80176,57.0,42.76011,78.0,20.0,69.0,1.0,11.98544,Laden,57.7126685,20.016666666666666
2026-01-26 22:50:00,537.49458,305,368.0,86.0,0.0,0.0,0.0,539.1142,861.62013,0.80333,0.0,0.0,0.0,201.00595,57.0,42.0,78.0,20.0,69.0,0.23704,12.00721,Laden,57.7,20.003950666666668
2026-01-26 22:55:00,490.73893,305,368.0,86.0,0.0,0.0,0.0,490.70795,799.88185,0.7887,0.0,0.0,0.0,201.27045,57.0,40.44285,78.0,19.03088,69.0,57.17714,11.88794,Laden,57.6740475,19.983832333333332
2026-01-26 23:00:00,496.32642,305,368.0,86.0,0.0,0.0,0.0,495.55449,803.42824,0.79335,0.0,0.0,0.0,200.84841,57.0,39.79415,78.0,19.0,69.0,58.81097,12.0033,Laden,57.66323583333333,19.980182833333334
2026-01-26 23:05:00,500.69399,305,368.0,86.0,0.0,0.0,0.0,501.9517,807.97804,0.79705,0.0,0.0,0.0,200.85019,57.0,39.0,78.0,19.0,69.0,58.0,12.0179,Laden,57.65,19.966666666666665
2026-01-26 23:10:00,513.89671,305,368.0,86.0,0.0,0.0,0.0,514.12073,822.47094,0.79946,0.0,0.0,0.0,200.70937,57.0,38.12203,78.0,19.0,69.0,57.63943,12.13895,Laden,57.63536716666667,19.960657166666667
2026-01-26 23:15:00,498.93662,305,368.0,86.0,0.0,0.0,0.0,496.70792,802.52839,0.79472,0.0,0.0,0.0,201.99904,57.0,36.75862,78.0,19.0,69.0,56.47636,12.19303,Laden,57.61264366666666,19.941272666666666
2026-01-26 23:20:00,499.53507,305,368.0,86.0,0.0,0.0,0.0,499.03888,804.30168,0.79311,0.0,0.0,0.0,201.994,57.0,36.0,78.0,19.0,69.0,56.0,12.22628,Laden,57.6,19.933333333333334
2026-01-26 23:25:00,502.87269,305,368.0,86.0,0.0,0.0,0.0,501.44367,809.05784,0.79911,0.0,0.0,0.0,202.79754,57.0,35.07765,78.0,19.0,69.0,55.24919,12.32994,Laden,57.5846275,19.920819833333333
2026-01-26 23:30:00,521.81806,305,368.0,86.0,0.0,0.0,0.0,520.91359,828.66246,0.8079,0.0,0.0,0.0,202.93152,57.0,34.389,78.0,19.0,69.0,54.93117,12.42074,Laden,57.57315,19.9155195
2026-01-26 23:35:00,498.3979,305,368.0,86.0,0.0,0.0,0.0,498.18736,805.0889,0.79599,0.0,0.0,0.0,202.83322,57.0,33.0,78.0,19.0,69.0,53.62337,12.33951,Laden,57.55,19.893722833333335
2026-01-26 23:40:00,495.3726,305,368.0,86.0,0.0,0.0,0.0,495.79818,803.4764,0.79382,0.0,0.0,0.0,202.92537,57.0,32.01531,78.0,19.0,69.0,53.0,12.26371,Laden,57.5335885,19.883333333333333
2026-01-26 23:45:00,496.50424,305,368.0,86.0,0.0,0.0,0.0,496.60908,803.10713,0.79583,0.0,0.0,0.0,203.46507,57.0,31.34529,78.0,19.0,69.0,52.24257,12.28359,Laden,57.5224215,19.8707095
2026-01-26 23:50:00,493.4967,305,368.30785,86.0,0.0,0.0,0.0,494.49615,800.73119,0.79305,0.0,0.0,0.0,202.03118,57.0,30.69408,78.0,19.0,69.0,51.8322,12.12621,Laden,57.511568,19.86387
2026-01-26 23:55:00,509.03311,305,369.0,86.0,0.0,0.0,0.0,508.24865,814.3692,0.8024,0.0,0.0,0.0,201.13985,57.0,29.05225,78.0,19.0,69.0,50.45316,12.20824,Laden,57.484204166666665,19.840886
2026-01-27 00:00:00,525.03141,305,369.0,86.0,0.0,0.0,0.0,520.9496,830.74129,0.80564,0.0,0.0,0.0,201.12315,57.0,28.375,78.0,19.0,69.0,50.0,12.43008,Laden,57.47291666666667,19.833333333333332
2026-01-27 00:05:00,509.9349,305,369.0,86.0,0.0,0.0,0.0,509.58002,821.76366,0.79744,0.0,0.0,0.0,201.77877,57.0,27.68585,78.0,19.0,69.0,49.13164,12.26224,Laden,57.46143083333333,19.818860666666666
2026-01-27 00:10:00,494.61076,305,369.0,86.0,0.0,0.0,0.0,493.91634,799.78674,0.79124,0.0,0.0,0.0,201.08172,57.0,27.0,78.0,19.0,69.0,48.85402,12.15496,Laden,57.45,19.814233666666667
2026-01-27 00:15:00,514.67229,305,369.0,86.0,0.0,0.0,0.0,513.23849,821.13515,0.8009,0.0,0.0,0.0,199.97745,57.0,25.36415,78.0,19.0,69.0,47.5558,12.05774,Laden,57.422735833333334,19.792596666666668
2026-01-27 00:20:00,497.93849,305,369.0,86.0,0.0,0.0,0.0,498.72549,803.12891,0.79568,0.0,0.0,0.0,199.73439,57.0,24.70347,78.0,19.0,69.0,47.0,11.99873,Laden,57.4117245,19.783333333333335
2026-01-27 00:25:00,500.27426,305,369.0,86.0,0.0,0.0,0.0,500.37488,807.35754,0.7982,0.0,0.0,0.0,200.02922,57.0,24.0,78.0,19.0,69.0,46.33871,11.90139,Laden,57.4,19.772311833333333
2026-01-27 00:30:00,492.00466,305,369.0,86.0,0.0,0.0,0.0,492.59416,798.927,0.78946,0.0,0.0,0.0,200.6154,57.0,23.04794,78.0,19.0,69.0,46.0,12.20177,Laden,57.38413233333333,19.766666666666666
2026-01-27 00:35:00,505.35314,305,369.0,86.0,0.0,0.0,0.0,506.77958,815.95693,0.79806,0.0,0.0,0.0,200.09906,57.0,21.68787,78.0,19.0,69.0,44.91417,12.20769,Laden,57.3614645,19.7485695
2026-01-27 00:40:00,509.66515,305,369.0,86.0,0.0,0.0,0.0,508.9434,814.6286,0.80113,0.0,0.0,0.0,199.79927,57.0,21.0,78.0,19.0,69.0,44.0,12.22656,Laden,57.35,19.733333333333334
2026-01-27 00:45:00,513.01658,305,369.0,86.0,0.0,0.0,0.0,510.03756,816.41942,0.80215,0.0,0.0,0.0,199.9501,57.0,20.0,78.0,19.0,69.0,43.78182,12.2326,Laden,57.333333333333336,19.729697
2026-01-27 00:50:00,494.028,305,369.0,86.0,0.0,0.0,0.0,491.25891,798.89489,0.79013,0.0,0.0,0.0,206.94462,57.0,19.3178,78.0,19.0,69.0,43.0,12.33816,Laden,57.321963333333336,19.716666666666665
2026-01-27 00:55:00,500.09815,305,369.0,86.0,0.0,0.0,0.0,501.65785,807.38585,0.79588,0.0,0.0,0.0,207.28835,57.0,18.0,78.0,19.0,69.0,41.59766,12.4129,Laden,57.3,19.693294333333334
2026-01-27 01:00:00,507.22313,305,369.0,86.0,0.0,0.0,0.0,507.36911,815.80089,0.80101,0.0,0.0,0.0,207.42563,57.0,17.06897,78.0,19.0,69.0,40.93881,12.52992,Laden,57.284482833333335,19.6823135
2026-01-27 01:05:00,511.13168,305,369.0,86.0,0.0,0.0,0.0,511.33948,819.24809,0.80261,0.0,0.0,0.0,206.96534,57.0,16.43005,78.0,19.0,69.0,40.0,12.55179,Laden,57.27383416666667,19.666666666666668
2026-01-27 01:10:00,491.90197,305,369.0,86.0,0.0,0.0,0.0,494.42793,800.61007,0.79504,0.0,0.0,0.0,206.79591,57.0,15.77739,78.0,19.0,69.0,39.29298,12.6,Laden,57.2629565,19.654883
2026-01-27 01:15:00,494.18492,305,369.0,86.0,0.0,0.0,0.0,493.76891,800.71307,0.79405,0.0,0.0,0.0,207.76789,57.0,14.11182,78.0,19.0,69.0,38.0,12.50774,Laden,57.235197,19.633333333333333
2026-01-27 01:20:00,499.33942,305,369.0,86.0,0.0,0.0,0.0,498.78369,805.93365,0.797,0.0,0.0,0.0,208.13957,57.0,13.45908,78.0,19.0,69.0,37.06908,12.4882,Laden,57.224318,19.617818
2026-01-27 01:25:00,517.15976,305,369.0,86.0,0.0,0.0,0.0,514.66602,821.50815,0.80599,0.0,0.0,0.0,207.83601,57.0,12.82842,78.0,19.0,69.0,36.42597,12.46337,Laden,57.213807,19.6070995
2026-01-27 01:30:00,503.65554,305,369.0,86.0,0.0,0.0,0.0,503.71874,809.1481,0.79771,0.0,0.0,0.0,207.98532,57.0,12.0,78.0,19.0,69.0,35.76539,12.49336,Laden,57.2,19.596089833333334
2026-01-27 01:35:00,500.31421,305,369.0,86.0,0.0,0.0,0.0,498.58202,805.56543,0.79671,0.0,0.0,0.0,208.33354,57.0,10.56233,78.0,19.0,69.0,34.11862,12.50232,Laden,57.17603883333334,19.568643666666667
2026-01-27 01:40:00,494.91405,305,369.0,86.0,0.0,0.0,0.0,494.53776,802.45212,0.78839,0.0,0.0,0.0,207.72111,57.0,9.93469,78.0,19.0,69.0,33.46241,12.49539,Laden,57.16557816666667,19.557706833333334
2026-01-27 01:45:00,504.81115,305,369.0,86.0,0.0,0.0,0.0,504.5539,811.02249,0.80049,0.0,0.0,0.0,207.50443,57.0,9.0,78.0,19.0,69.0,32.81928,12.48066,Laden,57.15,19.546988
2026-01-27 01:50:00,499.86647,305,369.49494,86.0,0.0,0.0,0.0,498.58842,807.79565,0.79676,0.0,0.0,0.0,207.7924,57.0,8.29539,78.0,19.0,69.0,32.0,12.50022,Laden,57.1382565,19.533333333333335
2026-01-27 01:55:00,491.57127,305,370.0,86.0,0.0,0.0,0.0,491.34945,798.65622,0.78949,0.0,0.0,0.0,207.96022,57.0,7.0,78.0,19.0,69.0,30.57573,12.55717,Laden,57.11666666666667,19.5095955
2026-01-27 02:00:00,503.92176,305,370.0,86.0,0.0,0.0,0.0,504.54418,817.33864,0.79299,0.0,0.0,0.0,208.02632,57.0,6.0,78.0,19.0,69.0,29.91904,12.59413,Laden,57.1,19.498650666666666
2026-01-27 02:05:00,513.30654,305,370.0,86.0,0.0,0.0,0.0,512.60506,816.91217,0.79997,0.0,0.0,0.0,208.38195,57.0,5.35031,78.0,19.0,69.0,29.0,12.686,Laden,57.08917183333333,19.483333333333334
2026-01-27 02:10:00,514.89985,305,370.0,86.0,0.0,0.0,0.0,515.03087,816.40109,0.80755,0.0,0.0,0.0,208.05863,57.0,4.70606,78.0,19.0,69.0,28.2255,12.63965,Laden,57.078434333333334,19.470425
2026-01-27 02:15:00,506.03346,305,370.0,86.0,0.0,0.0,0.0,506.64067,809.70485,0.79643,0.0,0.0,0.0,207.7117,57.0,3.05932,78.0,19.0,69.0,26.84143,12.7,Laden,57.05098866666667,19.447357166666666
2026-01-27 02:20:00,512.78914,305,370.0,86.0,0.0,0.0,0.0,513.45574,819.07056,0.80203,0.0,0.0,0.0,208.16518,57.0,2.40369,78.0,19.0,69.0,26.0,12.67261,Laden,57.0400615,19.433333333333334
2026-01-27 02:25:00,516.25775,305,370.0,86.0,0.0,0.0,0.0,517.4769,825.11939,0.8028,0.0,0.0,0.0,208.18902,57.0,1.75014,78.0,19.0,69.0,25.16873,12.66707,Laden,57.029169,19.419478833333333
2026-01-27 02:30:00,495.82704,305,370.0,86.0,0.0,0.0,0.0,497.11416,797.42649,0.79798,0.0,0.0,0.0,208.06672,57.0,1.0,78.0,19.0,69.0,24.50408,12.59195,Laden,57.016666666666666,19.408401333333334
2026-01-27 02:35:00,514.77698,305,370.0,86.0,0.0,0.0,0.0,516.30953,820.26176,0.80764,0.0,0.0,0.0,207.96484,56.46283,31.69274,78.0,19.0,69.0,23.0,12.52225,Laden,56.99104233333333,19.383333333333333
2026-01-27 02:40:00,508.87563,305,370.0,86.0,0.0,0.0,0.0,509.86935,816.34915,0.79916,0.0,0.0,0.0,207.97678,56.0,58.82403,78.0,19.0,69.0,22.17542,12.55711,Laden,56.9804005,19.369590333333335
2026-01-27 02:45:00,516.93785,305,370.0,86.0,0.0,0.0,0.0,518.76198,825.94277,0.80461,0.0,0.0,0.0,207.51488,56.0,58.0,78.0,19.0,69.0,21.52022,12.46496,Laden,56.96666666666667,19.358670333333333
2026-01-27 02:50:00,516.23883,305,370.0,86.0,0.0,0.0,0.0,513.48623,818.60922,0.80364,0.0,0.0,0.0,208.3036,56.0,57.19662,78.0,19.0,69.0,20.89903,12.31578,Laden,56.953277,19.348317166666668
2026-01-27 02:55:00,517.24317,305,370.0,86.0,0.0,0.0,0.0,518.02066,823.65621,0.80501,0.0,0.0,0.0,208.08572,56.0,55.94903,78.0,19.0,69.0,19.25246,12.4832,Laden,56.932483833333336,19.320874333333332
2026-01-27 03:00:00,502.61153,305,370.0,86.0,0.0,0.0,0.0,502.49064,806.01059,0.79592,0.0,0.0,0.0,207.81266,56.0,55.0,78.0,19.0,69.0,18.59295,12.41307,Laden,56.916666666666664,19.3098825
2026-01-27 03:05:00,517.74106,305,370.0,86.0,0.0,0.0,0.0,514.97686,823.51335,0.80003,0.0,0.0,0.0,208.26367,56.0,54.33239,78.0,19.0,69.0,17.93575,12.45379,Laden,56.905539833333336,19.298929166666667
2026-01-27 03:10:00,500.32132,305,370.0,86.0,0.0,0.0,0.0,499.85759,804.35903,0.79744,0.0,0.0,0.0,207.89102,56.0,53.69975,78.0,19.0,69.0,17.0,12.51204,Laden,56.89499583333333,19.283333333333335
2026-01-27 03:15:00,514.19352,305,370.0,86.0,0.0,0.0,0.0,514.40845,815.66986,0.80594,0.0,0.0,0.0,208.04719,56.0,52.07094,78.0,19.0,69.0,15.60355,12.63155,Laden,56.867849,19.260059166666668
2026-01-27 03:20:00,514.583,305,370.0,86.0,0.0,0.0,0.0,517.03932,819.76979,0.80633,0.0,0.0,0.0,208.05561,56.0,51.41986,78.0,19.0,69.0,14.94751,12.6242,Laden,56.856997666666665,19.249125166666666
2026-01-27 03:25:00,533.1589,305,370.0,86.0,0.0,0.0,0.0,532.62515,851.68331,0.80257,0.0,0.0,0.0,208.17015,56.0,50.77036,78.0,19.0,69.0,14.0,12.61999,Laden,56.84617266666667,19.233333333333334
2026-01-27 03:30:00,528.96367,305,370.0,86.0,0.0,0.0,0.0,531.19774,854.68434,0.79706,0.0,0.0,0.0,208.22717,56.0,50.0,78.0,19.0,69.0,13.2975,12.59983,Laden,56.833333333333336,19.221625
2026-01-27 03:35:00,499.7633,305,370.0,86.0,0.0,0.0,0.0,498.82213,806.4968,0.79239,0.0,0.0,0.0,207.83541,56.0,48.49336,78.0,19.0,69.0,11.95625,12.5459,Laden,56.808222666666666,19.199270833333333
2026-01-27 03:40:00,505.81596,305,370.0,86.0,0.0,0.0,0.0,505.50434,807.35665,0.80232,0.0,0.0,0.0,207.87038,56.0,47.86049,78.0,19.0,69.0,11.0,12.57576,Laden,56.79767483333333,19.183333333333334
2026-01-27 03:45:00,507.51167,305,370.22038,86.0,0.0,0.0,0.0,507.85621,811.83626,0.80093,0.0,0.0,0.0,207.50718,56.0,47.0,78.0,19.0,69.0,10.2904,12.56258,Laden,56.78333333333333,19.171506666666666
2026-01-27 03:50:00,519.54679,305,371.0,86.0,0.0,0.0,0.0,518.02021,826.64567,0.80229,0.0,0.0,0.0,208.19304,56.0,46.21505,78.0,19.0,69.0,9.69643,12.51622,Laden,56.770250833333336,19.161607166666666
2026-01-27 03:55:00,493.3075,305,371.0,86.0,0.0,0.0,0.0,494.58538,799.72182,0.79275,0.0,0.0,0.0,207.80858,56.0,44.89089,78.0,19.0,69.0,8.07152,12.69922,Laden,56.7481815,19.134525333333332
2026-01-27 04:00:00,504.71961,305,371.0,86.0,0.0,0.0,0.0,505.25939,809.29594,0.80025,0.0,0.0,0.0,208.61123,56.0,44.0,78.0,19.0,69.0,7.4464,12.68792,Laden,56.733333333333334,19.124106666666666
2026-01-27 04:05:00,516.99453,305,371.0,86.0,0.0,0.0,0.0,517.51111,821.02171,0.80531,0.0,0.0,0.0,209.10506,56.0,43.22711,78.0,19.0,69.0,6.7819,12.71198,Laden,56.720451833333335,19.113031666666668
2026-01-27 04:10:00,513.11917,305,371.0,86.0,0.0,0.0,0.0,513.53889,817.36337,0.80421,0.0,0.0,0.0,208.86508,56.0,42.56558,78.0,19.0,69.0,6.0,12.80995,Laden,56.70942633333333,19.1
2026-01-27 04:15:00,512.25879,305,371.0,86.0,0.0,0.0,0.0,511.87489,817.05207,0.80237,0.0,0.0,0.0,208.75981,56.0,41.0,78.0,19.0,69.0,4.46411,12.7121,Laden,56.68333333333333,19.074401833333333
2026-01-27 04:20:00,514.13065,305,371.0,86.0,0.0,0.0,0.0,515.02179,819.12757,0.80761,0.0,0.0,0.0,209.29679,56.0,40.23936,78.0,19.0,69.0,3.81839,12.7759,Laden,56.670656,19.063639833333333
2026-01-27 04:25:00,525.29155,305,371.0,86.0,0.0,0.0,0.0,526.72794,830.81515,0.81058,0.0,0.0,0.0,209.07971,56.0,39.56699,78.0,19.0,69.0,3.0,12.85926,Laden,56.65944983333333,19.05
2026-01-27 04:30:00,519.06934,305,371.0,86.0,0.0,0.0,0.0,517.88253,819.48446,0.80544,0.0,0.0,0.0,208.89644,56.0,38.90198,78.0,19.0,69.0,2.16239,12.64444,Laden,56.648366333333335,19.036039833333334
2026-01-27 04:35:00,515.54871,305,371.0,86.0,0.0,0.0,0.0,516.86031,817.7305,0.80608,0.0,0.0,0.0,209.10234,56.0,37.25618,78.0,19.0,69.0,0.87942,12.67576,Laden,56.62093633333333,19.014657
2026-01-27 04:40:00,525.60884,305,371.0,86.0,0.0,0.0,0.0,526.74186,829.01083,0.81244,0.0,0.0,0.0,208.8293,56.0,36.59098,78.0,19.0,69.0,0.0,12.78651,Laden,56.60984966666667,19.0
2026-01-27 04:45:00,534.77765,305,371.0,86.0,0.0,0.0,0.0,533.538,836.38452,0.81401,0.0,0.0,0.0,208.6358,56.0,35.92458,78.0,18.20779,69.0,46.73943,12.88807,Laden,56.598743,18.9867805
2026-01-27 04:50:00,531.26387,305,371.0,86.0,0.0,0.0,0.0,530.32311,831.8974,0.81317,0.0,0.0,0.0,209.02059,56.0,35.0,78.0,18.0,69.0,58.53869,12.85984,Laden,56.583333333333336,18.975644833333334
2026-01-27 04:55:00,514.52909,305,371.0,86.0,0.0,0.0,0.0,514.86886,815.51725,0.80771,0.0,0.0,0.0,208.93858,56.0,33.61341,78.0,18.0,69.0,57.0,12.87798,Laden,56.5602235,18.95
2026-01-27 05:00:00,514.05936,305,371.0,86.0,0.0,0.0,0.0,512.23441,815.16675,0.80096,0.0,0.0,0.0,208.7433,56.0,32.94866,78.0,18.0,69.0,56.12048,12.88351,Laden,56.54914433333333,18.935341333333334
2026-01-27 05:05:00,515.31486,305,371.0,86.0,0.0,0.0,0.0,518.85538,824.59074,0.80534,0.0,0.0,0.0,209.13771,56.0,32.0,78.0,18.0,69.0,55.40538,12.9,Laden,56.53333333333333,18.923423
2026-01-27 05:10:00,539.72132,305,371.0,86.0,0.0,0.0,0.0,539.69247,851.58966,0.8093,0.0,0.0,0.0,208.65093,56.0,31.29305,78.0,18.0,69.0,54.69012,12.88439,Laden,56.521550833333336,18.911502
2026-01-27 05:15:00,525.39653,305,371.0,86.0,0.0,0.0,0.0,524.37052,832.18867,0.80773,0.0,0.0,0.0,209.13419,56.0,29.96841,78.0,18.0,69.0,53.0,12.87346,Laden,56.4994735,18.883333333333333
2026-01-27 05:20:00,531.80801,305,371.0,86.0,0.0,0.0,0.0,531.13522,840.16472,0.80728,0.0,0.0,0.0,209.04734,56.0,29.0,78.0,18.0,69.0,52.27629,12.93602,Laden,56.483333333333334,18.8712715
2026-01-27 05:25:00,525.61989,305,371.0,86.0,0.0,0.0,0.0,525.99882,832.63148,0.808,0.0,0.0,0.0,209.22558,56.0,28.30014,78.0,18.0,69.0,51.56427,12.9,Laden,56.471669,18.8594045
2026-01-27 05:30:00,515.00157,305,371.0,86.0,0.0,0.0,0.0,515.16984,819.34106,0.80658,0.0,0.0,0.0,208.89419,56.0,27.63221,78.0,18.0,69.0,50.84544,12.88181,Laden,56.460536833333336,18.847424
2026-01-27 05:35:00,521.83042,305,371.0,86.0,0.0,0.0,0.0,522.57353,829.62088,0.80866,0.0,0.0,0.0,208.77393,56.0,26.0,78.0,18.0,69.0,49.15406,12.61893,Laden,56.43333333333333,18.819234333333334
2026-01-27 05:40:00,522.10291,305,371.36214,86.0,0.0,0.0,0.0,521.2447,829.04929,0.80717,0.0,0.0,0.0,208.91536,56.0,25.35015,78.0,18.0,69.0,48.47134,12.62002,Laden,56.4225025,18.807855666666665
2026-01-27 05:45:00,532.21522,305,372.0,86.0,0.0,0.0,0.0,531.80205,840.58928,0.80961,0.0,0.0,0.0,208.8002,56.0,24.71994,78.0,18.0,69.0,47.78625,12.54232,Laden,56.411999,18.7964375
2026-01-27 05:50:00,513.8967,305,372.0,86.0,0.0,0.0,0.0,516.63751,821.50859,0.80431,0.0,0.0,0.0,209.32688,56.0,24.0,78.0,18.0,69.0,47.0,12.68227,Laden,56.4,18.783333333333335
2026-01-27 05:55:00,505.80939,305,372.0,86.0,0.0,0.0,0.0,504.88794,809.04982,0.79791,0.0,0.0,0.0,208.97867,56.0,22.45165,78.0,18.0,69.0,45.38799,12.61091,Laden,56.37419416666667,18.7564665
2026-01-27 06:00:00,506.59233,305,372.0,86.0,0.0,0.0,0.0,505.83154,813.91122,0.79448,0.0,0.0,0.0,209.00035,56.0,21.82549,78.0,18.0,69.0,44.67091,12.59462,Laden,56.36375816666666,18.744515166666666
2026-01-27 06:05:00,527.58017,305,372.0,86.0,0.0,0.0,0.0,526.54627,831.46793,0.80891,0.0,0.0,0.0,222.15861,56.0,21.0,78.0,18.0,69.0,43.76853,12.67933,Laden,56.35,18.7294755
2026-01-27 06:10:00,524.27791,305,372.0,86.0,0.0,0.0,0.0,524.96057,833.87748,0.80788,0.0,0.0,0.0,234.94019,56.0,20.49951,78.0,18.0,69.0,42.56844,12.87975,Laden,56.3416585,18.709474
2026-01-27 06:15:00,508.12476,305,372.0,86.0,0.0,0.0,0.0,509.5271,813.78753,0.80134,0.0,0.0,0.0,234.74003,56.0,19.54198,78.0,18.0,69.0,40.06233,12.91192,Laden,56.325699666666665,18.6677055
2026-01-27 06:20:00,507.9857,305,372.0,86.0,0.0,0.0,0.0,509.03979,815.20984,0.80006,0.0,0.0,0.0,235.65159,56.0,19.0,78.0,18.0,69.0,38.707,12.9,Laden,56.31666666666667,18.645116666666667
2026-01-27 06:25:00,520.45927,305,372.0,86.0,0.0,0.0,0.0,519.9848,825.21601,0.80596,0.0,0.0,0.0,236.84254,56.0,18.62783,78.0,18.0,69.0,37.47389,12.9,Laden,56.31046383333333,18.624564833333334
2026-01-27 06:30:00,518.8146,305,372.0,86.0,0.0,0.0,0.0,518.88925,824.87645,0.80683,0.0,0.0,0.0,236.94449,56.0,18.0,78.0,18.0,69.0,36.24406,12.79252,Laden,56.3,18.604067666666666
2026-01-27 06:35:00,512.86284,305,372.0,86.0,0.0,0.0,0.0,513.17092,820.86663,0.80022,0.0,0.0,0.0,236.98637,56.0,17.0,78.0,18.0,69.0,33.58352,12.73889,Laden,56.28333333333333,18.559725333333333
2026-01-27 06:40:00,505.1331,305,372.0,86.0,0.0,0.0,0.0,504.43184,808.1041,0.80141,0.0,0.0,0.0,236.90434,56.0,16.87524,78.0,18.0,69.0,32.36472,12.71763,Laden,56.281254,18.539412
2026-01-27 06:45:00,501.51235,305,372.0,86.0,0.0,0.0,0.0,501.27877,805.89033,0.79731,0.0,0.0,0.0,237.17983,56.0,16.0,78.0,18.0,69.0,31.05776,12.68793,Laden,56.266666666666666,18.517629333333332
2026-01-27 06:50:00,522.04488,305,372.0,86.0,0.0,0.0,0.0,521.54786,826.61968,0.80978,0.0,0.0,0.0,236.95003,56.0,16.0,78.0,18.0,69.0,29.68087,12.61892,Laden,56.266666666666666,18.494681166666666
2026-01-27 06:55:00,520.33218,305,372.0,86.0,0.0,0.0,0.0,520.177,829.42571,0.80582,0.0,0.0,0.0,237.21661,56.0,15.0,78.0,18.0,69.0,27.24999,12.63343,Laden,56.25,18.4541665
2026-01-27 07:00:00,493.94697,305,372.0,86.0,0.0,0.0,0.0,494.26501,795.17639,0.79615,0.0,0.0,0.0,236.77324,56.0,14.31773,78.0,18.0,69.0,25.8428,12.54698,Laden,56.23862883333334,18.430713333333333
2026-01-27 07:05:00,516.40669,305,372.0,86.0,0.0,0.0,0.0,514.56011,815.57846,0.80536,0.0,0.0,0.0,236.79765,56.0,14.0,78.0,18.0,69.0,24.60398,12.48803,Laden,56.233333333333334,18.410066333333333
2026-01-27 07:10:00,518.78168,305,372.0,86.0,0.0,0.0,0.0,520.11206,825.9335,0.80671,0.0,0.0,0.0,237.0525,56.0,13.53621,78.0,18.0,69.0,23.39376,12.48785,Laden,56.2256035,18.389896
2026-01-27 07:15:00,515.9864,305,372.0,86.0,0.0,0.0,0.0,516.61261,824.86396,0.80215,0.0,0.0,0.0,236.75987,56.0,12.77034,78.0,18.0,69.0,20.75437,12.56566,Laden,56.212839,18.345906166666666
2026-01-27 07:20:00,451.07355,305,372.0,86.0,0.0,0.0,0.0,450.25144,675.07996,0.85409,0.0,0.0,0.0,236.74271,56.0,12.0,78.0,18.0,69.0,19.55343,12.48795,Laden,56.2,18.3258905
2026-01-27 07:25:00,419.22296,305,372.0,86.0,0.0,0.0,0.0,420.53964,617.99484,0.87302,0.0,0.0,0.0,237.23042,56.0,11.96519,78.0,18.0,69.0,18.34756,12.49299,Laden,56.19941983333333,18.305792666666665
2026-01-27 07:30:00,439.31577,305,372.0,86.0,0.0,0.0,0.0,439.68995,640.85753,0.88056,0.0,0.0,0.0,237.27283,56.0,11.0,78.0,18.0,69.0,17.06851,12.53107,Laden,56.18333333333333,18.284475166666667
2026-01-27 07:35:00,473.95634,305,372.0,86.0,0.0,0.0,0.0,474.07751,692.37125,0.87749,0.0,0.0,0.0,236.99517,56.0,10.17992,78.0,18.0,69.0,14.48651,12.67557,Laden,56.169665333333334,18.241441833333333
2026-01-27 07:40:00,462.55493,305,372.50548,86.0,0.0,0.0,0.0,462.73162,683.71583,0.86803,0.0,0.0,0.0,236.79008,56.0,10.0,78.0,18.0,69.0,13.26281,12.65161,Laden,56.166666666666664,18.221046833333332
2026-01-27 07:45:00,462.77713,305,373.0,86.0,0.0,0.0,0.0,463.21774,681.44107,0.86883,0.0,0.0,0.0,237.02292,56.0,9.40702,78.0,18.0,69.0,11.8545,12.64125,Laden,56.15678366666667,18.197575
2026-01-27 07:50:00,437.17455,305,373.0,86.0,0.0,0.0,0.0,436.24299,638.58465,0.87551,0.0,0.0,0.0,237.42503,56.0,9.0,78.0,18.0,69.0,10.59448,12.54828,Laden,56.15,18.176574666666667
2026-01-27 07:55:00,450.55039,305,373.0,86.0,0.0,0.0,0.0,214.19078,315.03867,0.86968,234.30664,340.82315,0.87935,237.20907,56.0,8.0,78.0,18.0,69.0,8.10273,12.52381,Laden,56.13333333333333,18.1350455
2026-01-27 08:00:00,442.73434,305,373.0,86.0,0.0,0.0,0.0,202.19993,305.88957,0.8334,240.62958,350.02501,0.87441,236.91996,56.0,7.94705,78.0,18.0,69.0,6.72333,12.48793,Laden,56.13245083333333,18.1120555
2026-01-27 08:05:00,443.48662,305,373.0,86.0,0.0,0.0,0.0,107.23826,222.20337,0.60915,336.59031,454.47924,0.94702,237.152,56.0,7.0,78.0,18.0,69.0,5.50776,12.56514,Laden,56.11666666666667,18.091796
2026-01-27 08:10:00,451.6832,305,373.0,86.0,0.0,0.0,0.0,104.43456,217.3821,0.61188,344.84845,465.40381,0.94886,237.14754,56.0,7.0,78.0,18.0,69.0,4.28318,12.60393,Laden,56.11666666666667,18.071386333333333
2026-01-27 08:15:00,428.33535,305,373.0,86.0,0.0,0.0,0.0,214.03902,313.41085,0.86876,214.80391,320.45775,0.8529,237.34859,56.0,6.0,78.0,18.0,69.0,1.62965,12.50805,Laden,56.1,18.027160833333333
2026-01-27 08:20:00,439.29892,305,373.0,86.0,0.0,0.0,0.0,302.86909,412.94578,0.93303,135.28494,254.60884,0.65155,236.86721,56.0,5.47901,78.0,18.0,69.0,0.42116,12.46769,Laden,56.09131683333333,18.007019333333332
2026-01-27 08:25:00,431.67516,305,373.0,86.0,0.0,0.0,0.0,327.46617,439.51806,0.95337,103.59654,229.95711,0.57195,237.00699,56.0,5.0,78.0,17.20161,69.0,47.08904,12.53865,Laden,56.083333333333336,17.98642733333333
2026-01-27 08:30:00,447.43324,305,373.0,86.0,0.0,0.0,0.0,345.94667,462.98749,0.95855,101.98358,228.04026,0.56945,236.75576,56.0,4.741,78.0,17.0,69.0,57.77128,12.55755,Laden,56.07901666666667,17.962854666666665
2026-01-27 08:35:00,443.1488,305,373.0,86.0,0.0,0.0,0.0,71.13368,107.2364,0.28768,371.71342,544.64394,0.87332,236.98891,56.0,3.94493,78.0,17.0,69.0,55.34776,12.61808,Laden,56.06574883333333,17.922462666666668
2026-01-27 08:40:00,439.6441,305,373.0,86.0,0.0,0.0,0.0,0.0,0.0,0.0,438.46042,647.95846,0.86735,237.04198,56.0,3.0,78.0,17.0,69.0,54.04933,12.61943,Laden,56.05,17.900822166666668
2026-01-27 08:45:00,443.10736,305,373.0,86.0,0.0,0.0,0.0,0.0,0.0,0.0,442.77171,651.55378,0.87068,237.307,56.0,3.0,78.0,17.0,69.0,52.69969,12.59147,Laden,56.05,17.878328166666666
2026-01-27 08:50:00,432.91005,305,373.0,86.0,0.0,0.0,0.0,0.0,0.0,0.0,433.17617,641.40368,0.86351,237.17553,56.0,2.16838,78.0,17.0,69.0,51.47885,12.63606,Laden,56.036139666666664,17.857980833333333
2026-01-27 08:55:00,423.34895,305,373.0,86.0,0.0,0.0,0.0,0.0,0.0,0.0,423.13637,629.90858,0.86185,236.90225,56.0,1.36189,78.0,17.0,69.0,48.86427,12.7,Laden,56.022698166666665,17.8144045
2026-01-27 09:00:00,434.93836,305,373.0,86.0,0.0,0.0,0.0,0.0,0.0,0.0,435.06993,643.64292,0.86738,237.18211,56.0,1.0,78.0,17.0,69.0,47.60283,12.73604,Laden,56.016666666666666,17.7933805
2026-01-27 09:05:00,431.87235,305,373.0,86.0,0.0,0.0,0.0,0.0,0.0,0.0,431.51655,641.08561,0.86155,236.95798,56.0,0.52968,78.0,17.0,69.0,46.38155,12.71222,Laden,56.008828,17.77302583333333
2026-01-27 09:10:00,444.31989,305,373.0,86.0,0.0,0.0,0.0,0.0,0.0,0.0,441.19958,651.46609,0.86914,237.21526,56.0,0.0,78.0,17.0,69.0,45.116,12.68989,Laden,56.0,17.751933333333334
2026-01-27 09:15:00,428.55334,305,373.0,86.90304,0.0,0.0,0.0,0.0,0.0,0.0,429.36973,640.0873,0.86115,236.78086,55.0,59.0,78.0,17.0,69.0,42.53578,12.53301,Laden,55.983333333333334,17.708929666666666
2026-01-27 09:20:00,433.01346,305,373.0,87.0,0.0,0.0,0.0,0.0,0.0,0.0,432.87152,642.24703,0.86195,242.95726,55.0,59.0,78.0,17.0,69.0,41.33488,12.53885,Laden,55.983333333333334,17.688914666666665
2026-01-27 09:25:00,422.75922,305,373.0,87.0,0.0,0.0,0.0,0.0,0.0,0.0,422.98245,629.44617,0.86076,254.68446,55.0,58.00931,78.0,17.0,69.0,39.83467,12.58608,Laden,55.966821833333334,17.663911166666665
2026-01-27 09:30:00,427.14399,305,373.0,87.0,0.0,0.0,0.0,0.0,0.0,0.0,428.0986,635.0631,0.86155,255.37252,55.0,58.0,78.0,17.0,69.0,38.45564,12.64103,Laden,55.96666666666667,17.640927333333334
2026-01-27 09:35:00,437.08081,305,373.0,87.0,0.0,0.0,0.0,0.0,0.0,0.0,439.09991,647.23018,0.86946,255.42173,55.0,58.0,78.0,17.0,69.0,35.53082,12.5436,Laden,55.96666666666667,17.59218033333333
2026-01-27 09:40:00,432.38551,305,373.0,87.0,0.0,0.0,0.0,0.0,0.0,0.0,432.30222,647.39593,0.8559,254.7369,55.0,57.3717,78.0,17.0,69.0,34.1483,12.54584,Laden,55.956195,17.569138333333335
2026-01-27 09:45:00,423.76498,305,373.0,87.0,0.0,0.0,0.0,0.0,0.0,0.0,423.67193,633.60119,0.8537,254.79553,55.0,57.0,78.0,17.0,69.0,32.61036,12.67196,Laden,55.95,17.543506
2026-01-27 09:50:00,440.71717,305,373.0,87.0,0.0,0.0,0.0,0.0,0.0,0.0,439.92164,649.31138,0.86798,254.96528,55.0,57.0,78.0,17.0,69.0,31.28123,12.68628,Laden,55.95,17.521353833333333
2026-01-27 09:55:00,431.10318,305,373.0,87.0,0.0,0.0,0.0,0.0,0.0,0.0,431.26147,636.54504,0.86581,255.00848,55.0,56.82289,78.0,17.0,69.0,28.3647,12.63558,Laden,55.94704816666667,17.472745
2026-01-27 10:00:00,435.22547,305,373.0,87.0,0.0,0.0,0.0,0.0,0.0,0.0,434.56221,643.72815,0.86543,254.96777,55.0,56.0,78.0,17.0,69.0,26.77944,12.69257,Laden,55.93333333333333,17.446324
2026-01-27 10:05:00,421.3888,305,373.0,87.0,0.0,0.0,0.0,0.0,0.0,0.0,421.30454,630.15382,0.85404,255.0572,55.0,56.0,78.0,17.0,69.0,25.41348,12.72763,Laden,55.93333333333333,17.423558
2026-01-27 10:10:00,421.70239,305,373.0,87.0,0.0,0.0,0.0,0.0,0.0,0.0,422.66084,628.4566,0.85857,255.01167,55.0,56.0,78.0,17.0,69.0,23.87563,12.69191,Laden,55.93333333333333,17.397927166666665
2026-01-27 10:15:00,440.40642,305,373.0,87.0,0.0,0.0,0.0,0.0,0.0,0.0,436.92713,645.20369,0.86697,255.12165,55.0,55.51943,78.0,17.0,69.0,20.99258,12.6503,Laden,55.92532383333333,17.349876333333334
2026-01-27 10:20:00,434.64698,305,373.0,87.0,0.0,0.0,0.0,0.0,0.0,0.0,433.79686,640.82875,0.86624,254.85633,55.0,55.0,78.0,17.0,69.0,19.5283,12.63825,Laden,55.916666666666664,17.325471666666665
2026-01-27 10:25:00,425.95008,305,373.0,87.0,0.0,0.0,0.0,0.0,0.0,0.0,426.34032,636.38008,0.85956,254.74177,55.0,55.0,78.0,17.0,69.0,18.10883,12.70842,Laden,55.916666666666664,17.301813833333334
2026-01-27 10:30:00,414.17832,305,373.0,87.0,0.0,0.0,0.0,0.0,0.0,0.0,415.08674,620.48167,0.8592,255.03618,55.0,55.0,78.0,17.0,69.0,16.58133,12.61191,Laden,55.916666666666664,17.2763555
2026-01-27 10:35:00,460.74649,305,373.0,87.0,0.0,0.0,0.0,0.0,0.0,0.0,461.21224,680.44713,0.87139,254.56981,55.0,54.11213,78.0,17.0,69.0,13.63588,12.75825,Laden,55.90186883333333,17.227264666666667
2026-01-27 10:40:00,460.29989,305,373.0,87.0,0.0,0.0,0.0,0.0,0.0,0.0,460.48039,683.01335,0.86255,255.2511,55.0,54.0,78.0,17.0,69.0,12.30469,12.84481,Laden,55.9,17.205078166666667
2026-01-27 10:45:00,453.66451,305,373.0,87.0,0.0,0.0,0.0,0.0,0.0,0.0,449.87689,672.98285,0.85618,254.93471,55.0,54.0,78.0,17.0,69.0,10.67071,12.86258,Laden,55.9,17.177845166666668
2026-01-27 10:50:00,432.11628,305,373.0,87.0,0.0,0.0,0.0,0.0,0.0,0.0,430.26753,641.53924,0.86011,254.87664,55.0,54.0,78.0,17.0,69.0,9.34977,12.80719,Laden,55.9,17.1558295
2026-01-27 10:55:00,436.45396,305,373.0,87.0,0.0,0.0,0.0,0.0,0.0,0.0,437.79075,646.41067,0.86676,255.18868,55.0,53.0,78.0,17.0,69.0,6.39237,12.70807,Laden,55.88333333333333,17.1065395
2026-01-27 11:00:00,432.11154,305,373.0,87.0,0.0,0.0,0.0,0.0,0.0,0.0,432.63212,642.1755,0.86405,254.81228,55.0,53.0,78.0,17.0,69.0,4.83536,12.74526,Laden,55.88333333333333,17.080589333333332
2026-01-27 11:05:00,436.88546,305,373.0,87.0,0.0,0.0,0.0,0.0,0.0,0.0,438.60907,649.80835,0.86416,255.14159,55.0,53.0,78.0,17.0,69.0,3.44259,12.68999,Laden,55.88333333333333,17.0573765
2026-01-27 11:10:00,431.33384,305,373.0,87.0,0.0,0.0,0.0,0.0,0.0,0.0,433.00334,644.19713,0.86127,255.17632,55.0,53.0,78.0,17.0,69.0,1.93424,12.73212,Laden,55.88333333333333,17.032237333333335
2026-01-27 11:15:00,433.27559,305,373.0,87.0,0.0,0.0,0.0,0.0,0.0,0.0,434.05032,639.80173,0.86758,254.95175,55.0,52.0,78.0,16.16881,69.0,48.84182,12.79735,Laden,55.86666666666667,16.982840333333336
2026-01-27 11:20:00,428.16717,305,373.0,87.0,0.0,0.0,0.0,0.0,0.0,0.0,427.77636,633.30663,0.86463,255.40056,55.0,52.0,78.0,16.0,69.0,57.52981,12.79115,Laden,55.86666666666667,16.958830166666665
2026-01-27 11:25:00,434.7473,305,373.0,87.0,0.0,0.0,0.0,0.0,0.0,0.0,434.16192,643.04632,0.86691,254.88476,55.0,52.0,78.0,16.0,69.0,56.08643,12.84112,Laden,55.86666666666667,16.934773833333335
2026-01-27 11:30:00,444.34759,305,373.0,87.0,0.0,0.0,0.0,0.0,0.0,0.0,444.34677,657.65988,0.86736,255.43661,55.0,51.63695,78.0,16.0,69.0,54.56561,12.73223,Laden,55.860615833333334,16.909426833333335
2026-01-27 11:35:00,433.44683,305,373.0,88.0,0.0,0.0,0.0,0.0,0.0,0.0,434.2933,641.73626,0.86611,254.97543,55.0,51.0,78.0,16.0,69.0,51.62471,12.67587,Laden,55.85,16.860411833333334
2026-01-27 11:40:00,430.30803,305,373.0,88.0,0.0,0.0,0.0,0.0,0.0,0.0,431.55991,636.9972,0.86538,254.80332,55.0,51.0,78.0,16.0,69.0,50.30653,12.67609,Laden,55.85,16.838442166666667
2026-01-27 11:45:00,426.23773,305,373.0,88.0,0.0,0.0,0.0,0.0,0.0,0.0,423.971,630.0245,0.85894,254.64406,55.0,51.0,78.0,16.0,69.0,48.68054,12.7,Laden,55.85,16.811342333333332
2026-01-27 11:50:00,424.82329,305,373.0,88.0,0.0,0.0,0.0,0.0,0.0,0.0,426.88784,637.5297,0.85856,255.34288,55.0,50.13942,78.0,16.0,69.0,47.36863,12.74618,Laden,55.835657,16.789477166666668
2026-01-27 11:55:00,439.46512,305,373.0,88.0,0.0,0.0,0.0,0.0,0.0,0.0,439.724,648.36167,0.86906,255.4209,55.0,50.0,78.0,16.0,69.0,44.42243,12.6793,Laden,55.833333333333336,16.740373833333333
2026-01-27 12:00:00,438.12925,305,373.0,88.0,0.0,0.0,0.0,0.0,0.0,0.0,436.99561,644.35946,0.86763,255.04642,55.0,50.0,78.0,16.0,69.0,42.8866,12.74123,Laden,55.833333333333336,16.714776666666666
2026-01-27 12:05:00,423.89779,305,373.0,88.0,0.0,0.0,0.0,0.0,0.0,0.0,424.14915,627.96689,0.86422,254.805,55.0,49.68085,78.0,16.0,69.0,41.46697,12.69526,Laden,55.82801416666667,16.691116166666667
2026-01-27 12:10:00,428.07345,305,373.0,88.0,0.0,0.0,0.0,0.0,0.0,0.0,429.27317,635.6688,0.8657,255.99369,55.0,49.0,78.0,16.0,69.0,40.00446,12.7,Laden,55.81666666666667,16.666741000000002
2026-01-27 12:15:00,424.11025,305,373.0,88.0,0.0,0.0,0.0,0.0,0.0,0.0,423.84535,632.74866,0.85609,254.27037,55.0,49.0,78.0,16.0,69.0,37.11643,12.71082,Laden,55.81666666666667,16.618607166666667
2026-01-27 12:20:00,436.90737,305,373.0,88.0,0.0,0.0,0.0,0.0,0.0,0.0,436.60681,645.58712,0.86574,255.89737,55.0,49.0,78.0,16.0,69.0,35.58402,12.70335,Laden,55.81666666666667,16.593067
2026-01-27 12:25:00,425.35352,305,373.0,88.0,0.0,0.0,0.0,275.81549,407.51321,0.85582,148.40359,226.32614,0.56676,254.31833,55.0,48.11694,78.0,16.0,69.0,34.23358,12.71193,Laden,55.801949,16.570559666666668
2026-01-27 12:30:00,414.37011,305,373.0,88.0,0.0,0.0,0.0,415.62059,620.91237,0.8588,0.0,0.0,0.0,255.62608,55.0,48.0,78.0,16.0,69.0,32.64912,12.6912,Laden,55.8,16.544152
2026-01-27 12:35:00,415.59202,305,373.0,88.0,0.0,0.0,0.0,417.53797,623.74125,0.8579,0.0,0.0,0.0,252.92457,55.0,48.0,78.0,16.0,69.0,29.79092,12.44273,Laden,55.8,16.496515333333335
2026-01-27 12:40:00,432.35173,305,373.0,88.0,0.0,0.0,0.0,432.13518,640.49834,0.86472,0.0,0.0,0.0,251.9712,55.0,47.36232,78.0,16.0,69.0,28.46205,12.56599,Laden,55.789372,16.4743675
2026-01-27 12:45:00,435.56811,305,373.0,88.0,0.0,0.0,0.0,435.40988,643.59484,0.8681,0.0,0.0,0.0,253.97633,55.0,47.0,78.0,16.0,69.0,27.02418,12.68605,Laden,55.78333333333333,16.450403
2026-01-27 12:50:00,427.27295,305,373.0,88.0,0.0,0.0,0.0,427.26252,636.79438,0.86183,0.0,0.0,0.0,253.76948,55.0,47.0,78.0,16.0,69.0,25.5487,12.74103,Laden,55.78333333333333,16.425811666666668
2026-01-27 12:55:00,418.33303,305,373.0,88.0,0.0,0.0,0.0,418.04929,623.44602,0.86049,0.0,0.0,0.0,255.79853,55.0,46.70166,78.0,16.0,69.0,22.57348,12.86321,Laden,55.778361,16.376224666666666
2026-01-27 13:00:00,419.37944,305,373.0,88.0,0.0,0.0,0.0,419.83561,625.86692,0.86017,0.0,0.0,0.0,255.50364,55.0,46.0,78.0,16.0,69.0,21.19109,12.79815,Laden,55.766666666666666,16.353184833333334
2026-01-27 13:05:00,424.14713,305,373.0,88.0,0.0,0.0,0.0,424.48178,631.88004,0.85892,0.0,0.0,0.0,256.1353,55.0,46.0,78.0,16.0,69.0,19.6228,12.73147,Laden,55.766666666666666,16.327046666666668
2026-01-27 13:10:00,445.30711,305,373.0,88.0,0.0,0.0,0.0,446.56392,657.33639,0.87429,0.0,0.0,0.0,257.22578,55.0,46.0,78.0,16.0,69.0,18.28892,12.78509,Laden,55.766666666666666,16.304815333333334
2026-01-27 13:15:00,416.87716,305,373.0,88.0,0.0,0.0,0.0,415.12671,618.7528,0.85893,0.0,0.0,0.0,256.79024,55.0,45.34314,78.0,16.0,69.0,15.35324,12.70841,Laden,55.755719,16.255887333333334
2026-01-27 13:20:00,414.49856,305,373.0,88.0,0.0,0.0,0.0,415.1322,620.70745,0.85911,0.0,0.0,0.0,255.35179,55.0,45.0,78.0,16.0,69.0,13.74382,12.65681,Laden,55.75,16.229063666666665
2026-01-27 13:25:00,406.01545,305,373.0,88.0,0.0,0.0,0.0,108.9826,163.91755,0.45398,295.19024,445.49365,0.83532,255.57337,55.0,45.0,78.0,16.0,69.0,12.39488,12.7239,Laden,55.75,16.206581333333332
2026-01-27 13:30:00,417.52299,305,373.0,88.0,0.0,0.0,0.0,0.0,0.0,0.0,418.16744,624.79599,0.85631,257.26784,55.0,45.0,78.0,16.0,69.0,10.82843,12.75469,Laden,55.75,16.180473833333334
2026-01-27 13:35:00,431.71514,305,373.0,88.0,0.0,0.0,0.0,0.0,0.0,0.0,430.5033,641.50755,0.85899,255.94224,55.0,44.39177,78.0,16.0,69.0,7.92422,12.7349,Laden,55.73986283333333,16.132070333333335
2026-01-27 13:40:00,424.73968,305,373.0,88.0,0.0,0.0,0.0,0.0,0.0,0.0,423.27589,629.01988,0.86206,255.91567,55.0,44.0,78.0,16.0,69.0,6.48585,12.71584,Laden,55.733333333333334,16.1080975
2026-01-27 13:45:00,411.37736,305,373.0,88.0,0.0,0.0,0.0,0.0,0.0,0.0,411.64388,616.37878,0.85698,256.04585,55.0,44.0,78.0,16.0,69.0,5.02735,12.72334,Laden,55.733333333333334,16.083789166666666
2026-01-27 13:50:00,410.4353,305,373.0,88.0,0.0,0.0,0.0,0.0,0.0,0.0,410.31874,615.25742,0.85483,255.50364,55.0,44.0,78.0,16.0,69.0,3.54237,12.71201,Laden,55.733333333333334,16.0590395
2026-01-27 13:55:00,421.76291,305,373.0,88.0,0.0,0.0,0.0,0.0,0.0,0.0,421.81624,629.13014,0.857,255.35686,55.0,43.0,78.0,16.0,69.0,0.60042,12.8307,Laden,55.71666666666667,16.010007
2026-01-27 14:00:00,436.28495,305,373.0,88.0,0.0,0.0,0.0,0.0,0.0,0.0,435.02383,642.52231,0.86622,256.29311,55.0,43.0,78.0,15.2847,69.0,42.11827,12.85186,Laden,55.71666666666667,15.986671166666667
2026-01-27 14:05:00,432.43446,305,373.0,88.0,0.0,0.0,0.0,0.0,0.0,0.0,431.14571,638.61167,0.86112,255.83123,55.0,43.0,78.0,15.0,69.0,57.63947,12.99477,Laden,55.71666666666667,15.960657833333334
2026-01-27 14:10:00,419.5904,305,373.0,88.0,0.0,0.0,0.0,0.0,0.0,0.0,417.48027,621.32598,0.85695,256.43237,55.0,43.0,78.0,15.0,69.0,56.2967,12.95321,Laden,55.71666666666667,15.938278333333333
2026-01-27 14:15:00,424.34301,305,373.0,88.0,0.0,0.0,0.0,0.0,0.0,0.0,424.81308,630.81312,0.85799,255.80841,55.0,42.0,78.0,15.0,69.0,53.28457,13.11732,Laden,55.7,15.888076166666666
2026-01-27 14:20:00,452.42347,305,373.0,88.0,0.0,0.0,0.0,0.0,0.0,0.0,453.71282,667.52305,0.86818,256.1771,55.0,42.0,78.0,15.0,69.0,51.62965,13.16357,Laden,55.7,15.860494166666667
2026-01-27 14:25:00,484.1451,305,373.0,88.0,0.0,0.0,0.0,0.0,0.0,0.0,483.57405,706.98333,0.87402,255.83818,55.0,42.0,78.0,15.0,69.0,50.22462,13.2963,Laden,55.7,15.837077
2026-01-27 14:30:00,475.66705,305,373.0,88.0,0.0,0.0,0.0,0.0,0.0,0.0,474.79811,698.64387,0.86775,255.87932,55.0,42.0,78.0,15.0,69.0,48.585,13.40995,Laden,55.7,15.80975
2026-01-27 14:35:00,427.47839,305,373.0,88.0,0.0,0.0,0.0,0.0,0.0,0.0,426.05753,632.79631,0.86147,257.2305,55.0,41.0,78.0,15.0,69.0,45.51097,13.33445,Laden,55.68333333333333,15.758516166666666
2026-01-27 14:40:00,418.80004,305,373.0,88.0,0.0,0.0,0.0,0.0,0.0,0.0,419.52612,623.15273,0.86013,254.89964,55.0,41.0,78.0,15.0,69.0,43.96997,13.21776,Laden,55.68333333333333,15.732832833333333
2026-01-27 14:45:00,436.33516,305,373.0,88.0,0.0,0.0,0.0,0.0,0.0,0.0,438.40981,648.27289,0.86769,257.28062,55.0,41.0,78.0,15.0,69.0,42.48045,13.04166,Laden,55.68333333333333,15.7080075
2026-01-27 14:50:00,438.86268,305,373.0,88.0,0.0,0.0,0.0,0.0,0.0,0.0,440.35073,648.81679,0.86787,253.59482,55.0,41.0,78.0,15.0,69.0,40.97564,12.96375,Laden,55.68333333333333,15.682927333333334
2026-01-27 14:55:00,408.15429,305,373.0,89.0,0.0,0.0,0.0,0.0,0.0,0.0,408.67215,617.79964,0.85248,252.48103,55.0,40.0,78.0,15.0,69.0,38.0759,12.77204,Laden,55.666666666666664,15.634598333333333
2026-01-27 15:00:00,425.29231,305,373.0,89.0,0.0,0.0,0.0,0.0,0.0,0.0,425.72769,635.86074,0.86389,253.09016,55.0,40.0,78.0,15.0,69.0,36.58163,12.75019,Laden,55.666666666666664,15.609693833333333
2026-01-27 15:05:00,430.12909,305,373.0,89.0,0.0,0.0,0.0,0.0,0.0,0.0,430.90112,640.60037,0.86574,253.91418,55.0,40.0,78.0,15.0,69.0,35.24938,12.764,Laden,55.666666666666664,15.587489666666666
2026-01-27 15:10:00,428.68663,305,373.0,89.0,0.0,0.0,0.0,0.0,0.0,0.0,430.36501,642.49019,0.8669,252.01106,55.0,39.12224,78.0,15.0,69.0,33.67212,12.71306,Laden,55.65203733333333,15.561202
2026-01-27 15:15:00,457.27292,305,373.0,89.0,0.0,0.0,0.0,0.0,0.0,0.0,456.3615,668.71221,0.8729,253.02474,55.0,39.0,78.0,15.0,69.0,30.81847,12.74007,Laden,55.65,15.513641166666666
2026-01-27 15:20:00,448.87308,305,373.0,89.0,0.0,0.0,0.0,0.0,0.0,0.0,448.10764,657.51344,0.87311,252.33009,55.0,38.92568,78.0,15.0,69.0,29.45079,12.79502,Laden,55.64876133333333,15.4908465
2026-01-27 15:25:00,421.98602,305,373.0,89.0,0.0,0.0,0.0,0.0,0.0,0.0,421.52983,624.82562,0.864,253.41395,55.0,38.0,78.0,15.0,69.0,27.97118,12.72992,Laden,55.63333333333333,15.466186333333333
2026-01-27 15:30:00,408.91351,305,373.0,89.0,0.0,0.0,0.0,0.0,0.0,0.0,409.54409,609.88661,0.85697,253.24317,55.0,38.0,78.0,15.0,69.0,26.52637,12.70371,Laden,55.63333333333333,15.442106166666667
2026-01-27 15:35:00,439.98371,305,373.0,89.0,0.0,0.0,0.0,0.0,0.0,0.0,438.39257,648.11465,0.86305,255.05748,55.0,38.0,78.0,15.0,69.0,23.57907,12.95537,Laden,55.63333333333333,15.3929845
2026-01-27 15:40:00,442.146,305,373.0,89.0,0.0,0.0,0.0,0.0,0.0,0.0,442.8864,656.13189,0.86545,254.82229,55.0,37.26805,78.0,15.0,69.0,22.17663,13.0,Laden,55.621134166666664,15.3696105
2026-01-27 15:45:00,447.94877,305,373.0,89.0,0.0,0.0,0.0,0.0,0.0,0.0,445.68475,662.60729,0.86173,255.45054,55.0,37.0,78.0,15.0,69.0,20.60273,12.97202,Laden,55.61666666666667,15.343378833333333
2026-01-27 15:50:00,437.57007,305,373.0,89.0,0.0,0.0,0.0,0.0,0.0,0.0,436.14441,651.15578,0.8567,254.72058,55.0,37.0,78.0,15.0,69.0,19.22625,13.02725,Laden,55.61666666666667,15.3204375
2026-01-27 15:55:00,435.00774,305,373.0,89.0,0.0,0.0,0.0,0.0,0.0,0.0,433.5041,645.83297,0.85432,254.94619,55.0,36.50913,78.0,15.0,69.0,16.20408,13.49547,Laden,55.6084855,15.270068
2026-01-27 16:00:00,432.55066,305,373.0,89.0,0.0,0.0,0.0,0.0,0.0,0.0,433.92891,647.27542,0.85446,254.62082,55.0,36.0,78.0,15.0,69.0,14.56836,13.64228,Laden,55.6,15.242806
2026-01-27 16:05:00,434.8859,305,373.0,89.0,0.0,0.0,0.0,0.0,0.0,0.0,434.169,648.17581,0.8557,249.58682,55.0,36.0,78.0,15.0,69.0,13.12791,13.2201,Laden,55.6,15.2187985
2026-01-27 16:10:00,437.49796,305,373.0,89.0,0.0,0.0,0.0,0.0,0.0,0.0,436.57196,650.37683,0.8567,245.88337,55.0,36.0,78.0,15.0,69.0,11.60651,13.05461,Laden,55.6,15.193441833333333
2026-01-27 16:15:00,427.78479,305,373.0,89.0,0.0,0.0,0.0,0.0,0.0,0.0,428.11247,636.19495,0.85913,246.31712,55.0,35.0,78.0,15.0,69.0,8.76347,13.10882,Laden,55.583333333333336,15.146057833333334
2026-01-27 16:20:00,427.17018,305,373.0,89.0,0.0,0.0,0.0,0.0,0.0,0.0,426.40069,634.72575,0.86084,247.0047,55.0,34.93874,78.0,15.0,69.0,7.42363,13.13969,Laden,55.582312333333334,15.123727166666667
2026-01-27 16:25:00,428.4613,305,373.0,89.0,0.0,0.0,0.0,0.0,0.0,0.0,428.20925,636.32793,0.86036,244.79776,55.0,34.0,78.0,15.0,69.0,5.93411,13.14541,Laden,55.56666666666667,15.098901833333333
2026-01-27 16:30:00,428.84488,305,373.0,89.0,0.0,0.0,0.0,0.0,0.0,0.0,428.13497,636.81643,0.85769,246.86933,55.0,34.0,78.0,15.0,69.0,4.53076,13.0,Laden,55.56666666666667,15.075512666666667
2026-01-27 16:35:00,426.19335,305,373.0,89.0,0.0,0.0,0.0,0.0,0.0,0.0,426.67385,634.03503,0.86031,246.32985,55.0,33.0,78.0,15.0,69.0,1.67725,12.96006,Laden,55.55,15.027954166666667
2026-01-27 16:40:00,406.2487,305,373.0,89.0,0.0,0.0,0.0,0.0,0.0,0.0,407.47069,610.623,0.8501,245.86704,55.0,33.0,78.0,15.0,69.0,0.39457,12.9,Laden,55.55,15.006576166666667
2026-01-27 16:45:00,432.2467,305,373.0,89.0,0.0,0.0,0.0,0.0,0.0,0.0,431.96902,642.40506,0.85967,245.35416,55.0,32.66286,78.0,14.11381,69.0,52.11793,12.86704,Laden,55.544381,14.982442166666667
2026-01-27 16:50:00,427.57224,305,373.0,89.0,0.0,0.0,0.0,0.0,0.0,0.0,429.1043,638.8039,0.85862,246.85851,55.0,32.0,78.0,14.0,69.0,57.56475,12.76401,Laden,55.53333333333333,14.9594125
2026-01-27 16:55:00,426.06155,305,373.0,89.0,0.0,0.0,0.0,0.0,0.0,0.0,426.70253,633.83501,0.86341,243.8232,55.0,31.42442,78.0,14.0,69.0,54.83307,12.69683,Laden,55.523740333333336,14.9138845
2026-01-27 17:00:00,423.70719,305,373.0,89.0,0.0,0.0,0.0,0.0,0.0,0.0,424.69676,631.40706,0.85767,243.84532,55.0,31.0,78.0,14.0,69.0,53.52782,12.7517,Laden,55.516666666666666,14.892130333333334
2026-01-27 17:05:00,421.6935,305,373.0,89.0,0.0,0.0,0.0,0.0,0.0,0.0,421.65131,627.96893,0.85792,244.10201,55.0,31.0,78.0,14.0,69.0,52.26608,12.70205,Laden,55.516666666666666,14.871101333333334
2026-01-27 17:10:00,425.76492,305,373.0,89.0,0.0,0.0,0.0,0.0,0.0,0.0,424.13301,632.46288,0.86112,243.9509,55.0,30.08696,78.0,14.0,69.0,50.76228,12.66035,Laden,55.50144933333333,14.846038
2026-01-27 17:15:00,412.98682,305,373.0,90.0,0.0,0.0,0.0,0.0,0.0,0.0,414.51739,620.49041,0.85164,243.638,55.0,29.7369,78.0,14.0,69.0,48.2594,12.42634,Laden,55.495615,14.804323333333333
2026-01-27 17:20:00,425.75515,305,373.0,90.0,0.0,0.0,0.0,0.0,0.0,0.0,426.70467,631.59656,0.86304,244.09429,55.0,29.0,78.0,14.0,69.0,46.84878,12.25647,Laden,55.483333333333334,14.780813
2026-01-27 17:25:00,426.38094,305,373.0,90.0,0.0,0.0,0.0,0.0,0.0,0.0,427.35886,630.72965,0.86422,244.29025,55.0,29.0,78.0,14.0,69.0,45.60575,12.15473,Laden,55.483333333333334,14.760095833333333
2026-01-27 17:30:00,425.42941,305,373.0,90.0,0.0,0.0,0.0,0.0,0.0,0.0,426.03866,631.23553,0.8615,244.31508,55.0,28.36829,78.0,14.0,69.0,44.39009,12.26793,Laden,55.472804833333335,14.739834833333333
2026-01-27 17:35:00,426.24852,305,373.0,90.0,0.0,0.0,0.0,0.0,0.0,0.0,425.42411,630.8801,0.85948,244.01981,55.0,27.94723,78.0,14.0,69.0,41.70567,12.45344,Laden,55.465787166666665,14.6950945
2026-01-27 17:40:00,409.9716,305,373.0,90.0,0.0,0.0,0.0,0.0,0.0,0.0,407.80161,609.26966,0.85408,243.88051,55.0,27.0,78.0,14.0,69.0,40.47362,12.50655,Laden,55.45,14.674560333333334
2026-01-27 17:45:00,407.5904,305,373.0,90.0,0.0,0.0,0.0,0.0,0.0,0.0,409.04766,611.90148,0.85292,244.06043,55.0,27.0,78.0,14.0,69.0,39.23406,12.53603,Laden,55.45,14.653901
2026-01-27 17:50:00,417.55224,305,373.0,90.0,0.0,0.0,0.0,0.0,0.0,0.0,417.08145,622.5081,0.85668,241.73667,55.0,26.52405,78.0,14.0,69.0,37.75788,12.66349,Laden,55.4420675,14.629298
2026-01-27 17:55:00,422.19298,305,373.0,90.0,0.0,0.0,0.0,0.0,0.0,0.0,420.28796,626.71119,0.85633,232.11689,55.0,25.67637,78.0,14.0,69.0,35.3485,12.67839,Laden,55.4279395,14.589141666666666
2026-01-27 18:00:00,424.04035,305,373.0,90.0,0.0,0.0,0.0,0.0,0.0,0.0,423.72027,629.52843,0.85826,224.15063,55.0,25.0,78.0,14.0,69.0,34.22029,12.658,Laden,55.416666666666664,14.570338166666666
2026-01-27 18:05:00,411.15795,305,373.0,90.0,0.0,0.0,0.0,0.0,0.0,0.0,413.23781,617.13111,0.85514,220.53602,55.0,24.32629,78.0,14.0,69.0,33.23074,12.73978,Laden,55.40543816666667,14.553845666666666
2026-01-27 18:10:00,417.69105,305,373.0,90.0,0.0,0.0,0.0,0.0,0.0,0.0,418.4176,623.20877,0.85993,220.42703,55.0,23.83502,78.0,14.0,69.0,32.2745,12.9129,Laden,55.39725033333333,14.537908333333334
2026-01-27 18:15:00,414.68465,305,373.0,90.0,0.0,0.0,0.0,0.0,0.0,0.0,414.61543,620.3663,0.85358,221.3438,55.0,22.3121,78.0,14.0,69.0,30.40032,12.93173,Laden,55.37186833333333,14.506672
2026-01-27 18:20:00,410.35694,305,373.0,90.0,0.0,0.0,0.0,0.0,0.0,0.0,411.31707,616.37356,0.85385,219.08897,55.0,21.82082,78.0,14.0,69.0,29.43078,12.82543,Laden,55.363680333333335,14.490513
2026-01-27 18:25:00,416.15245,305,373.0,90.0,0.0,0.0,0.0,0.0,0.0,0.0,413.35741,615.91104,0.85916,220.57912,55.0,21.0,78.0,14.0,69.0,28.4578,12.8913,Laden,55.35,14.474296666666667
2026-01-27 18:30:00,418.90762,305,373.0,90.0,0.0,0.0,0.0,0.0,0.0,0.0,418.93737,627.867,0.85414,220.27205,55.0,20.33331,78.0,14.0,69.0,27.51614,12.80989,Laden,55.3388885,14.458602333333333
2026-01-27 18:35:00,436.84108,305,373.0,90.0,0.0,0.0,0.0,0.0,0.0,0.0,437.15466,648.01643,0.86325,216.83827,55.0,19.0,78.0,14.0,69.0,25.70424,12.92221,Laden,55.31666666666667,14.428404
2026-01-27 18:40:00,418.45471,305,373.0,90.0,0.0,0.0,0.0,0.0,0.0,0.0,419.34694,624.96159,0.85946,216.49844,55.0,18.25845,78.0,14.0,69.0,24.81217,12.89554,Laden,55.3043075,14.413536166666667
2026-01-27 18:45:00,422.05683,305,373.0,90.0,0.0,0.0,0.0,0.0,0.0,0.0,422.92824,630.82631,0.85664,216.13097,55.0,17.68576,78.0,14.0,69.0,23.94524,12.91609,Laden,55.294762666666664,14.399087333333334
2026-01-27 18:50:00,422.46774,305,373.0,90.0,0.0,0.0,0.0,0.0,0.0,0.0,422.70726,628.99605,0.85912,216.28375,55.0,17.0,78.0,14.0,69.0,23.0,12.92286,Laden,55.28333333333333,14.383333333333333
2026-01-27 18:55:00,451.45763,305,373.0,90.0,0.0,0.0,0.0,0.0,0.0,0.0,453.98535,670.56749,0.86504,214.81296,55.0,15.55737,78.0,14.0,69.0,21.20078,12.66902,Laden,55.2592895,14.353346333333333
2026-01-27 19:00:00,457.99266,305,373.0,90.0,0.0,0.0,0.0,0.0,0.0,0.0,458.13633,680.24658,0.85934,216.48906,55.0,15.0,78.0,14.0,69.0,20.37783,12.7881,Laden,55.25,14.3396305
2026-01-27 19:05:00,454.66777,305,373.0,90.0,0.0,0.0,0.0,0.0,0.0,0.0,455.00056,676.85743,0.86142,215.52156,55.0,14.00497,78.0,14.0,69.0,19.47467,12.9093,Laden,55.233416166666665,14.324577833333333
2026-01-27 19:10:00,466.86684,305,373.0,90.0,0.0,0.0,0.0,0.0,0.0,0.0,466.72745,688.31215,0.86826,217.16927,55.0,13.45084,78.0,14.0,69.0,18.57926,12.88568,Laden,55.22418066666667,14.309654333333333
2026-01-27 19:15:00,425.85615,305,373.0,90.0,0.0,0.0,0.0,0.0,0.0,0.0,424.7094,630.64654,0.86322,216.8236,55.0,12.0,78.0,14.0,69.0,16.77752,12.6521,Laden,55.2,14.279625333333334
2026-01-27 19:20:00,422.47414,305,373.0,90.0,0.0,0.0,0.0,0.0,0.0,0.0,420.90138,627.38453,0.85835,218.43414,55.0,11.42971,78.0,14.0,69.0,15.83948,12.63984,Laden,55.190495166666665,14.263991333333333
2026-01-27 19:25:00,421.6165,305,373.0,90.0,0.0,0.0,0.0,0.0,0.0,0.0,422.45926,630.09056,0.85705,217.73683,55.0,10.95227,78.0,14.0,69.0,14.91947,12.63937,Laden,55.182537833333335,14.248657833333333
2026-01-27 19:30:00,443.77757,305,373.0,90.0,0.0,0.0,0.0,0.0,0.0,0.0,442.41181,652.10602,0.86724,218.444,55.0,10.0,78.0,14.0,69.0,13.98532,12.65755,Laden,55.166666666666664,14.233088666666667
2026-01-27 19:35:00,424.36984,305,373.0,91.0,0.0,0.0,0.0,0.0,0.0,0.0,425.23735,628.90596,0.86282,217.87553,55.0,8.99569,78.0,14.0,69.0,12.05855,12.66141,Laden,55.14992816666667,14.200975833333333
2026-01-27 19:40:00,414.49571,305,373.0,91.0,0.0,0.0,0.0,0.0,0.0,0.0,415.34347,620.06425,0.85775,218.11107,55.0,8.0,78.0,14.0,69.0,11.12822,12.71586,Laden,55.13333333333333,14.185470333333333
2026-01-27 19:45:00,423.90436,305,373.0,91.0,0.0,0.0,0.0,0.0,0.0,0.0,423.22039,632.44417,0.85556,217.42046,55.0,7.51977,78.0,14.0,69.0,10.17908,12.70381,Laden,55.1253295,14.169651333333332
2026-01-27 19:50:00,428.79601,305,373.0,91.0,0.0,0.0,0.0,0.0,0.0,0.0,429.12622,634.96892,0.86309,218.04343,55.0,7.0,78.0,14.0,69.0,9.24598,12.7,Laden,55.11666666666667,14.154099666666667
2026-01-27 19:55:00,430.02775,305,373.0,91.0,0.0,0.0,0.0,0.0,0.0,0.0,429.57518,636.88019,0.86488,217.95854,55.0,5.56371,78.0,14.0,69.0,7.37259,12.61215,Laden,55.0927285,14.1228765
2026-01-27 20:00:00,427.9787,305,373.0,91.0,0.0,0.0,0.0,0.0,0.0,0.0,425.83772,628.80056,0.86468,218.19212,55.0,5.0,78.0,14.0,69.0,6.42531,12.62409,Laden,55.083333333333336,14.1070885
2026-01-27 20:05:00,417.07372,305,373.0,91.0,0.0,0.0,0.0,0.0,0.0,0.0,417.8981,625.36865,0.85474,216.9622,55.0,4.09289,78.0,14.0,69.0,5.47992,12.59892,Laden,55.068214833333336,14.091332
2026-01-27 20:10:00,433.59257,305,373.0,91.0,0.0,0.0,0.0,0.0,0.0,0.0,434.3291,657.39924,0.84642,229.75931,55.0,3.65698,78.0,14.0,69.0,4.56965,12.5165,Laden,55.060949666666666,14.076160833333333
2026-01-27 20:15:00,433.88491,305,373.0,91.0,0.0,0.0,0.0,0.0,0.0,0.0,433.51823,644.27644,0.85915,247.96853,55.0,3.0,78.0,14.0,69.0,1.91065,12.46847,Laden,55.05,14.031844166666666
2026-01-27 20:20:00,448.66306,305,373.0,91.0,0.0,0.0,0.0,0.0,0.0,0.0,449.82512,660.25199,0.87091,249.62186,55.0,2.8981,78.0,14.0,69.0,0.549,12.53668,Laden,55.04830166666667,14.00915
2026-01-27 20:25:00,431.85236,305,373.0,91.0,0.0,0.0,0.0,0.0,0.0,0.0,431.80674,642.27501,0.86112,249.89312,55.0,2.0,78.0,13.27284,69.0,42.84847,12.5,Laden,55.03333333333333,13.986981166666666
2026-01-27 20:30:00,423.22792,305,373.0,91.0,0.0,0.0,0.0,0.0,0.0,0.0,422.80756,629.9798,0.86146,249.57578,55.0,2.0,78.0,13.0,69.0,57.71955,12.5216,Laden,55.03333333333333,13.9619925
2026-01-27 20:35:00,416.97855,305,373.0,91.0,0.0,0.0,0.0,0.0,0.0,0.0,417.11903,620.73936,0.861,249.68141,55.0,1.49607,78.0,13.0,69.0,55.03825,12.66474,Laden,55.0249345,13.917304166666666
2026-01-27 20:40:00,431.83308,305,373.0,91.0,0.0,0.0,0.0,0.0,0.0,0.0,432.05915,638.92812,0.86649,249.01944,55.0,1.0,78.0,13.0,69.0,53.60287,12.67571,Laden,55.016666666666666,13.893381166666666
2026-01-27 20:45:00,435.56334,305,373.0,91.0,0.0,0.0,0.0,0.0,0.0,0.0,435.70616,643.94935,0.86548,249.26691,55.0,1.0,78.0,13.0,69.0,52.32537,12.70591,Laden,55.016666666666666,13.8720895
2026-01-27 20:50:00,436.79155,305,373.0,91.0,0.0,0.0,0.0,0.0,0.0,0.0,438.06586,647.71979,0.86482,251.03007,55.0,0.96754,78.0,13.0,69.0,50.80595,12.71321,Laden,55.01612566666667,13.846765833333333
2026-01-27 20:55:00,435.31085,305,373.0,91.0,0.0,0.0,0.0,0.0,0.0,0.0,433.90759,642.325,0.86617,251.30424,55.0,0.0,78.0,13.0,69.0,48.08174,12.75454,Laden,55.0,13.801362333333334
2026-01-27 21:00:00,419.59096,305,373.0,91.0,0.0,0.0,0.0,0.0,0.0,0.0,418.60481,623.01634,0.85932,251.54719,55.0,0.0,78.0,13.0,69.0,46.60819,12.78565,Laden,55.0,13.776803166666667
2026-01-27 21:05:00,419.05791,305,373.0,91.0,0.0,0.0,0.0,0.0,0.0,0.0,418.93955,626.70042,0.85654,249.78996,54.44426,32.78869,78.0,13.0,69.0,45.32032,12.9,Laden,54.99073816666667,13.755338666666667
2026-01-27 21:10:00,418.16665,305,373.0,91.0,0.0,0.0,0.0,0.0,0.0,0.0,418.70972,625.7013,0.85701,250.96793,54.0,59.0,78.0,13.0,69.0,43.78887,12.76386,Laden,54.983333333333334,13.7298145
2026-01-27 21:15:00,431.14005,305,373.0,91.0,0.0,0.0,0.0,0.0,0.0,0.0,431.48482,640.22756,0.86435,251.1051,54.0,58.75527,78.0,13.0,69.0,41.1152,12.82632,Laden,54.9792545,13.685253333333334
2026-01-27 21:20:00,429.32279,305,373.0,91.0,0.0,0.0,0.0,0.0,0.0,0.0,428.95983,635.11157,0.86383,250.95842,54.0,58.0,78.0,13.0,69.0,39.61878,12.96556,Laden,54.96666666666667,13.660313
2026-01-27 21:25:00,424.59456,305,373.0,91.0,0.0,0.0,0.0,0.0,0.0,0.0,424.56414,631.85837,0.8613,250.59836,54.0,58.0,78.0,13.0,69.0,38.32589,12.96372,Laden,54.96666666666667,13.638764833333333
2026-01-27 21:30:00,426.71057,305,373.0,91.0,0.0,0.0,0.0,0.0,0.0,0.0,427.24597,634.88366,0.86373,251.01652,54.0,58.0,78.0,13.0,69.0,36.76799,12.97591,Laden,54.96666666666667,13.612799833333334
2026-01-27 21:35:00,421.4151,305,373.0,91.0,0.0,0.0,0.0,0.0,0.0,0.0,421.89293,629.11722,0.86087,250.76904,54.0,57.0,78.0,13.0,69.0,34.03363,12.90919,Laden,54.95,13.567227166666667
2026-01-27 21:40:00,430.88857,305,373.0,91.0,0.0,0.0,0.0,0.0,0.0,0.0,431.45513,640.69423,0.86445,251.86584,54.0,57.0,78.0,13.0,69.0,32.57282,13.05943,Laden,54.95,13.542880333333333
2026-01-27 21:45:00,434.95933,305,373.0,91.0,0.0,0.0,0.0,0.0,0.0,0.0,435.54399,645.64884,0.8637,251.22453,54.0,56.40797,78.0,13.0,69.0,31.23421,13.17963,Laden,54.94013283333334,13.520570166666667
2026-01-27 21:50:00,427.29037,305,373.0,91.0,0.0,0.0,0.0,0.0,0.0,0.0,427.34491,632.48572,0.86422,251.45854,54.0,56.0,78.0,13.0,69.0,29.65943,13.18179,Laden,54.93333333333333,13.494323833333333
2026-01-27 21:55:00,413.95766,305,373.0,92.0,0.0,0.0,0.0,0.0,0.0,0.0,413.90667,618.78385,0.85714,251.81579,54.0,55.85501,78.0,13.0,69.0,26.80449,12.98668,Laden,54.930916833333335,13.4467415
2026-01-27 22:00:00,425.9664,305,373.0,92.0,0.0,0.0,0.0,0.0,0.0,0.0,425.70025,634.18194,0.86023,252.19931,54.0,55.0,78.0,13.0,69.0,25.45537,12.91212,Laden,54.916666666666664,13.424256166666666
2026-01-27 22:05:00,427.85268,305,373.0,92.0,0.0,0.0,0.0,0.0,0.0,0.0,427.32771,636.48854,0.86295,251.99646,54.0,55.0,78.0,13.0,69.0,24.03295,12.91208,Laden,54.916666666666664,13.400549166666666
2026-01-27 22:10:00,426.84889,305,373.0,92.0,0.0,0.0,0.0,0.0,0.0,0.0,426.19343,631.7317,0.86234,251.86143,54.0,55.0,78.0,13.0,69.0,22.57462,12.9,Laden,54.916666666666664,13.376243666666667
2026-01-27 22:15:00,419.99754,305,373.0,92.0,0.0,0.0,0.0,0.0,0.0,0.0,419.88056,624.19538,0.86121,252.05615,54.0,54.0,78.0,13.0,69.0,19.69785,12.85174,Laden,54.9,13.3282975
2026-01-27 22:20:00,415.17775,305,373.0,92.0,0.0,0.0,0.0,0.0,0.0,0.0,414.29705,620.01031,0.85622,251.61434,54.0,54.0,78.0,13.0,69.0,18.40784,12.74834,Laden,54.9,13.306797333333334
2026-01-27 22:25:00,418.93992,305,373.0,92.0,0.0,0.0,0.0,0.0,0.0,0.0,419.64971,627.20313,0.85613,252.6928,54.0,54.0,78.0,13.0,69.0,16.95336,12.67718,Laden,54.9,13.282556
2026-01-27 22:30:00,434.43007,305,373.0,92.0,0.0,0.0,0.0,0.0,0.0,0.0,433.36583,645.188,0.86005,251.70958,54.0,53.20536,78.0,13.0,69.0,15.55312,12.66382,Laden,54.886756,13.259218666666667
2026-01-27 22:35:00,406.29257,305,373.0,92.0,0.0,0.0,0.0,0.0,0.0,0.0,405.32384,612.21698,0.85566,252.20165,54.0,53.0,78.0,13.0,69.0,12.69125,12.73063,Laden,54.88333333333333,13.211520833333333
2026-01-27 22:40:00,403.9747,305,373.0,92.0,0.0,0.0,0.0,0.0,0.0,0.0,404.40645,613.08657,0.85058,252.69032,54.0,53.0,78.0,13.0,69.0,11.39393,12.94837,Laden,54.88333333333333,13.189898833333332
2026-01-27 22:45:00,399.63669,305,373.0,92.0,0.0,0.0,0.0,0.0,0.0,0.0,399.23369,608.73913,0.84637,251.82083,54.0,52.00168,78.0,13.0,69.0,9.89223,12.8719,Laden,54.86669466666667,13.1648705
2026-01-27 22:50:00,408.6233,305,373.0,92.0,0.0,0.0,0.0,0.0,0.0,0.0,407.44171,620.61455,0.84715,251.85597,54.0,52.0,78.0,13.0,69.0,8.51632,12.63826,Laden,54.86666666666667,13.141938666666666
2026-01-27 22:55:00,428.39267,305,373.0,92.0,0.0,0.0,0.0,0.0,0.0,0.0,428.38835,640.76648,0.86399,251.82215,54.0,51.65422,78.0,13.0,69.0,5.68777,12.53521,Laden,54.860903666666665,13.094796166666667
2026-01-27 23:00:00,413.24782,305,373.0,92.0,0.0,0.0,0.0,0.0,0.0,0.0,413.22583,621.29408,0.8577,252.73203,54.0,51.0,78.0,13.0,69.0,4.41587,12.5,Laden,54.85,13.073597833333332
2026-01-27 23:05:00,403.67155,305,373.0,92.0,0.0,0.0,0.0,0.0,0.0,0.0,404.03913,612.70768,0.85269,251.62974,54.0,51.0,78.0,13.0,69.0,3.02037,12.51206,Laden,54.85,13.0503395
2026-01-27 23:10:00,415.68618,305,373.0,92.0,0.0,0.0,0.0,0.0,0.0,0.0,417.59971,630.66202,0.85416,251.8291,54.0,51.0,78.0,13.0,69.0,1.60187,12.5241,Laden,54.85,13.026697833333333
2026-01-27 23:15:00,424.43513,305,373.0,92.0,0.0,0.0,0.0,0.0,0.0,0.0,425.52696,658.64348,0.83523,255.01312,54.0,50.0,78.0,12.0692,69.0,54.70771,12.5,Laden,54.833333333333336,12.980995166666666
2026-01-27 23:20:00,436.73455,305,373.0,92.0,0.0,0.0,0.0,0.0,0.0,0.0,436.18583,668.53244,0.84426,255.04952,54.0,50.0,78.0,12.0,69.0,57.50616,12.57349,Laden,54.833333333333336,12.958436
2026-01-27 23:25:00,414.65168,305,373.0,92.0,0.0,0.0,0.0,0.0,0.0,0.0,414.20679,644.26555,0.83074,255.44692,54.0,50.0,78.0,12.0,69.0,56.15302,12.61209,Laden,54.833333333333336,12.935883666666667
2026-01-27 23:30:00,438.16429,305,373.0,92.0,0.0,0.0,0.0,0.0,0.0,0.0,437.52209,685.71548,0.82512,254.87149,54.0,49.15535,78.0,12.0,69.0,54.64742,12.68035,Laden,54.81925583333334,12.910790333333333
2026-01-27 23:35:00,455.59088,305,373.0,92.0,0.0,0.0,0.0,0.0,0.0,0.0,456.21567,706.19769,0.83184,254.77601,54.0,49.0,78.0,12.0,69.0,51.81392,12.78791,Laden,54.81666666666667,12.863565333333334
2026-01-27 23:40:00,437.58463,305,373.0,92.0,0.0,0.0,0.0,0.0,0.0,0.0,438.25859,674.40467,0.83881,254.95438,54.0,49.0,78.0,12.0,69.0,50.46324,12.66623,Laden,54.81666666666667,12.841054
2026-01-27 23:45:00,429.67631,305,373.0,92.0,0.0,0.0,0.0,0.0,0.0,0.0,429.08288,659.95567,0.83775,250.69985,54.0,48.3122,78.0,12.0,69.0,49.09315,12.56372,Laden,54.80520333333333,12.818219166666667
2026-01-27 23:50:00,421.85024,305,373.0,92.0,0.0,0.0,0.0,0.0,0.0,0.0,420.40631,653.93784,0.82793,235.93053,54.0,48.0,78.0,12.0,69.0,47.7733,12.20153,Laden,54.8,12.796221666666666
2026-01-27 23:55:00,424.4018,305,373.0,92.0,0.0,0.0,0.0,0.0,0.0,0.0,425.65198,660.99029,0.82993,237.3481,54.0,47.0,78.0,12.0,69.0,45.47368,12.51222,Laden,54.78333333333333,12.757894666666667
2026-01-28 00:00:00,419.38097,305,373.0,92.0,0.0,0.0,0.0,0.0,0.0,0.0,418.30758,654.12405,0.82304,240.16661,54.0,46.95005,78.0,12.0,69.0,44.26874,12.63614,Laden,54.78250083333333,12.737812333333334
2026-01-28 00:05:00,435.92217,305,373.0,92.0,0.0,0.0,0.0,0.0,0.0,0.0,436.7631,669.58885,0.84212,238.41961,54.0,46.0,78.0,12.0,69.0,42.89511,12.633,Laden,54.766666666666666,12.7149185
2026-01-28 00:10:00,434.94142,305,373.0,92.0,0.0,0.0,0.0,0.0,0.0,0.0,435.1722,671.74705,0.83693,236.02263,54.0,46.0,78.0,12.0,69.0,41.6806,12.54964,Laden,54.766666666666666,12.694676666666666
2026-01-28 00:15:00,438.26385,305,373.0,92.84408,0.0,0.0,0.0,0.0,0.0,0.0,437.80845,682.57013,0.82776,235.52199,54.0,45.0,78.0,12.0,69.0,39.31619,12.9139,Laden,54.75,12.655269833333334
2026-01-28 00:20:00,421.15938,305,373.0,93.0,0.0,0.0,0.0,0.0,0.0,0.0,421.86471,661.01021,0.81955,234.9605,54.0,44.20109,78.0,12.0,69.0,38.06946,12.91721,Laden,54.736684833333335,12.634491
2026-01-28 00:25:00,420.97491,305,373.0,93.0,0.0,0.0,0.0,0.0,0.0,0.0,419.67333,657.9347,0.82242,235.51283,54.0,44.0,78.0,12.0,69.0,36.75303,13.0,Laden,54.733333333333334,12.6125505
2026-01-28 00:30:00,436.52127,305,373.0,93.0,0.0,0.0,0.0,0.0,0.0,0.0,436.30712,674.60166,0.8353,235.97058,54.0,43.23107,78.0,12.0,69.0,35.56133,12.91576,Laden,54.72051783333333,12.592688833333334
2026-01-28 00:35:00,419.44368,305,373.0,93.0,0.0,0.0,0.0,0.0,0.0,0.0,419.82802,659.20604,0.82146,237.18552,54.0,42.34218,78.0,12.0,69.0,33.21767,12.3327,Laden,54.705703,12.553627833333334
2026-01-28 00:40:00,430.46787,305,373.0,93.0,0.0,0.0,0.0,0.0,0.0,0.0,430.49622,672.71759,0.82618,236.99087,54.0,42.0,78.0,12.0,69.0,31.97315,12.21232,Laden,54.7,12.532885833333333
2026-01-28 00:45:00,418.69913,305,373.0,93.0,0.0,0.0,0.0,0.0,0.0,0.0,419.85435,660.0442,0.82217,236.77448,54.0,41.55607,78.0,12.0,69.0,30.76331,12.19814,Laden,54.69260116666667,12.512721833333334
2026-01-28 00:50:00,417.95375,305,373.0,93.0,0.0,0.0,0.0,0.0,0.0,0.0,418.42173,655.42012,0.82144,236.92743,54.0,41.0,78.0,12.0,69.0,29.62471,12.14839,Laden,54.68333333333333,12.493745166666667
2026-01-28 00:55:00,433.15481,305,373.0,93.0,0.0,0.0,0.0,0.0,0.0,0.0,431.69964,669.1515,0.82987,237.58397,54.0,40.0,78.0,12.0,69.0,27.34009,12.1,Laden,54.666666666666664,12.455668166666667
2026-01-28 01:00:00,428.42778,305,373.0,93.0,0.0,0.0,0.0,0.0,0.0,0.0,429.37935,672.25269,0.82521,237.15925,54.0,40.0,78.0,12.0,69.0,26.19303,12.11024,Laden,54.666666666666664,12.4365505
2026-01-28 01:05:00,430.5022,305,373.0,93.0,0.0,0.0,0.0,0.0,0.0,0.0,428.55261,670.76489,0.8245,236.04426,54.0,39.03721,78.0,12.0,69.0,24.97119,12.06762,Laden,54.65062016666667,12.4161865
2026-01-28 01:10:00,413.77248,305,373.0,93.0,0.0,0.0,0.0,0.0,0.0,0.0,414.35856,652.13382,0.81808,237.15711,54.0,39.0,78.0,12.0,69.0,23.78007,12.14405,Laden,54.65,12.3963345
2026-01-28 01:15:00,432.48638,305,373.0,93.0,0.0,0.0,0.0,0.0,0.0,0.0,432.90971,671.28758,0.83144,236.82959,54.0,38.0,78.0,12.0,69.0,21.49026,12.19469,Laden,54.63333333333333,12.358171
2026-01-28 01:20:00,435.3884,305,373.0,93.0,0.0,0.0,0.0,0.0,0.0,0.0,434.37111,675.05883,0.83005,237.01018,54.0,37.49913,78.0,12.0,69.0,20.34383,12.1689,Laden,54.6249855,12.339063833333334
2026-01-28 01:25:00,429.5955,305,373.0,93.0,55.07911,86.5997,0.21092,0.0,0.0,0.0,374.54362,586.33077,0.82422,236.7453,54.0,37.0,78.0,12.0,69.0,19.19901,12.16383,Laden,54.61666666666667,12.3199835
2026-01-28 01:30:00,438.21983,305,373.0,93.0,230.82104,345.53848,0.86208,0.0,0.0,0.0,207.03949,336.00257,0.79464,236.81981,54.0,36.73452,78.0,12.0,69.0,17.97163,12.14827,Laden,54.612242,12.299527166666667
2026-01-28 01:35:00,443.95503,305,373.0,93.0,234.04242,352.77107,0.85995,0.0,0.0,0.0,210.08077,345.27168,0.78526,218.1067,54.0,36.0,78.0,12.0,69.0,15.98884,9.92791,Laden,54.6,12.266480666666666
2026-01-28 01:40:00,474.74751,305,373.0,93.0,250.87343,373.65849,0.86727,0.0,0.0,0.0,226.01331,362.7444,0.80235,194.60781,54.0,35.01234,78.0,12.0,69.0,15.0,7.91292,Laden,54.583539,12.25
2026-01-28 01:45:00,468.67512,305,373.0,93.0,225.76986,344.58038,0.84637,0.0,0.0,0.0,240.9506,373.89314,0.83075,197.20038,54.0,34.86987,78.0,12.0,69.0,15.0,9.09199,Laden,54.5811645,12.25
2026-01-28 01:50:00,431.4607,305,373.0,93.0,202.4496,315.52813,0.8288,0.0,0.0,0.0,229.23811,356.09862,0.82965,197.24543,54.0,34.0,78.0,12.0,69.0,14.99228,10.92996,Laden,54.56666666666667,12.249871333333333
2026-01-28 01:55:00,415.11337,305,373.0,93.0,203.02092,312.83918,0.83787,0.0,0.0,0.0,212.89488,337.73797,0.81223,195.61388,54.0,32.58309,78.0,12.0,69.0,14.0,12.29566,Laden,54.5430515,12.233333333333333
2026-01-28 02:00:00,418.93319,305,373.0,93.0,205.61084,317.43679,0.83486,0.0,0.0,0.0,213.22824,340.21107,0.80868,196.00265,54.0,31.83686,78.0,12.0,69.0,13.43207,12.50901,Laden,54.53061433333333,12.223867833333333
2026-01-28 02:05:00,440.15682,305,373.0,93.0,215.9705,331.42646,0.84475,0.0,0.0,0.0,224.08641,353.3549,0.81964,197.14862,54.0,31.0,78.0,12.0,69.0,13.0,12.66119,Laden,54.516666666666666,12.216666666666667
2026-01-28 02:10:00,437.33244,305,373.0,93.0,213.26294,328.37567,0.83583,0.0,0.0,0.0,223.16661,351.27891,0.81805,196.23974,54.0,30.07033,78.0,12.0,69.0,12.83011,12.7,Laden,54.50117216666666,12.213835166666666
2026-01-28 02:15:00,412.5737,305,373.0,93.0,199.49665,312.41319,0.82879,0.0,0.0,0.0,212.13386,338.83774,0.80768,196.3586,54.0,28.51674,78.0,12.0,69.0,12.0,12.75881,Laden,54.475279,12.2
2026-01-28 02:20:00,419.02414,305,373.0,93.0,202.55102,316.17465,0.82844,0.0,0.0,0.0,215.83029,343.70006,0.80649,196.51156,54.0,27.72782,78.0,12.0,69.0,11.32864,12.82601,Laden,54.462130333333334,12.188810666666667
2026-01-28 02:25:00,427.50202,305,373.0,93.0,208.36223,322.51364,0.83371,0.0,0.0,0.0,220.72958,349.46188,0.81369,211.1732,54.0,27.0,78.0,12.0,69.0,10.99325,12.8396,Laden,54.45,12.183220833333333
2026-01-28 02:30:00,431.62227,305,373.0,93.0,209.59352,324.85283,0.83408,0.0,0.0,0.0,222.03386,351.98958,0.81544,240.14753,54.0,26.05933,78.0,12.0,69.0,9.87472,12.65258,Laden,54.43432216666667,12.164578666666667
2026-01-28 02:35:00,418.16898,305,373.0,93.0,201.00173,311.9565,0.83056,0.0,0.0,0.0,216.11288,344.29591,0.81012,266.86077,54.0,26.0,78.0,12.0,69.0,7.23408,12.68282,Laden,54.43333333333333,12.120568
2026-01-28 02:40:00,410.5417,305,373.0,93.0,197.87769,310.27226,0.82722,0.0,0.0,0.0,213.59426,342.2311,0.80831,266.7047,54.0,26.0,78.0,12.0,69.0,5.63748,12.83632,Laden,54.43333333333333,12.093958
2026-01-28 02:45:00,417.05456,305,373.0,93.0,201.09017,313.0886,0.83127,0.0,0.0,0.0,216.95545,345.76285,0.80929,267.16775,54.0,26.0,78.0,12.0,69.0,4.32157,12.78924,Laden,54.43333333333333,12.072026166666667
2026-01-28 02:50:00,414.80451,305,373.0,93.0,200.81344,314.24594,0.82564,0.0,0.0,0.0,215.15102,344.01648,0.80788,270.75781,54.0,26.0,78.0,12.0,69.0,2.69278,12.7604,Laden,54.43333333333333,12.044879666666667
2026-01-28 02:55:00,422.32946,305,373.0,93.0,203.3375,315.44116,0.83324,0.0,0.0,0.0,219.4032,347.10381,0.81519,271.69115,54.0,26.0,78.0,11.74583,69.0,15.05492,12.6,Laden,54.43333333333333,11.996745333333333
2026-01-28 03:00:00,407.69643,305,373.0,93.0,195.41044,307.38909,0.81955,0.0,0.0,0.0,210.64999,337.02056,0.80577,271.27632,54.0,26.0,78.0,11.0,69.0,58.43913,12.53929,Laden,54.43333333333333,11.9739855
2026-01-28 03:05:00,408.52334,305,373.0,93.0,196.58241,308.09228,0.8265,0.0,0.0,0.0,211.27557,338.29617,0.80765,271.29324,54.0,26.0,78.0,11.0,69.0,56.97978,12.4441,Laden,54.43333333333333,11.949663
2026-01-28 03:10:00,410.81986,305,373.0,93.0,198.37518,309.5983,0.82718,0.0,0.0,0.0,212.25179,339.04052,0.80972,271.58178,54.0,26.0,78.0,11.0,69.0,55.53758,12.41207,Laden,54.43333333333333,11.925626333333334
2026-01-28 03:15:00,431.82073,306,373.0,93.0,208.61901,322.09889,0.83688,0.0,0.0,0.0,221.72847,349.99839,0.81937,274.57307,54.0,26.0,78.0,11.0,69.0,52.66638,12.32607,Laden,54.43333333333333,11.877773
2026-01-28 03:20:00,417.85021,306,373.0,93.0,202.11281,316.21761,0.82719,0.0,0.0,0.0,216.27601,344.14017,0.80994,274.7701,54.0,26.0,78.0,11.0,69.0,51.37427,12.37042,Laden,54.43333333333333,11.856237833333333
2026-01-28 03:25:00,409.26845,306,373.0,93.0,197.55719,310.16493,0.82632,0.0,0.0,0.0,210.64647,337.85828,0.80265,278.7814,54.0,26.0,78.0,11.0,69.0,49.87274,12.31208,Laden,54.43333333333333,11.831212333333333
2026-01-28 03:30:00,406.54483,306,373.0,93.0,197.1923,308.38961,0.82697,0.0,0.0,0.0,209.42042,334.58873,0.80669,279.59963,54.0,26.0,78.0,11.0,69.0,48.51038,12.3,Laden,54.43333333333333,11.808506333333334
2026-01-28 03:35:00,422.30371,306,373.0,93.0,206.27559,318.69066,0.83287,0.0,0.0,0.0,216.23136,343.9162,0.81042,279.81524,54.0,26.29682,78.0,11.0,69.0,45.64954,12.42404,Laden,54.43828033333333,11.760825666666667
2026-01-28 03:40:00,438.22356,306,373.0,93.0,211.64903,328.54106,0.83041,0.0,0.0,0.0,225.98536,356.55166,0.8196,285.30347,54.0,27.0,78.0,11.0,69.0,44.36146,12.47059,Laden,54.45,11.739357666666667
2026-01-28 03:45:00,443.34445,306,373.0,93.84252,210.15459,329.72786,0.82245,0.0,0.0,0.0,232.91063,364.75559,0.81994,284.77991,54.0,27.0,78.0,11.0,69.0,42.8959,12.51687,Laden,54.45,11.714931666666667
2026-01-28 03:50:00,440.89293,306,373.0,94.0,209.03759,328.6369,0.82148,0.0,0.0,0.0,232.63231,364.46285,0.81918,284.889,54.0,27.0,78.0,11.0,69.0,41.52373,12.6,Laden,54.45,11.692062166666666
2026-01-28 03:55:00,417.1574,306,373.0,94.0,213.78612,323.10616,0.84722,0.0,0.0,0.0,203.36938,325.90543,0.79501,289.79447,54.0,27.92288,78.0,11.0,69.0,38.70286,12.6964,Laden,54.46538133333333,11.645047666666667
2026-01-28 04:00:00,428.86469,306,373.0,94.0,220.08914,332.2531,0.85318,0.0,0.0,0.0,207.49478,333.63416,0.79587,289.53325,54.0,28.0,78.0,11.0,69.0,37.42845,12.75094,Laden,54.46666666666667,11.6238075
2026-01-28 04:05:00,432.68796,306,373.0,94.0,223.9495,335.28433,0.85688,0.0,0.0,0.0,209.57465,334.70858,0.80174,293.72832,54.0,28.0,78.0,11.0,69.0,36.06347,12.76499,Laden,54.46666666666667,11.601057833333334
2026-01-28 04:10:00,410.8099,306,373.0,94.0,212.5173,320.98871,0.84736,0.0,0.0,0.0,199.2968,322.59102,0.7928,293.7272,54.0,28.75058,78.0,11.0,69.0,34.65243,12.6947,Laden,54.479176333333335,11.5775405
2026-01-28 04:15:00,414.49066,306,373.0,94.0,213.65586,323.38755,0.84219,0.0,0.0,0.0,200.48636,324.15327,0.7878,294.33777,54.0,29.0,78.0,11.0,69.0,32.06122,12.6,Laden,54.483333333333334,11.534353666666666
2026-01-28 04:20:00,426.36403,306,373.0,94.0,221.38904,332.22295,0.85255,0.0,0.0,0.0,206.58932,330.42523,0.79931,294.28407,54.0,29.76863,78.0,11.0,69.0,30.65153,12.66841,Laden,54.496143833333335,11.510858833333334
2026-01-28 04:25:00,425.08144,306,373.0,94.0,220.28725,331.2474,0.85483,0.0,0.0,0.0,205.90833,330.59444,0.79705,294.0551,54.0,30.0,78.0,11.0,69.0,29.39695,12.74957,Laden,54.5,11.489949166666667
2026-01-28 04:30:00,418.1095,306,373.0,94.0,212.3552,323.81658,0.84122,0.0,0.0,0.0,206.14298,331.25306,0.79894,295.99073,54.0,30.0,78.0,11.0,69.0,28.0287,12.88752,Laden,54.5,11.467145
2026-01-28 04:35:00,426.29659,306,373.0,94.0,212.10122,323.11065,0.84301,0.0,0.0,0.0,214.7305,340.69889,0.81123,295.24536,54.0,31.0,78.0,11.0,69.0,25.38427,13.0,Laden,54.516666666666666,11.423071166666666
2026-01-28 04:40:00,415.1318,306,373.0,94.0,205.78573,315.57666,0.84107,0.0,0.0,0.0,210.57513,334.12022,0.8063,295.61992,54.0,31.25802,78.0,11.0,69.0,23.98749,13.06174,Laden,54.520967,11.3997915
2026-01-28 04:45:00,434.38824,306,373.0,94.0,215.8875,326.0076,0.84932,0.0,0.0,0.0,218.69124,342.64471,0.8158,295.92508,54.0,32.0,78.0,11.0,69.0,22.60608,13.1,Laden,54.53333333333333,11.376768
2026-01-28 04:50:00,432.72173,306,373.0,94.0,215.25924,324.1038,0.84878,0.0,0.0,0.0,218.19548,343.74463,0.81228,296.20579,54.0,32.0,78.0,11.0,69.0,21.34702,13.18396,Laden,54.53333333333333,11.355783666666667
2026-01-28 04:55:00,415.44739,306,373.0,94.0,205.38279,313.49967,0.8385,0.0,0.0,0.0,210.5986,333.83235,0.80312,293.8212,54.0,33.0,78.0,11.0,69.0,18.53432,13.34716,Laden,54.55,11.308905333333334
2026-01-28 05:00:00,427.8928,306,373.0,94.0,213.05687,322.3279,0.84235,0.0,0.0,0.0,215.39188,340.53557,0.80928,293.69621,54.0,33.15791,78.0,11.0,69.0,17.22626,13.4121,Laden,54.552631833333336,11.287104333333334
2026-01-28 05:05:00,438.1306,306,373.0,94.0,209.88736,320.98897,0.83822,0.0,0.0,0.0,227.49751,353.77054,0.82217,293.57048,54.0,34.0,78.0,11.0,69.0,15.68388,13.49373,Laden,54.56666666666667,11.261398
2026-01-28 05:10:00,444.24889,306,373.0,94.0,210.18069,322.21835,0.83137,0.0,0.0,0.0,232.15434,359.60022,0.82631,293.80184,54.0,34.0,78.0,11.0,69.0,14.38648,13.58895,Laden,54.56666666666667,11.239774666666667
2026-01-28 05:15:00,433.29458,306,373.0,94.0,204.48314,314.64837,0.83388,0.0,0.0,0.0,226.78586,351.65504,0.82217,294.33399,54.0,35.0,78.0,11.0,69.0,11.50001,13.51029,Laden,54.583333333333336,11.191666833333333
2026-01-28 05:20:00,426.87147,306,373.0,94.0,202.00588,310.77017,0.82928,0.0,0.0,0.0,225.10891,348.4426,0.82154,294.55622,54.0,35.0,78.0,11.0,69.0,10.14111,13.29429,Laden,54.583333333333336,11.1690185
2026-01-28 05:25:00,423.41502,306,373.0,94.0,199.99779,309.7639,0.82752,0.0,0.0,0.0,223.2778,347.17231,0.81998,284.60985,54.0,35.89015,78.0,11.0,69.0,8.633,13.12793,Laden,54.598169166666665,11.143883333333333
2026-01-28 05:30:00,432.37763,306,373.0,94.0,203.41355,314.40928,0.82771,0.0,0.0,0.0,228.8574,353.83291,0.82562,258.35217,54.0,36.0,78.0,11.0,69.0,7.29946,12.92543,Laden,54.6,11.121657666666668
2026-01-28 05:35:00,438.82001,306,373.0,94.0,210.10136,321.98668,0.83559,0.0,0.0,0.0,227.5181,352.06501,0.82353,265.92695,54.0,35.0,78.0,11.0,69.0,4.28051,13.59308,Laden,54.583333333333336,11.071341833333333
2026-01-28 05:40:00,421.51394,306,373.0,94.0,210.19826,318.67707,0.84205,0.0,0.0,0.0,211.9723,334.26285,0.80537,267.31704,54.0,35.0,78.0,11.0,69.0,2.59568,13.72546,Laden,54.583333333333336,11.043261333333334
2026-01-28 05:45:00,424.95656,306,373.0,94.0,216.56694,323.57547,0.85216,0.0,0.0,0.0,209.15333,330.94371,0.80549,274.64015,54.0,35.0,78.0,11.0,69.0,1.08209,13.7879,Laden,54.583333333333336,11.018034833333333
2026-01-28 05:50:00,434.68644,306,373.0,94.0,228.15442,337.52832,0.86453,0.0,0.0,0.0,208.66082,332.70109,0.7999,294.17077,54.0,35.26827,78.0,10.50826,69.0,29.01082,13.66187,Laden,54.5878045,10.991773666666667
2026-01-28 05:55:00,449.10666,306,373.0,94.0,233.91856,345.36878,0.8704,0.0,0.0,0.0,214.6025,341.03653,0.80518,302.09629,54.0,36.08224,78.0,10.0,69.0,56.73004,13.45377,Laden,54.60137066666667,10.945500666666666
2026-01-28 06:00:00,433.59588,306,373.0,94.0,226.22306,337.48046,0.85902,0.0,0.0,0.0,207.63459,333.229,0.79601,301.09317,54.0,37.0,78.0,10.0,69.0,55.49437,13.34153,Laden,54.61666666666667,10.924906166666666
2026-01-28 06:05:00,435.52046,306,373.0,94.0,227.59353,336.95917,0.86189,0.0,0.0,0.0,208.69851,333.12346,0.79977,303.04202,54.0,37.0,78.0,10.0,69.0,54.26021,13.03195,Laden,54.61666666666667,10.904336833333334
2026-01-28 06:10:00,432.52361,306,373.0,94.0,225.1979,334.07318,0.86087,0.0,0.0,0.0,207.01319,330.75873,0.79655,304.64341,54.0,37.92305,78.0,10.0,69.0,52.90751,12.83585,Laden,54.63205083333333,10.881791833333333
2026-01-28 06:15:00,447.19269,306,373.0,94.0,232.95519,343.53675,0.86527,0.0,0.0,0.0,213.42307,338.41988,0.80584,304.80752,54.0,38.80371,78.0,10.0,69.0,50.48478,12.8,Laden,54.6467285,10.841413
2026-01-28 06:20:00,442.53919,306,373.0,94.0,230.97441,343.33006,0.86306,0.0,0.0,0.0,212.16842,338.32458,0.79971,304.35016,54.0,39.0,78.0,10.0,69.0,49.30483,12.90018,Laden,54.65,10.821747166666666
2026-01-28 06:25:00,435.18363,306,373.0,94.0,227.00096,335.36923,0.86301,0.0,0.0,0.0,207.23187,330.70406,0.80175,308.68453,54.0,39.75107,78.0,10.0,69.0,48.09689,13.05574,Laden,54.66251783333333,10.801614833333334
2026-01-28 06:30:00,444.02994,306,373.0,94.0,231.06423,341.09233,0.86791,0.0,0.0,0.0,213.38363,337.12117,0.80807,318.4628,54.0,40.10957,78.0,10.0,69.0,46.9668,13.16931,Laden,54.66849283333333,10.78278
2026-01-28 06:35:00,447.77215,306,373.0,94.0,232.05181,343.86709,0.85993,0.0,0.0,0.0,214.14296,341.03162,0.80098,181.84838,54.0,41.90441,78.0,10.0,69.0,46.0,13.34533,Laden,54.69840683333334,10.766666666666667
2026-01-28 06:40:00,435.80693,306,373.0,94.0,225.93552,335.81394,0.86121,0.0,0.0,0.0,210.16207,335.62708,0.80181,14.03689,54.0,42.77157,78.0,10.0,69.0,46.0,13.1256,Laden,54.7128595,10.766666666666667
2026-01-28 06:45:00,437.53925,306,373.0,94.0,217.39844,327.85294,0.84996,0.0,0.0,0.0,220.95986,346.14519,0.81237,24.0384,54.0,43.58531,78.0,10.0,69.0,46.35168,12.87251,Laden,54.72642183333333,10.772528
2026-01-28 06:50:00,418.84702,306,373.0,94.0,205.2943,312.89046,0.84123,0.0,0.0,0.0,212.876,336.31204,0.80516,25.41217,54.0,44.30564,78.0,10.0,69.0,47.0,12.7,Laden,54.738427333333334,10.783333333333333
2026-01-28 06:55:00,430.04661,306,373.0,94.0,212.06621,320.81587,0.84305,0.0,0.0,0.0,217.83,341.32175,0.81285,24.78244,54.0,46.0,78.0,10.0,69.0,48.0,12.66547,Laden,54.766666666666666,10.8
2026-01-28 07:00:00,437.63191,306,373.0,94.0,214.89264,323.65232,0.84789,0.0,0.0,0.0,221.63886,346.5812,0.81509,25.2204,54.0,46.75212,78.0,10.0,69.0,48.8284,12.69743,Laden,54.779202,10.813806666666666
2026-01-28 07:05:00,440.8082,306,373.0,94.0,217.00151,327.90773,0.8474,0.0,0.0,0.0,222.13891,346.68793,0.81774,19.48512,54.0,47.48199,78.0,10.0,69.0,49.0,12.73928,Laden,54.7913665,10.816666666666666
2026-01-28 07:10:00,466.89299,306,373.0,94.0,247.8533,409.23878,0.77835,0.0,0.0,0.0,223.39925,406.45012,0.70098,4.7522,54.0,48.28121,78.0,10.0,69.0,49.80217,12.72112,Laden,54.804686833333335,10.830036166666666
2026-01-28 07:15:00,477.52825,306,373.0,94.0,245.38932,407.98598,0.77007,0.0,0.0,0.0,232.81571,417.87455,0.71164,57.15004,54.0,50.0,78.0,10.0,69.0,50.0,13.13116,Laden,54.833333333333336,10.833333333333334
2026-01-28 07:20:00,480.25419,306,373.0,94.0,235.26202,391.22876,0.77438,0.0,0.0,0.0,247.18049,423.27371,0.7482,0.91672,54.0,50.99072,78.0,10.0,69.0,50.0,13.31099,Laden,54.849845333333334,10.833333333333334
2026-01-28 07:25:00,520.12163,306,373.0,94.0,251.83657,384.49624,0.84201,0.0,0.0,0.0,266.76622,411.57253,0.82901,13.79378,54.0,51.86201,78.0,10.0,69.0,50.0,12.16948,Laden,54.864366833333335,10.833333333333334
2026-01-28 07:30:00,504.36399,306,373.0,94.0,246.15642,377.88723,0.8331,0.0,0.0,0.0,259.04481,404.5418,0.82022,39.19404,54.0,52.46822,78.0,10.0,69.0,50.20899,10.96743,Laden,54.874470333333335,10.8368165
2026-01-28 07:35:00,455.76539,306,373.0,94.0,222.41823,342.1443,0.83374,0.0,0.0,0.0,233.50104,366.93027,0.81325,230.08815,54.0,53.66267,78.0,10.0,69.0,51.50618,8.5663,Laden,54.89437783333333,10.858436333333334
2026-01-28 07:40:00,450.47217,306,373.0,94.0,219.53943,337.89533,0.8334,0.0,0.0,0.0,230.14414,362.37465,0.81067,329.65477,54.0,54.0,78.0,10.0,69.0,51.0,7.50601,Laden,54.9,10.85
2026-01-28 07:45:00,456.89701,306,373.0,94.0,223.0957,341.96847,0.8383,0.0,0.0,0.0,234.15861,365.87501,0.8169,163.59918,54.0,54.57272,78.0,10.0,69.0,51.0,7.03341,Laden,54.909545333333334,10.85
2026-01-28 07:50:00,464.42181,306.45934,373.0,94.0,225.52164,344.73971,0.83774,0.0,0.0,0.0,238.59621,372.53077,0.81885,40.21101,54.0,55.0,78.0,10.0,69.0,51.0,6.9985,Laden,54.916666666666664,10.85
2026-01-28 07:55:00,446.20214,307,373.0,94.0,220.31367,332.0316,0.84848,0.0,0.0,0.0,226.55711,352.52662,0.8224,50.74884,54.0,56.0,78.0,10.0,69.0,52.54282,11.1756,Laden,54.93333333333333,10.875713666666666
2026-01-28 08:00:00,457.24578,307,373.0,94.0,225.91203,339.263,0.85237,0.0,0.0,0.0,230.88678,358.17971,0.81967,58.11773,54.0,56.18959,78.0,10.0,69.0,53.62562,12.51482,Laden,54.936493166666665,10.893760333333333
2026-01-28 08:05:00,454.47259,307,373.0,94.0,224.92683,337.08633,0.85269,0.0,0.0,0.0,229.49888,356.07758,0.82168,58.173,54.0,57.0,78.0,10.0,69.0,54.83503,13.06586,Laden,54.95,10.913917166666666
2026-01-28 08:10:00,459.05263,307,373.0,94.0,227.61103,337.13082,0.86041,0.0,0.0,0.0,233.7703,356.49836,0.83354,58.13748,54.0,57.13773,78.0,10.0,69.0,56.241,13.2,Laden,54.9522955,10.93735
2026-01-28 08:15:00,456.73049,307,373.0,94.99819,226.50852,337.56372,0.85629,0.0,0.0,0.0,231.38588,354.5417,0.83136,17.38314,54.0,58.60645,78.0,10.0,69.0,58.0,12.72154,Laden,54.976774166666665,10.966666666666667
2026-01-28 08:20:00,449.53575,307,373.0,95.0,222.81088,334.28243,0.85317,0.0,0.0,0.0,228.08782,353.70959,0.8174,14.00191,54.40138,35.31871,78.0,10.0,69.0,58.4466,13.01401,Laden,54.99002516666667,10.97411
2026-01-28 08:25:00,437.33488,307,373.0,95.0,215.46175,325.16904,0.84716,0.0,0.0,0.0,221.14307,346.52051,0.81385,12.27569,55.0,0.22069,78.0,10.0,69.0,59.0,13.02419,Laden,55.00367816666667,10.983333333333333
2026-01-28 08:30:00,449.0934,307,373.0,95.0,220.65929,330.26591,0.85037,0.0,0.0,0.0,227.16799,352.47081,0.82322,12.17455,55.0,1.04235,78.0,10.0,69.0,59.0,12.96439,Laden,55.0173725,10.983333333333333
2026-01-28 08:35:00,450.91941,307,373.0,95.0,222.55056,331.68503,0.85579,0.0,0.0,0.0,227.3163,350.78095,0.82702,121.67028,55.0,2.85685,78.0,10.0,69.0,59.0,12.70124,Laden,55.04761416666667,10.983333333333333
2026-01-28 08:40:00,442.4043,307,373.0,95.0,218.6867,326.72073,0.85245,0.0,0.0,0.0,223.43036,347.9114,0.81506,345.60125,55.0,3.6661,78.0,10.0,69.0,59.0,12.57378,Laden,55.061101666666666,10.983333333333333
2026-01-28 08:45:00,436.82593,307,373.0,95.0,216.09045,326.6741,0.84577,0.0,0.0,0.0,221.19738,348.12533,0.80926,238.11507,55.0,4.45102,78.0,10.0,69.0,59.0,12.73324,Laden,55.07418366666667,10.983333333333333
2026-01-28 08:50:00,438.46576,307,373.0,95.0,217.13473,325.87477,0.8502,0.0,0.0,0.0,222.59017,348.44417,0.81682,1.08221,55.0,5.27944,78.0,10.0,69.0,59.0,12.79415,Laden,55.08799066666667,10.983333333333333
2026-01-28 08:55:00,447.68035,307,373.0,95.0,220.74758,328.77733,0.85858,0.0,0.0,0.0,225.37383,348.55528,0.82392,1.02495,55.0,7.0,78.0,10.0,69.0,59.0,13.0,Laden,55.11666666666667,10.983333333333333
2026-01-28 09:00:00,446.25984,307,373.0,95.0,221.13389,332.61372,0.85672,0.0,0.0,0.0,226.42415,351.66995,0.82451,9.63999,55.0,7.96813,78.0,10.0,69.0,59.0,12.93069,Laden,55.132802166666664,10.983333333333333
2026-01-28 09:05:00,449.50197,307,373.0,95.0,221.01572,334.02229,0.85063,0.0,0.0,0.0,227.36555,354.11053,0.82401,27.57455,55.0,8.77956,78.0,10.16213,69.0,49.48367,12.78178,Laden,55.146326,10.986857833333334
2026-01-28 09:10:00,444.91338,307,373.0,95.0,219.46321,330.0399,0.85276,0.0,0.0,0.0,223.67615,348.49055,0.82244,50.36371,55.0,9.27968,78.0,11.0,69.0,0.19587,12.33952,Laden,55.15466133333334,11.0032645
2026-01-28 09:15:00,439.97622,307,373.0,95.0,217.58323,327.04562,0.84847,0.0,0.0,0.0,222.86314,346.01792,0.81984,50.62933,55.0,10.52258,78.0,11.0,69.0,2.33854,12.6,Laden,55.17537633333333,11.038975666666667
2026-01-28 09:20:00,447.34625,307,373.0,95.0,221.02089,329.24536,0.86034,0.0,0.0,0.0,224.9917,348.51925,0.82438,68.02888,55.0,11.0,78.0,11.0,69.0,3.49632,12.44575,Laden,55.18333333333333,11.058272
2026-01-28 09:25:00,428.8463,307,373.0,95.0,220.53587,329.73964,0.85646,0.0,0.0,0.0,207.75,332.37568,0.79683,57.84492,55.0,11.12251,78.0,11.0,69.0,4.75044,12.28212,Laden,55.18537516666667,11.079174
2026-01-28 09:30:00,437.63848,307,373.0,95.0,225.95316,336.7363,0.86027,0.0,0.0,0.0,213.65345,337.33144,0.80435,9.97287,55.0,12.0,78.0,11.0,69.0,5.79689,11.77926,Laden,55.2,11.096614833333334
2026-01-28 09:35:00,446.4141,307,373.0,95.0,229.00789,338.5602,0.86092,0.0,0.0,0.0,216.51575,340.53211,0.81188,340.90106,55.0,13.58922,78.0,11.0,69.0,5.66338,12.27428,Laden,55.226487,11.094389666666666
2026-01-28 09:40:00,452.14547,307,373.0,95.0,232.63418,341.02588,0.87053,0.0,0.0,0.0,219.77905,342.85254,0.81773,337.08718,55.0,14.28576,78.0,11.0,69.0,5.0,12.68918,Laden,55.238096,11.083333333333334
2026-01-28 09:45:00,443.96042,307,373.0,95.0,228.43496,337.7192,0.86394,0.0,0.0,0.0,215.74018,340.12963,0.80907,336.76777,55.0,15.03368,78.0,11.0,69.0,4.3638,12.9808,Laden,55.25056133333333,11.07273
2026-01-28 09:50:00,442.81645,307,373.0,95.0,227.62035,337.39005,0.863,0.0,0.0,0.0,215.52831,341.7444,0.8046,337.33691,55.0,16.0,78.0,11.0,69.0,4.0,13.01156,Laden,55.266666666666666,11.066666666666666
2026-01-28 09:55:00,432.41099,307,373.0,95.0,221.36354,330.70858,0.85593,0.0,0.0,0.0,209.42061,333.14698,0.80114,336.8055,55.0,17.53847,78.0,11.0,69.0,2.66228,13.12051,Laden,55.29230783333333,11.044371333333334
2026-01-28 10:00:00,428.37125,307,373.0,95.0,220.5451,329.59221,0.85838,0.0,0.0,0.0,207.44073,332.37493,0.79808,341.36316,55.0,18.30416,78.0,11.0,69.0,2.0,13.15475,Laden,55.305069333333336,11.033333333333333
2026-01-28 10:05:00,439.35282,307,373.0,95.0,225.24209,335.39116,0.85934,0.0,0.0,0.0,214.09056,337.88907,0.80601,18.72515,55.0,19.14138,78.0,11.0,69.0,2.0,12.96469,Laden,55.319023,11.033333333333333
2026-01-28 10:10:00,454.75507,307,373.0,95.0,234.24433,345.15727,0.86902,0.0,0.0,0.0,221.61184,345.74953,0.81686,2.0866,55.0,20.02889,78.0,11.0,69.0,2.0,13.39142,Laden,55.333814833333335,11.033333333333333
2026-01-28 10:15:00,432.18816,307,373.0,95.0,222.41947,331.87447,0.85711,0.0,0.0,0.0,209.83049,334.11172,0.80495,311.42096,55.0,21.93628,78.0,11.0,69.0,1.89384,13.07209,Laden,55.36560466666667,11.031564
2026-01-28 10:20:00,432.5607,307,373.0,95.0,221.47963,330.99277,0.85364,0.0,0.0,0.0,209.34902,333.77453,0.80086,324.67259,55.0,22.64696,78.0,11.0,69.0,1.0,12.9378,Laden,55.37744933333333,11.016666666666667
2026-01-28 10:25:00,424.66354,307,373.0,95.0,219.31881,327.48014,0.85726,0.0,0.0,0.0,206.06523,330.56483,0.79809,326.73621,55.0,23.29382,78.0,11.0,69.0,0.08227,13.21993,Laden,55.38823033333333,11.001371166666667
2026-01-28 10:30:00,444.32446,307,373.0,95.0,228.77219,340.32086,0.85838,0.0,0.0,0.0,215.59342,341.0424,0.80676,326.0857,55.0,24.0,78.0,10.27598,69.0,42.66791,13.27648,Laden,55.4,10.987111833333334
2026-01-28 10:35:00,443.03764,307,373.0,95.0,227.29023,339.9526,0.85701,0.0,0.0,0.0,215.11511,341.49379,0.80286,325.30109,55.0,25.56859,78.0,10.0,69.0,57.56087,13.1,Laden,55.42614316666667,10.959347833333334
2026-01-28 10:40:00,428.55433,307,373.0,95.0,219.59503,328.529,0.85336,0.0,0.0,0.0,208.25971,332.22072,0.79914,324.97033,55.0,26.18111,78.0,10.0,69.0,56.69067,13.17017,Laden,55.43635183333333,10.9448445
2026-01-28 10:45:00,444.46986,307,373.0,95.0,227.63033,336.66864,0.86806,0.0,0.0,0.0,216.57511,340.10161,0.81092,324.91076,55.0,27.0,78.0,10.0,69.0,55.79694,13.274,Laden,55.45,10.929949
2026-01-28 10:50:00,440.23349,307,373.0,95.0,225.8995,336.06265,0.86174,0.0,0.0,0.0,214.41132,339.09758,0.80671,326.9818,55.0,27.80706,78.0,10.0,69.0,54.95882,13.3,Laden,55.463451,10.915980333333334
2026-01-28 10:55:00,425.75812,307,373.0,95.0,218.52675,327.48376,0.85137,0.0,0.0,0.0,207.57894,332.84609,0.79336,325.77481,55.0,29.14181,78.0,10.0,69.0,53.11684,13.4121,Laden,55.485696833333336,10.885280666666667
2026-01-28 11:00:00,430.72505,307,373.0,95.0,221.2813,331.53101,0.85894,0.0,0.0,0.0,210.17378,335.62927,0.79953,328.95802,55.0,30.0,78.0,10.0,69.0,52.26984,13.50643,Laden,55.5,10.871164
2026-01-28 11:05:00,438.72261,307,373.0,95.0,225.00809,334.26917,0.86272,0.0,0.0,0.0,213.94785,338.55449,0.80526,334.96326,55.0,30.86259,78.0,10.0,69.0,51.64133,13.7488,Laden,55.5143765,10.860688833333333
2026-01-28 11:10:00,438.2174,307,373.0,95.0,225.59561,334.91487,0.86183,0.0,0.0,0.0,213.94948,338.77417,0.80714,337.71752,55.0,31.68203,78.0,10.0,69.0,51.0,13.88359,Laden,55.52803383333333,10.85
2026-01-28 11:15:00,422.03173,307,373.0,95.0,215.95189,326.18066,0.84656,0.0,0.0,0.0,206.45972,331.00434,0.79577,341.3489,55.0,33.39223,78.0,10.0,69.0,50.0,13.9,Laden,55.556537166666665,10.833333333333334
2026-01-28 11:20:00,429.63934,307,373.0,95.0,220.62016,330.18901,0.85299,0.0,0.0,0.0,209.19725,332.4131,0.79995,340.46832,55.0,34.2466,78.0,10.0,69.0,49.06254,13.9,Laden,55.57077666666667,10.817709
2026-01-28 11:25:00,437.02133,307,373.0,95.0,223.82843,335.33573,0.85349,0.0,0.0,0.0,213.05925,339.34795,0.80415,341.08262,55.0,35.10146,78.0,10.0,69.0,48.78118,13.93721,Laden,55.58502433333334,10.813019666666667
2026-01-28 11:30:00,446.0846,307,373.0,95.0,228.39805,337.71482,0.86506,0.0,0.0,0.0,217.77774,340.61268,0.81343,341.27788,55.0,36.0,78.0,10.0,69.0,48.0,13.95186,Laden,55.6,10.8
2026-01-28 11:35:00,462.30015,307,373.0,95.0,228.27133,341.3725,0.86003,0.0,0.0,0.0,234.81686,362.97265,0.82595,343.82887,55.0,37.80936,78.0,10.0,69.0,47.0,13.97228,Laden,55.630156,10.783333333333333
2026-01-28 11:40:00,449.2861,307,373.0,95.0,219.54945,329.45822,0.85067,0.0,0.0,0.0,227.63293,354.49742,0.81795,112.90788,55.0,38.6913,78.0,10.0,69.0,47.0,13.67154,Laden,55.644855,10.783333333333333
2026-01-28 11:45:00,428.72385,307,373.0,95.0,210.36471,318.1943,0.84567,0.0,0.0,0.0,218.73954,343.30374,0.81383,6.28653,55.0,39.58312,78.0,10.0,69.0,47.0,13.41202,Laden,55.65971866666667,10.783333333333333
2026-01-28 11:50:00,439.08823,307,373.0,95.0,215.0983,324.71474,0.85173,0.0,0.0,0.0,223.87477,349.22054,0.81848,9.2001,55.0,40.46839,78.0,10.0,69.0,47.0,13.51548,Laden,55.674473166666665,10.783333333333333
2026-01-28 11:55:00,477.14519,307,373.0,95.0,224.46193,341.86836,0.83932,0.0,0.0,0.0,251.96406,385.13103,0.8341,13.23362,55.0,42.23093,78.0,10.0,69.0,47.0,13.58295,Laden,55.70384883333333,10.783333333333333
2026-01-28 12:00:00,481.13464,307,373.0,95.0,227.25317,345.36803,0.84399,0.0,0.0,0.0,253.30433,386.65417,0.8403,13.83473,55.0,43.09734,78.0,10.0,69.0,47.88793,13.43431,Laden,55.718289,10.798132166666667
2026-01-28 12:05:00,464.5618,307,373.0,95.0,221.09723,336.42283,0.8391,0.0,0.0,0.0,243.79372,374.32437,0.82909,13.29805,55.0,44.0,78.0,10.0,69.0,48.0,13.50038,Laden,55.733333333333334,10.8
2026-01-28 12:10:00,460.46711,307,373.0,95.0,234.98278,345.14045,0.86775,0.0,0.0,0.0,224.83467,348.07675,0.82309,12.89772,55.0,44.96728,78.0,10.0,69.0,48.0,13.6,Laden,55.749454666666665,10.8
2026-01-28 12:15:00,443.61433,307.28038,373.0,95.0,227.07839,335.00589,0.86497,0.0,0.0,0.0,216.6167,339.8528,0.81447,7.37962,55.0,46.73397,78.0,10.0,69.0,49.0,13.7,Laden,55.7788995,10.816666666666666
2026-01-28 12:20:00,451.15602,308,373.0,95.0,231.45404,340.5471,0.86822,0.0,0.0,0.0,219.67636,343.22795,0.81456,7.15275,55.0,47.62241,78.0,10.0,69.0,49.0,13.5209,Laden,55.79370683333333,10.816666666666666
2026-01-28 12:25:00,437.88977,308,373.0,95.0,225.09779,334.17399,0.86094,0.0,0.0,0.0,213.19876,337.51817,0.80655,8.84775,55.0,48.50195,78.0,10.0,69.0,49.0,13.31272,Laden,55.80836583333333,10.816666666666666
2026-01-28 12:30:00,446.24068,308,373.0,95.0,228.10127,338.45939,0.86389,0.0,0.0,0.0,217.89602,343.12395,0.81057,32.51264,55.0,49.24247,78.0,10.0,69.0,49.8302,12.94328,Laden,55.82070783333333,10.830503333333333
2026-01-28 12:35:00,438.86868,308,373.0,95.0,224.86756,337.08134,0.85573,0.0,0.0,0.0,214.74618,340.95991,0.80315,37.09646,55.0,50.79747,78.0,10.0,69.0,51.56718,12.9068,Laden,55.8466245,10.859453
2026-01-28 12:40:00,436.60283,308,373.0,95.0,223.22557,333.12485,0.85754,0.0,0.0,0.0,213.64228,338.54046,0.80474,37.07238,55.0,51.33487,78.0,10.0,69.0,52.49265,12.88075,Laden,55.85558116666667,10.8748775
2026-01-28 12:45:00,454.56555,308,373.0,95.0,233.39199,345.40622,0.86567,0.0,0.0,0.0,222.24249,348.17098,0.81477,38.51712,55.0,52.0,78.0,10.0,69.0,53.41342,12.80597,Laden,55.86666666666667,10.890223666666667
2026-01-28 12:50:00,445.19998,308,373.0,95.64944,227.48776,340.50956,0.8559,0.0,0.0,0.0,217.38993,344.68669,0.8054,40.26232,55.0,52.85912,78.0,10.0,69.0,54.39068,13.12757,Laden,55.880985333333335,10.906511333333333
2026-01-28 12:55:00,432.62321,308,373.0,96.0,221.35313,332.50307,0.85226,0.0,0.0,0.0,211.8222,337.40583,0.80002,43.32393,55.0,54.0,78.0,10.0,69.0,56.46915,13.21315,Laden,55.9,10.9411525
2026-01-28 13:00:00,445.35532,308,373.0,96.0,228.31235,338.1476,0.86316,0.0,0.0,0.0,216.99868,342.34705,0.807,41.43,55.0,54.81691,78.0,10.0,69.0,57.51151,13.04844,Laden,55.913615166666666,10.958525166666666
2026-01-28 13:05:00,446.91601,308,373.0,96.0,228.68342,340.69374,0.86106,0.0,0.0,0.0,218.14206,343.58554,0.8066,35.07818,55.0,55.35208,78.0,10.0,69.0,58.44703,12.9,Laden,55.922534666666664,10.974117166666666
2026-01-28 13:10:00,432.56459,308,373.0,96.0,222.15845,333.26984,0.85747,0.0,0.0,0.0,210.6884,336.63805,0.80224,30.29949,55.0,56.02179,78.0,10.13353,69.0,51.12195,12.92141,Laden,55.9336965,10.9855625
2026-01-28 13:15:00,433.89172,308,373.0,96.0,222.37757,334.76192,0.85063,0.0,0.0,0.0,210.98429,335.73321,0.80146,37.9934,55.0,57.62494,78.0,11.0,69.0,0.94049,12.89223,Laden,55.96041566666667,11.015674833333334
2026-01-28 13:20:00,429.71934,308,373.0,96.0,221.29885,332.28871,0.85216,0.0,0.0,0.0,208.97908,332.82701,0.80084,37.2012,55.0,58.18571,78.0,11.0,69.0,1.85405,12.96763,Laden,55.96976183333334,11.030900833333334
2026-01-28 13:25:00,447.40274,308,373.0,96.0,228.52483,339.6265,0.8593,0.0,0.0,0.0,217.47036,339.7492,0.81941,36.36669,55.0,59.0,78.0,11.0,69.0,2.75636,12.73974,Laden,55.983333333333334,11.045939333333333
2026-01-28 13:30:00,438.87873,308,373.0,96.0,226.03514,338.92438,0.85593,0.0,0.0,0.0,213.75194,336.93089,0.81118,36.35469,55.73621,15.52693,78.0,11.0,69.0,3.6318,12.59662,Laden,55.99499216666667,11.06053
2026-01-28 13:35:00,428.09268,308,373.0,96.0,219.01215,330.4685,0.85453,0.0,0.0,0.0,208.07855,332.90973,0.79958,35.71055,56.0,1.0,78.0,11.0,69.0,5.33632,12.31346,Laden,56.016666666666666,11.088938666666667
2026-01-28 13:40:00,432.90641,308,373.0,96.0,222.01316,331.78649,0.85316,0.0,0.0,0.0,209.72486,334.30914,0.80063,25.76561,56.0,1.79095,78.0,11.0,69.0,6.0,12.11041,Laden,56.029849166666665,11.1
2026-01-28 13:45:00,429.33061,308,373.0,96.0,220.20796,330.77035,0.85047,0.0,0.0,0.0,209.15438,333.0092,0.79998,25.35473,56.0,2.43498,78.0,11.0,69.0,6.80939,12.2,Laden,56.040583,11.113489833333333
2026-01-28 13:50:00,442.69962,308,373.0,96.0,227.8153,338.7841,0.86019,0.0,0.0,0.0,215.61817,339.90461,0.81207,25.56419,56.0,3.09836,78.0,11.0,69.0,7.1411,12.29399,Laden,56.051639333333334,11.119018333333333
2026-01-28 13:55:00,432.87877,308,373.0,96.0,222.78976,332.72062,0.85931,0.0,0.0,0.0,210.74626,336.32154,0.79821,26.41465,56.0,4.77774,78.0,11.0,69.0,8.43897,12.25867,Laden,56.079629,11.1406495
2026-01-28 14:00:00,467.44171,308,373.0,96.0,238.04003,360.32246,0.85002,0.0,0.0,0.0,233.88003,370.82301,0.80708,53.11167,56.0,5.14029,78.0,11.0,69.0,9.16619,10.49977,Laden,56.0856715,11.152769833333334
2026-01-28 14:05:00,478.71377,308,373.0,96.0,237.22789,357.34235,0.85056,0.0,0.0,0.0,240.75039,376.88926,0.81663,63.81811,56.0,6.0,78.0,11.0,69.0,10.08155,9.10903,Laden,56.1,11.168025833333333
2026-01-28 14:10:00,488.23241,308,373.0,96.0,242.59697,365.62744,0.85269,0.0,0.0,0.0,246.33279,385.89452,0.81771,70.34846,56.0,6.0,78.0,11.0,69.0,11.0,8.45815,Laden,56.1,11.183333333333334
2026-01-28 14:15:00,461.69465,308,373.0,96.0,229.36981,348.445,0.84202,0.0,0.0,0.0,233.59647,368.81736,0.81004,119.20187,56.0,6.52185,78.0,11.0,69.0,12.8842,7.3968,Laden,56.1086975,11.214736666666667
2026-01-28 14:20:00,456.47771,308,373.0,96.0,226.65356,346.04433,0.84225,0.0,0.0,0.0,230.66588,365.52802,0.80822,184.84535,56.0,7.0,78.0,11.0,69.0,13.0,6.8818,Laden,56.11666666666667,11.216666666666667
2026-01-28 14:25:00,488.30115,308,373.0,96.0,245.82378,369.49922,0.85672,0.0,0.0,0.0,238.85732,379.94133,0.80962,25.68511,56.0,7.36947,78.0,11.0,69.0,13.0,7.68339,Laden,56.1228245,11.216666666666667
2026-01-28 14:30:00,450.48789,308,373.0,96.0,231.19304,343.32997,0.86266,0.0,0.0,0.0,219.42224,346.04173,0.80627,36.20159,56.0,8.0,78.0,11.0,69.0,13.40365,10.03054,Laden,56.13333333333333,11.223394166666667
2026-01-28 14:35:00,462.88422,308,373.0,96.0,230.49419,347.44845,0.85455,0.0,0.0,0.0,236.28894,370.36008,0.81783,37.38328,56.0,9.0,78.0,11.0,69.0,15.00128,12.03404,Laden,56.15,11.250021333333333
2026-01-28 14:40:00,560.3536,308,373.0,96.0,281.4426,417.50621,0.86079,0.0,0.0,0.0,276.52603,425.03482,0.82986,36.22668,56.0,9.98954,78.0,11.0,69.0,16.0,12.36011,Laden,56.16649233333333,11.266666666666667
2026-01-28 14:45:00,559.46662,308,373.0,96.0,281.87102,414.99735,0.87209,0.0,0.0,0.0,275.73177,422.52153,0.83358,31.2186,56.0,10.54791,78.0,11.0,69.0,16.78784,12.36139,Laden,56.1757985,11.279797333333333
2026-01-28 14:50:00,535.20751,308,373.0,96.0,270.8606,399.54947,0.86277,0.0,0.0,0.0,264.07125,407.74657,0.82558,30.74985,56.0,11.16527,78.0,11.0,69.0,17.37779,12.3,Laden,56.18608783333333,11.289629833333333
2026-01-28 14:55:00,452.78534,308,373.0,96.0,238.04822,350.66922,0.87483,0.0,0.0,0.0,215.70235,340.08145,0.81103,30.23508,56.0,12.76846,78.0,11.0,69.0,18.96427,12.29718,Laden,56.21280766666667,11.316071166666667
2026-01-28 15:00:00,449.26072,308,373.0,96.0,235.80662,349.14191,0.86701,0.0,0.0,0.0,212.96474,339.08559,0.79875,30.09818,56.0,13.37831,78.0,11.0,69.0,19.57454,12.3,Laden,56.22297183333333,11.326242333333333
2026-01-28 15:05:00,437.23088,308,373.0,96.0,221.19848,331.42547,0.8529,0.0,0.0,0.0,216.655,341.27507,0.80849,31.00873,56.0,14.0,78.0,11.0,69.0,20.23258,12.25528,Laden,56.233333333333334,11.337209666666666
2026-01-28 15:10:00,427.20533,308,373.0,96.0,208.27335,315.98019,0.8386,0.0,0.0,0.0,218.64983,340.19924,0.81425,31.62577,56.0,14.9624,78.0,11.0,69.0,21.0,12.15184,Laden,56.24937333333333,11.35
2026-01-28 15:15:00,448.66579,308,373.0,96.0,218.5658,328.72068,0.85029,0.0,0.0,0.0,229.22295,354.04862,0.82371,32.59561,56.0,16.08926,78.0,11.0,69.0,22.58831,12.21902,Laden,56.268154333333335,11.376471833333333
2026-01-28 15:20:00,438.99656,308,373.0,96.0,214.90689,326.41289,0.83916,0.0,0.0,0.0,224.58417,348.71294,0.818,32.98218,56.0,17.0,78.0,11.0,69.0,23.26239,12.35627,Laden,56.28333333333333,11.3877065
2026-01-28 15:25:00,426.25217,308,373.0,96.0,208.90494,317.93471,0.8373,0.0,0.0,0.0,218.67868,341.62998,0.81521,32.7803,56.0,17.68887,78.0,11.0,69.0,24.0,12.42661,Laden,56.2948145,11.4
2026-01-28 15:30:00,424.86501,308,373.0,96.0,207.19227,315.91392,0.83899,0.0,0.0,0.0,217.53986,340.24684,0.81626,32.01177,56.0,18.3023,78.0,11.0,69.0,24.94286,12.5575,Laden,56.305038333333336,11.415714333333334
2026-01-28 15:35:00,435.52124,308,373.0,96.0,214.00308,325.76051,0.84317,0.0,0.0,0.0,223.31849,347.9727,0.82453,33.36518,56.0,19.94813,78.0,11.0,69.0,26.33349,12.70137,Laden,56.33246883333333,11.4388915
2026-01-28 15:40:00,446.72665,308,373.0,96.0,218.17215,329.49371,0.84906,0.0,0.0,0.0,227.28154,351.66266,0.8299,36.03849,56.0,20.58312,78.0,11.0,69.0,27.09431,12.79576,Laden,56.343052,11.451571833333333
2026-01-28 15:45:00,434.04202,308,373.0,96.0,212.90407,322.64483,0.84354,0.0,0.0,0.0,221.82866,346.17987,0.81673,37.73211,56.0,21.17206,78.0,11.0,69.0,28.0,12.83865,Laden,56.35286766666667,11.466666666666667
2026-01-28 15:50:00,448.69627,308,373.0,96.0,219.76711,330.28172,0.85097,0.0,0.0,0.0,228.51273,354.13284,0.82327,37.45792,56.0,22.0,78.0,11.0,69.0,28.97118,13.06022,Laden,56.36666666666667,11.482853
2026-01-28 15:55:00,445.67917,308,373.0,96.0,218.39463,329.46233,0.84785,0.0,0.0,0.0,227.88592,353.43722,0.82282,38.00666,56.0,23.4016,78.0,11.0,69.0,30.75943,13.2,Laden,56.390026666666664,11.512657166666667
2026-01-28 16:00:00,429.76709,308,373.0,96.0,210.52618,319.72868,0.84033,0.0,0.0,0.0,219.39785,342.60179,0.82164,37.83582,56.0,24.00364,78.0,11.0,69.0,31.68748,13.2,Laden,56.40006066666667,11.528124666666667
2026-01-28 16:05:00,441.13516,308,373.0,96.0,215.6947,325.3853,0.84947,0.0,0.0,0.0,225.38212,349.46288,0.82702,36.14825,56.0,25.0,78.0,11.0,69.0,32.6115,13.19782,Laden,56.416666666666664,11.543525
2026-01-28 16:10:00,439.92887,308,373.0,96.0,215.80009,328.28355,0.83901,0.0,0.0,0.0,225.77976,352.8713,0.81828,36.08323,56.0,25.62071,78.0,11.0,69.0,33.51076,13.09835,Laden,56.42701183333333,11.558512666666667
2026-01-28 16:15:00,431.65863,308,373.0,96.0,211.34977,320.37668,0.84194,0.0,0.0,0.0,221.62856,347.41041,0.81621,32.76871,56.0,27.0,78.0,11.0,69.0,35.2444,12.79053,Laden,56.45,11.587406666666666
2026-01-28 16:20:00,443.06394,308,373.0,96.0,217.18576,326.85753,0.85282,0.0,0.0,0.0,226.44233,351.84732,0.82385,33.07431,56.0,27.8152,78.0,11.0,69.0,36.04978,12.94356,Laden,56.463586666666664,11.600829666666666
2026-01-28 16:25:00,429.82693,308,373.0,96.0,209.64963,317.1373,0.8467,0.0,0.0,0.0,219.30333,342.01074,0.81856,33.5863,56.0,28.462,78.0,11.0,69.0,37.0,13.05628,Laden,56.47436666666667,11.616666666666667
2026-01-28 16:30:00,438.46537,308,373.0,96.0,214.12244,324.49096,0.84422,0.0,0.0,0.0,224.14629,348.66243,0.8187,33.53702,56.0,29.12947,78.0,11.0,69.0,37.81869,13.1,Laden,56.48549116666667,11.6303115
2026-01-28 16:35:00,424.35587,308,373.0,96.0,207.73804,319.39818,0.83542,0.0,0.0,0.0,217.28013,344.10614,0.80927,33.82449,56.0,30.78715,78.0,11.0,69.0,39.41111,13.1,Laden,56.51311916666667,11.656851833333333
2026-01-28 16:40:00,434.73402,308,373.0,96.0,212.10288,322.4721,0.84109,0.0,0.0,0.0,222.05447,347.88916,0.81672,34.46186,56.0,31.44516,78.0,11.0,69.0,40.23691,13.14109,Laden,56.524086,11.670615166666666
2026-01-28 16:45:00,449.17323,308.64351,373.0,96.0,219.758,332.3408,0.8502,0.0,0.0,0.0,231.29195,358.21873,0.8285,34.74555,56.0,32.08164,78.0,11.0,69.0,41.09173,13.1879,Laden,56.534694,11.684862166666667
2026-01-28 16:50:00,464.95813,309,373.0,96.0,225.65573,342.1072,0.84287,0.0,0.0,0.0,240.88042,371.67136,0.82736,34.89075,56.0,33.0,78.0,11.0,69.0,42.0,13.21699,Laden,56.55,11.7
2026-01-28 16:55:00,460.44794,309,373.0,96.0,221.92154,341.92287,0.83294,0.0,0.0,0.0,237.60072,370.60842,0.82009,34.58312,56.0,34.36105,78.0,11.0,69.0,43.88977,13.36355,Laden,56.57268416666667,11.731496166666666
2026-01-28 17:00:00,436.71556,309,373.0,96.0,209.91379,320.86398,0.83472,0.0,0.0,0.0,226.38681,351.44611,0.82361,34.56267,56.0,35.00293,78.0,11.0,69.0,44.79798,13.4,Laden,56.58338216666667,11.746633
2026-01-28 17:05:00,447.72659,309,373.0,96.0,215.09175,324.2902,0.84726,0.0,0.0,0.0,231.61846,355.16134,0.83197,34.58762,56.0,36.0,78.0,11.0,69.0,45.73175,13.44241,Laden,56.6,11.762195833333333
2026-01-28 17:10:00,431.70749,309,373.0,96.0,207.47125,316.94912,0.83653,0.0,0.0,0.0,223.58702,346.91328,0.81686,34.5387,56.0,36.64551,78.0,11.0,69.0,46.67484,13.5,Laden,56.6107585,11.777914
2026-01-28 17:15:00,413.09929,309,373.0,96.84587,197.75472,305.81761,0.82521,0.0,0.0,0.0,214.50071,338.01257,0.81013,34.69661,56.0,38.0,78.0,11.0,69.0,48.57074,13.4,Laden,56.63333333333333,11.809512333333334
2026-01-28 17:20:00,426.46533,309,373.0,97.0,204.70253,315.65737,0.83388,0.0,0.0,0.0,220.89428,346.56075,0.81479,34.93348,56.0,38.91824,78.0,11.0,69.0,49.51714,13.31934,Laden,56.64863733333333,11.825285666666666
2026-01-28 17:25:00,432.76446,309,373.0,97.0,208.63997,320.12437,0.83506,0.0,0.0,0.0,223.85587,349.29091,0.82124,35.02596,56.0,39.53375,78.0,11.0,69.0,50.46158,13.3,Laden,56.65889583333333,11.841026333333334
2026-01-28 17:30:00,424.32236,309,373.0,97.0,204.89234,313.00987,0.83802,0.0,0.0,0.0,219.95066,343.6101,0.81869,35.02215,56.0,40.14191,78.0,11.0,69.0,51.41034,13.28471,Laden,56.669031833333335,11.856839
2026-01-28 17:35:00,419.98637,309,373.0,97.0,201.66351,311.23208,0.82991,0.0,0.0,0.0,217.19961,342.5582,0.81323,34.50038,56.0,41.75231,78.0,11.0,69.0,53.30813,13.22955,Laden,56.695871833333335,11.888468833333333
2026-01-28 17:40:00,435.51897,309,373.0,97.0,210.68448,319.28788,0.84444,0.0,0.0,0.0,225.37718,348.41215,0.82383,25.80888,56.0,42.36352,78.0,11.0,69.0,54.15388,13.07937,Laden,56.706058666666664,11.902564666666667
2026-01-28 17:45:00,431.48265,309,373.0,97.0,208.75238,318.86448,0.83839,0.0,0.0,0.0,222.88882,348.73567,0.81923,250.35981,56.0,43.12366,78.0,11.0,69.0,54.93516,12.32667,Laden,56.718727666666666,11.915586
2026-01-28 17:50:00,443.60375,309,373.0,97.0,214.45739,326.37683,0.84604,0.0,0.0,0.0,229.90654,356.45251,0.82787,337.75886,56.0,44.0,78.0,11.0,69.0,54.0,12.49835,Laden,56.733333333333334,11.9
2026-01-28 17:55:00,427.85657,309,373.0,97.0,206.489,317.73508,0.83297,0.0,0.0,0.0,220.68801,346.43742,0.81596,336.22447,56.0,45.64439,78.0,11.0,69.0,53.0,13.08683,Laden,56.76073983333333,11.883333333333333
2026-01-28 18:00:00,419.57014,309,373.0,97.0,202.26193,314.29159,0.82527,0.0,0.0,0.0,217.99315,343.34732,0.81195,339.43162,56.0,46.41684,78.0,11.0,69.0,52.64782,13.2,Laden,56.773614,11.877463666666667
2026-01-28 18:05:00,432.97174,309,373.0,97.0,217.20819,327.36171,0.84848,0.0,0.0,0.0,216.88081,340.94122,0.81146,341.20752,56.0,47.22549,78.0,11.0,69.0,52.0,13.2,Laden,56.7870915,11.866666666666667
2026-01-28 18:10:00,432.54178,309,373.0,97.0,217.81221,330.09758,0.84699,0.0,0.0,0.0,215.42938,340.86324,0.80788,340.91295,56.0,48.02332,78.0,11.0,69.0,51.64224,13.14917,Laden,56.80038866666666,11.860704
2026-01-28 18:15:00,423.20501,309,373.0,97.0,212.76685,322.76771,0.84373,0.0,0.0,0.0,210.69562,335.56913,0.80136,340.8712,56.0,49.82604,78.0,11.0,69.0,50.63384,13.08176,Laden,56.830434,11.843897333333333
2026-01-28 18:20:00,427.17002,309,373.0,97.0,213.16617,324.78124,0.84554,0.0,0.0,0.0,213.21229,339.4888,0.80441,342.34658,56.0,50.61686,78.0,11.0,69.0,50.0,13.00341,Laden,56.843614333333335,11.833333333333334
2026-01-28 18:25:00,425.45029,309,373.0,97.0,213.00485,322.75713,0.84545,0.0,0.0,0.0,211.72083,335.67436,0.8052,344.49807,56.0,51.42737,78.0,11.0,69.0,49.78176,13.25381,Laden,56.857122833333335,11.829696
2026-01-28 18:30:00,435.15423,309,373.0,97.0,217.72369,326.16109,0.8552,0.0,0.0,0.0,215.8147,339.02424,0.81298,345.0013,56.0,52.25443,78.0,11.0,69.0,49.0,13.33197,Laden,56.87090716666667,11.816666666666666
2026-01-28 18:35:00,440.06463,309,373.0,97.0,219.47899,331.7305,0.84724,0.0,0.0,0.0,220.07818,346.76382,0.80745,347.86577,56.0,54.0,78.0,11.0,69.0,48.05844,13.37439,Laden,56.9,11.800974
2026-01-28 18:40:00,426.8648,309,373.0,97.0,213.35151,323.25293,0.84312,0.0,0.0,0.0,212.76399,338.42149,0.80698,347.32197,56.0,54.93912,78.0,11.0,69.0,48.0,13.51486,Laden,56.915652,11.8
2026-01-28 18:45:00,413.87762,309,373.0,97.0,205.22606,313.07426,0.84009,0.0,0.0,0.0,206.7177,329.63758,0.80134,347.93894,56.0,55.79415,78.0,11.0,69.0,47.47887,13.6,Laden,56.9299025,11.7913145
2026-01-28 18:50:00,424.55611,309,373.0,97.0,211.83013,319.84204,0.84671,0.0,0.0,0.0,213.62393,336.42874,0.80586,346.2835,56.0,56.65422,78.0,11.0,69.0,47.0,13.68524,Laden,56.944237,11.783333333333333
2026-01-28 18:55:00,445.11941,309,373.0,97.0,223.10557,334.79845,0.8535,0.0,0.0,0.0,222.78264,351.05657,0.81378,340.20507,56.0,58.34191,78.0,11.0,69.0,46.0,13.7,Laden,56.97236516666667,11.766666666666667
2026-01-28 19:00:00,434.85026,309,373.0,97.0,216.88119,327.74051,0.84657,0.0,0.0,0.0,216.96005,343.69886,0.81006,340.27242,56.17552,48.69325,78.0,11.0,69.0,45.32911,13.78678,Laden,56.987074166666666,11.755485166666666
2026-01-28 19:05:00,427.95021,309,373.0,97.0,213.77911,322.83928,0.84728,0.0,0.0,0.0,214.45627,338.84445,0.80801,340.27594,57.0,0.01705,78.0,11.0,69.0,44.96616,13.8,Laden,57.00028416666667,11.749436
2026-01-28 19:10:00,411.66607,309,373.0,97.0,205.5732,313.29742,0.83659,0.0,0.0,0.0,206.42357,328.82644,0.80189,339.99561,57.0,1.0,78.0,11.0,69.0,44.0,13.8,Laden,57.016666666666666,11.733333333333333
2026-01-28 19:15:00,425.62373,309,373.0,97.0,211.63304,322.64976,0.84049,0.0,0.0,0.0,213.17006,337.65037,0.80972,339.23884,57.0,2.68578,78.0,11.0,69.0,43.0,13.8483,Laden,57.044763,11.716666666666667
2026-01-28 19:20:00,437.76272,309,373.0,97.0,218.3474,329.06294,0.85027,0.0,0.0,0.0,217.93376,342.74166,0.81485,339.44706,57.0,3.52978,78.0,11.0,69.0,42.20597,13.78283,Laden,57.05882966666667,11.703432833333334
2026-01-28 19:25:00,425.1347,309,373.0,97.0,212.57581,323.79954,0.84115,0.0,0.0,0.0,213.83758,338.48103,0.80571,339.45931,57.0,4.3683,78.0,11.0,69.0,41.90365,13.74464,Laden,57.072805,11.698394166666667
2026-01-28 19:30:00,420.63028,309,373.0,97.0,210.07642,320.85394,0.83852,0.0,0.0,0.0,210.98745,336.25236,0.80002,339.4313,57.0,5.20777,78.0,11.0,69.0,41.0,13.81215,Laden,57.086796166666666,11.683333333333334
2026-01-28 19:35:00,436.19239,309,373.0,97.0,216.98014,328.12073,0.84821,0.0,0.0,0.0,218.00261,343.89802,0.81731,339.70854,57.0,7.0,78.0,11.0,69.0,40.0,13.9,Laden,57.11666666666667,11.666666666666666
2026-01-28 19:40:00,424.87582,309,373.0,97.0,211.91686,321.11196,0.8439,0.0,0.0,0.0,212.55889,337.29672,0.80438,340.09598,57.0,7.91378,78.0,11.0,69.0,39.2616,13.91343,Laden,57.13189633333333,11.65436
2026-01-28 19:45:00,418.81538,309,373.0,97.0,210.25757,318.35739,0.8436,0.0,0.0,0.0,209.8259,333.19837,0.80331,340.20396,57.0,8.77236,78.0,11.0,69.0,38.95329,14.04623,Laden,57.146206,11.6492215
2026-01-28 19:50:00,422.29191,309,373.0,97.0,210.60731,320.87804,0.84229,0.0,0.0,0.0,211.91061,337.42275,0.80264,344.96571,57.0,9.64203,78.0,11.0,69.0,38.0,14.18447,Laden,57.1607005,11.633333333333333
2026-01-28 19:55:00,428.72191,309,373.0,97.0,213.59362,323.50677,0.84587,0.0,0.0,0.0,216.12135,341.31667,0.80857,345.78427,57.0,11.43586,78.0,11.0,69.0,37.0,14.06303,Laden,57.19059766666667,11.616666666666667
2026-01-28 20:00:00,436.25917,309,373.0,97.0,217.3987,325.82611,0.84969,0.0,0.0,0.0,218.70116,342.21635,0.81317,341.62219,57.0,12.30973,78.0,11.0,69.0,36.8982,13.95921,Laden,57.20516216666667,11.61497
2026-01-28 20:05:00,424.34505,309,373.0,97.0,211.29113,317.36049,0.85027,0.0,0.0,0.0,211.76438,334.35615,0.80744,339.98885,57.0,13.15497,78.0,11.0,69.0,36.0,13.9,Laden,57.2192495,11.6
2026-01-28 20:10:00,423.83027,309,373.0,97.0,211.9451,321.57126,0.84794,0.0,0.0,0.0,212.23454,337.14146,0.80172,339.8626,57.0,14.0,78.0,11.0,69.0,35.45916,13.9,Laden,57.233333333333334,11.590986
2026-01-28 20:15:00,419.4633,309,373.0,97.0,209.88889,318.3103,0.83972,0.0,0.0,0.0,210.03679,335.62469,0.79753,340.30681,57.0,15.83482,78.0,11.0,69.0,34.03248,13.9,Laden,57.26391366666667,11.567208
2026-01-28 20:20:00,433.99929,309,373.0,97.0,216.28531,324.45846,0.85119,0.0,0.0,0.0,218.29733,341.11206,0.81415,340.07953,57.0,16.67799,78.0,11.0,69.0,33.64692,13.85908,Laden,57.2779665,11.560782
2026-01-28 20:25:00,435.09851,309,373.0,97.0,215.81798,325.23569,0.84748,0.0,0.0,0.0,218.75199,342.21527,0.81046,340.29539,57.0,17.52131,78.0,11.0,69.0,33.0,13.8,Laden,57.29202183333334,11.55
2026-01-28 20:30:00,421.53897,309,373.0,97.0,210.0137,318.05148,0.84364,0.0,0.0,0.0,211.65818,333.25922,0.81343,339.57373,57.0,18.36419,78.0,11.0,69.0,32.28475,13.8,Laden,57.30606983333333,11.538079166666666
2026-01-28 20:35:00,418.98834,309,373.0,97.0,208.46874,319.3501,0.83208,0.0,0.0,0.0,210.39052,334.47247,0.8029,340.1286,57.0,20.04339,78.0,11.0,69.0,31.0,13.8,Laden,57.3340565,11.516666666666667
2026-01-28 20:40:00,440.26569,309,373.0,97.0,218.73886,331.2593,0.84493,0.0,0.0,0.0,221.70055,347.57028,0.81741,340.73439,57.0,21.0,78.0,11.0,69.0,30.58118,13.8,Laden,57.35,11.509686333333333
2026-01-28 20:45:00,431.82213,309,373.0,97.0,214.99079,322.20046,0.84929,0.0,0.0,0.0,217.18452,339.64821,0.81838,340.69478,57.0,21.89502,78.0,11.0,69.0,30.0,13.78215,Laden,57.364917,11.5
2026-01-28 20:50:00,431.94802,309,373.0,97.0,215.19231,323.29717,0.84966,0.0,0.0,0.0,216.69547,340.2847,0.81341,341.02144,57.0,22.73006,78.0,11.0,69.0,29.30753,13.7,Laden,57.37883433333333,11.488458833333333
2026-01-28 20:55:00,434.44341,309,373.0,97.0,216.2357,327.22109,0.84337,0.0,0.0,0.0,218.64795,342.95583,0.81326,341.09938,57.0,24.40104,78.0,11.0,69.0,28.03512,13.58779,Laden,57.406684,11.467252
2026-01-28 21:00:00,432.49629,309,373.0,97.0,214.84101,325.82821,0.8443,0.0,0.0,0.0,216.25606,341.44419,0.80606,338.79362,57.0,25.21212,78.0,11.0,69.0,27.78873,13.31755,Laden,57.420202,11.4631455
2026-01-28 21:05:00,420.65874,309,373.0,97.0,209.89887,318.59349,0.84474,0.0,0.0,0.0,211.66637,336.00861,0.80344,335.14781,57.0,26.0,78.0,11.0,69.0,27.0,13.17583,Laden,57.43333333333333,11.45
2026-01-28 21:10:00,418.68544,309,373.0,97.0,208.98387,315.57254,0.84814,0.0,0.0,0.0,210.09192,332.6418,0.80469,335.15611,57.0,26.94445,78.0,11.0,69.0,26.18894,13.2,Laden,57.44907416666667,11.436482333333334
2026-01-28 21:15:00,430.06037,309,373.0,97.0,213.3504,322.74168,0.84396,0.0,0.0,0.0,215.9342,340.80976,0.80624,329.90888,57.0,28.37088,78.0,11.0,69.0,24.76007,13.22173,Laden,57.472848,11.412667833333334
2026-01-28 21:20:00,417.77653,309,373.0,97.0,208.28912,316.52312,0.83957,0.0,0.0,0.0,211.27553,335.7018,0.80183,320.66704,57.0,29.0,78.0,11.0,69.0,23.81247,13.21353,Laden,57.483333333333334,11.3968745
2026-01-28 21:25:00,450.6737,309.12656,373.0,97.0,234.24994,350.67842,0.85963,0.0,0.0,0.0,219.29023,351.28683,0.79613,305.05733,57.0,29.9501,78.0,11.0,69.0,22.59194,13.07756,Laden,57.49916833333333,11.376532333333333
2026-01-28 21:30:00,454.37679,310,373.0,97.0,239.49713,356.83602,0.85671,0.0,0.0,0.0,217.85783,351.51193,0.78922,299.13211,57.0,30.0,78.0,11.0,69.0,21.33297,13.20323,Laden,57.5,11.3555495
2026-01-28 21:35:00,438.5432,310,373.0,97.0,228.70964,340.38026,0.86066,0.0,0.0,0.0,209.17981,336.07188,0.7936,285.01567,57.0,31.0,78.0,11.0,69.0,18.24008,13.27597,Laden,57.516666666666666,11.304001333333334
2026-01-28 21:40:00,418.51401,310,373.0,97.0,219.29657,328.37374,0.85576,0.0,0.0,0.0,198.28638,323.57527,0.78325,285.22031,57.0,31.0,78.0,11.0,69.0,16.55705,13.3939,Laden,57.516666666666666,11.275950833333333
2026-01-28 21:45:00,429.63253,310,373.0,97.0,226.30096,337.47877,0.85849,0.0,0.0,0.0,204.72057,332.14837,0.78639,282.14784,57.0,31.0,78.0,11.0,69.0,14.96651,13.44668,Laden,57.516666666666666,11.249441833333334
2026-01-28 21:50:00,442.54993,310,373.0,97.0,231.89124,343.8083,0.86037,0.0,0.0,0.0,210.32892,337.60372,0.79485,282.67054,57.0,31.45014,78.0,11.0,69.0,13.40074,13.42666,Laden,57.524169,11.223345666666667
2026-01-28 21:55:00,420.79073,310,373.0,98.0,220.32559,327.8472,0.85857,0.0,0.0,0.0,200.48771,324.17248,0.79011,282.52768,57.0,32.0,78.0,11.0,69.0,10.09415,13.41212,Laden,57.53333333333333,11.168235833333334
2026-01-28 22:00:00,414.91412,310,373.0,98.0,218.04305,327.2114,0.85285,0.0,0.0,0.0,197.48367,322.41625,0.7827,282.58826,57.0,32.0,78.0,11.0,69.0,8.4692,13.4,Laden,57.53333333333333,11.141153333333333
2026-01-28 22:05:00,423.26535,310,373.0,98.0,222.04451,331.0363,0.85666,0.0,0.0,0.0,200.42508,325.7727,0.785,282.49575,57.0,32.0,78.0,11.0,69.0,6.79315,13.4,Laden,57.53333333333333,11.113219166666667
2026-01-28 22:10:00,430.34961,310,373.0,98.0,225.8778,335.71219,0.86326,0.0,0.0,0.0,204.55897,330.32074,0.79085,282.5584,57.0,32.80349,78.0,11.0,69.0,5.26148,13.4,Laden,57.546724833333336,11.087691333333334
2026-01-28 22:15:00,415.6491,310,373.0,98.0,211.53902,319.69287,0.84517,0.0,0.0,0.0,203.19126,327.07192,0.7933,282.93575,57.0,33.0,78.0,11.0,69.0,1.97205,13.33673,Laden,57.55,11.0328675
2026-01-28 22:20:00,418.29538,310,373.0,98.0,210.94863,320.10883,0.84394,0.0,0.0,0.0,207.1725,331.68992,0.80001,283.1057,57.0,33.0,78.0,11.0,69.0,0.42112,13.26188,Laden,57.55,11.007018666666667
2026-01-28 22:25:00,422.74245,310,373.0,98.0,213.12841,320.51189,0.84814,0.0,0.0,0.0,209.17214,332.80553,0.80412,283.04062,57.0,33.34557,78.0,10.0497,69.0,55.74758,13.2,Laden,57.5557595,10.978826333333332
2026-01-28 22:30:00,434.04898,310,373.0,98.0,219.66688,328.77147,0.85539,0.0,0.0,0.0,214.21068,337.95618,0.81093,282.51416,57.0,34.0,78.0,10.0,69.0,57.25085,13.11372,Laden,57.56666666666667,10.954180833333334
2026-01-28 22:35:00,444.28803,310,373.0,98.0,223.83936,333.97991,0.8555,0.0,0.0,0.0,220.7535,344.16656,0.81712,283.90236,57.0,34.0,78.0,10.0,69.0,54.07092,12.97567,Laden,57.56666666666667,10.901182
2026-01-28 22:40:00,442.45131,310,373.0,98.0,222.87217,331.30324,0.85968,0.0,0.0,0.0,219.02696,341.44924,0.81983,290.8962,57.0,34.10332,78.0,10.0,69.0,52.51768,13.02483,Laden,57.568388666666664,10.875294666666667
2026-01-28 22:45:00,433.34946,310,373.0,98.0,217.68915,326.43721,0.85658,0.0,0.0,0.0,214.59465,336.36748,0.8126,290.57021,57.0,35.0,78.0,10.0,69.0,51.01454,13.01129,Laden,57.583333333333336,10.850242333333334
2026-01-28 22:50:00,430.66867,310,373.0,98.0,218.64004,327.27386,0.85496,0.0,0.0,0.0,213.86004,337.91686,0.80807,296.9131,57.0,35.0,78.0,10.0,69.0,49.51916,12.96371,Laden,57.583333333333336,10.825319333333333
2026-01-28 22:55:00,434.46896,310,373.0,98.0,218.95897,329.29941,0.85086,0.0,0.0,0.0,215.18634,338.43862,0.81242,350.03371,57.0,36.31064,78.0,10.0,69.0,48.0,13.15943,Laden,57.60517733333333,10.8
2026-01-28 23:00:00,451.52732,310,373.0,98.0,233.39299,348.64653,0.85736,0.0,0.0,0.0,221.54887,351.30844,0.80606,350.04076,57.0,37.15171,78.0,10.0,69.0,47.22349,12.97616,Laden,57.619195166666664,10.787058166666666
2026-01-28 23:05:00,475.70073,310,373.0,98.0,243.50592,365.51155,0.8522,0.0,0.0,0.0,232.67411,369.83533,0.80087,350.11144,57.0,38.0,78.0,10.0,69.0,47.0,11.57997,Laden,57.63333333333333,10.783333333333333
2026-01-28 23:10:00,466.80795,310,373.0,98.0,230.83249,353.34705,0.83997,0.0,0.0,0.0,234.92568,371.09606,0.80978,350.14296,57.0,38.83496,78.0,10.0,69.0,47.0,10.53248,Laden,57.647249333333335,10.783333333333333
2026-01-28 23:15:00,437.09612,310,373.0,98.0,217.89028,335.71605,0.83046,0.0,0.0,0.0,221.16281,355.56656,0.79332,323.43314,57.0,40.0,78.0,10.0,69.0,46.4756,8.3442,Laden,57.666666666666664,10.774593333333334
2026-01-28 23:20:00,457.33892,310,373.0,98.0,225.62619,344.4779,0.83851,0.0,0.0,0.0,233.66739,368.5193,0.80747,4.39391,57.0,40.41856,78.0,10.0,69.0,46.0,7.15188,Laden,57.673642666666666,10.766666666666667
2026-01-28 23:25:00,454.21237,310,373.0,98.0,218.1462,338.1487,0.8256,0.0,0.0,0.0,237.63851,373.80166,0.81456,5.24413,57.0,41.0,78.0,10.0,69.0,46.0,7.04808,Laden,57.68333333333333,10.766666666666667
2026-01-28 23:30:00,482.48538,310,373.0,98.0,230.04522,352.42014,0.83793,0.0,0.0,0.0,252.02756,390.61364,0.82457,5.1886,57.0,41.36373,78.0,10.0,69.0,46.60606,7.94693,Laden,57.6893955,10.776767666666666
2026-01-28 23:35:00,438.60808,310,373.0,98.0,217.30305,327.76712,0.84874,0.0,0.0,0.0,220.14895,348.01251,0.80676,7.52215,57.0,42.78555,78.0,10.0,69.0,47.0,11.52002,Laden,57.7130925,10.783333333333333
2026-01-28 23:40:00,443.23251,310,373.0,98.0,220.02226,330.15215,0.85229,0.0,0.0,0.0,222.33353,349.8751,0.81198,5.42881,57.0,43.53153,78.0,10.0,69.0,47.0,12.40039,Laden,57.7255255,10.783333333333333
2026-01-28 23:45:00,426.5262,310,373.0,98.0,211.18612,319.51405,0.84567,0.0,0.0,0.0,214.31125,339.49001,0.80578,5.12628,57.0,44.34538,78.0,10.0,69.0,47.0,12.70525,Laden,57.739089666666665,10.783333333333333
2026-01-28 23:50:00,424.12131,310,373.0,98.0,210.42093,318.02376,0.84482,0.0,0.0,0.0,213.93437,337.96159,0.80551,4.80962,57.0,45.17797,78.0,10.0,69.0,47.0,12.8,Laden,57.75296616666667,10.783333333333333
2026-01-28 23:55:00,431.79252,310,373.0,98.0,0.0,0.0,0.0,0.0,0.0,0.0,431.87048,667.0486,0.82704,2.90108,57.0,47.0,78.0,10.0,69.0,47.0,12.93502,Laden,57.78333333333333,10.783333333333333
2026-01-29 00:00:00,435.32311,310,373.0,98.0,0.0,0.0,0.0,0.0,0.0,0.0,435.36692,673.41983,0.82393,2.8221,57.0,47.85009,78.0,10.0,69.0,47.0,13.0,Laden,57.7975015,10.783333333333333
2026-01-29 00:05:00,425.74296,310,373.0,98.0,0.0,0.0,0.0,0.0,0.0,0.0,425.20436,659.34807,0.82323,280.50761,57.0,48.69503,78.0,10.0,69.0,47.0,13.0,Laden,57.81158383333333,10.783333333333333
2026-01-29 00:10:00,428.29308,310,373.0,98.0,0.0,0.0,0.0,0.0,0.0,0.0,428.31787,661.00393,0.82682,329.07029,57.0,49.46527,78.0,10.0,69.0,46.15683,13.05523,Laden,57.82442116666667,10.7692805
2026-01-29 00:15:00,447.7984,310,373.0,98.0,0.0,0.0,0.0,0.0,0.0,0.0,445.24359,681.02397,0.83659,279.19885,57.0,50.0,78.0,10.0,69.0,43.59868,12.6881,Laden,57.833333333333336,10.726644666666667
2026-01-29 00:20:00,436.22153,310,373.0,98.0,0.0,0.0,0.0,0.0,0.0,0.0,436.43942,670.75054,0.83277,272.50373,57.0,50.0,78.0,10.0,69.0,42.06204,12.95884,Laden,57.833333333333336,10.701034
2026-01-29 00:25:00,447.45733,310,373.0,98.0,0.0,0.0,0.0,0.0,0.0,0.0,446.8194,687.0666,0.83298,273.96749,57.0,50.79723,78.0,10.0,69.0,40.44531,13.31497,Laden,57.8466205,10.6740885
2026-01-29 00:30:00,439.15507,310,373.0,98.0,0.0,0.0,0.0,0.0,0.0,0.0,440.18375,682.98978,0.82902,274.20186,57.0,51.0,78.0,10.0,69.0,38.68024,13.57526,Laden,57.85,10.644670666666666
2026-01-29 00:35:00,425.04182,310,373.0,98.0,0.0,0.0,0.0,0.0,0.0,0.0,425.56831,661.39791,0.82942,272.00684,57.0,51.0,78.0,10.0,69.0,35.36605,13.71668,Laden,57.85,10.589434166666667
2026-01-29 00:40:00,414.49393,310,373.0,98.0,0.0,0.0,0.0,0.0,0.0,0.0,413.04539,649.58986,0.8181,272.12825,57.0,51.0,78.0,10.0,69.0,33.55679,13.8,Laden,57.85,10.559279833333333
2026-01-29 00:45:00,425.93496,310,373.0,98.0,0.0,0.0,0.0,0.0,0.0,0.0,425.74927,665.12635,0.82428,269.40428,57.0,51.0,78.0,10.0,69.0,31.85232,13.76824,Laden,57.85,10.530872
2026-01-29 00:50:00,432.78168,310,373.0,98.0,0.0,0.0,0.0,0.0,0.0,0.0,432.43394,671.61542,0.83033,265.64669,57.0,51.0,78.0,10.0,69.0,30.16613,13.73535,Laden,57.85,10.502768833333333
2026-01-29 00:55:00,422.36621,310,373.0,98.0,0.0,0.0,0.0,0.0,0.0,0.0,422.11168,652.55883,0.8328,263.13089,57.0,51.0,78.0,10.0,69.0,26.64432,13.8,Laden,57.85,10.444072
2026-01-29 01:00:00,403.83318,310,373.0,98.0,0.0,0.0,0.0,0.0,0.0,0.0,403.06153,631.05591,0.82303,263.05321,57.0,51.0,78.0,10.0,69.0,24.96154,13.8,Laden,57.85,10.416025666666666
2026-01-29 01:05:00,427.2221,310,373.0,98.0,0.0,0.0,0.0,0.0,0.0,0.0,426.72027,660.59547,0.83053,263.312,57.0,51.0,78.0,10.0,69.0,23.27328,13.8251,Laden,57.85,10.387888
2026-01-29 01:10:00,424.78449,310,373.0,98.0,0.0,0.0,0.0,0.0,0.0,0.0,425.37151,660.11796,0.8309,262.93992,57.0,50.37226,78.0,10.0,69.0,21.50308,13.87104,Laden,57.839537666666665,10.358384666666666
2026-01-29 01:15:00,408.21963,310,373.0,99.0,0.0,0.0,0.0,0.0,0.0,0.0,405.78322,635.18099,0.82186,263.10014,57.0,50.0,78.0,10.0,69.0,18.03986,13.9,Laden,57.833333333333336,10.300664333333334
2026-01-29 01:20:00,415.55793,310,373.0,99.0,0.0,0.0,0.0,0.0,0.0,0.0,416.17096,647.96256,0.82704,263.15779,57.0,50.0,78.0,10.0,69.0,16.33837,13.9,Laden,57.833333333333336,10.272306166666667
2026-01-29 01:25:00,418.82386,310,373.0,99.0,0.0,0.0,0.0,0.0,0.0,0.0,420.62804,652.73777,0.83381,263.31022,57.0,50.0,78.0,10.0,69.0,14.53296,13.90581,Laden,57.833333333333336,10.242215999999999
2026-01-29 01:30:00,430.23372,310,373.0,99.0,0.0,0.0,0.0,0.0,0.0,0.0,429.73974,660.14924,0.83538,263.33265,57.0,50.0,78.0,10.0,69.0,12.78977,13.91714,Laden,57.833333333333336,10.213162833333334
2026-01-29 01:35:00,417.2635,310,373.0,99.0,0.0,0.0,0.0,0.0,0.0,0.0,417.35973,650.26483,0.82716,264.03916,57.0,50.0,78.0,10.0,69.0,9.36693,14.0,Laden,57.833333333333336,10.1561155
2026-01-29 01:40:00,417.96093,310,373.0,99.0,0.0,0.0,0.0,0.0,0.0,0.0,418.81691,651.72591,0.82465,264.04504,57.0,50.0,78.0,10.0,69.0,7.54301,14.0,Laden,57.833333333333336,10.125716833333334
2026-01-29 01:45:00,425.48575,310,373.0,99.0,0.0,0.0,0.0,0.0,0.0,0.0,425.66136,655.06146,0.83597,264.19077,57.0,50.0,78.0,10.0,69.0,5.80241,14.0,Laden,57.833333333333336,10.096706833333334
2026-01-29 01:50:00,431.48415,310,373.0,99.0,0.0,0.0,0.0,0.0,0.0,0.0,429.10374,658.43046,0.84001,264.11948,57.0,50.0,78.0,10.0,69.0,4.0931,13.97599,Laden,57.833333333333336,10.068218333333334
2026-01-29 01:55:00,420.6459,310,373.0,99.0,0.0,0.0,0.0,0.0,0.0,0.0,419.55816,653.33287,0.82649,263.83507,57.0,50.0,78.0,10.0,69.0,0.55125,13.9,Laden,57.833333333333336,10.0091875
2026-01-29 02:00:00,437.85243,310,373.0,99.0,0.0,0.0,0.0,0.0,0.0,0.0,438.51496,681.79597,0.82795,263.68673,57.0,50.0,78.0,9.12698,69.0,51.15706,13.9,Laden,57.833333333333336,9.979597666666667
2026-01-29 02:05:00,462.35701,310,373.0,99.0,0.0,0.0,0.0,0.0,0.0,0.0,463.33781,708.6715,0.83805,263.72021,57.0,50.0,78.0,9.0,69.0,57.11535,13.9,Laden,57.833333333333336,9.9519225
2026-01-29 02:10:00,465.85289,310,373.0,99.0,0.0,0.0,0.0,0.0,0.0,0.0,464.77556,712.20244,0.8416,264.03209,57.0,50.0,78.0,9.0,69.0,55.40928,13.93627,Laden,57.833333333333336,9.923488
2026-01-29 02:15:00,420.77168,310,373.0,99.0,0.0,0.0,0.0,0.0,0.0,0.0,420.52075,652.64547,0.829,263.79584,57.0,50.0,78.0,9.0,69.0,51.82768,14.03469,Laden,57.833333333333336,9.863794666666667
2026-01-29 02:20:00,416.52282,310,373.0,99.0,0.0,0.0,0.0,0.0,0.0,0.0,415.57526,649.92456,0.81896,264.04932,57.0,50.0,78.0,9.0,69.0,50.09559,14.0,Laden,57.833333333333336,9.8349265
2026-01-29 02:25:00,436.25755,310,373.0,99.0,0.0,0.0,0.0,0.0,0.0,0.0,437.31271,669.44192,0.83764,264.44174,57.0,49.00968,78.0,9.0,69.0,48.37276,14.0,Laden,57.816828,9.806212666666667
2026-01-29 02:30:00,431.18464,310,373.0,99.0,0.0,0.0,0.0,0.0,0.0,0.0,430.85281,660.08674,0.83686,264.51729,57.0,49.0,78.0,9.0,69.0,46.53871,14.02406,Laden,57.81666666666667,9.775645166666667
2026-01-29 02:35:00,417.68507,310,373.0,99.0,0.0,0.0,0.0,0.0,0.0,0.0,418.46258,651.10408,0.82429,264.38167,57.0,49.0,78.0,9.0,69.0,43.06242,13.92866,Laden,57.81666666666667,9.717707
2026-01-29 02:40:00,414.95474,310,373.0,99.0,0.0,0.0,0.0,0.0,0.0,0.0,415.35167,644.58891,0.82677,259.92261,57.0,49.0,78.0,9.0,69.0,41.37727,13.77454,Laden,57.81666666666667,9.689621166666667
2026-01-29 02:45:00,438.57411,310,373.0,99.0,0.0,0.0,0.0,0.0,0.0,0.0,438.52234,672.05887,0.84154,258.98466,57.0,49.0,78.0,9.0,69.0,39.56992,13.68396,Laden,57.81666666666667,9.659498666666666
2026-01-29 02:50:00,431.19679,310,373.0,99.0,0.0,0.0,0.0,0.0,0.0,0.0,431.46847,666.21741,0.83391,259.86228,57.0,49.0,78.0,9.0,69.0,37.90675,13.55386,Laden,57.81666666666667,9.631779166666666
2026-01-29 02:55:00,408.85294,310,373.0,99.0,0.0,0.0,0.0,0.0,0.0,0.0,408.46188,637.19297,0.8239,261.73391,57.0,49.0,78.0,9.0,69.0,34.54209,13.31007,Laden,57.81666666666667,9.5757015
2026-01-29 03:00:00,435.55837,310,373.0,99.0,0.0,0.0,0.0,0.0,0.0,0.0,436.646,670.31164,0.8392,261.59838,57.0,49.0,78.0,9.0,69.0,32.89685,13.27958,Laden,57.81666666666667,9.548280833333333
2026-01-29 03:05:00,430.69032,310,373.0,99.0,0.0,0.0,0.0,0.0,0.0,0.0,431.02956,661.73491,0.83658,261.43899,57.0,49.0,78.0,9.0,69.0,31.31386,13.32212,Laden,57.81666666666667,9.521897666666666
2026-01-29 03:10:00,435.07464,310,373.0,99.0,0.0,0.0,0.0,0.0,0.0,0.0,433.13988,664.99204,0.83743,260.98712,57.0,49.0,78.0,9.0,69.0,29.55831,13.4,Laden,57.81666666666667,9.4926385
2026-01-29 03:15:00,425.872,310,373.0,99.0,0.0,0.0,0.0,0.0,0.0,0.0,426.49146,660.39194,0.83183,260.96557,57.0,48.30543,78.0,9.0,69.0,26.32688,13.4891,Laden,57.8050905,9.438781333333333
2026-01-29 03:20:00,425.75165,310,373.0,99.0,0.0,0.0,0.0,0.0,0.0,0.0,425.92729,656.37144,0.83731,261.25076,57.0,48.0,78.0,9.0,69.0,24.5616,13.60092,Laden,57.8,9.40936
2026-01-29 03:25:00,442.34982,310,373.0,99.0,0.0,0.0,0.0,0.0,0.0,0.0,441.04243,672.90479,0.84398,260.86368,57.0,48.0,78.0,9.0,69.0,22.89096,13.70431,Laden,57.8,9.381516
2026-01-29 03:30:00,420.55895,310,373.0,99.0,0.0,0.0,0.0,0.0,0.0,0.0,421.26141,649.40682,0.82875,261.20174,57.0,48.0,78.0,9.0,69.0,21.24032,13.81214,Laden,57.8,9.354005333333333
2026-01-29 03:35:00,417.54082,310,373.0,100.0,0.0,0.0,0.0,0.0,0.0,0.0,418.28976,650.99648,0.82747,253.06241,57.0,48.0,78.0,9.0,69.0,17.77644,13.70283,Laden,57.8,9.296274
2026-01-29 03:40:00,431.00584,310,373.0,100.0,0.0,0.0,0.0,0.0,0.0,0.0,430.25482,661.06808,0.84016,235.81128,57.0,47.15082,78.0,9.0,69.0,16.35214,13.43336,Laden,57.785847,9.272535666666666
2026-01-29 03:45:00,433.38065,310,373.0,100.0,0.0,0.0,0.0,0.0,0.0,0.0,432.63124,663.75564,0.83879,235.02254,57.0,47.0,78.0,9.0,69.0,14.87237,13.64868,Laden,57.78333333333333,9.247872833333334
2026-01-29 03:50:00,427.14753,310,373.0,100.0,0.0,0.0,0.0,0.0,0.0,0.0,427.13243,658.8028,0.83285,235.04867,57.0,46.08132,78.0,9.0,69.0,13.49361,13.81598,Laden,57.768022,9.2248935
2026-01-29 03:55:00,417.82127,310,373.0,100.0,0.0,0.0,0.0,0.0,0.0,0.0,419.15405,652.799,0.82633,235.03446,57.0,45.00308,78.0,9.0,69.0,10.58363,13.92871,Laden,57.75005133333333,9.176393833333334
2026-01-29 04:00:00,430.19625,310,373.0,100.0,0.0,0.0,0.0,0.0,0.0,0.0,430.15916,661.95212,0.83298,235.13769,57.0,44.87436,78.0,9.0,69.0,9.26728,13.9251,Laden,57.747906,9.154454666666666
2026-01-29 04:05:00,428.08573,310,373.0,100.0,0.0,0.0,0.0,0.0,0.0,0.0,430.30909,663.15817,0.83157,235.01034,57.0,44.0,78.0,9.0,69.0,7.68705,13.91213,Laden,57.733333333333334,9.1281175
2026-01-29 04:10:00,438.87512,310,373.0,100.0,0.0,0.0,0.0,0.0,0.0,0.0,438.75327,668.11411,0.84313,234.83038,57.0,43.72623,78.0,9.0,69.0,6.38632,13.98172,Laden,57.7287705,9.106438666666667
2026-01-29 04:15:00,431.46764,310,373.0,100.0,0.0,0.0,0.0,0.0,0.0,0.0,431.07044,663.42645,0.83615,234.97583,57.0,42.56015,78.0,9.0,69.0,3.47652,14.2,Laden,57.709335833333334,9.057942
2026-01-29 04:20:00,437.9323,310,373.0,100.0,0.0,0.0,0.0,0.0,0.0,0.0,437.25909,671.99788,0.83794,234.98212,57.0,42.0,78.0,9.0,69.0,2.03449,14.20809,Laden,57.7,9.033908166666667
2026-01-29 04:25:00,442.65845,310,373.0,100.0,0.0,0.0,0.0,0.0,0.0,0.0,442.82186,676.87882,0.84033,235.06248,57.0,41.3769,78.0,9.0,69.0,0.55225,14.3,Laden,57.689615,9.009204166666667
2026-01-29 04:30:00,428.28335,310,373.0,100.0,0.0,0.0,0.0,0.0,0.0,0.0,428.46908,659.6243,0.83497,235.12138,57.0,41.0,78.0,8.24034,69.0,44.69288,14.31039,Laden,57.68333333333333,8.985221333333334
2026-01-29 04:35:00,431.08155,310,373.0,100.0,0.0,0.0,0.0,0.0,0.0,0.0,432.64363,665.46138,0.83625,229.74476,57.0,39.96257,78.0,8.0,69.0,56.28833,14.3463,Laden,57.666042833333336,8.938138833333333
2026-01-29 04:40:00,440.98949,310,373.0,100.0,0.0,0.0,0.0,0.0,0.0,0.0,440.03234,674.39189,0.83948,216.63545,57.0,39.0,78.0,8.0,69.0,54.99075,13.81622,Laden,57.65,8.9165125
2026-01-29 04:45:00,446.06012,310,373.0,100.0,0.0,0.0,0.0,0.0,0.0,0.0,446.69002,680.49878,0.84429,229.71367,57.0,38.40027,78.0,8.0,69.0,53.71071,14.35847,Laden,57.6400045,8.8951785
2026-01-29 04:50:00,424.93937,310,373.0,100.0,0.0,0.0,0.0,0.0,0.0,0.0,425.59977,657.98728,0.83183,231.56821,57.0,38.0,78.0,8.0,69.0,52.4315,14.53963,Laden,57.63333333333333,8.873858333333333
2026-01-29 04:55:00,428.56005,310,373.0,100.0,0.0,0.0,0.0,0.0,0.0,0.0,430.56943,663.36037,0.83216,232.85427,57.0,36.77918,78.0,8.0,69.0,49.48829,14.6,Laden,57.61298633333333,8.824804833333333
2026-01-29 05:00:00,454.35582,310,373.0,100.0,0.0,0.0,0.0,0.0,0.0,0.0,453.6394,685.80506,0.8501,233.81413,57.0,36.0,78.0,8.0,69.0,48.0205,14.63295,Laden,57.6,8.800341666666666
2026-01-29 05:05:00,442.96179,310,373.0,100.0,0.0,0.0,0.0,0.0,0.0,0.0,441.95651,670.62435,0.84418,237.08036,57.0,35.5704,78.0,8.0,69.0,46.49989,14.7,Laden,57.59284,8.774998166666666
2026-01-29 05:10:00,452.57999,310,373.0,100.0,0.0,0.0,0.0,0.0,0.0,0.0,452.53394,688.15287,0.84562,236.82143,57.0,35.0,78.0,8.0,69.0,44.94407,14.7,Laden,57.583333333333336,8.749067833333333
2026-01-29 05:15:00,428.80324,310,373.0,100.0,0.0,0.0,0.0,0.0,0.0,0.0,428.69189,661.40054,0.83322,237.03577,57.0,34.0,78.0,8.0,69.0,41.81345,14.66388,Laden,57.56666666666667,8.696890833333333
2026-01-29 05:20:00,444.39951,310,373.0,100.0,0.0,0.0,0.0,0.0,0.0,0.0,444.60738,679.90704,0.84242,236.69736,57.0,33.41305,78.0,8.0,69.0,40.37536,14.62784,Laden,57.55688416666667,8.672922666666667
2026-01-29 05:25:00,438.77638,310,373.0,100.0,0.0,0.0,0.0,0.0,0.0,0.0,438.03632,670.43293,0.84015,237.1256,57.0,33.0,78.0,8.0,69.0,38.68337,14.7,Laden,57.55,8.644722833333333
2026-01-29 05:30:00,442.54183,310,373.0,100.0,0.0,0.0,0.0,0.0,0.0,0.0,442.66274,675.23689,0.84174,237.15983,57.0,32.36784,78.0,8.0,69.0,37.23931,14.7,Laden,57.539464,8.620655166666667
2026-01-29 05:35:00,453.42668,310,373.0,100.0,0.0,0.0,0.0,0.0,0.0,0.0,452.54656,689.82041,0.843,235.44973,57.0,31.33358,78.0,8.0,69.0,34.10117,14.6,Laden,57.522226333333336,8.568352833333334
2026-01-29 05:40:00,437.65259,310,373.0,100.0,0.0,0.0,0.0,0.0,0.0,0.0,438.29837,671.85775,0.83949,235.97619,57.0,31.0,78.0,8.0,69.0,32.52281,14.56782,Laden,57.516666666666666,8.542046833333334
2026-01-29 05:45:00,446.01641,310,373.0,100.0,0.0,0.0,0.0,0.0,0.0,0.0,445.0107,676.81655,0.84554,235.77089,57.0,30.30122,78.0,8.0,69.0,30.98976,14.5,Laden,57.505020333333334,8.516496
2026-01-29 05:50:00,433.97267,310,373.0,100.0,0.0,0.0,0.0,0.0,0.0,0.0,433.74118,663.04834,0.83922,236.00364,57.0,30.0,78.0,8.0,69.0,29.48036,14.40953,Laden,57.5,8.491339333333332
2026-01-29 05:55:00,444.66892,310,373.0,101.0,0.0,0.0,0.0,0.0,0.0,0.0,444.37679,680.56606,0.83999,235.66688,57.0,29.0,78.0,8.0,69.0,26.47584,14.2847,Laden,57.483333333333334,8.441264
2026-01-29 06:00:00,443.56628,310,373.0,101.0,0.0,0.0,0.0,0.0,0.0,0.0,444.54396,681.40557,0.83795,236.16504,57.0,28.18045,78.0,8.0,69.0,24.97317,14.29804,Laden,57.469674166666664,8.4162195
2026-01-29 06:05:00,446.23316,310,373.0,101.0,0.0,0.0,0.0,0.0,0.0,0.0,445.18405,677.47733,0.84439,236.16404,57.0,28.0,78.0,8.0,69.0,23.49599,14.23432,Laden,57.46666666666667,8.391599833333334
2026-01-29 06:10:00,437.64689,310,373.0,101.0,0.0,0.0,0.0,0.0,0.0,0.0,438.08497,669.81629,0.84099,235.94472,57.0,27.10679,78.0,8.0,69.0,22.03604,14.19125,Laden,57.45177983333333,8.367267333333333
2026-01-29 06:15:00,438.99638,310,373.0,101.0,0.0,0.0,0.0,0.0,0.0,0.0,439.31525,671.79788,0.83929,235.0874,57.0,26.00251,78.0,8.0,69.0,19.18552,14.02387,Laden,57.433375166666664,8.319758666666667
2026-01-29 06:20:00,442.75977,310,373.0,101.0,0.0,0.0,0.0,0.0,0.0,0.0,442.25854,677.59037,0.83919,234.95787,57.0,25.86806,78.0,8.0,69.0,17.64642,13.9879,Laden,57.43113433333333,8.294107
2026-01-29 06:25:00,446.07549,310,373.0,101.0,0.0,0.0,0.0,0.0,0.0,0.0,445.31043,679.46399,0.84244,234.96689,57.0,25.0,78.0,8.0,69.0,16.34817,14.03611,Laden,57.416666666666664,8.2724695
2026-01-29 06:30:00,441.23051,310,373.0,101.0,0.0,0.0,0.0,0.0,0.0,0.0,438.82188,669.97383,0.84201,234.99992,57.0,24.71625,78.0,8.0,69.0,14.80073,14.0362,Laden,57.4119375,8.246678833333334
2026-01-29 06:35:00,439.44741,310,373.0,101.0,0.0,0.0,0.0,0.0,0.0,0.0,440.06839,673.60662,0.83672,234.90099,57.0,23.55676,78.0,8.0,69.0,12.07479,13.91652,Laden,57.392612666666665,8.2012465
2026-01-29 06:40:00,448.53299,310,373.0,101.0,0.0,0.0,0.0,0.0,0.0,0.0,448.07217,679.16658,0.84479,237.2464,57.0,23.0,78.0,8.0,69.0,10.5964,13.94915,Laden,57.38333333333333,8.176606666666666
2026-01-29 06:45:00,440.98682,310,373.0,101.0,0.0,0.0,0.0,0.0,0.0,0.0,441.32371,673.50121,0.84162,237.97844,57.0,22.45582,78.0,8.0,69.0,9.26454,14.0,Laden,57.374263666666664,8.154409
2026-01-29 06:50:00,462.38284,310,373.0,101.0,0.0,0.0,0.0,0.0,0.0,0.0,462.12981,699.31384,0.85142,238.11279,57.0,22.0,78.0,8.0,69.0,7.65905,14.05873,Laden,57.36666666666667,8.127650833333334
2026-01-29 06:55:00,486.26206,310,373.0,101.0,0.0,0.0,0.0,0.0,0.0,0.0,485.38035,733.89328,0.85118,238.10074,57.0,21.0,78.0,8.0,69.0,4.73459,14.2,Laden,57.35,8.078909833333332
2026-01-29 07:00:00,472.41175,310,373.0,101.0,0.0,0.0,0.0,0.0,0.0,0.0,472.91783,720.71238,0.84377,237.88028,57.0,20.33703,78.0,8.0,69.0,3.38325,14.231,Laden,57.3389505,8.0563875
2026-01-29 07:05:00,478.77833,310,373.0,101.0,0.0,0.0,0.0,0.0,0.0,0.0,479.19361,729.40066,0.84468,237.91432,57.0,20.0,78.0,8.0,69.0,1.80728,14.2639,Laden,57.333333333333336,8.030121333333334
2026-01-29 07:10:00,440.18683,310,373.0,101.0,0.0,0.0,0.0,0.0,0.0,0.0,439.69955,673.52026,0.83914,237.90946,57.0,19.2543,78.0,8.0,69.0,0.42212,14.36293,Laden,57.320905,8.007035333333333
2026-01-29 07:15:00,444.64717,310,373.0,101.0,0.0,0.0,0.0,0.0,0.0,0.0,444.48332,685.62497,0.83372,238.34809,57.0,18.16758,78.0,7.0,69.0,57.42057,14.47219,Laden,57.302793,7.9570095
2026-01-29 07:20:00,453.39097,310,373.0,101.0,0.0,0.0,0.0,0.0,0.0,0.0,451.59714,693.72354,0.83616,237.96015,57.0,18.0,78.0,7.0,69.0,55.83771,14.4,Laden,57.3,7.9306285
2026-01-29 07:25:00,443.45918,310,373.0,101.0,0.0,0.0,0.0,0.0,0.0,0.0,445.164,682.07282,0.83883,237.92445,57.0,17.09226,78.0,7.0,69.0,54.4252,14.34812,Laden,57.284871,7.907086666666666
2026-01-29 07:30:00,449.42806,310,373.0,101.0,0.0,0.0,0.0,0.0,0.0,0.0,449.46748,686.65145,0.84178,237.90145,57.0,17.0,78.0,7.0,69.0,52.85931,14.33124,Laden,57.28333333333333,7.8809885
2026-01-29 07:35:00,451.80228,310,373.0,101.0,0.0,0.0,0.0,0.0,0.0,0.0,453.23695,695.87046,0.83914,238.05073,57.0,15.96729,78.0,7.0,69.0,49.88125,14.3258,Laden,57.2661215,7.831354166666666
2026-01-29 07:40:00,451.56788,310,373.0,101.0,0.0,0.0,0.0,0.0,0.0,0.0,453.02295,703.82235,0.82874,237.89043,57.0,15.0,78.0,7.0,69.0,48.44467,14.23922,Laden,57.25,7.807411166666666
2026-01-29 07:45:00,440.88445,310,373.0,101.0,0.0,0.0,0.0,0.0,0.0,0.0,441.16549,677.84623,0.83268,238.04958,57.0,14.94804,78.0,7.0,69.0,46.91892,14.19385,Laden,57.249134,7.781982
2026-01-29 07:50:00,448.90486,310,373.0,101.0,0.0,0.0,0.0,0.0,0.0,0.0,449.81173,690.16719,0.83562,237.71201,57.0,14.0,78.0,7.0,69.0,45.46877,14.20311,Laden,57.233333333333334,7.757812833333333
2026-01-29 07:55:00,458.60564,310,373.0,101.0,0.0,0.0,0.0,0.0,0.0,0.0,459.49495,701.79377,0.84388,238.24727,57.0,13.0,78.0,7.0,69.0,42.49798,14.06186,Laden,57.21666666666667,7.708299666666667
2026-01-29 08:00:00,443.57348,310,373.0,101.0,0.0,0.0,0.0,0.0,0.0,0.0,441.28609,685.3816,0.83081,238.04079,57.0,12.96627,78.0,7.0,69.0,41.03206,14.0,Laden,57.2161045,7.683867666666667
2026-01-29 08:05:00,445.12197,310,373.0,101.53942,0.0,0.0,0.0,0.0,0.0,0.0,444.59399,690.36527,0.83111,237.66856,57.0,12.0,78.0,7.0,69.0,39.54304,13.91015,Laden,57.2,7.6590506666666665
2026-01-29 08:10:00,442.49188,310,373.0,102.0,0.0,0.0,0.0,0.0,0.0,0.0,443.3955,683.61316,0.83613,236.89089,57.0,12.0,78.0,7.0,69.0,38.13668,13.8475,Laden,57.2,7.635611333333333
2026-01-29 08:15:00,443.2526,310,373.0,102.0,0.0,0.0,0.0,0.0,0.0,0.0,443.54652,679.43455,0.8417,237.13885,57.0,11.0,78.0,7.0,69.0,35.27588,13.8606,Laden,57.18333333333333,7.587931333333334
2026-01-29 08:20:00,434.18636,310,373.0,102.0,0.0,0.0,0.0,0.0,0.0,0.0,432.57212,671.97473,0.82854,237.26777,57.0,10.0491,78.0,7.0,69.0,33.67103,13.78112,Laden,57.167485,7.561183833333334
2026-01-29 08:25:00,438.28998,310,373.0,102.0,0.0,0.0,0.0,0.0,0.0,0.0,441.30352,684.60556,0.83078,237.03117,57.0,10.0,78.0,7.0,69.0,32.36702,13.73611,Laden,57.166666666666664,7.539450333333333
2026-01-29 08:30:00,437.25859,310,373.0,102.0,0.0,0.0,0.0,0.0,0.0,0.0,436.45847,675.48158,0.82838,236.66448,57.0,9.14174,78.0,7.0,69.0,30.81259,13.65708,Laden,57.152362333333336,7.5135431666666666
2026-01-29 08:35:00,441.46436,310,373.0,102.0,0.0,0.0,0.0,0.0,0.0,0.0,441.77048,678.82772,0.83844,236.82921,57.0,8.26816,78.0,7.0,69.0,28.0191,13.5289,Laden,57.137802666666666,7.466985
2026-01-29 08:40:00,449.04213,310,373.0,102.0,0.0,0.0,0.0,0.0,0.0,0.0,445.97902,685.42345,0.83663,236.71869,57.0,8.0,78.0,7.0,69.0,26.56179,13.4,Laden,57.13333333333333,7.4426965
2026-01-29 08:45:00,442.63755,310,373.0,102.0,0.0,0.0,0.0,0.0,0.0,0.0,444.25337,684.46114,0.83776,236.93874,57.0,7.4328,78.0,7.0,69.0,25.23524,13.4,Laden,57.12388,7.420587333333334
2026-01-29 08:50:00,452.99348,310,373.0,102.0,0.0,0.0,0.0,0.0,0.0,0.0,451.95299,696.65825,0.8321,236.9481,57.0,7.0,78.0,7.0,69.0,23.67674,13.3192,Laden,57.11666666666667,7.394612333333333
2026-01-29 08:55:00,438.72707,310,373.0,102.0,0.0,0.0,0.0,0.0,0.0,0.0,439.45847,680.68477,0.83192,234.94734,57.0,6.0,78.0,7.0,69.0,20.92725,13.1068,Laden,57.1,7.3487875
2026-01-29 09:00:00,449.01607,310,373.0,102.0,0.0,0.0,0.0,0.0,0.0,0.0,449.12802,685.65035,0.84377,234.83799,57.0,5.82535,78.0,7.0,69.0,19.56178,13.0121,Laden,57.09708916666666,7.326029666666667
2026-01-29 09:05:00,439.88021,310,373.0,102.0,0.0,0.0,0.0,0.0,0.0,0.0,442.36446,677.50478,0.84353,235.16975,57.0,5.0,78.0,7.0,69.0,18.30353,12.90512,Laden,57.083333333333336,7.305058833333334
2026-01-29 09:10:00,461.90067,310,373.0,102.0,0.0,0.0,0.0,0.0,0.0,0.0,460.24006,700.54824,0.84831,234.79331,57.0,5.0,78.0,7.0,69.0,16.83951,12.86734,Laden,57.083333333333336,7.2806585
2026-01-29 09:15:00,446.28908,310,373.0,102.0,0.0,0.0,0.0,0.0,0.0,0.0,445.60981,687.61206,0.8347,235.09281,57.0,4.0,78.0,7.0,69.0,14.29021,12.83618,Laden,57.06666666666667,7.2381701666666665
2026-01-29 09:20:00,446.43676,310,373.0,102.0,0.0,0.0,0.0,0.0,0.0,0.0,446.71926,687.40565,0.83627,235.16205,57.0,3.21328,78.0,7.0,69.0,12.83026,12.88497,Laden,57.05355466666666,7.213837666666667
2026-01-29 09:25:00,446.98093,310,373.0,102.0,0.0,0.0,0.0,0.0,0.0,0.0,446.43151,687.05935,0.83466,234.88153,57.0,3.0,78.0,7.0,69.0,11.54241,12.75879,Laden,57.05,7.1923735
2026-01-29 09:30:00,458.25438,310,373.0,102.0,0.0,0.0,0.0,0.0,0.0,0.0,459.06033,702.0117,0.84233,235.01261,57.0,2.40659,78.0,7.0,69.0,10.29435,12.7,Laden,57.04010983333333,7.1715725
2026-01-29 09:35:00,456.25584,310,373.0,102.0,0.0,0.0,0.0,0.0,0.0,0.0,456.04067,699.87484,0.8372,234.99882,57.0,1.63568,78.0,7.0,69.0,7.56689,12.63679,Laden,57.027261333333335,7.126114833333333
2026-01-29 09:40:00,450.55713,310,373.0,102.0,0.0,0.0,0.0,0.0,0.0,0.0,449.24489,692.82194,0.83394,234.76406,57.0,1.0,78.0,7.0,69.0,6.32353,12.6,Laden,57.016666666666666,7.105392166666666
2026-01-29 09:45:00,438.41248,310,373.0,102.0,9.01879,21.47072,0.04684,0.0,0.0,0.0,428.83936,662.20353,0.83594,234.86168,57.0,0.8746,78.0,7.0,69.0,4.93753,12.64612,Laden,57.01457666666666,7.082292166666667
2026-01-29 09:50:00,474.38776,310,373.0,102.0,168.80644,274.75842,0.56788,0.0,0.0,0.0,308.37842,533.47308,0.74355,235.03873,57.0,0.0,78.0,7.0,69.0,3.60408,12.7,Laden,57.0,7.060068
2026-01-29 09:55:00,499.37637,310,373.0,102.0,0.0,0.0,0.0,0.0,0.0,0.0,498.22843,854.99521,0.74892,233.16274,56.11704,52.09489,78.0,7.0,69.0,1.02429,12.51883,Laden,56.98528816666667,7.0170715
2026-01-29 10:00:00,502.50715,310,373.0,102.0,0.0,0.0,0.0,0.0,0.0,0.0,501.0052,860.20521,0.74775,232.89823,56.0,59.0,78.0,6.69576,69.0,17.90065,12.48951,Laden,56.983333333333334,6.994104166666666
2026-01-29 10:05:00,493.53895,310,373.0,102.0,0.0,0.0,0.0,0.0,0.0,0.0,491.14395,850.57606,0.74321,232.95158,56.0,58.2503,78.0,6.0,69.0,58.48982,12.50476,Laden,56.97083833333333,6.974830333333333
2026-01-29 10:10:00,486.93287,310,373.0,102.0,0.0,0.0,0.0,0.0,0.0,0.0,485.41845,839.93609,0.74421,232.99874,56.0,58.0,78.0,6.0,69.0,57.27683,12.5,Laden,56.96666666666667,6.954613833333333
2026-01-29 10:15:00,501.68882,310,373.0,102.34718,0.0,0.0,0.0,0.0,0.0,0.0,499.70708,852.74284,0.75546,232.86622,56.0,57.0,78.0,6.0,69.0,54.65659,12.48665,Laden,56.95,6.910943166666667
2026-01-29 10:20:00,493.89292,310,373.0,103.0,0.0,0.0,0.0,0.0,0.0,0.0,493.67072,847.01763,0.74989,232.64912,56.0,56.47606,78.0,6.0,69.0,53.45176,12.50493,Laden,56.94126766666667,6.890862666666667
2026-01-29 10:25:00,485.82375,310,373.0,103.0,0.0,0.0,0.0,0.0,0.0,0.0,484.70334,837.66898,0.74445,232.88885,56.0,56.0,78.0,6.0,69.0,52.24246,12.54191,Laden,56.93333333333333,6.870707666666666
2026-01-29 10:30:00,483.028,310,373.0,103.0,0.0,0.0,0.0,0.0,0.0,0.0,483.77348,838.89665,0.74347,233.18922,56.0,55.57479,78.0,6.0,69.0,50.86697,12.54811,Laden,56.9262465,6.8477828333333335
2026-01-29 10:35:00,491.32481,310,373.0,103.0,0.0,0.0,0.0,0.0,0.0,0.0,492.14366,842.99305,0.75221,232.99682,56.0,54.67725,78.0,6.0,69.0,48.4187,12.45903,Laden,56.9112875,6.806978333333333
2026-01-29 10:40:00,488.86932,310,373.0,103.0,0.0,0.0,0.0,0.0,0.0,0.0,487.86701,839.94597,0.74569,233.06982,56.0,54.0,78.0,6.0,69.0,47.21701,12.3384,Laden,56.9,6.786950166666667
2026-01-29 10:45:00,517.67695,310,373.0,103.0,0.0,0.0,0.0,0.0,0.0,0.0,516.05563,885.8821,0.75168,233.4829,56.0,53.83521,78.0,6.0,69.0,45.84185,12.2846,Laden,56.8972535,6.764030833333333
2026-01-29 10:50:00,518.66324,310,373.0,103.0,0.0,0.0,0.0,0.0,0.0,0.0,518.20905,889.8097,0.74893,235.07015,56.0,53.0,78.0,6.0,69.0,44.60671,12.37575,Laden,56.88333333333333,6.743445166666667
2026-01-29 10:55:00,484.62177,310,373.0,103.0,0.0,0.0,0.0,0.0,0.0,0.0,484.40811,836.98346,0.74408,234.81182,56.0,52.10922,78.0,6.0,69.0,42.15242,12.36253,Laden,56.868487,6.702540333333333
2026-01-29 11:00:00,496.48565,310,373.0,103.0,0.0,0.0,0.0,0.0,0.0,0.0,496.23652,849.1056,0.7545,235.26742,56.0,52.0,78.0,6.0,69.0,40.75171,12.4,Laden,56.86666666666667,6.679195166666666
2026-01-29 11:05:00,484.73838,310,373.0,103.0,0.0,0.0,0.0,0.0,0.0,0.0,485.48622,837.79381,0.74564,235.0151,56.0,51.34653,78.0,6.0,69.0,39.53353,12.44556,Laden,56.8557755,6.658892166666667
2026-01-29 11:10:00,495.50498,310,373.0,103.0,0.0,0.0,0.0,0.0,0.0,0.0,494.43527,845.81622,0.75387,234.82928,56.0,51.0,78.0,6.0,69.0,38.31872,12.5,Laden,56.85,6.638645333333333
2026-01-29 11:15:00,482.8312,310,373.0,103.0,0.0,0.0,0.0,0.0,0.0,0.0,480.53967,831.84992,0.74167,234.86083,56.0,50.0,78.0,6.0,69.0,35.6682,12.52519,Laden,56.833333333333336,6.59447
2026-01-29 11:20:00,484.38623,310,373.0,103.0,0.0,0.0,0.0,0.0,0.0,0.0,486.21995,837.19948,0.74689,234.84878,56.0,49.70709,78.0,6.0,69.0,34.45289,12.45557,Laden,56.8284515,6.5742148333333335
2026-01-29 11:25:00,490.15045,310,373.0,103.0,0.0,0.0,0.0,0.0,0.0,0.0,489.56487,843.72639,0.7469,235.29175,56.0,49.0,78.0,6.0,69.0,33.2489,12.49163,Laden,56.81666666666667,6.554148333333333
2026-01-29 11:30:00,493.65144,310,373.0,103.0,0.0,0.0,0.0,0.0,0.0,0.0,492.71755,844.16172,0.75346,234.9427,56.0,48.89081,78.0,6.0,69.0,31.85341,12.49519,Laden,56.814846833333334,6.5308901666666666
2026-01-29 11:35:00,493.93196,310,373.0,103.0,0.0,0.0,0.0,0.0,0.0,0.0,492.64621,844.95134,0.75213,233.81699,56.0,48.0,78.0,6.0,69.0,29.38612,12.50235,Laden,56.8,6.4897686666666665
2026-01-29 11:40:00,479.30179,310,373.0,103.0,0.0,0.0,0.0,0.0,0.0,0.0,478.64748,834.18701,0.73556,233.10714,56.0,47.00826,78.0,6.0,69.0,28.19784,12.32454,Laden,56.783471,6.469964
2026-01-29 11:45:00,474.84971,310,373.0,103.0,0.0,0.0,0.0,0.0,0.0,0.0,474.60948,824.96973,0.73688,232.97846,56.0,47.0,78.0,6.0,69.0,26.85213,12.3275,Laden,56.78333333333333,6.4475355
2026-01-29 11:50:00,478.5117,310,373.0,103.0,0.0,0.0,0.0,0.0,0.0,0.0,479.40263,831.71992,0.74184,233.05101,56.0,46.10519,78.0,6.0,69.0,25.65283,12.36382,Laden,56.76841983333333,6.427547166666667
2026-01-29 11:55:00,547.94277,310,373.0,103.0,0.0,0.0,0.0,0.0,0.0,0.0,547.50787,905.04766,0.77788,233.92285,56.0,45.18627,78.0,6.0,69.0,23.28703,12.32573,Laden,56.7531045,6.3881171666666665
2026-01-29 12:00:00,528.29428,310,373.0,103.0,0.0,0.0,0.0,0.0,0.0,0.0,529.3987,887.09706,0.76828,234.7619,56.0,45.0,78.0,6.0,69.0,21.9821,12.37594,Laden,56.75,6.366368333333333
2026-01-29 12:05:00,538.42183,310,373.0,103.0,0.0,0.0,0.0,0.0,0.0,0.0,534.89652,890.69252,0.77623,234.72566,56.0,44.35704,78.0,6.0,69.0,20.69103,12.4,Laden,56.739284,6.3448505
2026-01-29 12:10:00,521.50994,310,373.0,103.0,0.0,0.0,0.0,0.0,0.0,0.0,520.61039,872.94047,0.76795,235.65731,56.0,44.0,78.0,6.0,69.0,19.48779,12.4,Laden,56.733333333333334,6.3247965
2026-01-29 12:15:00,534.94207,310,373.0,103.3646,0.0,0.0,0.0,0.0,0.0,0.0,536.16261,891.42168,0.7752,235.73285,56.0,43.0,78.0,6.0,69.0,16.89941,12.4506,Laden,56.71666666666667,6.281656833333333
2026-01-29 12:20:00,523.53997,310,373.0,104.0,0.0,0.0,0.0,0.0,0.0,0.0,524.54999,878.01722,0.7665,235.33549,56.0,42.83819,78.0,6.0,69.0,15.6103,12.46222,Laden,56.71396983333333,6.2601716666666665
2026-01-29 12:25:00,525.67159,310,373.0,104.0,0.0,0.0,0.0,0.0,0.0,0.0,528.28175,884.62552,0.7658,234.9064,56.0,42.0,78.0,6.0,69.0,14.40537,12.35827,Laden,56.7,6.2400895
2026-01-29 12:30:00,524.08798,310,373.0,104.0,0.0,0.0,0.0,0.0,0.0,0.0,524.29668,881.51438,0.76811,234.92775,56.0,42.0,78.0,6.0,69.0,13.20645,12.42425,Laden,56.7,6.2201075
2026-01-29 12:35:00,528.72713,310,373.0,104.0,0.0,0.0,0.0,0.0,0.0,0.0,528.85841,882.00995,0.77015,234.55119,56.0,41.0,78.0,6.0,69.0,10.61699,12.30608,Laden,56.68333333333333,6.1769498333333335
2026-01-29 12:40:00,529.4422,310,373.0,104.0,0.0,0.0,0.0,0.0,0.0,0.0,529.05747,882.40207,0.77314,235.14898,56.0,40.19521,78.0,6.0,69.0,9.42103,12.336,Laden,56.669920166666664,6.157017166666667
2026-01-29 12:45:00,517.55931,310,373.0,104.0,0.0,0.0,0.0,0.0,0.0,0.0,517.73692,871.599,0.76346,236.50037,56.0,40.0,78.0,6.0,69.0,8.20588,12.4001,Laden,56.666666666666664,6.136764666666667
2026-01-29 12:50:00,531.82435,310,373.0,104.0,0.0,0.0,0.0,0.0,0.0,0.0,531.22982,887.15546,0.76946,235.93108,56.0,39.48072,78.0,6.0,69.0,6.75635,12.50067,Laden,56.658012,6.112605833333333
2026-01-29 12:55:00,542.28879,310,373.0,104.0,0.0,0.0,0.0,0.0,0.0,0.0,541.01437,895.6322,0.77589,235.75567,56.0,38.73849,78.0,6.0,69.0,4.34501,12.18515,Laden,56.645641499999996,6.0724168333333335
2026-01-29 13:00:00,545.15727,310,373.0,104.0,0.0,0.0,0.0,0.0,0.0,0.0,544.5707,900.05345,0.77931,236.08383,56.0,38.0,78.0,6.0,69.0,3.10437,12.23072,Laden,56.63333333333333,6.0517395
2026-01-29 13:05:00,531.10423,310,373.0,104.0,0.0,0.0,0.0,0.0,0.0,0.0,530.12488,884.04719,0.77354,236.1626,56.0,38.0,78.0,6.0,69.0,1.74471,12.42125,Laden,56.63333333333333,6.0290785
2026-01-29 13:10:00,526.27444,310,373.0,104.0,0.0,0.0,0.0,0.0,0.0,0.0,524.86514,878.0846,0.76838,235.92622,56.0,37.0,78.0,6.0,69.0,0.52705,12.40595,Laden,56.61666666666667,6.008784166666667
2026-01-29 13:15:00,546.39434,310,373.0,104.0,0.0,0.0,0.0,0.0,0.0,0.0,542.89154,897.24161,0.77877,236.29209,56.0,36.23958,78.0,5.0,69.0,57.99339,12.4362,Laden,56.603993,5.9665565
2026-01-29 13:20:00,533.99607,310,373.0,104.0,0.0,0.0,0.0,0.0,0.0,0.0,533.57054,885.70306,0.77353,235.52238,56.0,36.0,78.0,5.0,69.0,56.67736,12.38042,Laden,56.6,5.944622666666667
2026-01-29 13:25:00,521.60615,310,373.0,104.0,0.0,0.0,0.0,0.0,0.0,0.0,521.26236,873.65682,0.76837,236.03707,56.0,35.47008,78.0,5.0,69.0,55.47681,12.40891,Laden,56.591168,5.9246134999999995
2026-01-29 13:30:00,521.46009,310,373.0,104.0,0.0,0.0,0.0,0.0,0.0,0.0,522.31874,877.69442,0.76819,235.75066,56.0,35.0,78.0,5.0,69.0,54.27067,12.3669,Laden,56.583333333333336,5.9045111666666665
2026-01-29 13:35:00,505.66102,310,373.0,104.0,0.0,0.0,0.0,0.0,0.0,0.0,507.46171,859.4533,0.76302,235.98202,56.0,34.0,78.0,5.0,69.0,51.64897,12.36382,Laden,56.56666666666667,5.860816166666667
2026-01-29 13:40:00,480.43342,310,373.0,104.0,0.0,0.0,0.0,0.0,0.0,0.0,482.08488,836.08071,0.74428,236.15149,56.0,33.91863,78.0,5.0,69.0,50.44986,12.32764,Laden,56.5653105,5.840831
2026-01-29 13:45:00,495.44514,310,373.0,104.0,0.0,0.0,0.0,0.0,0.0,0.0,496.53118,846.20953,0.75488,236.36467,56.0,33.0,78.0,5.0,69.0,49.24887,12.26562,Laden,56.55,5.8208145
2026-01-29 13:50:00,462.82051,310,373.0,104.0,0.0,0.0,0.0,0.0,0.0,0.0,462.59306,812.96526,0.73323,235.80367,56.0,33.0,78.0,5.0,69.0,47.90298,12.17103,Laden,56.55,5.798383
2026-01-29 13:55:00,481.01926,310,373.0,104.0,0.0,0.0,0.0,0.0,0.0,0.0,480.45582,829.19215,0.74668,234.56483,56.0,32.0,78.0,5.0,69.0,45.47653,12.10308,Laden,56.53333333333333,5.757942166666666
2026-01-29 14:00:00,491.66014,310,373.0,104.0,0.0,0.0,0.0,0.0,0.0,0.0,491.96874,842.89365,0.75286,234.5112,56.0,31.41694,78.0,5.0,69.0,44.29778,12.06671,Laden,56.523615666666664,5.738296333333333
2026-01-29 14:05:00,473.53754,310,373.0,104.0,0.0,0.0,0.0,0.0,0.0,0.0,475.3477,825.97484,0.74082,235.55902,56.0,31.0,78.0,5.0,69.0,43.07071,12.15289,Laden,56.516666666666666,5.717845166666667
2026-01-29 14:10:00,474.20034,310,373.0,104.0,0.0,0.0,0.0,0.0,0.0,0.0,475.40582,828.56402,0.73951,235.62181,56.0,30.65558,78.0,5.0,69.0,41.75096,12.13096,Laden,56.51092633333333,5.695849333333333
2026-01-29 14:15:00,479.21426,310,373.0,105.0,0.0,0.0,0.0,0.0,0.0,0.0,477.5126,825.87342,0.747,235.71689,56.0,29.90631,78.0,5.0,69.0,39.37859,12.19145,Laden,56.4984385,5.656309833333333
2026-01-29 14:20:00,486.80713,310,373.0,105.0,0.0,0.0,0.0,0.0,0.0,0.0,485.26662,833.75376,0.74707,236.4045,56.0,29.0,78.0,5.0,69.0,38.19437,12.13419,Laden,56.483333333333334,5.636572833333333
2026-01-29 14:25:00,485.22346,310,373.0,105.0,0.0,0.0,0.0,0.0,0.0,0.0,484.99809,834.26228,0.74607,235.89641,56.0,29.0,78.0,5.0,69.0,36.83135,11.97018,Laden,56.483333333333334,5.613855833333333
2026-01-29 14:30:00,487.08589,310,373.0,105.0,0.0,0.0,0.0,0.0,0.0,0.0,484.22765,836.49124,0.74559,235.56832,56.0,28.18556,78.0,5.0,69.0,35.64757,11.97697,Laden,56.469759333333336,5.594126166666666
2026-01-29 14:35:00,492.17231,310,373.0,105.0,0.0,0.0,0.0,0.0,0.0,0.0,491.13909,837.59578,0.75391,236.12272,56.0,27.4737,78.0,5.0,69.0,33.28544,12.06143,Laden,56.457895,5.554757333333333
2026-01-29 14:40:00,505.28712,310,373.0,105.0,0.0,0.0,0.0,0.0,0.0,0.0,504.32276,851.45131,0.76059,236.0217,56.0,27.0,78.0,5.0,69.0,32.02626,12.13575,Laden,56.45,5.533771
2026-01-29 14:45:00,478.98811,310,373.0,105.0,0.0,0.0,0.0,0.0,0.0,0.0,478.41623,825.9124,0.74271,236.34871,56.0,26.75084,78.0,5.0,69.0,30.72655,12.13071,Laden,56.44584733333333,5.512109166666667
2026-01-29 14:50:00,489.68539,310,373.0,105.0,0.0,0.0,0.0,0.0,0.0,0.0,489.10731,843.89833,0.74608,236.04313,56.0,26.0,78.0,5.0,69.0,29.5442,12.04744,Laden,56.43333333333333,5.492403333333334
2026-01-29 14:55:00,489.64595,310,373.0,105.0,0.0,0.0,0.0,0.0,0.0,0.0,489.4292,842.81307,0.74897,235.94214,56.0,25.03351,78.0,5.0,69.0,27.17703,11.90717,Laden,56.41722516666667,5.4529505
2026-01-29 15:00:00,489.27787,310,373.0,105.0,0.0,0.0,0.0,0.0,0.0,0.0,490.31808,840.4683,0.75373,235.62162,56.0,25.0,78.0,5.0,69.0,25.8464,11.87114,Laden,56.416666666666664,5.430773333333334
2026-01-29 15:05:00,484.39377,310,373.0,105.0,0.0,0.0,0.0,0.0,0.0,0.0,484.65195,837.00839,0.74395,235.72468,56.0,24.35231,78.0,5.0,69.0,24.66337,12.00855,Laden,56.405871833333336,5.4110561666666666
2026-01-29 15:10:00,469.45326,310,373.0,105.0,0.0,0.0,0.0,0.0,0.0,0.0,469.2503,824.13545,0.73095,236.43417,56.0,24.0,78.0,5.0,69.0,23.47171,12.11639,Laden,56.4,5.391195166666667
2026-01-29 15:15:00,494.20831,310,373.0,105.0,0.0,0.0,0.0,0.0,0.0,0.0,493.56127,847.62937,0.74831,235.63615,56.0,23.0,78.0,5.0,69.0,21.02208,12.01581,Laden,56.38333333333333,5.350368
2026-01-29 15:20:00,512.81266,310,373.0,105.0,0.0,0.0,0.0,0.0,0.0,0.0,514.89535,879.23848,0.75594,236.31527,56.0,22.92409,78.0,5.0,69.0,19.74219,12.04819,Laden,56.38206816666667,5.3290365
2026-01-29 15:25:00,514.07519,310,373.0,105.0,0.0,0.0,0.0,0.0,0.0,0.0,516.32011,882.00721,0.75584,236.07003,56.0,22.0,78.0,5.0,69.0,18.55547,12.09436,Laden,56.36666666666667,5.309257833333334
2026-01-29 15:30:00,526.55781,310,373.0,105.0,0.0,0.0,0.0,0.0,0.0,0.0,525.80079,893.26083,0.75959,236.16379,56.0,22.0,78.0,5.0,69.0,17.37235,12.04899,Laden,56.36666666666667,5.289539166666667
2026-01-29 15:35:00,485.42345,310,373.0,105.0,0.0,0.0,0.0,0.0,0.0,0.0,486.78181,838.94049,0.74671,235.76749,56.0,21.0,78.0,5.0,69.0,14.86026,12.07305,Laden,56.35,5.247671
2026-01-29 15:40:00,529.57101,310,373.0,105.0,0.0,0.0,0.0,0.0,0.0,0.0,532.31361,885.39666,0.77514,235.87415,56.0,20.48659,78.0,5.0,69.0,13.66537,12.03271,Laden,56.341443166666664,5.2277561666666665
2026-01-29 15:45:00,523.97933,310,373.0,105.0,0.0,0.0,0.0,0.0,0.0,0.0,524.84915,881.84806,0.76651,235.98318,56.0,20.0,78.0,5.0,69.0,12.48203,12.20777,Laden,56.333333333333336,5.208033833333333
2026-01-29 15:50:00,529.89687,310,373.0,105.0,0.0,0.0,0.0,0.0,0.0,0.0,529.05184,884.33284,0.77104,236.0728,56.0,19.73083,78.0,5.0,69.0,11.28162,12.40449,Laden,56.32884716666667,5.188027
2026-01-29 15:55:00,539.33015,310,373.0,105.0,0.0,0.0,0.0,0.0,0.0,0.0,540.48781,892.65844,0.78058,236.05712,56.0,18.96709,78.0,5.0,69.0,8.70275,12.25634,Laden,56.31611816666667,5.1450458333333335
2026-01-29 16:00:00,532.60361,310,373.0,105.0,0.0,0.0,0.0,0.0,0.0,0.0,532.8026,887.54525,0.77595,236.25923,56.0,18.0,78.0,5.0,69.0,7.51041,12.33683,Laden,56.3,5.1251735
2026-01-29 16:05:00,548.68358,310,373.0,105.0,0.0,0.0,0.0,0.0,0.0,0.0,547.94417,908.48803,0.77601,236.37529,56.0,18.0,78.0,5.0,69.0,6.31069,12.43116,Laden,56.3,5.105178166666667
2026-01-29 16:10:00,542.27493,310,373.0,105.0,0.0,0.0,0.0,0.0,0.0,0.0,540.62536,897.0252,0.77755,235.72872,56.0,17.19295,78.0,5.0,69.0,5.02566,12.37374,Laden,56.28654916666667,5.083761
2026-01-29 16:15:00,533.06925,310,373.0,106.0,0.0,0.0,0.0,0.0,0.0,0.0,534.32121,888.43139,0.77472,236.27649,56.0,16.37976,78.0,5.0,69.0,2.53301,12.34291,Laden,56.272996,5.042216833333334
2026-01-29 16:20:00,530.14592,310,373.0,106.0,0.0,0.0,0.0,0.0,0.0,0.0,529.67341,881.72175,0.77155,235.80795,56.0,16.0,78.0,5.0,69.0,1.33419,12.3618,Laden,56.266666666666666,5.0222365
2026-01-29 16:25:00,535.91346,310,373.0,106.0,0.0,0.0,0.0,0.0,0.0,0.0,537.81617,892.45218,0.77983,235.97605,56.0,15.57475,78.0,4.94711,69.0,3.21515,12.3618,Laden,56.25957916666667,5.000695833333333
2026-01-29 16:30:00,536.81937,310,373.0,106.0,0.0,0.0,0.0,0.0,0.0,0.0,537.54747,897.06395,0.77197,236.32396,56.0,15.0,78.0,4.0,69.0,58.75491,12.36061,Laden,56.25,4.9792485
2026-01-29 16:35:00,535.64846,310,373.0,106.0,0.0,0.0,0.0,0.0,0.0,0.0,534.77891,887.04774,0.77719,236.06871,56.0,14.0,78.0,4.0,69.0,56.38108,12.22262,Laden,56.233333333333334,4.9396846666666665
2026-01-29 16:40:00,537.37477,310,373.0,106.0,0.0,0.0,0.0,0.0,0.0,0.0,539.31244,891.20964,0.77759,236.73533,56.0,13.98388,78.0,4.0,69.0,55.19893,12.30717,Laden,56.233064666666664,4.919982166666666
2026-01-29 16:45:00,533.98949,310,373.0,106.0,0.0,0.0,0.0,0.0,0.0,0.0,536.02109,888.45898,0.77923,237.90279,56.0,13.0,78.0,4.0,69.0,53.79546,12.33782,Laden,56.21666666666667,4.896591
2026-01-29 16:50:00,537.79445,310,373.0,106.0,0.0,0.0,0.0,0.0,0.0,0.0,537.54509,894.76181,0.77529,237.70386,56.0,13.0,78.0,4.0,69.0,52.59998,12.16521,Laden,56.21666666666667,4.8766663333333335
2026-01-29 16:55:00,535.99432,310,373.0,106.0,0.0,0.0,0.0,0.0,0.0,0.0,537.16317,893.1593,0.77507,237.40296,56.0,12.0,78.0,4.0,69.0,50.19874,12.37064,Laden,56.2,4.836645666666667
2026-01-29 17:00:00,539.70081,310,373.0,106.0,0.0,0.0,0.0,0.0,0.0,0.0,541.15966,895.16143,0.77805,237.97884,56.0,11.58887,78.0,4.0,69.0,48.79704,12.31206,Laden,56.193147833333335,4.813284
2026-01-29 17:05:00,526.19329,310,373.0,106.0,0.0,0.0,0.0,0.0,0.0,0.0,528.65009,883.1879,0.77015,237.67733,56.0,11.0,78.0,4.0,69.0,47.60132,12.24469,Laden,56.18333333333333,4.793355333333333
2026-01-29 17:10:00,537.97566,310,373.0,106.0,0.0,0.0,0.0,0.0,0.0,0.0,538.90215,893.9561,0.77583,237.88912,56.0,10.89539,78.0,4.0,69.0,46.41125,12.19299,Laden,56.181589833333334,4.773520833333333
2026-01-29 17:15:00,525.34029,310,373.0,106.0,0.0,0.0,0.0,0.0,0.0,0.0,526.0974,880.34793,0.77147,238.24058,56.0,10.0,78.0,4.0,69.0,43.83895,12.23125,Laden,56.166666666666664,4.730649166666667
2026-01-29 17:20:00,526.75926,310,373.0,106.0,0.0,0.0,0.0,0.0,0.0,0.0,525.26692,881.00857,0.7657,238.11348,56.0,9.18871,78.0,4.0,69.0,42.63052,12.24661,Laden,56.15314516666667,4.710508666666667
2026-01-29 17:25:00,521.43067,310,373.0,106.0,0.0,0.0,0.0,0.0,0.0,0.0,520.61655,873.86752,0.76715,237.99807,56.0,9.0,78.0,4.0,69.0,41.43126,12.36799,Laden,56.15,4.690521
2026-01-29 17:30:00,539.41119,310,373.0,106.0,0.0,0.0,0.0,0.0,0.0,0.0,537.66164,893.26258,0.77448,238.18097,56.0,8.46738,78.0,4.0,69.0,40.22828,12.3894,Laden,56.141123,4.670471333333333
2026-01-29 17:35:00,526.7325,310,373.0,106.0,0.0,0.0,0.0,0.0,0.0,0.0,525.08774,877.36918,0.77036,238.16333,56.0,7.73911,78.0,4.0,69.0,37.61995,12.3515,Laden,56.128985166666666,4.626999166666667
2026-01-29 17:40:00,516.66536,310,373.0,106.0,0.0,0.0,0.0,0.0,0.0,0.0,515.98419,869.32629,0.76446,237.72599,56.0,7.0,78.0,4.0,69.0,36.41992,12.2844,Laden,56.11666666666667,4.606998666666667
2026-01-29 17:45:00,522.80114,310,373.0,106.0,0.0,0.0,0.0,0.0,0.0,0.0,522.04565,875.57921,0.76922,238.09535,56.0,7.0,78.0,4.0,69.0,35.22905,12.2638,Laden,56.11666666666667,4.587150833333333
2026-01-29 17:50:00,529.36113,310,373.0,106.0,0.0,0.0,0.0,0.0,0.0,0.0,529.8011,886.69719,0.77061,238.2663,56.0,6.01249,78.0,4.0,69.0,33.86953,12.36975,Laden,56.10020816666667,4.564492166666667
2026-01-29 17:55:00,527.59187,310,373.0,106.0,0.0,0.0,0.0,0.0,0.0,0.0,524.91003,875.62749,0.77029,237.7564,56.0,5.28499,78.0,4.0,69.0,31.45152,12.19094,Laden,56.088083166666664,4.524192
2026-01-29 18:00:00,516.99636,310,373.0,106.0,0.0,0.0,0.0,0.0,0.0,0.0,518.04045,871.96524,0.76422,237.82976,56.0,5.0,78.0,4.0,69.0,30.2608,12.27386,Laden,56.083333333333336,4.504346666666667
2026-01-29 18:05:00,534.19597,310,373.0,106.12691,0.0,0.0,0.0,0.0,0.0,0.0,535.06469,892.5168,0.7718,237.60631,56.0,4.57552,78.0,4.0,69.0,28.95001,12.18099,Laden,56.07625866666667,4.482500166666667
2026-01-29 18:10:00,536.97894,310,373.0,107.0,0.0,0.0,0.0,0.0,0.0,0.0,537.73601,894.38297,0.77141,238.3643,56.0,4.0,78.0,4.0,69.0,27.68493,12.33414,Laden,56.06666666666667,4.4614155
2026-01-29 18:15:00,539.5381,310,373.0,107.0,0.0,0.0,0.0,0.0,0.0,0.0,541.32407,894.59768,0.7797,237.36862,56.0,3.0,78.0,4.0,69.0,25.28077,12.20611,Laden,56.05,4.421346166666667
2026-01-29 18:20:00,538.06641,310,373.0,107.0,0.0,0.0,0.0,0.0,0.0,0.0,537.31931,891.04868,0.77635,238.22234,56.0,3.0,78.0,4.0,69.0,24.01169,12.20087,Laden,56.05,4.400194833333333
2026-01-29 18:25:00,538.42751,310,373.0,107.0,0.0,0.0,0.0,0.0,0.0,0.0,538.13367,889.37225,0.78002,237.78721,56.0,2.15311,78.0,4.0,69.0,22.71012,12.36913,Laden,56.03588516666667,4.378502
2026-01-29 18:30:00,525.11391,310,373.0,107.0,0.0,0.0,0.0,0.0,0.0,0.0,526.70476,876.85254,0.77389,237.93714,56.0,2.0,78.0,4.0,69.0,21.50685,12.41908,Laden,56.03333333333333,4.3584475
2026-01-29 18:35:00,517.56463,310,373.0,107.0,0.0,0.0,0.0,0.0,0.0,0.0,518.84017,873.5124,0.76575,238.09875,56.0,1.0,78.0,4.0,69.0,18.9737,12.37669,Laden,56.016666666666666,4.316228333333333
2026-01-29 18:40:00,542.94105,310,373.0,107.0,0.0,0.0,0.0,0.0,0.0,0.0,542.01095,894.88187,0.77952,238.14485,56.0,0.70952,78.0,4.0,69.0,17.68431,12.40289,Laden,56.011825333333334,4.2947385
2026-01-29 18:45:00,534.52562,310,373.0,107.0,0.0,0.0,0.0,0.0,0.0,0.0,533.03193,884.1928,0.77527,238.13126,56.0,0.0,78.0,4.0,69.0,16.48154,12.43958,Laden,56.0,4.274692333333333
2026-01-29 18:50:00,529.76293,310,373.0,107.0,0.0,0.0,0.0,0.0,0.0,0.0,528.14737,882.35023,0.77102,240.91661,56.0,0.0,78.0,4.0,69.0,15.26304,12.42202,Laden,56.0,4.254384
2026-01-29 18:55:00,514.71519,310,373.0,107.0,0.0,0.0,0.0,0.0,0.0,0.0,514.9436,867.39909,0.76562,240.8468,55.0,59.0,78.0,4.0,69.0,12.56555,12.55479,Laden,55.983333333333334,4.209425833333333
2026-01-29 19:00:00,530.58229,310,373.0,107.0,0.0,0.0,0.0,0.0,0.0,0.0,527.8603,881.84866,0.77015,240.95971,55.0,58.5975,78.0,4.0,69.0,11.33356,12.51558,Laden,55.976625,4.188892666666667
2026-01-29 19:05:00,529.5146,310,373.0,107.0,0.0,0.0,0.0,0.0,0.0,0.0,528.82956,885.20771,0.76886,240.86533,55.0,58.0,78.0,4.0,69.0,9.94236,12.53175,Laden,55.96666666666667,4.165706
2026-01-29 19:10:00,538.08118,310,373.0,107.0,0.0,0.0,0.0,0.0,0.0,0.0,536.08977,886.85116,0.77722,241.10039,55.0,58.0,78.0,4.0,69.0,8.61385,12.56571,Laden,55.96666666666667,4.143564166666667
2026-01-29 19:15:00,523.16028,310,373.0,107.0,0.0,0.0,0.0,0.0,0.0,0.0,520.50344,872.11137,0.76945,241.05207,55.0,57.0,78.0,4.0,69.0,6.00537,12.55759,Laden,55.95,4.1000895
2026-01-29 19:20:00,518.08854,310,373.0,107.0,0.0,0.0,0.0,0.0,0.0,0.0,519.09942,871.89127,0.76617,240.73895,55.0,56.61616,78.0,4.0,69.0,4.64388,12.52189,Laden,55.94360266666666,4.077398
2026-01-29 19:25:00,522.51479,310,373.0,107.0,0.0,0.0,0.0,0.0,0.0,0.0,520.24863,873.75772,0.76492,241.32495,55.0,56.0,78.0,4.0,69.0,3.40178,12.52913,Laden,55.93333333333333,4.056696333333333
2026-01-29 19:30:00,551.17237,310,373.0,107.0,0.0,0.0,0.0,0.0,0.0,0.0,550.05349,905.28298,0.78153,242.54619,55.0,56.0,78.0,4.0,69.0,2.06694,12.52632,Laden,55.93333333333333,4.034449
2026-01-29 19:35:00,546.95643,310,373.0,107.0,0.0,0.0,0.0,0.0,0.0,0.0,543.3614,894.88364,0.78392,242.25554,55.0,55.0,78.0,3.3896,69.0,36.01334,12.68794,Laden,55.916666666666664,3.9898223333333336
2026-01-29 19:40:00,519.99403,310,373.0,107.0,0.0,0.0,0.0,0.0,0.0,0.0,520.72478,870.68152,0.77012,241.98923,55.0,54.8163,78.0,3.0,69.0,58.01607,12.62087,Laden,55.913605,3.9669345
2026-01-29 19:45:00,529.37268,310,373.0,107.0,0.0,0.0,0.0,0.0,0.0,0.0,528.54816,879.0306,0.77376,241.66215,55.0,54.0,78.0,3.0,69.0,56.63356,12.54681,Laden,55.9,3.9438926666666667
2026-01-29 19:50:00,521.28638,310,373.0,107.0,0.0,0.0,0.0,0.0,0.0,0.0,517.33179,866.44645,0.77094,242.37263,55.0,54.0,78.0,3.0,69.0,55.38093,12.69573,Laden,55.9,3.9230155
2026-01-29 19:55:00,569.87111,310,373.0,107.01835,0.0,0.0,0.0,0.0,0.0,0.0,570.18349,935.48206,0.78393,241.97302,55.0,53.0,78.0,3.0,69.0,52.60524,12.71075,Laden,55.88333333333333,3.876754
2026-01-29 20:00:00,567.89419,310,373.0,108.0,0.0,0.0,0.0,0.0,0.0,0.0,567.95175,934.61927,0.78394,241.9963,55.0,52.98164,78.0,3.0,69.0,51.34773,12.78656,Laden,55.88302733333333,3.8557955
2026-01-29 20:05:00,554.68313,310,373.0,108.0,0.0,0.0,0.0,0.0,0.0,0.0,552.57837,916.69266,0.77579,242.16956,55.0,52.0,78.0,3.0,69.0,49.90628,12.82426,Laden,55.86666666666667,3.831771333333333
2026-01-29 20:10:00,515.76263,310,373.0,108.0,0.0,0.0,0.0,0.0,0.0,0.0,513.67206,863.45834,0.76592,242.22845,55.0,52.0,78.0,3.0,69.0,48.55584,12.83937,Laden,55.86666666666667,3.809264
2026-01-29 20:15:00,509.96127,310,373.0,108.0,0.0,0.0,0.0,0.0,0.0,0.0,510.79396,861.47761,0.76477,242.32946,55.0,51.0,78.0,3.0,69.0,45.83846,12.80807,Laden,55.85,3.7639743333333335
2026-01-29 20:20:00,533.93899,310,373.0,108.0,0.0,0.0,0.0,0.0,0.0,0.0,533.85631,886.96293,0.77338,241.98469,55.0,51.0,78.0,3.0,69.0,44.51867,12.82227,Laden,55.85,3.7419778333333333
2026-01-29 20:25:00,528.04136,310,373.0,108.0,0.0,0.0,0.0,0.0,0.0,0.0,530.72065,885.22392,0.76915,241.92066,55.0,50.16413,78.0,3.0,69.0,43.25661,12.70808,Laden,55.836068833333336,3.7209435
2026-01-29 20:30:00,517.87945,310,373.0,108.0,0.0,0.0,0.0,0.0,0.0,0.0,516.60881,868.80289,0.76615,242.18331,55.0,50.0,78.0,3.0,69.0,41.73041,12.89594,Laden,55.833333333333336,3.6955068333333334
2026-01-29 20:35:00,512.27448,310,373.0,108.0,0.0,0.0,0.0,0.0,0.0,0.0,510.96409,862.21571,0.76306,242.26501,55.0,49.0,78.0,3.0,69.0,39.12725,12.84448,Laden,55.81666666666667,3.652120833333333
2026-01-29 20:40:00,530.32622,310,373.0,108.0,0.0,0.0,0.0,0.0,0.0,0.0,530.29505,882.48635,0.77574,241.86777,55.0,49.0,78.0,3.0,69.0,37.6645,12.80749,Laden,55.81666666666667,3.6277416666666666
2026-01-29 20:45:00,514.99781,310,373.0,108.0,0.0,0.0,0.0,0.0,0.0,0.0,515.5794,865.86612,0.76581,242.04,55.0,48.37534,78.0,3.0,69.0,36.40257,12.88021,Laden,55.806255666666665,3.6067095
2026-01-29 20:50:00,516.08065,310,373.0,108.0,0.0,0.0,0.0,0.0,0.0,0.0,516.92319,870.51827,0.76411,242.08971,55.0,48.0,78.0,3.0,69.0,34.97857,12.96393,Laden,55.8,3.5829761666666666
2026-01-29 20:55:00,519.70788,310,373.0,108.0,0.0,0.0,0.0,0.0,0.0,0.0,522.03005,873.67664,0.76911,242.09806,55.0,47.0,78.0,3.0,69.0,32.31709,12.73105,Laden,55.78333333333333,3.5386181666666667
2026-01-29 21:00:00,524.92706,310,373.0,108.0,0.0,0.0,0.0,0.0,0.0,0.0,523.88112,877.13903,0.76701,241.68275,55.0,47.0,78.0,3.0,69.0,30.84778,12.6242,Laden,55.78333333333333,3.514129666666667
2026-01-29 21:05:00,531.25761,310,373.0,108.0,0.0,0.0,0.0,0.0,0.0,0.0,529.40869,879.14473,0.77461,242.23163,55.0,46.64195,78.0,3.0,69.0,29.53315,12.77739,Laden,55.777365833333334,3.4922191666666667
2026-01-29 21:10:00,524.25494,310,373.0,108.0,0.0,0.0,0.0,0.0,0.0,0.0,523.93921,871.69001,0.77645,242.32465,55.0,46.0,78.0,3.0,69.0,28.25332,12.88813,Laden,55.766666666666666,3.4708886666666667
2026-01-29 21:15:00,514.77384,310,373.0,108.0,0.0,0.0,0.0,0.0,0.0,0.0,515.12971,864.40182,0.77061,242.01209,55.0,45.27217,78.0,3.0,69.0,25.4351,13.06805,Laden,55.75453616666667,3.4239183333333334
2026-01-29 21:20:00,511.36524,310,373.0,108.0,0.0,0.0,0.0,0.0,0.0,0.0,509.09002,861.75052,0.76183,241.93691,55.0,45.0,78.0,3.0,69.0,24.02981,13.01481,Laden,55.75,3.4004968333333334
2026-01-29 21:25:00,507.40969,310,373.0,108.0,0.0,0.0,0.0,0.0,0.0,0.0,509.64469,859.00822,0.7635,242.04608,55.0,44.89434,78.0,3.0,69.0,22.60035,12.88959,Laden,55.748239,3.3766724999999997
2026-01-29 21:30:00,509.53429,310,373.0,108.0,0.0,0.0,0.0,0.0,0.0,0.0,510.83988,859.13568,0.76658,241.99253,55.0,44.0,78.0,3.0,69.0,21.32833,12.87756,Laden,55.733333333333334,3.355472166666667
2026-01-29 21:35:00,500.17347,310,373.0,108.0,0.0,0.0,0.0,0.0,0.0,0.0,500.79498,848.80965,0.75756,241.18795,55.0,43.55217,78.0,3.0,69.0,18.50352,12.92451,Laden,55.7258695,3.308392
2026-01-29 21:40:00,505.28042,310,373.0,108.0,0.0,0.0,0.0,0.0,0.0,0.0,507.78008,856.97322,0.76367,242.69477,55.0,43.0,78.0,3.0,69.0,17.18185,13.07027,Laden,55.71666666666667,3.2863641666666665
2026-01-29 21:45:00,498.43862,310,373.0,108.0,0.0,0.0,0.0,0.0,0.0,0.0,498.52962,846.35177,0.75801,242.5625,55.0,43.0,78.0,3.0,69.0,15.65934,13.08358,Laden,55.71666666666667,3.260989
2026-01-29 21:50:00,508.09566,310,373.0,108.0,0.0,0.0,0.0,0.0,0.0,0.0,508.12006,857.85679,0.76302,241.29001,55.0,42.18165,78.0,3.0,69.0,14.37525,13.1289,Laden,55.7030275,3.2395875
2026-01-29 21:55:00,513.76674,310,373.0,109.0,0.0,0.0,0.0,0.0,0.0,0.0,510.40041,857.6736,0.76507,243.71488,55.0,41.79595,78.0,3.0,69.0,11.54637,13.0495,Laden,55.696599166666665,3.1924395
2026-01-29 22:00:00,501.1181,310,373.0,109.0,0.0,0.0,0.0,0.0,0.0,0.0,500.97448,845.86562,0.7641,242.13493,55.0,41.0,78.0,3.0,69.0,10.22743,12.98133,Laden,55.68333333333333,3.1704571666666665
2026-01-29 22:05:00,497.03776,310,373.0,109.0,0.0,0.0,0.0,0.0,0.0,0.0,495.11289,840.46552,0.75969,240.90799,55.0,41.0,78.0,3.0,69.0,8.70065,12.96374,Laden,55.68333333333333,3.1450108333333335
2026-01-29 22:10:00,515.63181,310,373.0,109.0,0.0,0.0,0.0,0.0,0.0,0.0,513.95558,863.92098,0.76713,242.14859,55.0,40.43673,78.0,3.0,69.0,7.43252,12.91629,Laden,55.6739455,3.1238753333333333
2026-01-29 22:15:00,509.48467,310,373.0,109.0,0.0,0.0,0.0,0.0,0.0,0.0,508.60344,855.75293,0.76617,242.80248,55.0,40.0,78.0,3.0,69.0,4.59894,12.98425,Laden,55.666666666666664,3.076649
2026-01-29 22:20:00,495.53731,310,373.0,109.0,0.0,0.0,0.0,0.0,0.0,0.0,497.76461,844.66574,0.7594,241.8543,55.0,39.12333,78.0,3.0,69.0,3.31898,12.84587,Laden,55.6520555,3.0553163333333333
2026-01-29 22:25:00,512.01662,310,373.0,109.0,0.0,0.0,0.0,0.0,0.0,0.0,510.24032,857.04877,0.76694,240.95628,55.0,39.0,78.0,3.0,69.0,1.85011,12.7961,Laden,55.65,3.030835166666667
2026-01-29 22:30:00,500.95037,310,373.0,109.0,0.0,0.0,0.0,0.0,0.0,0.0,501.79179,850.35215,0.75791,242.65821,55.0,38.75927,78.0,3.0,69.0,0.52661,12.9936,Laden,55.645987833333336,3.008776833333333
2026-01-29 22:35:00,519.11531,310,373.0,109.0,0.0,0.0,0.0,0.0,0.0,0.0,519.73998,872.55318,0.76822,242.24129,55.0,38.0,78.0,2.0,69.0,57.69606,12.98809,Laden,55.63333333333333,2.961601
2026-01-29 22:40:00,513.14774,310,373.0,109.0,0.0,0.0,0.0,0.0,0.0,0.0,512.92446,862.13376,0.76409,241.67891,55.0,37.40943,78.0,2.0,69.0,56.41363,13.0481,Laden,55.6234905,2.9402271666666664
2026-01-29 22:45:00,509.68308,310,373.0,109.0,0.0,0.0,0.0,0.0,0.0,0.0,507.8641,858.80697,0.76243,242.29535,55.0,37.0,78.0,2.0,69.0,55.00304,12.98349,Laden,55.61666666666667,2.916717333333333
2026-01-29 22:50:00,508.48031,310,373.0,109.0,0.0,0.0,0.0,0.0,0.0,0.0,509.83136,862.3223,0.7589,241.68023,55.0,36.99477,78.0,2.0,69.0,53.59494,12.91664,Laden,55.6165795,2.893249
2026-01-29 22:55:00,518.25185,310,373.0,109.0,0.0,0.0,0.0,0.0,0.0,0.0,518.15951,867.95146,0.77088,241.35434,55.0,36.0,78.0,2.0,69.0,50.84365,12.8668,Laden,55.6,2.8473941666666667
2026-01-29 23:00:00,530.18457,310,373.0,109.0,0.0,0.0,0.0,0.0,0.0,0.0,528.32168,881.54198,0.77282,241.59923,55.0,35.58182,78.0,2.0,69.0,49.5248,12.93088,Laden,55.59303033333333,2.8254133333333336
2026-01-29 23:05:00,520.39871,310,373.0,109.0,0.0,0.0,0.0,0.0,0.0,0.0,517.97504,873.40415,0.76473,241.73546,55.0,35.0,78.0,2.0,69.0,48.26077,12.82114,Laden,55.583333333333336,2.804346166666667
2026-01-29 23:10:00,515.80245,310,373.0,109.0,0.0,0.0,0.0,0.0,0.0,0.0,515.94501,864.22209,0.7657,241.97298,55.0,35.0,78.0,2.0,69.0,46.74528,12.73948,Laden,55.583333333333336,2.779088
2026-01-29 23:15:00,501.23335,310,373.0,109.0,0.0,0.0,0.0,0.0,0.0,0.0,502.97953,848.20178,0.76517,241.7641,55.0,34.0,78.0,2.0,69.0,44.21621,12.86152,Laden,55.56666666666667,2.736936833333333
2026-01-29 23:20:00,509.74984,310,373.0,109.0,0.0,0.0,0.0,0.0,0.0,0.0,509.51282,855.2862,0.76489,241.02348,55.0,33.69599,78.0,2.0,69.0,42.7246,12.90401,Laden,55.56159983333333,2.7120766666666665
2026-01-29 23:25:00,517.47777,310,373.0,109.0,0.0,0.0,0.0,0.0,0.0,0.0,518.09595,865.39406,0.77052,240.33368,55.0,33.0,78.0,2.0,69.0,41.47063,12.92504,Laden,55.55,2.691177166666667
2026-01-29 23:30:00,509.69207,310,373.0,109.0,0.0,0.0,0.0,0.0,0.0,0.0,508.4837,858.03218,0.76527,241.76992,55.0,33.0,78.0,2.0,69.0,40.18057,12.85449,Laden,55.55,2.6696761666666666
2026-01-29 23:35:00,512.63721,310,373.0,109.0,0.0,0.0,0.0,0.0,0.0,0.0,513.64059,859.57476,0.76837,243.12332,55.0,32.0,78.0,2.0,69.0,37.44888,12.76874,Laden,55.53333333333333,2.624148
2026-01-29 23:40:00,516.38761,310,373.0,109.0,0.0,0.0,0.0,0.0,0.0,0.0,515.40588,859.4947,0.7723,242.3202,55.0,31.75342,78.0,2.0,69.0,36.10947,12.79559,Laden,55.52922366666667,2.6018245
2026-01-29 23:45:00,521.89543,310,373.0,109.0,0.0,0.0,0.0,0.0,0.0,0.0,521.18442,866.28859,0.77262,243.5904,55.0,31.0,78.0,2.0,69.0,34.65727,12.912,Laden,55.516666666666666,2.577621166666667
2026-01-29 23:50:00,505.33856,310,373.0,109.0,0.0,0.0,0.0,0.0,0.0,0.0,507.20866,855.21701,0.76105,242.53575,55.0,31.0,78.0,2.0,69.0,33.39491,12.81936,Laden,55.516666666666666,2.5565818333333334
2026-01-29 23:55:00,503.92947,310,373.0,110.0,0.0,0.0,0.0,0.0,0.0,0.0,504.2418,851.04432,0.76413,241.34206,55.0,30.0,78.0,2.0,69.0,30.64737,12.62676,Laden,55.5,2.5107895
2026-01-30 00:00:00,506.14263,310,373.0,110.0,0.0,0.0,0.0,0.0,0.0,0.0,509.0812,856.33507,0.76488,241.23269,55.0,29.87572,78.0,2.0,69.0,29.40293,12.7668,Laden,55.49792866666667,2.4900488333333333
2026-01-30 00:05:00,518.01772,310,373.0,110.0,0.0,0.0,0.0,0.0,0.0,0.0,517.86168,862.47131,0.77302,240.99978,55.0,29.0,78.0,2.0,69.0,28.06762,12.77862,Laden,55.483333333333334,2.4677936666666667
2026-01-30 00:10:00,511.19655,310,373.0,110.0,0.0,0.0,0.0,0.0,0.0,0.0,509.00733,857.16298,0.76653,241.35635,55.0,29.0,78.0,2.0,69.0,26.67364,12.73177,Laden,55.483333333333334,2.444560666666667
2026-01-30 00:15:00,495.71294,310,373.0,110.0,0.0,0.0,0.0,0.0,0.0,0.0,496.18628,840.79521,0.75943,244.02448,55.0,28.0,78.0,2.0,69.0,24.065,12.86481,Laden,55.46666666666667,2.4010833333333332
2026-01-30 00:20:00,504.90687,310,373.0,110.0,0.0,0.0,0.0,0.0,0.0,0.0,504.70895,851.16833,0.76335,242.79706,55.0,27.93232,78.0,2.0,69.0,22.6485,12.73222,Laden,55.46553866666667,2.377475
2026-01-30 00:25:00,512.09964,310,373.0,110.0,0.0,0.0,0.0,0.0,0.0,0.0,511.2947,861.61848,0.76302,243.42004,55.0,27.0,78.0,2.0,69.0,21.39816,12.70796,Laden,55.45,2.356636
2026-01-30 00:30:00,546.49653,310,373.0,110.0,0.0,0.0,0.0,0.0,0.0,0.0,545.46035,905.20107,0.776,243.58802,55.0,27.0,78.0,2.0,69.0,20.04086,12.67399,Laden,55.45,2.334014333333333
2026-01-30 00:35:00,536.8739,310,373.0,110.0,0.0,0.0,0.0,0.0,0.0,0.0,535.86935,898.3462,0.7713,242.83346,55.0,26.0,78.0,2.0,69.0,17.40964,12.70504,Laden,55.43333333333333,2.2901606666666665
2026-01-30 00:40:00,513.45148,310,373.0,110.0,0.0,0.0,0.0,0.0,0.0,0.0,513.82287,868.71061,0.75968,243.78382,55.0,26.0,78.0,2.0,69.0,16.08323,12.68089,Laden,55.43333333333333,2.268053833333333
2026-01-30 00:45:00,506.15472,310,373.0,110.0,0.0,0.0,0.0,0.0,0.0,0.0,505.16302,849.12227,0.76588,242.46367,55.0,25.09095,78.0,2.0,69.0,14.68164,12.6501,Laden,55.4181825,2.244694
2026-01-30 00:50:00,512.94934,310,373.0,110.0,0.0,0.0,0.0,0.0,0.0,0.0,512.83213,862.56186,0.76455,243.9669,55.0,25.0,78.0,2.0,69.0,13.42394,12.76172,Laden,55.416666666666664,2.2237323333333334
2026-01-30 00:55:00,503.2505,310,373.0,110.0,0.0,0.0,0.0,0.0,0.0,0.0,504.91344,849.68291,0.76381,245.30881,55.0,24.0,78.0,2.0,69.0,10.66178,12.76468,Laden,55.4,2.1776963333333335
2026-01-30 01:00:00,504.70605,310,373.0,110.0,0.0,0.0,0.0,0.0,0.0,0.0,504.82999,849.1719,0.7637,245.012,55.0,24.0,78.0,2.0,69.0,9.39912,12.77604,Laden,55.4,2.156652
2026-01-30 01:05:00,502.45925,310,373.0,110.0,0.0,0.0,0.0,0.0,0.0,0.0,502.95842,848.49039,0.76164,244.04556,55.0,23.31638,78.0,2.0,69.0,8.03858,12.66352,Laden,55.388606333333335,2.1339763333333335
2026-01-30 01:10:00,510.11299,310,373.0,110.0,0.0,0.0,0.0,0.0,0.0,0.0,510.42169,857.66719,0.76448,245.47848,55.0,23.0,78.0,2.0,69.0,6.64521,12.62487,Laden,55.38333333333333,2.1107535
2026-01-30 01:15:00,515.33829,310,373.0,110.0,0.0,0.0,0.0,0.0,0.0,0.0,516.91193,865.17819,0.77054,245.28543,55.0,22.04019,78.0,2.0,69.0,4.02022,12.66246,Laden,55.3673365,2.0670036666666665
2026-01-30 01:20:00,509.02283,310,373.0,110.0,0.0,0.0,0.0,0.0,0.0,0.0,511.56026,859.3703,0.76521,245.00507,55.0,22.0,78.0,2.0,69.0,2.62738,12.67253,Laden,55.36666666666667,2.0437896666666666
2026-01-30 01:25:00,502.15493,310,373.0,110.0,0.0,0.0,0.0,0.0,0.0,0.0,499.77028,844.53689,0.76209,243.20146,55.0,21.70524,78.0,2.0,69.0,1.37236,12.71494,Laden,55.361754,2.0228726666666668
2026-01-30 01:30:00,504.16221,310,373.0,110.0,0.0,0.0,0.0,0.0,0.0,0.0,504.08283,852.42589,0.76053,246.63682,55.0,21.0,78.0,1.86817,69.0,7.86084,12.64246,Laden,55.35,1.999184
2026-01-30 01:35:00,516.82574,310,373.0,110.0,0.0,0.0,0.0,0.0,0.0,0.0,516.73124,862.65373,0.77106,244.1949,55.0,20.45435,78.0,1.0,69.0,57.35098,12.73187,Laden,55.34090583333333,1.9558496666666667
2026-01-30 01:40:00,512.57206,310,373.0,110.0,0.0,0.0,0.0,0.0,0.0,0.0,513.74299,859.69899,0.76591,245.49671,55.0,20.0,78.0,1.0,69.0,55.96909,12.6463,Laden,55.333333333333336,1.9328181666666668
2026-01-30 01:45:00,504.51974,310,373.0,110.0,0.0,0.0,0.0,0.0,0.0,0.0,505.64293,852.57171,0.76507,244.49925,55.0,20.0,78.0,1.0,69.0,54.60864,12.64755,Laden,55.333333333333336,1.910144
2026-01-30 01:50:00,506.7289,310,373.0,110.4491,0.0,0.0,0.0,0.0,0.0,0.0,507.8316,858.20008,0.76009,244.29633,55.0,19.09415,78.0,1.0,69.0,53.3622,12.53748,Laden,55.31823583333333,1.88937
2026-01-30 01:55:00,493.9251,310,373.0,111.0,0.0,0.0,0.0,0.0,0.0,0.0,493.64681,840.05332,0.75636,244.37743,55.0,18.81608,78.0,1.0,69.0,50.63141,12.54791,Laden,55.31360133333333,1.8438568333333334
2026-01-30 02:00:00,515.03978,310,373.0,111.0,0.0,0.0,0.0,0.0,0.0,0.0,517.86161,863.43165,0.77234,245.95477,55.0,18.0,78.0,1.0,69.0,49.3984,12.60259,Laden,55.3,1.8233066666666669
2026-01-30 02:05:00,506.96543,310,373.0,111.0,0.0,0.0,0.0,0.0,0.0,0.0,509.25136,855.47703,0.76674,244.81444,55.0,18.0,78.0,1.0,69.0,48.03651,12.62728,Laden,55.3,1.8006085
2026-01-30 02:10:00,509.99671,310,373.0,111.0,0.0,0.0,0.0,0.0,0.0,0.0,508.18455,859.5869,0.76236,244.89099,55.0,17.54212,78.0,1.0,69.0,46.63603,12.68473,Laden,55.29236866666667,1.7772671666666666
2026-01-30 02:15:00,512.54763,310,373.0,111.0,0.0,0.0,0.0,0.0,0.0,0.0,509.94179,858.20634,0.7656,246.24283,55.0,17.0,78.0,1.0,69.0,44.05392,12.59392,Laden,55.28333333333333,1.734232
2026-01-30 02:20:00,495.62504,310,373.0,111.0,0.0,0.0,0.0,0.0,0.0,0.0,496.57024,841.62393,0.75816,245.03637,55.0,16.22231,78.0,1.0,69.0,42.65617,12.58225,Laden,55.270371833333336,1.7109361666666667
2026-01-30 02:25:00,521.45582,310,373.0,111.0,0.0,0.0,0.0,0.0,0.0,0.0,520.22804,864.85107,0.77198,245.67668,55.0,16.0,78.0,1.0,69.0,41.4003,12.62705,Laden,55.266666666666666,1.690005
2026-01-30 02:30:00,512.56843,310,373.0,111.0,0.0,0.0,0.0,0.0,0.0,0.0,512.83978,860.11611,0.76789,243.58123,55.0,15.94017,78.0,1.0,69.0,40.07968,12.3762,Laden,55.2656695,1.6679946666666667
2026-01-30 02:35:00,493.66307,310,373.0,111.0,0.0,0.0,0.0,0.0,0.0,0.0,494.30508,838.30818,0.75791,245.11083,55.0,15.0,78.0,1.0,69.0,37.45251,12.55081,Laden,55.25,1.6242085
2026-01-30 02:40:00,496.08529,310,373.0,111.0,0.0,0.0,0.0,0.0,0.0,0.0,495.46308,838.78984,0.75966,242.8365,55.0,14.64379,78.0,1.0,69.0,36.20847,12.45503,Laden,55.24406316666666,1.6034745
2026-01-30 02:45:00,494.86017,310,373.0,111.0,0.0,0.0,0.0,0.0,0.0,0.0,497.0049,838.5332,0.76083,243.34472,55.0,14.0,78.0,1.0,69.0,34.76609,12.46373,Laden,55.233333333333334,1.5794348333333335
2026-01-30 02:50:00,504.599,310,373.0,111.0,0.0,0.0,0.0,0.0,0.0,0.0,505.27022,846.30496,0.76838,243.70437,55.0,14.0,78.0,1.0,69.0,33.53618,12.52426,Laden,55.233333333333334,1.5589363333333335
2026-01-30 02:55:00,485.28354,310,373.0,111.0,0.0,0.0,0.0,0.0,0.0,0.0,484.5279,825.35621,0.75816,242.6764,55.0,13.0,78.0,1.0,69.0,30.93963,12.50204,Laden,55.21666666666667,1.5156605
2026-01-30 03:00:00,496.63774,310,373.0,111.0,0.0,0.0,0.0,0.0,0.0,0.0,495.82386,836.7513,0.76331,243.90912,55.0,12.85107,78.0,1.0,69.0,29.63107,12.29993,Laden,55.2141845,1.4938511666666667
2026-01-30 03:05:00,494.81633,310,373.0,111.0,0.0,0.0,0.0,0.0,0.0,0.0,494.70653,837.77299,0.75779,243.03402,55.0,12.0,78.0,1.0,69.0,28.42415,12.48836,Laden,55.2,1.4737358333333335
2026-01-30 03:10:00,502.6803,310,373.0,111.0,0.0,0.0,0.0,0.0,0.0,0.0,503.08689,846.10152,0.76531,242.18316,55.0,12.0,78.0,1.0,69.0,27.13204,12.51551,Laden,55.2,1.4522006666666667
2026-01-30 03:15:00,506.73217,310,373.0,111.0,0.0,0.0,0.0,0.0,0.0,0.0,506.34594,847.74033,0.77074,243.01661,55.0,11.0,78.0,1.0,69.0,24.49547,12.43258,Laden,55.18333333333333,1.4082578333333333
2026-01-30 03:20:00,484.3691,310,373.0,111.0,0.0,0.0,0.0,0.0,0.0,0.0,484.37298,825.76567,0.75363,243.64056,55.0,11.0,78.0,1.0,69.0,23.27516,12.44198,Laden,55.18333333333333,1.3879193333333333
2026-01-30 03:25:00,493.96466,310,373.0,111.0,0.0,0.0,0.0,0.0,0.0,0.0,492.73575,832.237,0.76307,242.34155,55.0,10.07886,78.0,1.0,69.0,21.85315,12.46257,Laden,55.167981,1.3642191666666665
2026-01-30 03:30:00,485.34191,310,373.0,111.0,0.0,0.0,0.0,0.0,0.0,0.0,484.14183,825.62812,0.7536,243.27808,55.0,10.0,78.0,1.0,69.0,20.57681,12.52416,Laden,55.166666666666664,1.3429468333333334
2026-01-30 03:35:00,516.67622,310,373.0,111.0,0.0,0.0,0.0,0.0,0.0,0.0,516.45862,860.11576,0.76898,243.05282,55.0,9.0,78.0,1.0,69.0,17.9722,12.58251,Laden,55.15,1.2995366666666666
2026-01-30 03:40:00,527.91509,310,373.0,111.0,0.0,0.0,0.0,0.0,0.0,0.0,526.70877,863.98207,0.78183,242.66095,55.0,9.0,78.0,1.0,69.0,16.62732,12.65224,Laden,55.15,1.277122
2026-01-30 03:45:00,504.35467,310,373.0,111.0,0.0,0.0,0.0,0.0,0.0,0.0,506.1685,841.49081,0.76797,243.43304,55.0,8.3185,78.0,1.0,69.0,15.38147,12.60288,Laden,55.138641666666665,1.2563578333333334
2026-01-30 03:50:00,514.52248,310,373.0,111.59224,0.0,0.0,0.0,0.0,0.0,0.0,515.29408,850.87438,0.77544,243.89574,55.0,8.0,78.0,1.0,69.0,14.03553,12.52406,Laden,55.13333333333333,1.2339255
2026-01-30 03:55:00,524.57656,310,373.0,112.0,0.0,0.0,0.0,0.0,0.0,0.0,526.24696,867.79828,0.77673,231.2957,55.0,7.0,78.0,1.0,69.0,11.43601,12.43654,Laden,55.11666666666667,1.1906001666666666
2026-01-30 04:00:00,526.34229,310,373.0,112.0,0.0,0.0,0.0,0.0,0.0,0.0,528.8316,869.47304,0.7777,202.98263,55.0,6.73924,78.0,1.0,69.0,10.69735,11.682,Laden,55.11232066666667,1.1782891666666666
2026-01-30 04:05:00,528.88708,310,373.0,112.0,0.0,0.0,0.0,0.0,0.0,0.0,529.15883,869.19791,0.78116,199.92778,55.0,6.0,78.0,1.0,69.0,10.0,11.82175,Laden,55.1,1.1666666666666667
2026-01-30 04:10:00,502.90592,310,373.0,112.0,0.0,0.0,0.0,0.0,0.0,0.0,503.62548,840.53953,0.76755,200.68037,55.0,5.09063,78.0,1.0,69.0,9.75163,11.93554,Laden,55.08484383333333,1.1625271666666666
2026-01-30 04:15:00,514.26011,310,373.0,112.0,0.0,0.0,0.0,0.0,0.0,0.0,515.67614,859.77651,0.76935,200.60203,55.0,3.76077,78.0,1.0,69.0,8.67848,11.97151,Laden,55.0626795,1.1446413333333334
2026-01-30 04:20:00,522.84047,310,373.0,112.0,0.0,0.0,0.0,0.0,0.0,0.0,522.12662,859.71362,0.77771,200.80368,55.0,3.0,78.0,1.0,69.0,8.0,11.98073,Laden,55.05,1.1333333333333333
2026-01-30 04:25:00,525.03928,310,373.0,112.0,0.0,0.0,0.0,0.0,0.0,0.0,525.93277,868.00149,0.77127,198.11496,55.0,2.09809,78.0,1.0,69.0,7.69474,11.98612,Laden,55.034968166666665,1.1282456666666667
2026-01-30 04:30:00,522.85222,310,373.0,112.0,0.0,0.0,0.0,0.0,0.0,0.0,520.57395,860.20132,0.77485,197.25589,55.0,1.406,78.0,1.0,69.0,7.0,11.97664,Laden,55.02343333333334,1.1166666666666667
2026-01-30 04:35:00,506.53969,310,373.0,112.0,0.0,0.0,0.0,0.0,0.0,0.0,506.84724,845.49513,0.76901,197.6468,55.0,0.0,78.0,1.0,69.0,6.07322,11.915,Laden,55.0,1.1012203333333332
2026-01-30 04:40:00,513.27723,310,373.0,112.0,0.0,0.0,0.0,0.0,0.0,0.0,511.50008,853.09462,0.76832,196.59974,54.03705,56.81386,78.0,1.0,69.0,6.0,11.92076,Laden,54.983947666666666,1.1
2026-01-30 04:45:00,517.2963,310,373.0,112.0,0.0,0.0,0.0,0.0,0.0,0.0,519.06133,856.78059,0.77618,196.37427,54.0,58.35768,78.0,1.0,69.0,5.43046,11.82637,Laden,54.972628,1.0905076666666667
2026-01-30 04:50:00,520.25674,310,373.0,112.0,0.0,0.0,0.0,0.0,0.0,0.0,521.16683,860.22669,0.7757,196.61585,54.0,57.67789,78.0,1.0,69.0,5.0,11.83878,Laden,54.961298166666666,1.0833333333333333
2026-01-30 04:55:00,536.01525,310,373.0,112.0,0.0,0.0,0.0,0.0,0.0,0.0,533.84351,878.0354,0.78026,195.28872,54.0,56.0,78.0,1.0,69.0,4.0,11.76381,Laden,54.93333333333333,1.0666666666666667
2026-01-30 05:00:00,525.22126,310,373.0,112.0,0.0,0.0,0.0,0.0,0.0,0.0,523.33391,862.47149,0.77678,195.27121,54.0,55.31478,78.0,1.0,69.0,4.0,11.78307,Laden,54.921913,1.0666666666666667
2026-01-30 05:05:00,528.17386,310,373.0,112.0,0.0,0.0,0.0,0.0,0.0,0.0,529.6054,868.16823,0.78209,194.28348,54.0,54.6268,78.0,1.0,69.0,3.44756,11.80518,Laden,54.910446666666665,1.0574593333333333
2026-01-30 05:10:00,513.16204,310,373.0,112.0,0.0,0.0,0.0,0.0,0.0,0.0,515.05904,851.19954,0.77307,195.55799,54.0,53.94329,78.0,1.0,69.0,3.0,11.83948,Laden,54.89905483333333,1.05
2026-01-30 05:15:00,546.47197,310,373.0,112.0,0.0,0.0,0.0,0.0,0.0,0.0,546.80998,900.43179,0.77877,195.18239,54.0,52.25636,78.0,1.0,69.0,2.18161,11.69148,Laden,54.87093933333333,1.0363601666666666
2026-01-30 05:20:00,545.03977,310,373.0,112.0,0.0,0.0,0.0,0.0,0.0,0.0,545.92606,902.44667,0.77558,195.39369,54.0,51.58284,78.0,1.0,69.0,2.0,11.74759,Laden,54.859714,1.0333333333333334
2026-01-30 05:25:00,550.61471,310,373.0,112.0,0.0,0.0,0.0,0.0,0.0,0.0,550.77706,906.44077,0.78117,195.06259,54.0,50.90679,78.0,1.0,69.0,1.84907,11.70777,Laden,54.8484465,1.0308178333333333
2026-01-30 05:30:00,530.22104,310,373.0,112.0,0.0,0.0,0.0,0.0,0.0,0.0,532.73658,880.58533,0.7766,194.99312,54.0,50.0,78.0,1.0,69.0,1.0,11.78793,Laden,54.833333333333336,1.0166666666666666
2026-01-30 05:35:00,537.39269,310,373.0,112.0,0.0,0.0,0.0,0.0,0.0,0.0,534.14702,873.96593,0.78432,198.13148,54.0,48.54486,78.0,1.0,69.0,0.5295,11.7813,Laden,54.809081,1.008825
2026-01-30 05:40:00,523.34363,310,373.0,112.0,0.0,0.0,0.0,0.0,0.0,0.0,524.67062,861.91844,0.78041,204.96527,54.0,47.92893,78.0,1.0,69.0,0.0,11.93475,Laden,54.7988155,1.0
2026-01-30 05:45:00,514.8752,310,373.0,112.85806,0.0,0.0,0.0,0.0,0.0,0.0,514.4599,853.9722,0.77132,202.50583,54.0,47.0,78.0,0.26581,69.0,43.26796,11.79255,Laden,54.78333333333333,0.9869426666666667
2026-01-30 05:50:00,509.31748,310,373.0,113.0,0.0,0.0,0.0,0.0,0.0,0.0,511.10268,846.368,0.77154,197.34148,54.0,46.306,78.0,0.0,69.0,59.0,11.71748,Laden,54.771766666666664,0.9833333333333333
2026-01-30 05:55:00,519.06542,310,373.0,113.0,0.0,0.0,0.0,0.0,0.0,0.0,518.36757,859.44378,0.77208,192.51485,54.0,44.93592,78.0,0.0,69.0,58.0,11.78367,Laden,54.748932,0.9666666666666667
2026-01-30 06:00:00,538.83133,310,373.0,113.0,0.0,0.0,0.0,0.0,0.0,0.0,542.10496,879.99171,0.78961,191.58213,54.0,44.0,78.0,0.0,69.0,58.0,11.66951,Laden,54.733333333333334,0.9666666666666667
2026-01-30 06:05:00,528.30972,310,373.0,113.0,0.0,0.0,0.0,0.0,0.0,0.0,530.41591,865.25769,0.78498,192.45455,54.0,43.2488,78.0,0.0,69.0,57.62346,11.77648,Laden,54.72081333333333,0.960391
2026-01-30 06:10:00,534.66425,310,373.0,113.0,0.0,0.0,0.0,0.0,0.0,0.0,535.63276,872.22878,0.7878,192.16773,54.0,42.53677,78.0,0.0,69.0,57.0,11.8116,Laden,54.708946166666664,0.95
2026-01-30 06:15:00,512.22111,310,373.0,113.0,0.0,0.0,0.0,0.0,0.0,0.0,510.88992,849.24638,0.77468,192.09299,54.0,41.0,78.0,0.0,69.0,56.82524,11.82125,Laden,54.68333333333333,0.9470873333333334
2026-01-30 06:20:00,510.9102,310,373.0,113.0,0.0,0.0,0.0,0.0,0.0,0.0,511.56986,851.29488,0.77225,192.10114,54.0,40.13218,78.0,0.0,69.0,56.0,11.83699,Laden,54.668869666666666,0.9333333333333333
2026-01-30 06:25:00,512.70118,310,373.0,113.0,0.0,0.0,0.0,0.0,0.0,0.0,512.9889,853.34075,0.77167,192.02615,54.0,39.4234,78.0,0.0,69.0,56.0,11.83504,Laden,54.65705666666667,0.9333333333333333
2026-01-30 06:30:00,517.41799,310,373.0,113.0,0.0,0.0,0.0,0.0,0.0,0.0,517.97871,859.99504,0.77549,191.91148,54.0,38.72567,78.0,0.0,69.0,55.90066,11.83569,Laden,54.645427833333336,0.9316776666666667
2026-01-30 06:35:00,513.54538,310,373.0,113.0,0.0,0.0,0.0,0.0,0.0,0.0,512.9471,856.47591,0.76997,189.9039,54.0,37.01579,78.0,0.0,69.0,55.0,11.81597,Laden,54.61692983333333,0.9166666666666666
2026-01-30 06:40:00,502.32182,310,373.0,113.0,0.0,0.0,0.0,0.0,0.0,0.0,502.43892,845.84625,0.76439,190.29215,54.0,36.30494,78.0,0.0,69.0,55.0,11.97428,Laden,54.605082333333335,0.9166666666666666
2026-01-30 06:45:00,502.1777,310,373.0,113.0,0.0,0.0,0.0,0.0,0.0,0.0,499.57877,844.25791,0.76203,188.94303,54.0,35.58127,78.0,0.0,69.0,54.1938,11.87469,Laden,54.59302116666667,0.9032300000000001
2026-01-30 06:50:00,513.21763,310,373.0,113.0,0.0,0.0,0.0,0.0,0.0,0.0,513.95926,857.89607,0.77193,190.89292,54.0,34.86267,78.0,0.0,69.0,54.0,11.936,Laden,54.5810445,0.9
2026-01-30 06:55:00,509.56315,310,373.0,113.0,0.0,0.0,0.0,0.0,0.0,0.0,510.00465,857.28684,0.76332,190.81157,54.0,33.14008,78.0,0.0,69.0,53.66909,11.9498,Laden,54.55233466666667,0.8944848333333333
2026-01-30 07:00:00,515.4947,310,373.0,113.0,0.0,0.0,0.0,0.0,0.0,0.0,512.03159,858.10822,0.7658,189.55287,54.0,32.41505,78.0,0.0,69.0,53.0,11.92429,Laden,54.54025083333333,0.8833333333333333
2026-01-30 07:05:00,509.93834,310,373.0,113.0,0.0,0.0,0.0,0.0,0.0,0.0,512.03115,856.18542,0.77092,190.77379,54.0,31.70119,78.0,0.0,69.0,53.0,11.96478,Laden,54.52835316666667,0.8833333333333333
2026-01-30 07:10:00,521.14926,310,373.0,113.0,0.0,0.0,0.0,0.0,0.0,0.0,520.74748,866.13275,0.77287,188.45626,54.0,30.97685,78.0,0.0,69.0,53.0,11.8947,Laden,54.51628083333333,0.8833333333333333
2026-01-30 07:15:00,500.38586,310,373.0,113.0,0.0,0.0,0.0,0.0,0.0,0.0,501.68785,846.65049,0.76351,190.90022,54.0,29.26697,78.0,0.0,69.0,52.0,11.78845,Laden,54.487782833333334,0.8666666666666667
2026-01-30 07:20:00,502.50903,310,373.0,113.0,0.0,0.0,0.0,0.0,0.0,0.0,503.79544,847.96707,0.76585,193.29683,54.0,28.57389,78.0,0.0,69.0,52.0,11.82414,Laden,54.4762315,0.8666666666666667
2026-01-30 07:25:00,515.05652,310,373.0,113.0,0.0,0.0,0.0,0.0,0.0,0.0,515.91547,858.95362,0.77252,192.67146,54.0,27.88807,78.0,0.0,69.0,51.1775,11.82412,Laden,54.46480116666667,0.8529583333333334
2026-01-30 07:30:00,519.55103,310,373.0,113.0,0.0,0.0,0.0,0.0,0.0,0.0,517.73782,863.57725,0.76967,193.25768,54.0,27.0,78.0,0.0,69.0,51.0,11.79321,Laden,54.45,0.85
2026-01-30 07:35:00,511.71678,310,373.0,113.0,0.0,0.0,0.0,0.0,0.0,0.0,509.98688,850.86387,0.77447,194.39156,54.0,25.53355,78.0,0.0,69.0,50.0,11.79001,Laden,54.425559166666666,0.8333333333333334
2026-01-30 07:40:00,500.24959,310,373.0,113.70837,0.0,0.0,0.0,0.0,0.0,0.0,501.93942,842.13605,0.76789,193.37277,54.0,24.86514,78.0,0.0,69.0,50.0,11.71234,Laden,54.414419,0.8333333333333334
2026-01-30 07:45:00,515.24387,310,373.0,114.0,0.0,0.0,0.0,0.0,0.0,0.0,516.00809,862.35918,0.77009,194.06693,54.0,24.0,78.0,0.0,69.0,49.45317,11.77989,Laden,54.4,0.8242195
2026-01-30 07:50:00,526.85363,310,373.0,114.0,0.0,0.0,0.0,0.0,0.0,0.0,527.39626,871.84634,0.78172,193.45322,54.0,23.1951,78.0,0.0,69.0,49.0,11.69946,Laden,54.386585,0.8166666666666667
2026-01-30 07:55:00,511.37703,310,373.0,114.0,0.0,0.0,0.0,0.0,0.0,0.0,510.75283,857.02414,0.76701,193.45585,54.0,21.86247,78.0,0.0,69.0,48.14669,11.74481,Laden,54.3643745,0.8024448333333333
2026-01-30 08:00:00,515.19517,310,373.0,114.0,0.0,0.0,0.0,0.0,0.0,0.0,516.43675,864.1957,0.76818,193.20144,54.0,21.0,78.0,0.0,69.0,48.0,11.74951,Laden,54.35,0.8
2026-01-30 08:05:00,507.32603,310,373.0,114.0,0.0,0.0,0.0,0.0,0.0,0.0,506.98936,850.2219,0.7685,193.90858,54.0,20.18626,78.0,0.0,69.0,47.72583,11.62893,Laden,54.33643766666667,0.7954305
2026-01-30 08:10:00,508.86225,310,373.0,114.0,0.0,0.0,0.0,0.0,0.0,0.0,511.54794,854.57192,0.77204,192.22426,54.0,19.5293,78.0,0.0,69.0,47.0,11.64211,Laden,54.32548833333333,0.7833333333333333
2026-01-30 08:15:00,528.26414,310,373.0,114.0,0.0,0.0,0.0,0.0,0.0,0.0,525.54536,870.16994,0.776,192.54426,54.0,18.0,78.0,0.0,69.0,46.44819,11.63373,Laden,54.3,0.7741364999999999
2026-01-30 08:20:00,507.67708,310,373.0,114.0,0.0,0.0,0.0,0.0,0.0,0.0,507.03715,853.96165,0.76407,193.38445,54.0,17.19825,78.0,0.0,69.0,46.0,11.67035,Laden,54.2866375,0.7666666666666667
2026-01-30 08:25:00,503.27221,310,373.0,114.0,0.0,0.0,0.0,0.0,0.0,0.0,504.89348,851.12406,0.76491,192.35509,54.0,16.52963,78.0,0.0,69.0,46.0,11.67312,Laden,54.275493833333336,0.7666666666666667
2026-01-30 08:30:00,508.30157,310,373.0,114.0,0.0,0.0,0.0,0.0,0.0,0.0,509.38386,855.42634,0.76817,193.24914,54.0,15.86349,78.0,0.0,69.0,45.12672,11.64519,Laden,54.2643915,0.752112
2026-01-30 08:35:00,521.15552,310,373.0,114.0,0.0,0.0,0.0,0.0,0.0,0.0,522.1444,868.37913,0.77587,192.41189,54.0,14.20629,78.0,0.0,69.0,44.75572,11.67862,Laden,54.2367715,0.7459286666666666
2026-01-30 08:40:00,522.52845,310,373.0,114.0,0.0,0.0,0.0,0.0,0.0,0.0,522.76673,867.73995,0.7765,191.09142,54.0,13.5379,78.0,0.0,69.0,44.0,11.6,Laden,54.225631666666665,0.7333333333333333
2026-01-30 08:45:00,537.95897,310,373.0,114.0,0.0,0.0,0.0,0.0,0.0,0.0,537.54712,883.73533,0.78476,191.65953,54.0,12.87046,78.0,0.0,69.0,44.0,11.61207,Laden,54.21450766666667,0.7333333333333333
2026-01-30 08:50:00,529.59358,310,373.0,114.0,0.0,0.0,0.0,0.0,0.0,0.0,529.9255,881.85824,0.772,190.56714,54.0,12.0,78.0,0.0,69.0,43.73845,11.67221,Laden,54.2,0.7289741666666667
2026-01-30 08:55:00,537.32098,310,373.0,114.0,0.0,0.0,0.0,0.0,0.0,0.0,538.95244,906.96922,0.76767,190.55669,54.0,10.48566,78.0,0.0,69.0,43.0,11.89505,Laden,54.174761,0.7166666666666667
2026-01-30 09:00:00,533.02709,310,373.0,114.0,0.0,0.0,0.0,0.0,0.0,0.0,530.12242,896.22781,0.7594,191.30769,54.0,9.7772,78.0,0.0,69.0,42.62505,11.92054,Laden,54.162953333333334,0.7104175
2026-01-30 09:05:00,534.05512,310,373.0,114.0,0.0,0.0,0.0,0.0,0.0,0.0,532.28837,898.19885,0.76454,190.58292,54.0,9.0,78.0,0.0,69.0,42.0,11.88888,Laden,54.15,0.7
2026-01-30 09:10:00,554.98944,310,373.0,114.0,0.0,0.0,0.0,0.0,0.0,0.0,553.7383,918.00288,0.77774,191.12196,54.0,8.07048,78.0,0.0,69.0,42.0,11.9576,Laden,54.134508,0.7
2026-01-30 09:15:00,527.10255,310,373.0,114.0,0.0,0.0,0.0,0.0,0.0,0.0,526.53253,890.62731,0.76202,191.43032,54.0,6.65597,78.0,0.0,69.0,41.0,11.97188,Laden,54.11093283333334,0.6833333333333333
2026-01-30 09:20:00,541.91595,310,373.0,114.0,0.0,0.0,0.0,0.0,0.0,0.0,541.78693,907.31078,0.7678,190.3581,54.0,5.94222,78.0,0.0,69.0,41.0,11.91175,Laden,54.099037,0.6833333333333333
2026-01-30 09:25:00,546.65537,310,373.0,114.0,0.0,0.0,0.0,0.0,0.0,0.0,549.00746,914.02818,0.77217,191.43613,54.0,5.0,78.0,0.0,69.0,40.44572,11.95583,Laden,54.083333333333336,0.6740953333333334
2026-01-30 09:30:00,548.12061,310,373.0,114.0,0.0,0.0,0.0,0.0,0.0,0.0,549.22766,919.85199,0.77064,190.9247,54.0,4.2353,78.0,0.0,69.0,40.0,11.88939,Laden,54.07058833333333,0.6666666666666666
2026-01-30 09:35:00,535.28267,310,373.0,115.0,0.0,0.0,0.0,0.0,0.0,0.0,536.71671,904.04368,0.76224,188.25423,54.0,2.84594,78.0,0.0,69.0,39.3608,11.76555,Laden,54.04743233333333,0.6560133333333333
2026-01-30 09:40:00,540.15859,310,373.0,115.0,0.0,0.0,0.0,0.0,0.0,0.0,541.09292,909.30134,0.76369,177.67132,54.0,2.0,78.0,0.0,69.0,39.0,11.42221,Laden,54.03333333333333,0.65
2026-01-30 09:45:00,587.47755,310,373.0,115.0,0.0,0.0,0.0,0.0,0.0,0.0,585.69608,969.34272,0.77959,175.55271,54.0,1.15642,78.0,0.0,69.0,39.0,11.49139,Laden,54.01927366666666,0.65
2026-01-30 09:50:00,587.82335,310,373.0,115.0,0.0,0.0,0.0,0.0,0.0,0.0,588.85533,976.08327,0.77741,176.83431,54.0,0.46372,78.0,0.0,69.0,39.0,11.59644,Laden,54.007728666666665,0.65
2026-01-30 09:55:00,556.97752,310,373.0,115.0,0.0,0.0,0.0,0.0,0.0,0.0,557.31595,937.04505,0.76883,175.89901,53.0,59.0,78.0,0.0,69.0,39.0,11.53622,Laden,53.983333333333334,0.65
2026-01-30 10:00:00,545.80081,310,373.0,115.0,0.0,0.0,0.0,0.0,0.0,0.0,545.87572,915.27075,0.76972,176.44304,53.0,58.05904,78.0,0.0,69.0,39.0,11.53632,Laden,53.967650666666664,0.65
2026-01-30 10:05:00,532.43047,310,373.0,115.0,0.0,0.0,0.0,0.0,0.0,0.0,534.33866,902.35624,0.76338,175.44946,53.0,57.3609,78.0,0.0,69.0,39.0,11.29633,Laden,53.956015,0.65
2026-01-30 10:10:00,533.99455,310,373.0,115.0,0.0,0.0,0.0,0.0,0.0,0.0,534.55931,904.58754,0.76072,175.28577,53.0,56.70051,78.0,0.0,69.0,39.0,11.09916,Laden,53.9450085,0.65
2026-01-30 10:15:00,545.4316,310,373.0,115.0,0.0,0.0,0.0,0.0,0.0,0.0,544.27525,913.09252,0.76883,176.42112,53.0,55.04983,78.0,0.0,69.0,39.0,11.12123,Laden,53.917497166666664,0.65
2026-01-30 10:20:00,548.99943,310,373.0,115.0,0.0,0.0,0.0,0.0,0.0,0.0,548.46916,920.87402,0.76631,177.9778,53.0,54.39571,78.0,0.0,69.0,39.0,11.08105,Laden,53.90659516666667,0.65
2026-01-30 10:25:00,536.77923,310,373.0,115.0,0.0,0.0,0.0,0.0,0.0,0.0,536.74539,906.6038,0.76241,204.02339,53.0,53.76951,78.0,0.0,69.0,39.0,11.75281,Laden,53.8961585,0.65
2026-01-30 10:30:00,536.63601,310,373.0,115.0,53.88207,100.45265,0.16357,0.0,0.0,0.0,481.50419,809.04877,0.7668,216.94069,53.0,53.0,78.0,0.0,69.0,38.37363,12.32457,Laden,53.88333333333333,0.6395605
2026-01-30 10:35:00,541.37801,310,373.0,115.0,261.85449,434.2111,0.77464,0.0,0.0,0.0,279.12903,472.7117,0.76046,214.38771,53.0,51.92685,78.0,0.0,69.0,36.66517,12.23085,Laden,53.8654475,0.6110861666666667
2026-01-30 10:40:00,536.66012,310,373.0,115.0,262.24495,436.69808,0.77462,0.0,0.0,0.0,275.4427,471.17331,0.75286,213.22708,53.0,51.0,78.0,0.0,69.0,35.84048,12.23997,Laden,53.85,0.5973413333333333
2026-01-30 10:45:00,536.54101,310,373.0,115.0,261.65348,435.2511,0.77712,0.0,0.0,0.0,276.21853,471.35135,0.75369,214.61697,53.0,50.45725,78.0,0.0,69.0,35.0,12.21758,Laden,53.84095416666667,0.5833333333333334
2026-01-30 10:50:00,529.74558,310,373.0,115.0,260.35517,434.65492,0.77095,0.0,0.0,0.0,268.61172,463.55401,0.74648,214.14089,53.0,50.0,78.0,0.0,69.0,34.03433,12.24165,Laden,53.833333333333336,0.5672388333333332
2026-01-30 10:55:00,549.85988,310,373.0,115.0,275.01377,458.0301,0.77507,0.0,0.0,0.0,275.68682,482.40648,0.73659,217.78659,53.0,48.56054,78.0,0.0,69.0,32.43465,11.54237,Laden,53.80934233333333,0.5405774999999999
2026-01-30 11:00:00,550.19111,310,373.0,115.0,266.94558,450.53673,0.76564,0.0,0.0,0.0,283.38953,488.58401,0.74655,224.06741,53.0,48.0,78.0,0.0,69.0,31.63459,9.67203,Laden,53.8,0.5272431666666667
2026-01-30 11:05:00,544.16234,310,373.0,115.0,268.8049,452.09812,0.7658,0.0,0.0,0.0,275.84065,480.93876,0.73788,222.75503,53.0,47.99221,78.0,0.0,69.0,31.0,7.36016,Laden,53.799870166666665,0.5166666666666667
2026-01-30 11:10:00,539.06712,310,373.0,115.0,272.81766,459.27999,0.76498,0.0,0.0,0.0,266.67441,474.7158,0.72457,208.38799,53.0,47.0,78.0,0.0,69.0,30.21315,5.39406,Laden,53.78333333333333,0.5035525
2026-01-30 11:15:00,579.35402,310,373.0,115.0,283.20589,469.08117,0.77835,0.0,0.0,0.0,296.89171,504.12084,0.75947,145.18873,53.0,47.0,78.0,0.0,69.0,30.0,1.43647,Laden,53.78333333333333,0.5
2026-01-30 11:20:00,606.72959,310,373.0,115.0,297.97476,487.10372,0.78827,0.0,0.0,0.0,308.84909,516.60737,0.76793,165.77234,53.0,47.0,78.0,0.0,69.0,30.0,2.00843,Laden,53.78333333333333,0.5
2026-01-30 11:25:00,625.15542,310,373.0,115.0,306.74995,494.65155,0.79735,0.0,0.0,0.0,317.59016,526.26659,0.77713,188.6476,53.0,47.0,78.0,0.0,69.0,30.0,4.01875,Laden,53.78333333333333,0.5
2026-01-30 11:30:00,570.9673,310,373.0,115.0,282.86328,458.22978,0.79306,0.0,0.0,0.0,284.68707,480.48141,0.75974,238.33531,53.0,46.39427,78.0,0.0,69.0,29.60376,5.7064,Laden,53.77323783333333,0.493396
2026-01-30 11:35:00,539.3092,310,373.0,115.0,266.3262,432.90276,0.79496,0.0,0.0,0.0,272.73761,460.0419,0.76348,259.75461,53.0,46.0,78.0,0.0,69.0,27.91944,8.82234,Laden,53.766666666666666,0.465324
2026-01-30 11:40:00,531.1875,310,373.0,115.0,262.72375,428.45271,0.79237,0.0,0.0,0.0,268.51884,455.2471,0.76256,259.75527,53.0,46.0,78.0,0.0,69.0,26.88501,9.37851,Laden,53.766666666666666,0.4480835
2026-01-30 11:45:00,534.81886,310,373.0,115.0,272.10171,437.9342,0.79686,0.0,0.0,0.0,263.13167,450.46071,0.75174,259.73469,53.0,46.0,78.0,0.0,69.0,25.82666,9.59703,Laden,53.766666666666666,0.4304443333333333
2026-01-30 11:50:00,554.67325,310,373.0,115.0,283.51098,451.96393,0.80786,0.0,0.0,0.0,270.63988,459.14338,0.75922,292.29744,53.0,46.0,78.0,0.0,69.0,24.7975,8.96125,Laden,53.766666666666666,0.41329166666666667
2026-01-30 11:55:00,519.39244,310,373.0,115.0,270.85958,438.68606,0.79472,0.0,0.0,0.0,252.65735,442.80084,0.7342,89.31931,53.0,46.0,78.0,0.0,69.0,25.0,5.35407,Laden,53.766666666666666,0.4166666666666667
2026-01-30 12:00:00,520.23623,310,373.0,115.0,269.60545,435.34665,0.79625,0.0,0.0,0.0,250.69902,440.70915,0.72987,90.68671,53.0,46.0,78.0,0.0,69.0,25.40609,5.01335,Idle,53.766666666666666,0.4234348333333333
2026-01-30 12:05:00,521.87464,310,373.0,115.0,270.3004,436.64449,0.79588,0.0,0.0,0.0,252.24678,441.17687,0.73446,90.13557,53.0,46.0,78.0,0.0,69.0,26.0,4.81585,Idle,53.766666666666666,0.43333333333333335
2026-01-30 12:10:00,535.84168,310.61415,373.0,115.0,278.23406,446.58874,0.80231,0.0,0.0,0.0,258.33605,448.75341,0.73707,90.19567,53.0,46.0,78.0,0.0,69.0,26.5917,4.86044,Idle,53.766666666666666,0.443195
2026-01-30 12:15:00,528.64594,311,373.0,115.61417,273.81159,441.02892,0.79904,0.0,0.0,0.0,254.38998,444.37465,0.73452,90.46274,53.0,46.0,78.0,0.0,69.0,27.76742,4.78875,Idle,53.766666666666666,0.46279033333333336
2026-01-30 12:20:00,517.98265,311,373.0,116.0,268.68528,433.4444,0.79666,0.0,0.0,0.0,248.3438,436.64754,0.7308,91.77999,53.0,46.0,78.0,0.0,69.0,28.0,4.76364,Idle,53.766666666666666,0.4666666666666667
2026-01-30 12:25:00,521.10435,311,373.0,116.0,270.84998,435.53984,0.80009,0.0,0.0,0.0,249.94682,438.34241,0.73153,90.50063,53.0,46.0,78.0,0.0,69.0,28.9141,4.72203,Idle,53.766666666666666,0.4819016666666667
2026-01-30 12:30:00,533.96616,311,373.0,116.0,276.16972,443.80825,0.80093,0.0,0.0,0.0,258.4725,448.18449,0.73946,89.69387,53.0,46.0,78.0,0.0,69.0,29.06535,4.79517,Idle,53.766666666666666,0.4844225
2026-01-30 12:35:00,520.78893,311,373.0,116.0,261.35623,428.57522,0.78668,0.0,0.0,0.0,259.25957,449.91935,0.74099,120.05767,53.0,46.0,78.0,0.0,69.0,30.0,4.79309,Idle,53.766666666666666,0.5
2026-01-30 12:40:00,529.64609,311,373.0,116.0,265.08002,432.10802,0.79179,0.0,0.0,0.0,263.58981,452.36811,0.74995,118.83673,53.0,46.0,78.0,0.0,69.0,30.99658,4.78045,Idle,53.766666666666666,0.5166096666666667
2026-01-30 12:45:00,530.00515,311,373.0,116.0,266.68255,432.42999,0.79214,0.0,0.0,0.0,262.73126,450.60767,0.75292,119.04261,53.0,45.94718,78.0,0.0,69.0,31.0,4.80081,Idle,53.76578633333333,0.5166666666666667
2026-01-30 12:50:00,528.24563,311,373.0,116.0,265.38062,430.6831,0.79206,0.0,0.0,0.0,262.86266,450.76576,0.75077,119.24714,53.0,45.0,78.0,0.0,69.0,31.62608,4.88702,Idle,53.75,0.5271013333333333
2026-01-30 12:55:00,534.66368,311,373.0,116.0,267.83004,436.57849,0.78903,0.0,0.0,0.0,266.77547,455.66583,0.7499,118.76335,53.0,45.0,78.0,0.0,69.0,32.28918,4.84672,Idle,53.75,0.538153
2026-01-30 13:00:00,525.4125,311,373.0,116.0,263.56328,429.94287,0.79141,0.0,0.0,0.0,260.94925,449.14138,0.74619,119.56089,53.0,45.0,78.0,0.0,69.0,33.0,5.01337,Idle,53.75,0.55
2026-01-30 13:05:00,515.13637,311,373.0,116.0,258.87824,424.09183,0.7885,0.0,0.0,0.0,255.79262,443.8381,0.74151,120.5042,53.0,44.55045,78.0,0.0,69.0,33.02352,5.22407,Idle,53.7425075,0.550392
2026-01-30 13:10:00,518.37796,311,373.0,116.0,261.01072,427.12083,0.78755,0.0,0.0,0.0,258.33929,447.28149,0.7422,119.73882,53.0,44.0,78.0,0.0,69.0,34.0,5.16341,Idle,53.733333333333334,0.5666666666666667
2026-01-30 13:15:00,528.32896,311,373.0,116.0,266.07206,428.28584,0.80151,0.0,0.0,0.0,262.99329,446.24617,0.76167,120.65531,53.0,44.0,78.0,0.0,69.0,34.80768,5.39813,Idle,53.733333333333334,0.580128
2026-01-30 13:20:00,520.37266,311,373.0,116.0,260.87885,423.3763,0.79609,0.0,0.0,0.0,259.36046,441.69047,0.75512,118.75626,53.0,43.80538,78.0,0.0,69.0,35.0,5.42847,Idle,53.730089666666665,0.5833333333333334
2026-01-30 13:25:00,509.39638,311,373.0,116.0,256.76284,417.07618,0.79064,0.0,0.0,0.0,252.7663,435.31888,0.7472,98.44432,53.0,43.0,78.0,0.0,69.0,35.66878,4.92415,Idle,53.71666666666667,0.5944796666666666
2026-01-30 13:30:00,511.44509,311,373.0,116.0,256.57933,417.14999,0.79278,0.0,0.0,0.0,253.49108,434.24669,0.75313,87.64991,53.0,43.0,78.0,0.0,69.0,36.0,4.70292,Idle,53.71666666666667,0.6
2026-01-30 13:35:00,520.44327,311,373.0,116.0,262.03904,424.95533,0.79492,0.0,0.0,0.0,259.76033,441.47401,0.75731,87.5909,53.0,43.0,78.0,0.0,69.0,37.0,4.95239,Idle,53.71666666666667,0.6166666666666667
2026-01-30 13:40:00,532.25311,311,373.0,116.0,267.16518,430.27671,0.80242,0.0,0.0,0.0,265.20043,448.63315,0.76015,87.69857,53.0,43.0,78.0,0.0,69.0,37.96822,5.06615,Idle,53.71666666666667,0.6328036666666667
2026-01-30 13:45:00,543.3057,311,373.0,116.0,274.49611,447.68136,0.79277,0.0,0.0,0.0,269.34766,464.27603,0.749,87.54339,53.0,43.0,78.0,0.0,69.0,38.23364,5.13795,Idle,53.71666666666667,0.6372273333333334
2026-01-30 13:50:00,599.79974,311,373.0,116.0,308.78755,489.73036,0.81386,0.0,0.0,0.0,291.15752,492.09785,0.75897,84.94691,53.0,43.0,78.0,0.0,69.0,39.0,5.12683,Idle,53.71666666666667,0.65
2026-01-30 13:55:00,607.87988,311,373.0,116.0,314.16294,498.61032,0.80904,0.0,0.0,0.0,294.37178,497.45652,0.7618,85.19852,53.0,43.0,78.0,0.0,69.0,40.0,5.10834,Idle,53.71666666666667,0.6666666666666666
2026-01-30 14:00:00,611.58865,311,373.0,116.0,304.8825,487.82294,0.80241,0.0,0.0,0.0,304.15471,504.76695,0.77512,86.63488,53.0,43.0,78.0,0.0,69.0,40.82033,5.15541,Idle,53.71666666666667,0.6803388333333333
2026-01-30 14:05:00,571.11614,311,373.0,116.0,284.11935,464.68375,0.78954,0.0,0.0,0.0,286.04577,485.70128,0.75587,99.54655,53.0,43.0,78.0,0.0,69.0,41.0,3.81597,Idle,53.71666666666667,0.6833333333333333
2026-01-30 14:10:00,559.47462,311,373.0,116.0,277.67234,456.25692,0.782,0.0,0.0,0.0,280.54576,479.19436,0.75222,113.88576,53.0,43.0,78.0,0.0,69.0,41.43851,2.30464,Idle,53.71666666666667,0.6906418333333334
2026-01-30 14:15:00,562.36208,311,373.0,116.0,279.36793,460.83524,0.77982,0.0,0.0,0.0,282.52347,482.15528,0.75594,134.91603,53.0,43.0,78.0,0.0,69.0,42.0,0.9713,Idle,53.71666666666667,0.7
2026-01-30 14:20:00,569.55661,311,373.0,116.0,283.38327,462.92019,0.78812,0.0,0.0,0.0,286.17909,484.6775,0.75841,173.0297,53.0,43.0,78.0,0.0,69.0,41.77271,1.08276,Idle,53.71666666666667,0.6962118333333333
2026-01-30 14:25:00,582.89932,311,373.0,116.0,290.81532,473.53918,0.78768,0.0,0.0,0.0,292.91597,492.66562,0.76456,198.62022,53.0,42.85323,78.0,0.0,69.0,41.0,1.49094,Idle,53.7142205,0.6833333333333333
2026-01-30 14:30:00,593.79538,311,373.0,116.0,296.5814,479.01954,0.79423,0.0,0.0,0.0,296.59509,496.52361,0.76603,189.57104,53.0,42.0,78.0,0.0,69.0,41.0,1.69249,Idle,53.7,0.6833333333333333
2026-01-30 14:35:00,568.45855,311,373.0,116.0,282.48736,462.44288,0.78265,0.0,0.0,0.0,285.82833,485.13575,0.75591,185.12545,53.0,42.0,78.0,0.0,69.0,41.0,1.54871,Idle,53.7,0.6833333333333333
2026-01-30 14:40:00,577.38717,311,373.0,116.0,286.95632,468.90876,0.78882,0.0,0.0,0.0,290.37848,490.43245,0.76331,190.84928,53.0,42.0,78.0,0.0,69.0,41.0,1.723,Idle,53.7,0.6833333333333333
2026-01-30 14:45:00,582.01205,311,373.0,116.0,289.5597,469.17663,0.79419,0.0,0.0,0.0,292.45066,492.16594,0.76246,187.04737,53.0,42.0,78.0,0.0,69.0,41.0,1.87153,Idle,53.7,0.6833333333333333
2026-01-30 14:50:00,580.99439,311,373.0,116.0,288.58203,468.47517,0.79329,0.0,0.0,0.0,291.40845,491.11559,0.76015,180.16809,53.0,42.0,78.0,0.0,69.0,41.0,1.78332,Idle,53.7,0.6833333333333333
2026-01-30 14:55:00,640.92374,311,373.0,116.0,317.83883,514.80324,0.79442,0.0,0.0,0.0,328.01935,543.46897,0.77869,191.89688,53.0,42.0,78.0,0.0,69.0,40.0,1.86304,Idle,53.7,0.6666666666666666
2026-01-30 15:00:00,675.26178,311,373.0,116.0,339.04047,540.61344,0.80656,0.0,0.0,0.0,337.14842,556.71469,0.77793,203.85797,53.0,42.0,78.0,0.0,69.0,40.0,3.37883,Idle,53.7,0.6666666666666666
2026-01-30 15:05:00,664.26004,311,373.0,116.0,329.21804,520.43003,0.81648,0.0,0.0,0.0,332.58217,540.57298,0.79148,218.15069,53.0,41.17787,78.0,0.0,69.0,40.0,5.049,Idle,53.686297833333334,0.6666666666666666
2026-01-30 15:10:00,619.69244,311,373.0,116.0,309.70711,495.48992,0.80875,0.0,0.0,0.0,312.13148,515.15176,0.78049,314.06199,53.0,41.0,78.0,0.0,69.0,39.95328,4.58132,Idle,53.68333333333333,0.665888
2026-01-30 15:15:00,572.08649,311,373.0,116.0,283.77177,463.91308,0.78935,0.0,0.0,0.0,288.2659,487.45098,0.76377,59.51106,53.0,41.0,78.0,0.0,69.0,39.0,0.33674,Idle,53.68333333333333,0.65
2026-01-30 15:20:00,565.49266,311,373.0,116.0,280.06682,460.79374,0.7815,0.0,0.0,0.0,284.70557,486.43395,0.75403,71.88034,53.0,41.0,78.0,0.0,69.0,39.0,0.35489,Idle,53.68333333333333,0.65
2026-01-30 15:25:00,567.97574,311,373.0,116.0,281.89858,462.97747,0.78617,0.0,0.0,0.0,284.2474,485.95319,0.75109,51.48223,53.0,41.0,78.0,0.0,69.0,39.0,0.62539,Idle,53.68333333333333,0.65
2026-01-30 15:30:00,577.1162,311,373.0,116.0,286.19905,465.72904,0.79291,0.0,0.0,0.0,288.89815,489.34288,0.75949,38.71752,53.0,41.0,78.0,0.0,69.0,39.0,0.9879,Idle,53.68333333333333,0.65
2026-01-30 15:35:00,542.36006,311,373.0,116.0,273.28801,448.01883,0.78817,0.0,0.0,0.0,267.99217,463.90595,0.74239,18.1157,53.0,41.0,78.0,0.0,69.0,39.0,1.11474,Idle,53.68333333333333,0.65
2026-01-30 15:40:00,430.78354,311,373.0,116.0,215.65993,375.89991,0.7384,0.0,0.0,0.0,214.13765,396.54876,0.69574,30.24084,53.0,41.0,78.0,0.0,69.0,39.0,1.08139,Idle,53.68333333333333,0.65
2026-01-30 15:45:00,428.43213,311.9465,373.0,116.0,213.29209,372.49098,0.73792,0.0,0.0,0.0,213.58336,394.89052,0.69405,36.00439,53.0,41.0,78.0,0.0,69.0,39.0,0.92423,Idle,53.68333333333333,0.65
2026-01-30 15:50:00,435.36541,312,373.0,116.0,217.94216,376.01564,0.74649,0.0,0.0,0.0,217.26092,397.52681,0.7051,32.02317,53.0,41.0,78.0,0.0,69.0,39.0,1.01706,Idle,53.68333333333333,0.65
2026-01-30 15:55:00,433.58633,312,373.0,116.90153,0.2947,1.86811,0.00162,0.0,0.0,0.0,433.25068,769.94472,0.72585,21.57442,53.0,41.0,78.0,0.0,69.0,39.0,1.00192,Idle,53.68333333333333,0.65
2026-01-30 16:00:00,474.58741,312,373.0,117.0,0.0,0.0,0.0,0.0,0.0,0.0,475.73753,829.55189,0.74083,18.52231,53.0,41.0,78.0,0.0,69.0,38.32771,0.77356,Idle,53.68333333333333,0.6387951666666667
2026-01-30 16:05:00,485.8382,312,373.0,117.0,0.0,0.0,0.0,0.0,0.0,0.0,484.35782,840.44256,0.7423,24.01415,53.0,41.0,78.0,0.0,69.0,38.0,0.96907,Idle,53.68333333333333,0.6333333333333333
2026-01-30 16:10:00,472.18617,312,373.0,117.0,0.0,0.0,0.0,0.0,0.0,0.0,472.82597,823.92414,0.74008,45.25288,53.0,41.0,78.0,0.0,69.0,38.0,0.56363,Idle,53.68333333333333,0.6333333333333333
2026-01-30 16:15:00,441.97806,312,373.0,117.0,0.0,0.0,0.0,0.0,0.0,0.0,442.32732,778.77929,0.73187,45.16214,53.0,41.0,78.0,0.0,69.0,38.0,0.68011,Idle,53.68333333333333,0.6333333333333333
2026-01-30 16:20:00,441.05526,312,373.0,117.0,0.0,0.0,0.0,0.0,0.0,0.0,441.53311,777.32912,0.72923,30.81617,53.0,41.0,78.0,0.0,69.0,38.0,0.84837,Idle,53.68333333333333,0.6333333333333333
2026-01-30 16:25:00,444.06459,312,373.0,117.0,0.0,0.0,0.0,0.0,0.0,0.0,445.15426,785.22091,0.72987,25.72879,53.0,41.0,78.0,0.0,69.0,38.0,0.9478,Idle,53.68333333333333,0.6333333333333333
2026-01-30 16:30:00,456.97965,312,373.0,117.0,0.0,0.0,0.0,0.0,0.0,0.0,455.76571,792.10178,0.73932,19.75564,53.0,41.0,78.0,0.0,69.0,38.0,0.97306,Idle,53.68333333333333,0.6333333333333333
2026-01-30 16:35:00,454.24792,312,373.0,117.0,0.0,0.0,0.0,0.0,0.0,0.0,454.51345,788.5803,0.74291,32.22066,53.0,41.0,78.0,0.0,69.0,38.0,0.87813,Idle,53.68333333333333,0.6333333333333333
2026-01-30 16:40:00,451.79362,312,373.0,117.0,0.0,0.0,0.0,0.0,0.0,0.0,452.55016,788.44925,0.74038,32.9932,53.0,41.0,78.0,0.0,69.0,38.0,0.96468,Idle,53.68333333333333,0.6333333333333333
2026-01-30 16:45:00,452.94609,312,373.0,117.0,0.0,0.0,0.0,0.0,0.0,0.0,453.70586,791.01536,0.74047,28.2377,53.0,41.0,78.0,0.0,69.0,37.2098,1.04167,Idle,53.68333333333333,0.6201633333333334
2026-01-30 16:50:00,454.39722,312,373.0,117.0,0.0,0.0,0.0,0.0,0.0,0.0,454.3905,789.79302,0.74125,30.1715,53.0,41.0,78.0,0.0,69.0,37.0,1.00896,Idle,53.68333333333333,0.6166666666666667
2026-01-30 16:55:00,449.66653,312,373.0,117.0,0.0,0.0,0.0,0.0,0.0,0.0,449.1841,786.19111,0.73771,31.43166,53.0,41.0,78.0,0.0,69.0,37.0,1.10192,Idle,53.68333333333333,0.6166666666666667
2026-01-30 17:00:00,445.23787,312,373.0,117.0,0.0,0.0,0.0,0.0,0.0,0.0,446.35942,785.35924,0.7302,32.54663,53.0,41.0,78.0,0.0,69.0,37.0,1.03451,Idle,53.68333333333333,0.6166666666666667
2026-01-30 17:05:00,456.64282,312,373.0,117.0,0.0,0.0,0.0,0.0,0.0,0.0,456.43089,798.85296,0.73594,19.36649,53.0,41.0,78.0,0.0,69.0,37.0,0.99854,Idle,53.68333333333333,0.6166666666666667
2026-01-30 17:10:00,450.33464,312,373.0,117.0,0.0,0.0,0.0,0.0,0.0,0.0,450.1917,791.20524,0.73387,16.49733,53.0,41.0,78.0,0.0,69.0,37.0,1.00818,Idle,53.68333333333333,0.6166666666666667
2026-01-30 17:15:00,496.68436,312,373.0,117.0,0.0,0.0,0.0,0.0,0.0,0.0,496.64216,855.65049,0.74759,23.32317,53.0,41.0,78.0,0.0,69.0,36.79618,1.17663,Idle,53.68333333333333,0.6132696666666667
2026-01-30 17:20:00,479.97485,312,373.0,117.0,0.0,0.0,0.0,0.0,0.0,0.0,478.78309,834.76519,0.73796,38.63322,53.0,41.0,78.0,0.0,69.0,36.0,1.15139,Idle,53.68333333333333,0.6
2026-01-30 17:25:00,480.02088,312,373.0,117.0,0.0,0.0,0.0,0.0,0.0,0.0,480.3021,837.60383,0.74099,49.16257,53.0,41.0,78.0,0.0,69.0,36.0,1.1533,Idle,53.68333333333333,0.6
2026-01-30 17:30:00,456.16609,312,373.0,117.0,0.0,0.0,0.0,0.0,0.0,0.0,454.79227,796.08164,0.73451,40.02998,53.0,41.0,78.0,0.0,69.0,36.0,1.02902,Idle,53.68333333333333,0.6
2026-01-30 17:35:00,451.34467,312,373.0,117.0,0.0,0.0,0.0,0.0,0.0,0.0,450.75572,792.24593,0.73226,23.70969,53.0,42.0,78.0,0.0,69.0,36.0,1.29374,Idle,53.7,0.6
2026-01-30 17:40:00,448.66145,312,373.0,117.0,0.0,0.0,0.0,0.0,0.0,0.0,448.57021,789.51278,0.73358,28.03852,53.0,42.0,78.0,0.0,69.0,36.0,1.27504,Idle,53.7,0.6
2026-01-30 17:45:00,445.98412,312,373.0,117.0,0.0,0.0,0.0,0.0,0.0,0.0,445.4718,785.40905,0.72981,25.72486,53.0,42.0,78.0,0.0,69.0,36.0,1.227,Idle,53.7,0.6
2026-01-30 17:50:00,445.73347,312,373.0,117.0,0.0,0.0,0.0,0.0,0.0,0.0,445.23484,782.34369,0.73502,26.16926,53.0,42.0,78.0,0.0,69.0,36.0,1.35651,Idle,53.7,0.6
2026-01-30 17:55:00,449.26327,312,373.0,117.0,0.0,0.0,0.0,0.0,0.0,0.0,447.98822,789.96069,0.73203,24.77955,53.0,42.0,78.0,0.0,69.0,35.0,1.43468,Idle,53.7,0.5833333333333334
2026-01-30 18:00:00,473.47603,312,373.0,117.0,0.0,0.0,0.0,0.0,0.0,0.0,475.18336,824.12727,0.74495,19.74586,53.0,42.0,78.0,0.0,69.0,35.0,1.53655,Idle,53.7,0.5833333333333334
2026-01-30 18:05:00,480.78054,312,373.0,117.08205,0.0,0.0,0.0,0.0,0.0,0.0,480.0989,833.30329,0.7413,28.47118,53.0,42.0,78.0,0.0,69.0,35.0,1.72091,Idle,53.7,0.5833333333333334
2026-01-30 18:10:00,472.51729,312,373.0,118.0,0.0,0.0,0.0,0.0,0.0,0.0,472.85902,827.53546,0.73643,45.18902,53.0,42.0,78.0,0.0,69.0,35.0,1.61815,Idle,53.7,0.5833333333333334
2026-01-30 18:15:00,447.12081,312,373.0,118.0,0.0,0.0,0.0,0.0,0.0,0.0,446.48858,785.64028,0.73619,36.98756,53.0,42.0,78.0,0.0,69.0,35.0,1.61801,Idle,53.7,0.5833333333333334
2026-01-30 18:20:00,442.91411,312,373.0,118.0,0.0,0.0,0.0,0.0,0.0,0.0,443.6999,783.05779,0.73564,29.35884,53.0,42.0,78.0,0.0,69.0,35.0,1.55135,Idle,53.7,0.5833333333333334
2026-01-30 18:25:00,440.03913,312,373.0,118.0,0.0,0.0,0.0,0.0,0.0,0.0,439.47768,777.36143,0.73058,20.37219,53.0,42.0,78.0,0.0,69.0,35.0,1.6673,Idle,53.7,0.5833333333333334
2026-01-30 18:30:00,434.23791,312,373.0,118.0,0.0,0.0,0.0,0.0,0.0,0.0,436.53741,776.77554,0.7257,13.20228,53.0,42.07431,78.0,0.0,69.0,34.00953,1.71732,Idle,53.7012385,0.5668255
2026-01-30 18:35:00,432.85269,312,373.0,118.0,0.0,0.0,0.0,0.0,0.0,0.0,433.47288,772.1915,0.72562,30.30096,53.0,43.0,78.0,0.0,69.0,34.0,1.88768,Idle,53.71666666666667,0.5666666666666667
2026-01-30 18:40:00,436.5678,312,373.0,118.0,0.0,0.0,0.0,0.0,0.0,0.0,436.55723,775.17913,0.72556,33.568,53.0,43.0,78.0,0.0,69.0,34.0,1.80666,Idle,53.71666666666667,0.5666666666666667
2026-01-30 18:45:00,438.40093,312,373.0,118.0,0.0,0.0,0.0,0.0,0.0,0.0,438.55286,778.05451,0.72744,28.76463,53.0,43.0,78.0,0.0,69.0,34.0,1.88068,Idle,53.71666666666667,0.5666666666666667
2026-01-30 18:50:00,439.16888,312,373.0,118.0,0.0,0.0,0.0,0.0,0.0,0.0,439.32761,781.96511,0.72399,28.43854,53.0,43.0,78.0,0.0,69.0,34.0,1.95743,Idle,53.71666666666667,0.5666666666666667
2026-01-30 18:55:00,443.3394,312,373.0,118.0,0.0,0.0,0.0,0.0,0.0,0.0,441.6293,783.24501,0.73028,16.88499,53.0,43.0,78.0,0.0,69.0,33.0,1.89833,Idle,53.71666666666667,0.55
2026-01-30 19:00:00,457.35824,312,373.0,118.0,0.0,0.0,0.0,0.0,0.0,0.0,458.32451,805.10366,0.73459,11.56924,53.0,43.0,78.0,0.0,69.0,33.0,2.08745,Idle,53.71666666666667,0.55
2026-01-30 19:05:00,515.07685,312,373.0,118.0,0.0,0.0,0.0,0.0,0.0,0.0,515.78056,882.33982,0.75466,35.68253,53.0,43.0,78.0,0.0,69.0,33.0,2.84028,Idle,53.71666666666667,0.55
2026-01-30 19:10:00,504.93471,312,373.0,118.0,0.0,0.0,0.0,0.0,0.0,0.0,504.89181,866.32098,0.75526,91.88375,53.0,43.63734,78.0,0.0,69.0,33.0,2.52836,Idle,53.727289,0.55
2026-01-30 19:15:00,475.20184,312,373.0,118.0,0.0,0.0,0.0,0.0,0.0,0.0,474.79586,819.95553,0.74868,133.78981,53.0,44.0,78.0,0.0,69.0,33.0,0.48241,Idle,53.733333333333334,0.55
2026-01-30 19:20:00,487.15877,312,373.0,118.0,0.0,0.0,0.0,0.0,0.0,0.0,487.08935,836.98422,0.75148,133.89986,53.0,44.0,78.0,0.0,69.0,33.0,1.476,Idle,53.733333333333334,0.55
2026-01-30 19:25:00,482.87474,312,373.0,118.0,0.0,0.0,0.0,0.0,0.0,0.0,483.78235,831.47726,0.74919,137.34297,53.0,43.44243,78.0,0.0,69.0,33.0,2.18871,Idle,53.7240405,0.55
2026-01-30 19:30:00,479.89433,312,373.0,118.0,0.0,0.0,0.0,0.0,0.0,0.0,481.05634,827.77177,0.75335,135.93677,53.0,43.0,78.0,0.0,69.0,33.47578,2.58799,Idle,53.71666666666667,0.5579296666666667
2026-01-30 19:35:00,497.73426,312,373.0,118.0,0.0,0.0,0.0,0.0,0.0,0.0,497.44554,846.36541,0.75846,138.16106,53.0,43.0,78.0,0.0,69.0,34.0,3.25024,Idle,53.71666666666667,0.5666666666666667
2026-01-30 19:40:00,494.28615,312,373.0,118.0,0.0,0.0,0.0,0.0,0.0,0.0,495.33566,843.52417,0.75563,137.89803,53.0,43.0,78.0,0.0,69.0,34.0,4.17431,Idle,53.71666666666667,0.5666666666666667
2026-01-30 19:45:00,493.24716,312,373.0,118.0,0.0,0.0,0.0,0.0,0.0,0.0,492.16557,836.71255,0.7596,136.55405,53.0,43.0,78.0,0.0,69.0,34.83295,4.56704,Idle,53.71666666666667,0.5805491666666666
2026-01-30 19:50:00,487.33016,312,373.0,118.0,0.0,0.0,0.0,0.0,0.0,0.0,491.02523,837.88016,0.75757,136.53475,53.0,42.65758,78.0,0.0,69.0,35.0,4.5497,Idle,53.71095966666667,0.5833333333333334
2026-01-30 19:55:00,485.18334,312,373.0,118.0,0.0,0.0,0.0,0.0,0.0,0.0,486.11004,827.03291,0.75883,140.368,53.0,42.0,78.0,0.0,69.0,36.0,4.74414,Idle,53.7,0.6
2026-01-30 20:00:00,482.75333,312,373.0,118.0,0.0,0.0,0.0,0.0,0.0,0.0,482.74577,823.68554,0.75466,139.31746,53.0,42.0,78.0,0.0,69.0,36.0,4.71462,Idle,53.7,0.6
2026-01-30 20:05:00,484.40863,312,373.0,118.0,0.0,0.0,0.0,0.0,0.0,0.0,486.2931,825.81273,0.7601,140.64153,53.0,42.0,78.0,0.0,69.0,36.59217,4.79654,Idle,53.7,0.6098695000000001
2026-01-30 20:10:00,482.32804,312,373.0,118.0,0.0,0.0,0.0,0.0,0.0,0.0,484.79913,823.30136,0.7609,139.82678,53.0,41.10239,78.0,0.0,69.0,37.0,4.89431,Idle,53.685039833333335,0.6166666666666667
2026-01-30 20:15:00,487.47321,312,373.0,119.0,0.0,0.0,0.0,0.0,0.0,0.0,485.87653,829.16134,0.75492,140.66975,53.0,41.0,78.0,0.0,69.0,38.0,5.06846,Idle,53.68333333333333,0.6333333333333333
2026-01-30 20:20:00,481.26725,312,373.0,119.0,0.0,0.0,0.0,0.0,0.0,0.0,481.30749,819.12414,0.7572,139.35301,53.0,41.0,78.0,0.0,69.0,38.0,4.92799,Idle,53.68333333333333,0.6333333333333333
2026-01-30 20:25:00,457.80768,312,373.0,119.0,0.0,0.0,0.0,0.0,0.0,0.0,457.53578,790.19208,0.745,137.84898,53.0,40.26504,78.0,0.0,69.0,38.43803,4.14904,Idle,53.671084,0.6406338333333333
2026-01-30 20:30:00,451.60273,312,373.0,119.0,0.0,0.0,0.0,0.0,0.0,0.0,453.56946,788.33206,0.74534,131.50199,53.0,40.0,78.0,0.0,69.0,39.0,2.85478,Idle,53.666666666666664,0.65
2026-01-30 20:35:00,425.07105,312,373.0,119.0,0.0,0.0,0.0,0.0,0.0,0.0,425.68598,760.48554,0.72378,36.20688,53.0,40.14704,78.0,0.0,69.0,39.0,3.10596,Idle,53.66911733333333,0.65
2026-01-30 20:40:00,416.10627,312,373.0,119.0,0.0,0.0,0.0,0.0,0.0,0.0,415.57842,749.33256,0.71424,56.24389,53.0,41.0,78.0,0.0,69.0,39.0,2.75226,Idle,53.68333333333333,0.65
2026-01-30 20:45:00,419.44628,312,373.0,119.0,0.0,0.0,0.0,0.0,0.0,0.0,418.93279,756.5571,0.71113,56.44237,53.0,41.0,78.0,0.0,69.0,39.0,2.5242,Idle,53.68333333333333,0.65
2026-01-30 20:50:00,412.05922,312,373.0,119.0,0.0,0.0,0.0,0.0,0.0,0.0,412.54358,744.7927,0.71388,45.5232,53.0,41.0,78.0,0.0,69.0,39.0,2.501,Idle,53.68333333333333,0.65
2026-01-30 20:55:00,436.39972,312,373.0,119.0,0.0,0.0,0.0,0.0,0.0,0.0,436.26506,772.68472,0.72693,12.03238,53.0,41.0,78.0,0.0,69.0,38.0,2.35056,Idle,53.68333333333333,0.6333333333333333
2026-01-30 21:00:00,421.156,312,373.0,119.0,0.0,0.0,0.0,0.0,0.0,0.0,421.02817,752.45356,0.71795,9.2275,53.0,41.0,78.0,0.0,69.0,38.0,2.41504,Idle,53.68333333333333,0.6333333333333333
2026-01-30 21:05:00,415.78758,312,373.0,119.0,0.0,0.0,0.0,0.0,0.0,0.0,415.99905,748.81663,0.71549,11.67025,53.0,41.0,78.0,0.0,69.0,38.0,2.48153,Idle,53.68333333333333,0.6333333333333333
2026-01-30 21:10:00,417.38584,312,373.0,119.0,0.0,0.0,0.0,0.0,0.0,0.0,416.71194,750.04398,0.71562,11.07919,53.0,41.58607,78.0,0.0,69.0,38.0,2.67916,Idle,53.693101166666665,0.6333333333333333
2026-01-30 21:15:00,428.45825,312,373.0,119.0,0.0,0.0,0.0,0.0,0.0,0.0,427.61438,761.28388,0.72307,26.60168,53.0,42.0,78.0,0.0,69.0,37.0,2.58431,Idle,53.7,0.6166666666666667
2026-01-30 21:20:00,415.51897,312,373.0,119.0,0.0,0.0,0.0,0.0,0.0,0.0,416.89251,748.90818,0.7156,18.01854,53.0,42.0,78.0,0.0,69.0,37.0,2.47366,Idle,53.7,0.6166666666666667
2026-01-30 21:25:00,411.42265,312,373.0,119.0,0.0,0.0,0.0,0.0,0.0,0.0,412.06113,744.60886,0.71026,17.35678,53.0,42.0,78.0,0.0,69.0,37.0,2.54969,Idle,53.7,0.6166666666666667
2026-01-30 21:30:00,418.21355,312,373.0,119.0,0.0,0.0,0.0,0.0,0.0,0.0,417.92924,752.57789,0.71492,21.44655,53.0,42.0,78.0,0.0,69.0,37.0,2.5048,Idle,53.7,0.6166666666666667
2026-01-30 21:35:00,480.54099,312,373.0,119.0,0.0,0.0,0.0,0.0,0.0,0.0,482.29764,840.51244,0.73607,16.80334,53.0,42.0,78.0,0.0,69.0,36.0,2.43477,Idle,53.7,0.6
2026-01-30 21:40:00,484.45318,312,373.0,119.0,0.0,0.0,0.0,0.0,0.0,0.0,486.20149,851.89095,0.73338,24.56367,53.0,42.80616,78.0,0.0,69.0,36.0,2.38407,Idle,53.713436,0.6
2026-01-30 21:45:00,423.11578,312,373.0,119.0,0.0,0.0,0.0,0.0,0.0,0.0,422.69107,758.38298,0.71915,23.18693,53.0,43.0,78.0,0.0,69.0,36.0,2.30618,Idle,53.71666666666667,0.6
2026-01-30 21:50:00,412.78564,312,373.0,119.0,0.0,0.0,0.0,0.0,0.0,0.0,413.93573,744.90468,0.71672,16.65226,53.0,43.0,78.0,0.0,69.0,36.0,2.35221,Idle,53.71666666666667,0.6
2026-01-30 21:55:00,434.45783,312,373.0,119.0,0.0,0.0,0.0,0.0,0.0,0.0,433.97736,769.09252,0.72731,20.66853,53.0,43.0,78.0,0.0,69.0,35.0,2.31623,Idle,53.71666666666667,0.5833333333333334
2026-01-30 22:00:00,411.6691,312,373.0,119.0,0.0,0.0,0.0,0.0,0.0,0.0,413.17483,746.76958,0.71008,15.66535,53.0,43.0,78.0,0.0,69.0,35.0,2.31713,Idle,53.71666666666667,0.5833333333333334
2026-01-30 22:05:00,412.69515,312,373.0,119.0,0.0,0.0,0.0,0.0,0.0,0.0,413.47002,747.26068,0.71349,18.41449,53.0,43.0,78.0,0.0,69.0,35.0,2.29837,Idle,53.71666666666667,0.5833333333333334
2026-01-30 22:10:00,421.30993,312,373.0,119.0,0.0,0.0,0.0,0.0,0.0,0.0,421.73255,754.7258,0.71942,19.0896,53.0,43.0,78.0,0.0,69.0,35.0,2.2648,Idle,53.71666666666667,0.5833333333333334
2026-01-30 22:15:00,425.63917,312,373.0,119.0,0.0,0.0,0.0,0.0,0.0,0.0,426.5128,759.66319,0.72334,13.36327,53.0,43.07122,78.0,0.0,69.0,34.0,2.35461,Idle,53.71785366666667,0.5666666666666667
2026-01-30 22:20:00,423.89059,312,373.0,119.0,0.0,0.0,0.0,0.0,0.0,0.0,422.49572,754.66671,0.71948,19.39818,53.0,44.0,78.0,0.0,69.0,34.0,2.2725,Idle,53.733333333333334,0.5666666666666667
2026-01-30 22:25:00,409.70194,312,373.0,119.0,0.0,0.0,0.0,0.0,0.0,0.0,409.4036,741.77697,0.71092,26.30811,53.0,44.0,78.0,0.0,69.0,34.0,2.1855,Idle,53.733333333333334,0.5666666666666667
2026-01-30 22:30:00,412.14209,312,373.0,119.0,0.0,0.0,0.0,0.0,0.0,0.0,412.89821,748.61708,0.71254,24.52553,53.0,44.0,78.0,0.0,69.0,34.0,2.1756,Idle,53.733333333333334,0.5666666666666667
2026-01-30 22:35:00,420.26425,312,373.0,120.0,0.0,0.0,0.0,0.0,0.0,0.0,418.3366,751.21467,0.71752,25.71661,53.0,44.0,78.0,0.0,69.0,33.0,2.03721,Idle,53.733333333333334,0.55
2026-01-30 22:40:00,438.75712,312,373.0,120.0,0.0,0.0,0.0,0.0,0.0,0.0,440.08099,778.76317,0.72879,24.25593,53.0,44.0,78.0,0.0,69.0,33.0,2.05161,Idle,53.733333333333334,0.55
2026-01-30 22:45:00,455.27834,312,373.0,120.0,0.0,0.0,0.0,0.0,0.0,0.0,455.76085,803.89828,0.72979,26.12244,53.0,44.0,78.0,0.0,69.0,33.0,2.13817,Idle,53.733333333333334,0.55
2026-01-30 22:50:00,444.06385,312,373.0,120.0,0.0,0.0,0.0,0.0,0.0,0.0,444.07901,791.23963,0.72383,29.32209,53.0,44.0,78.0,0.0,69.0,33.0,1.99387,Idle,53.733333333333334,0.55
2026-01-30 22:55:00,429.32397,312,373.0,120.0,132.69838,242.8555,0.44695,0.0,0.0,0.0,296.84865,553.64714,0.68313,21.22564,53.0,44.0,78.0,0.0,69.0,32.0,1.96023,Idle,53.733333333333334,0.5333333333333333
2026-01-30 23:00:00,454.01738,312,373.0,120.0,230.87546,399.06027,0.74462,0.0,0.0,0.0,224.53896,425.10796,0.68158,17.7681,53.0,44.0,78.0,0.0,69.0,32.0,1.9778,Idle,53.733333333333334,0.5333333333333333
2026-01-30 23:05:00,468.6689,312,373.0,120.0,243.38224,418.0194,0.74959,0.0,0.0,0.0,224.51967,430.60011,0.67277,28.29688,53.0,44.65968,78.0,0.0,69.0,32.0,2.30112,Idle,53.744328,0.5333333333333333
2026-01-30 23:10:00,424.44328,312,373.0,120.0,222.95908,390.51228,0.73669,0.0,0.0,0.0,200.20603,401.78458,0.63953,50.05892,53.0,45.0,78.0,0.0,69.0,32.0,1.75122,Idle,53.75,0.5333333333333333
2026-01-30 23:15:00,442.89442,312,373.0,120.0,232.40058,405.06668,0.74133,0.0,0.0,0.0,213.06623,417.24168,0.65506,36.68643,53.0,45.0,78.0,0.0,69.0,32.0,1.45982,Idle,53.75,0.5333333333333333
2026-01-30 23:20:00,501.21925,312,373.0,120.0,255.3574,432.29365,0.76416,0.0,0.0,0.0,246.81204,450.78615,0.70322,19.42375,53.0,45.0,78.0,0.0,69.0,31.10088,2.52589,Idle,53.75,0.518348
2026-01-30 23:25:00,467.15191,312,373.0,120.0,224.57888,397.57881,0.72934,0.0,0.0,0.0,241.55738,436.26744,0.71247,226.48925,53.0,45.0,78.0,0.0,69.0,31.0,4.16853,Idle,53.75,0.5166666666666667
2026-01-30 23:30:00,451.77819,312,373.0,120.0,217.56804,389.67459,0.72094,0.0,0.0,0.0,234.66797,431.93139,0.70146,332.94536,53.0,45.17991,78.0,0.0,69.0,31.0,5.28411,Idle,53.7529985,0.5166666666666667
2026-01-30 23:35:00,474.56839,312,373.0,120.0,228.26971,402.85339,0.72902,0.0,0.0,0.0,247.54392,444.46089,0.71895,318.23758,53.0,46.0,78.0,0.0,69.0,30.0,8.41487,Idle,53.766666666666666,0.5
2026-01-30 23:40:00,481.47423,312,373.0,120.0,237.11705,410.64982,0.74563,0.0,0.0,0.0,247.61192,444.3045,0.71729,309.49577,53.0,46.42965,78.0,0.0,69.0,29.39257,9.07739,Idle,53.7738275,0.48987616666666667
2026-01-30 23:45:00,464.74544,312,373.0,120.0,237.69903,400.44638,0.7648,0.0,0.0,0.0,227.35179,419.19726,0.69751,278.24258,53.0,47.0,78.0,0.0,69.0,28.48022,10.21714,Idle,53.78333333333333,0.4746703333333333
2026-01-30 23:50:00,437.37843,312,373.0,120.0,210.09078,371.89834,0.72983,0.0,0.0,0.0,224.93546,412.54152,0.7008,248.24311,53.0,47.0,78.0,0.0,69.0,27.30001,11.37579,Idle,53.78333333333333,0.45500016666666665
2026-01-30 23:55:00,429.31021,312,373.0,120.0,214.11967,375.84631,0.73786,0.0,0.0,0.0,214.79437,404.14321,0.68569,239.24463,53.0,46.0,78.0,0.0,69.0,24.89015,12.36453,Laden,53.766666666666666,0.4148358333333333
2026-01-31 00:00:00,468.94547,312,373.0,120.0,244.52154,416.70634,0.75586,0.0,0.0,0.0,224.62433,424.95,0.6805,207.20403,53.0,45.28748,78.0,0.0,69.0,24.0,10.64662,Laden,53.75479133333333,0.4
2026-01-31 00:05:00,473.78957,312,373.0,120.0,231.76011,397.4983,0.7511,0.0,0.0,0.0,242.63844,430.50614,0.72759,179.8494,53.0,44.88199,78.0,0.0,69.0,24.0,9.74042,Laden,53.748033166666666,0.4
2026-01-31 00:10:00,469.26219,312,373.0,120.0,224.21821,388.33572,0.74368,0.0,0.0,0.0,244.39121,429.78147,0.7321,188.35885,53.0,44.0,78.0,0.0,69.0,23.76702,11.49616,Laden,53.733333333333334,0.396117
2026-01-31 00:15:00,460.02038,312,373.0,120.0,232.55926,393.98077,0.75946,0.0,0.0,0.0,230.38333,416.98944,0.71119,192.37756,53.0,42.39522,78.0,0.0,69.0,23.0,12.81189,Laden,53.706587,0.38333333333333336
2026-01-31 00:20:00,456.97545,312,373.0,120.0,241.44873,410.49699,0.76207,0.0,0.0,0.0,217.37621,415.27302,0.67456,192.39645,53.0,41.59677,78.0,0.0,69.0,23.0,12.0187,Laden,53.6932795,0.38333333333333336
2026-01-31 00:25:00,449.11978,312,373.0,120.0,236.3876,402.22724,0.75364,0.0,0.0,0.0,214.85211,410.75242,0.67251,195.48638,53.0,41.0,78.0,0.0,69.0,22.59731,9.44298,Laden,53.68333333333333,0.3766218333333333
2026-01-31 00:30:00,459.43181,312,373.0,120.0,240.56181,411.67779,0.75259,0.0,0.0,0.0,219.63398,419.34902,0.67518,194.15049,53.0,40.1841,78.0,0.0,69.0,22.0,7.86641,Laden,53.669735,0.36666666666666664
2026-01-31 00:35:00,481.84249,312,373.0,120.0,244.07179,415.5693,0.75636,0.0,0.0,0.0,239.14961,435.26503,0.70844,159.35879,53.0,39.21753,78.0,0.0,69.0,22.0,6.55442,Laden,53.6536255,0.36666666666666664
2026-01-31 00:40:00,464.31147,312,373.0,120.0,233.49551,405.60762,0.74553,0.0,0.0,0.0,229.32794,425.89572,0.69301,87.76442,53.0,39.0,78.0,0.0,69.0,22.0,3.33505,Laden,53.65,0.36666666666666664
2026-01-31 00:45:00,442.10146,312,373.0,120.0,222.85504,393.64202,0.73034,0.0,0.0,0.0,219.23809,416.41424,0.67954,30.40804,53.0,39.0,78.0,0.0,69.0,22.0,1.45722,Laden,53.65,0.36666666666666664
2026-01-31 00:50:00,415.09223,312,373.0,120.0,208.86283,377.29635,0.71509,0.0,0.0,0.0,205.7634,399.77482,0.66188,34.31619,53.0,39.0,78.0,0.0,69.0,22.0,0.47033,Laden,53.65,0.36666666666666664
2026-01-31 00:55:00,495.7012,312,373.0,120.0,255.4879,431.74799,0.761,0.0,0.0,0.0,238.5556,442.03197,0.69327,40.11058,53.0,39.0,78.0,0.0,69.0,22.0,1.42794,Laden,53.65,0.36666666666666664
2026-01-31 01:00:00,452.5493,312,373.0,120.0,228.29028,401.14299,0.73546,0.0,0.0,0.0,224.68833,422.39381,0.68771,41.66711,53.0,39.0,78.0,0.0,69.0,22.0,0.4832,Laden,53.65,0.36666666666666664
2026-01-31 01:05:00,427.17355,312,373.0,120.0,208.84648,380.7122,0.70848,0.0,0.0,0.0,217.99046,412.38818,0.68041,65.52103,53.0,39.0,78.0,0.0,69.0,22.0,0.88225,Laden,53.65,0.36666666666666664
2026-01-31 01:10:00,434.07511,312,373.0,120.0,220.74558,393.68097,0.72225,0.0,0.0,0.0,216.61302,414.88904,0.67313,70.6087,53.0,39.0,78.0,0.0,69.0,22.0,1.46096,Laden,53.65,0.36666666666666664
2026-01-31 01:15:00,476.75332,312,373.0,120.0,249.66667,423.3104,0.76082,0.0,0.0,0.0,226.77731,428.31671,0.68463,140.38733,53.0,39.0,78.0,0.0,69.0,22.0,1.79279,Laden,53.65,0.36666666666666664
2026-01-31 01:20:00,482.10275,312,373.0,120.0,252.63445,425.03333,0.76834,0.0,0.0,0.0,229.05281,430.0429,0.68682,313.91252,53.0,39.0,78.0,0.0,69.0,22.0,3.53235,Laden,53.65,0.36666666666666664
2026-01-31 01:25:00,499.39087,312,373.0,120.0,257.92892,431.41537,0.77153,0.0,0.0,0.0,242.28976,440.49009,0.7116,231.78044,53.0,39.0,78.0,0.0,69.0,22.0,6.89806,Laden,53.65,0.36666666666666664
2026-01-31 01:30:00,452.04966,312,373.0,120.0,226.88043,391.60512,0.74753,0.0,0.0,0.0,223.67068,412.15757,0.70056,209.64614,53.0,38.55751,78.0,0.0,69.0,21.11101,10.15059,Laden,53.64262516666667,0.3518501666666667
2026-01-31 01:35:00,442.36654,312,373.0,120.0,221.44552,388.94378,0.73328,0.0,0.0,0.0,219.32602,413.47421,0.68093,210.50696,53.0,37.0,78.0,0.0,69.0,20.02953,12.95784,Laden,53.61666666666667,0.3338255
2026-01-31 01:40:00,450.11326,312,373.0,120.0,228.34776,396.42949,0.74433,0.0,0.0,0.0,224.59559,418.6946,0.68841,219.82606,53.0,36.24041,78.0,0.0,69.0,19.40841,13.29954,Laden,53.60400683333334,0.3234735
2026-01-31 01:45:00,447.62138,312,373.0,120.0,225.10812,390.01687,0.74261,0.0,0.0,0.0,221.44324,414.61673,0.68959,220.62805,53.0,35.64877,78.0,0.0,69.0,18.5115,13.32403,Laden,53.59414616666667,0.30852500000000005
2026-01-31 01:50:00,439.14646,312,373.0,120.0,220.23885,385.7503,0.73517,0.0,0.0,0.0,217.79257,410.02395,0.68146,221.83973,53.0,35.0,78.0,0.0,69.0,17.56458,13.3743,Laden,53.583333333333336,0.292743
2026-01-31 01:55:00,434.87371,312,373.0,120.0,219.58959,386.33593,0.73412,0.0,0.0,0.0,216.75877,410.24379,0.68074,227.94309,53.0,33.57447,78.0,0.0,69.0,15.63088,13.2671,Laden,53.5595745,0.26051466666666667
2026-01-31 02:00:00,450.88983,312,373.0,120.0,226.10464,394.59501,0.73626,0.0,0.0,0.0,223.2391,416.50255,0.69021,250.35482,53.0,33.0,78.0,0.0,69.0,14.49581,13.27399,Laden,53.55,0.24159683333333334
2026-01-31 02:05:00,472.41325,312,373.0,120.0,238.2098,408.52155,0.75358,0.0,0.0,0.0,235.32728,429.65771,0.70601,273.7938,53.0,33.0,78.0,0.0,69.0,13.13687,12.8045,Laden,53.55,0.21894783333333334
2026-01-31 02:10:00,451.93239,312,373.0,120.0,225.66057,392.43452,0.74283,0.0,0.0,0.0,222.92234,415.30056,0.69134,256.05798,53.0,32.92743,78.0,0.0,69.0,11.60379,13.57848,Laden,53.5487905,0.1933965
2026-01-31 02:15:00,470.62793,312,373.0,120.0,237.01429,415.16077,0.73914,0.0,0.0,0.0,234.86845,437.17913,0.69151,296.45095,53.0,32.85423,78.0,0.0,69.0,8.7384,12.21722,Laden,53.5475705,0.14564000000000002
2026-01-31 02:20:00,483.29735,312,373.0,120.0,243.72215,422.50466,0.74241,0.0,0.0,0.0,239.87566,443.52533,0.6949,304.09127,53.0,33.0,78.0,0.0,69.0,7.58819,11.14331,Laden,53.55,0.12646983333333334
2026-01-31 02:25:00,481.8863,312,373.0,120.0,242.51545,421.94272,0.74203,0.0,0.0,0.0,239.23303,441.65756,0.69853,307.77104,53.0,33.0,78.0,0.0,69.0,6.5524,10.709,Laden,53.55,0.10920666666666666
2026-01-31 02:30:00,478.13442,312,373.0,120.0,240.34464,417.75181,0.74328,0.0,0.0,0.0,237.07988,438.81736,0.69453,321.3848,53.0,33.96526,78.0,0.0,69.0,5.68076,10.42726,Laden,53.56608766666667,0.09467933333333334
2026-01-31 02:35:00,454.00672,312,373.0,120.39689,228.87306,406.42342,0.725,0.0,0.0,0.0,225.02918,427.98747,0.67628,310.30569,53.0,35.0,78.0,0.0,69.0,4.16592,9.07831,Laden,53.583333333333336,0.069432
2026-01-31 02:40:00,457.3658,312,373.0,121.0,230.72757,409.7793,0.72665,0.0,0.0,0.0,226.2781,430.75295,0.67814,306.40344,53.0,35.0,78.0,0.0,69.0,3.48221,8.84906,Laden,53.583333333333336,0.05803683333333333
2026-01-31 02:45:00,452.66845,312,373.0,121.0,229.57876,407.75835,0.7263,0.0,0.0,0.0,224.93764,426.62487,0.67962,302.55461,53.0,35.37159,78.0,0.0,69.0,2.72549,8.80896,Laden,53.5895265,0.04542483333333334
2026-01-31 02:50:00,464.40059,312,373.0,121.0,234.58756,411.97361,0.73649,0.0,0.0,0.0,231.00183,432.10761,0.68947,292.87988,53.0,36.0,78.0,0.0,69.0,1.87678,8.81516,Laden,53.6,0.031279666666666664
2026-01-31 02:55:00,489.6624,312,373.0,121.0,246.37971,468.10976,0.68086,0.0,0.0,0.0,246.63587,488.22805,0.65262,284.21168,53.0,36.0,78.0,0.0,69.0,0.0,8.78787,Laden,53.6,0.0
2026-01-31 03:00:00,494.25622,312,373.0,121.0,245.65241,488.10078,0.64914,0.0,0.0,0.0,248.12402,508.72088,0.62753,283.66478,53.0,36.0,78.0,0.0,86.83327,0.0,8.71397,Laden,53.6,0.0
2026-01-31 03:05:00,499.48245,312.64039,373.0,121.0,246.6732,488.9868,0.65098,0.0,0.0,0.0,253.43256,513.65295,0.63334,280.37908,53.0,36.0,78.0,0.0,87.0,0.93474,8.09541,Laden,53.6,0.015579
2026-01-31 03:10:00,489.36569,313,373.0,121.0,236.51966,480.13809,0.63922,0.0,0.0,0.0,254.53894,513.32547,0.63974,274.7572,53.0,36.98471,78.0,0.0,87.0,1.80356,7.62593,Laden,53.61641183333333,0.030059333333333334
2026-01-31 03:15:00,544.28886,313,373.0,121.0,279.7534,524.5434,0.68442,0.0,0.0,0.0,266.3312,533.46187,0.6424,267.6589,53.0,37.0,78.0,0.0,87.0,3.24599,6.41645,Laden,53.61666666666667,0.05409983333333333
2026-01-31 03:20:00,524.65342,313,373.0,121.0,270.08969,515.69871,0.6752,0.0,0.0,0.0,252.80521,523.49372,0.623,266.54251,53.0,37.0,78.0,0.0,87.0,4.0,6.45369,Laden,53.61666666666667,0.06666666666666667
2026-01-31 03:25:00,530.45846,313,373.0,121.0,271.14205,516.34315,0.67478,0.0,0.0,0.0,257.57081,527.84026,0.62825,265.74899,53.0,37.0,78.0,0.0,87.0,4.87234,6.2,Laden,53.61666666666667,0.08120566666666668
2026-01-31 03:30:00,533.22802,313,373.0,121.0,269.64595,513.93497,0.67609,0.0,0.0,0.0,263.28143,532.48721,0.63532,279.52686,53.0,37.0,78.0,0.0,87.0,5.41047,5.78579,Laden,53.61666666666667,0.0901745
2026-01-31 03:35:00,510.02483,313,373.0,121.0,264.37895,503.64041,0.67454,0.0,0.0,0.0,243.03819,508.46442,0.61594,285.53656,53.0,37.0,78.0,0.0,87.0,6.3982,4.18093,Laden,53.61666666666667,0.10663666666666667
2026-01-31 03:40:00,503.15942,313,373.0,121.0,260.37948,500.73924,0.66954,0.0,0.0,0.0,242.40621,507.32131,0.61533,289.26329,53.0,37.0,78.0,0.0,87.0,7.0,3.88679,Laden,53.61666666666667,0.11666666666666667
2026-01-31 03:45:00,491.05841,313,373.0,121.0,248.51983,491.18122,0.65297,0.0,0.0,0.0,244.68875,509.16942,0.61808,288.76069,53.0,37.0,78.0,0.0,87.0,7.0,3.56186,Laden,53.61666666666667,0.11666666666666667
2026-01-31 03:50:00,487.45705,313,373.0,121.0,244.66168,487.55821,0.65054,0.0,0.0,0.0,241.10837,505.57736,0.61226,287.81259,53.0,37.0,78.0,0.0,87.0,7.91365,3.57799,Laden,53.61666666666667,0.13189416666666667
2026-01-31 03:55:00,503.73951,313,373.0,121.0,256.30451,496.7673,0.66173,0.0,0.0,0.0,249.49184,513.53054,0.62849,284.58248,53.0,37.0,78.0,0.0,87.0,8.0,2.34127,Laden,53.61666666666667,0.13333333333333333
2026-01-31 04:00:00,503.9132,313,373.0,121.0,254.76031,495.39322,0.66367,0.0,0.0,0.0,248.8101,512.8353,0.62206,288.43127,53.0,37.0,78.0,0.0,87.0,8.45827,2.07309,Laden,53.61666666666667,0.14097116666666668
2026-01-31 04:05:00,489.32004,313,373.0,121.0,247.99708,491.00993,0.65321,0.0,0.0,0.0,242.27406,506.55734,0.61624,289.72108,53.0,37.0,78.0,0.0,87.0,9.0,2.05338,Laden,53.61666666666667,0.15
2026-01-31 04:10:00,489.40755,313,373.0,121.0,249.32732,492.55341,0.65156,0.0,0.0,0.0,242.20625,507.30691,0.61461,285.65278,53.0,37.0,78.0,0.0,87.0,9.0,1.46833,Laden,53.61666666666667,0.15
2026-01-31 04:15:00,514.92267,313,373.0,121.0,268.48825,516.66212,0.67068,0.0,0.0,0.0,248.87615,522.68508,0.61219,290.62855,53.0,37.0,78.0,0.0,87.0,9.0,0.68806,Laden,53.61666666666667,0.15
2026-01-31 04:20:00,536.55376,313,373.0,121.0,275.64451,527.50093,0.67321,0.0,0.0,0.0,265.65709,539.64168,0.62893,290.37844,53.0,37.0,78.0,0.0,87.0,9.0,0.48199,Laden,53.61666666666667,0.15
2026-01-31 04:25:00,839.60531,313,373.0,121.0,401.48614,678.51361,0.74605,0.0,0.0,0.0,419.36637,710.08887,0.7461,291.41093,53.0,37.0,78.0,0.0,87.0,9.0,0.37168,Laden,53.61666666666667,0.15
2026-01-31 04:30:00,537.77931,313,373.0,121.0,264.80295,521.36269,0.65425,0.0,0.0,0.0,274.31372,548.85055,0.64514,292.53191,53.0,37.0,78.0,0.0,87.0,9.0,0.06104,Laden,53.61666666666667,0.15
2026-01-31 04:35:00,487.21941,313,373.0,121.0,238.02511,488.75725,0.63022,0.0,0.0,0.0,248.81354,516.51562,0.62343,292.2,53.0,37.0,78.0,0.0,87.0,9.0,0.0,Idle,53.61666666666667,0.15
2026-01-31 04:40:00,493.07383,313,373.0,121.0,241.42854,483.19685,0.64554,0.0,0.0,0.0,252.25024,511.86305,0.63356,292.2,53.0,37.0,78.0,0.0,87.0,9.0,0.0,Idle,53.61666666666667,0.15
2026-01-31 04:45:00,509.853,313,373.0,121.0,256.26058,495.80282,0.66802,0.0,0.0,0.0,250.07845,512.65181,0.62863,292.27548,53.0,37.0,78.0,0.0,87.0,9.0,0.0,Idle,53.61666666666667,0.15
2026-01-31 04:50:00,521.72858,313,373.0,121.0,261.99504,500.7252,0.67424,0.0,0.0,0.0,260.05133,519.71701,0.64427,292.3,53.0,37.0,78.0,0.0,87.0,9.0,0.0,Idle,53.61666666666667,0.15
2026-01-31 04:55:00,478.64297,313,373.0,121.0,242.38059,485.57237,0.64487,0.0,0.0,0.0,238.91212,504.02015,0.61249,292.37191,53.0,37.0,78.0,0.0,87.0,9.0,0.0,Idle,53.61666666666667,0.15
2026-01-31 05:00:00,503.85204,313,373.0,121.0,243.88996,485.63896,0.64893,0.0,0.0,0.0,256.18601,514.81205,0.64138,292.41533,53.0,37.0,78.0,0.0,87.0,9.0,0.0,Idle,53.61666666666667,0.15
2026-01-31 05:05:00,501.7215,313,373.0,121.0,244.88352,487.01099,0.64843,0.0,0.0,0.0,255.91281,514.61937,0.63945,292.5,53.0,37.0,78.0,0.0,87.0,9.0,0.0,Idle,53.61666666666667,0.15
2026-01-31 05:10:00,492.01035,313,373.0,121.0,249.68908,491.23083,0.65827,0.0,0.0,0.0,245.17746,508.14823,0.6221,292.5,53.0,37.0,78.0,0.0,87.0,9.0,0.0,Idle,53.61666666666667,0.15
2026-01-31 05:15:00,472.97701,313,373.0,121.0,242.73428,475.89583,0.65738,0.0,0.0,0.0,230.26111,490.38317,0.6057,292.51492,53.0,37.0,78.0,0.0,87.0,9.0,0.0,Idle,53.61666666666667,0.15
2026-01-31 05:20:00,468.3764,313,373.0,121.0,240.02429,474.80455,0.65409,0.0,0.0,0.0,228.83338,489.75631,0.60373,292.6,53.0,37.0,78.0,0.0,87.0,9.0,0.0,Idle,53.61666666666667,0.15
2026-01-31 05:25:00,480.80761,313,373.0,121.0,247.76606,483.79506,0.66229,0.0,0.0,0.0,234.98675,496.69422,0.60996,292.57782,53.0,37.0,78.0,0.0,87.0,9.0,0.0,Idle,53.61666666666667,0.15
2026-01-31 05:30:00,475.96781,313,373.0,121.0,243.36635,478.98069,0.65575,0.0,0.0,0.0,232.21813,491.86749,0.6058,292.5,53.0,37.0,78.0,0.0,87.0,9.0,0.0,Idle,53.61666666666667,0.15
2026-01-31 05:35:00,483.9991,313,373.0,121.0,246.9894,482.32565,0.66219,0.0,0.0,0.0,235.9941,496.86472,0.61247,292.5,53.0,37.0,78.0,0.0,87.0,9.0,0.0,Idle,53.61666666666667,0.15
2026-01-31 05:40:00,495.02827,313,373.0,121.0,254.05284,488.1809,0.67258,0.0,0.0,0.0,243.08721,504.05788,0.62395,292.5,53.0,37.0,78.0,0.0,87.0,9.0,0.0,Idle,53.61666666666667,0.15
2026-01-31 05:45:00,496.99095,313,373.0,121.0,254.52752,490.26493,0.66906,0.0,0.0,0.0,243.00896,505.14977,0.6203,292.5,53.0,37.0,78.0,0.0,87.0,9.0,0.0,Idle,53.61666666666667,0.15
2026-01-31 05:50:00,479.6191,313,373.0,121.0,246.28679,480.32565,0.66094,0.0,0.0,0.0,233.9895,493.26135,0.60862,292.5,53.0,37.0,78.0,0.0,87.0,9.0,0.0,Idle,53.61666666666667,0.15
2026-01-31 05:55:00,476.45817,313,373.0,121.0,240.24787,454.65553,0.68335,0.0,0.0,0.0,237.16411,473.26137,0.64582,292.5,53.0,37.0,78.0,0.0,87.0,9.0,0.0,Idle,53.61666666666667,0.15
2026-01-31 06:00:00,449.661,313,373.0,121.0,220.99565,383.71902,0.7484,0.0,0.0,0.0,227.84376,411.88847,0.71499,292.5,53.0,37.0,78.0,0.0,87.0,9.0,0.0,Idle,53.61666666666667,0.15
2026-01-31 06:05:00,416.17175,313,373.0,121.0,204.68131,342.87592,0.77144,0.0,0.0,0.0,211.7911,371.39601,0.73316,292.5,53.0,37.0,78.0,0.0,87.0,9.0,0.0,Idle,53.61666666666667,0.15
2026-01-31 06:10:00,467.02292,313,373.0,121.0,230.24553,370.87617,0.79992,0.0,0.0,0.0,238.38074,399.366,0.76661,292.5,53.0,37.0,78.0,0.0,87.0,9.0,0.0,Idle,53.61666666666667,0.15
2026-01-31 06:15:00,485.89515,313,373.0,121.0,0.0,0.0,0.0,0.0,0.0,0.0,485.67028,785.86457,0.79557,292.5,53.0,37.0,78.0,0.0,87.0,9.0,0.0,Idle,53.61666666666667,0.15
2026-01-31 06:20:00,452.31883,313,373.0,121.0,0.0,0.0,0.0,0.0,0.0,0.0,453.11091,753.80899,0.77394,292.5,53.0,37.0,78.0,0.0,87.0,9.0,0.0,Idle,53.61666666666667,0.15
2026-01-31 06:25:00,430.94574,313,373.0,121.09848,0.0,0.0,0.0,0.0,0.0,0.0,429.95453,718.761,0.76861,292.5,53.0,37.0,78.0,0.0,87.0,9.0,0.0,Idle,53.61666666666667,0.15
2026-01-31 06:30:00,428.59185,313,373.0,122.0,0.0,0.0,0.0,0.0,0.0,0.0,428.32692,716.988,0.76802,292.5,53.0,37.0,78.0,0.0,87.0,9.0,0.0,Idle,53.61666666666667,0.15
2026-01-31 06:35:00,425.94916,313,373.0,122.0,0.0,0.0,0.0,0.0,0.0,0.0,426.38209,706.9843,0.77371,292.5,53.0,37.0,78.0,0.0,87.0,9.0,0.0,Idle,53.61666666666667,0.15
2026-01-31 06:40:00,428.0931,313,373.0,122.0,0.0,0.0,0.0,0.0,0.0,0.0,427.74649,711.63167,0.77338,292.46502,53.0,37.0,78.0,0.0,87.0,9.0,0.0,Idle,53.61666666666667,0.15
2026-01-31 06:45:00,421.72356,313,373.0,122.0,0.0,0.0,0.0,0.0,0.0,0.0,420.0544,703.29358,0.77069,292.4,53.0,37.0,78.0,0.0,87.0,9.0,0.0,Idle,53.61666666666667,0.15
2026-01-31 06:50:00,414.88452,313,373.0,122.0,0.0,0.0,0.0,0.0,0.0,0.0,414.65984,700.09104,0.76104,292.4,53.0,37.0,78.0,0.0,87.0,9.0,0.0,Idle,53.61666666666667,0.15
2026-01-31 06:55:00,430.57516,313,373.0,122.0,0.0,0.0,0.0,0.0,0.0,0.0,430.11423,716.51594,0.77628,292.4,53.0,37.0,78.0,0.0,87.0,9.0,0.0,Idle,53.61666666666667,0.15
2026-01-31 07:00:00,434.59203,313,373.0,122.0,0.0,0.0,0.0,0.0,0.0,0.0,433.13433,714.10909,0.77731,292.4,53.0,37.0,78.0,0.0,87.0,9.0,0.0,Idle,53.61666666666667,0.15
2026-01-31 07:05:00,417.23234,313,373.0,122.0,0.0,0.0,0.0,0.0,0.0,0.0,417.47862,698.63056,0.77009,292.4,53.0,37.0,78.0,0.0,87.0,9.0,0.0,Idle,53.61666666666667,0.15
2026-01-31 07:10:00,416.00755,313,373.0,122.0,0.0,0.0,0.0,0.0,0.0,0.0,415.70095,701.00022,0.76593,292.4,53.0,37.0,78.0,0.0,87.0,9.0,0.0,Idle,53.61666666666667,0.15
2026-01-31 07:15:00,408.51129,313,373.0,122.0,0.0,0.0,0.0,0.0,0.0,0.0,407.81347,688.16269,0.76116,292.4,53.0,37.0,78.0,0.0,87.0,9.0,0.0,Idle,53.61666666666667,0.15
2026-01-31 07:20:00,428.23594,313,373.0,122.0,0.0,0.0,0.0,0.0,0.0,0.0,428.68843,710.74685,0.77675,292.4,53.0,37.0,78.0,0.0,87.0,9.0,0.0,Idle,53.61666666666667,0.15
2026-01-31 07:25:00,437.00918,313,373.0,122.0,0.0,0.0,0.0,0.0,0.0,0.0,436.79692,717.17459,0.7823,292.4,53.0,37.0,78.0,0.0,87.0,9.0,0.0,Idle,53.61666666666667,0.15
2026-01-31 07:30:00,432.10994,313,373.0,122.0,0.0,0.0,0.0,0.0,0.0,0.0,432.23701,717.62243,0.77686,292.4,53.0,37.0,78.0,0.0,87.0,9.0,0.0,Idle,53.61666666666667,0.15
2026-01-31 07:35:00,417.34319,313,373.0,122.0,0.0,0.0,0.0,0.0,0.0,0.0,419.43045,701.3232,0.76872,292.4,53.0,37.0,78.0,0.0,87.0,9.0,0.0,Idle,53.61666666666667,0.15
2026-01-31 07:40:00,434.28747,313,373.0,122.0,0.0,0.0,0.0,0.0,0.0,0.0,434.29514,716.28656,0.78049,292.4,53.0,37.0,78.0,0.0,87.0,9.0,0.0,Idle,53.61666666666667,0.15
2026-01-31 07:45:00,436.98354,313,373.0,122.0,0.0,0.0,0.0,0.0,0.0,0.0,438.62177,724.95952,0.7785,292.49401,53.0,37.0,78.0,0.0,87.0,9.0,0.0,Idle,53.61666666666667,0.15
2026-01-31 07:50:00,436.98354,313,373.0,122.0,0.0,0.0,0.0,0.0,0.0,0.0,438.62177,724.95952,0.7785,292.49401,53.0,37.0,78.0,0.0,87.0,9.0,0.0,Idle,53.61666666666667,0.15
2026-01-31 07:55:00,422.82334,313,373.0,122.0,0.0,0.0,0.0,0.0,0.0,0.0,424.47848,710.14532,0.76919,292.5,53.0,37.0,78.0,0.0,87.0,9.0,0.0,Idle,53.61666666666667,0.15
2026-01-31 08:00:00,440.30884,313,373.0,122.0,0.0,0.0,0.0,0.0,0.0,0.0,440.15468,725.80897,0.77983,292.5,53.0,37.0,78.0,0.0,87.0,9.0,0.0,Idle,53.61666666666667,0.15
2026-01-31 08:05:00,438.40315,313,373.0,122.0,0.0,0.0,0.0,0.0,0.0,0.0,440.64999,723.48187,0.78173,292.5,53.0,37.0,78.0,0.0,87.0,9.0,0.0,Idle,53.61666666666667,0.15
2026-01-31 08:10:00,426.64011,313,373.0,122.0,0.0,0.0,0.0,0.0,0.0,0.0,426.84835,709.62143,0.77228,292.5,53.0,37.0,78.0,0.0,87.0,9.0,0.0,Idle,53.61666666666667,0.15
2026-01-31 08:15:00,418.99116,313,373.0,122.0,0.0,0.0,0.0,0.0,0.0,0.0,421.29639,714.24827,0.75998,292.47958,53.0,37.0,78.0,0.0,87.0,9.0,0.0,Idle,53.61666666666667,0.15
2026-01-31 08:20:00,425.97948,313,373.0,122.0,0.0,0.0,0.0,0.0,0.0,0.0,426.32524,713.7871,0.76845,292.4,53.0,37.0,78.0,0.0,87.0,9.0,0.0,Idle,53.61666666666667,0.15
2026-01-31 08:25:00,433.59166,313,373.0,122.0,0.0,0.0,0.0,0.0,0.0,0.0,433.30163,722.69686,0.77151,292.4,53.0,37.0,78.0,0.0,87.0,9.0,0.0,Idle,53.61666666666667,0.15
2026-01-31 08:30:00,433.41371,313,373.0,122.0,0.0,0.0,0.0,0.0,0.0,0.0,433.06042,724.07894,0.77027,292.4,53.0,37.0,78.0,0.0,87.0,9.0,0.0,Idle,53.61666666666667,0.15
2026-01-31 08:35:00,404.95929,313,373.0,122.0,0.0,0.0,0.0,0.0,0.0,0.0,403.57043,690.36653,0.75098,292.35933,53.0,37.0,78.0,0.0,87.0,9.0,0.0,Idle,53.61666666666667,0.15
2026-01-31 08:40:00,401.49176,313,373.0,122.0,0.0,0.0,0.0,0.0,0.0,0.0,401.58203,684.56983,0.75556,292.3,53.0,37.0,78.0,0.0,87.0,9.0,0.0,Idle,53.61666666666667,0.15
2026-01-31 08:45:00,401.94904,313,373.0,122.0,0.0,0.0,0.0,0.0,0.0,0.0,402.85728,687.06605,0.7521,292.38619,53.0,37.0,78.0,0.0,87.0,9.0,0.0,Idle,53.61666666666667,0.15
2026-01-31 08:50:00,410.69771,313,373.0,122.05158,0.0,0.0,0.0,0.0,0.0,0.0,410.18875,694.25915,0.75706,292.4,53.0,37.0,78.0,0.0,87.0,9.0,0.0,Idle,53.61666666666667,0.15
2026-01-31 08:55:00,431.57176,313,373.0,123.0,0.0,0.0,0.0,0.0,0.0,0.0,430.17753,732.05017,0.75583,292.4,53.0,37.0,78.0,0.0,87.0,9.0,0.0,Idle,53.61666666666667,0.15
2026-01-31 09:00:00,432.31158,313,373.0,123.0,0.0,0.0,0.0,0.0,0.0,0.0,431.5343,730.56894,0.75774,292.46862,53.0,37.0,78.0,0.0,87.0,9.0,0.0,Idle,53.61666666666667,0.15
2026-01-31 09:05:00,401.76108,313,373.0,123.0,0.0,0.0,0.0,0.0,0.0,0.0,401.74514,687.31632,0.74938,292.5,53.0,37.0,78.0,0.0,87.0,9.0,0.0,Idle,53.61666666666667,0.15
2026-01-31 09:10:00,404.54579,313,373.0,123.0,0.0,0.0,0.0,0.0,0.0,0.0,404.52483,690.72135,0.75473,292.5,53.0,37.0,78.0,0.0,87.0,9.0,0.0,Idle,53.61666666666667,0.15
2026-01-31 09:15:00,407.57856,313,373.0,123.0,0.0,0.0,0.0,0.0,0.0,0.0,406.06076,690.05352,0.75499,292.5,53.0,37.0,78.0,0.0,87.0,9.0,0.0,Idle,53.61666666666667,0.15
2026-01-31 09:20:00,395.64786,313,373.0,123.0,0.0,0.0,0.0,0.0,0.0,0.0,395.93974,684.30313,0.74606,292.5,53.0,37.0,78.0,0.0,87.0,9.0,0.0,Idle,53.61666666666667,0.15
2026-01-31 09:25:00,391.46664,313,373.0,123.0,0.0,0.0,0.0,0.0,0.0,0.0,392.09274,677.23864,0.74481,292.5,53.0,37.0,78.0,0.0,87.0,9.0,0.0,Idle,53.61666666666667,0.15
2026-01-31 09:30:00,395.88525,313,373.0,123.0,38.71382,71.03155,0.16076,0.0,0.0,0.0,357.0076,611.59156,0.75242,292.57444,53.0,37.0,78.0,0.0,87.0,9.0,0.0,Idle,53.61666666666667,0.15
2026-01-31 09:35:00,487.20688,313,373.0,123.0,251.7941,399.04874,0.81274,0.0,0.0,0.0,235.51796,415.4184,0.72656,292.6,53.0,37.0,78.0,0.0,87.0,9.0,0.0,Idle,53.61666666666667,0.15
2026-01-31 09:40:00,510.41165,313,373.0,123.0,252.73236,442.87547,0.72731,0.0,0.0,0.0,250.24548,475.74134,0.68208,292.6,53.0,37.0,78.0,0.0,87.0,9.0,0.0,Idle,53.61666666666667,0.15
2026-01-31 09:45:00,545.38785,313,373.0,123.0,269.57732,480.25614,0.72253,0.0,0.0,0.0,276.53067,514.35017,0.68958,292.5265,53.0,37.0,78.0,0.0,87.0,9.0,0.0,Idle,53.61666666666667,0.15
2026-01-31 09:50:00,611.52243,313,373.0,123.0,295.85622,511.30137,0.74439,0.0,0.0,0.0,317.35075,555.11334,0.73344,292.5,53.0,37.0,78.0,0.0,87.0,9.0,0.0,Idle,53.61666666666667,0.15
2026-01-31 09:55:00,592.28385,313,373.0,123.0,289.73674,503.89008,0.73825,0.0,0.0,0.0,303.45385,539.84672,0.723,292.5,53.0,37.0,78.0,0.0,87.0,9.0,0.0,Idle,53.61666666666667,0.15
2026-01-31 10:00:00,588.3106,313,373.0,123.0,294.37838,508.23942,0.74605,0.0,0.0,0.0,295.75978,533.96528,0.71234,292.5,53.0,37.0,78.0,0.0,87.0,9.0,0.0,Idle,53.61666666666667,0.15
2026-01-31 10:05:00,607.50724,313,373.0,123.0,304.62834,519.36832,0.75685,0.0,0.0,0.0,302.04338,541.88577,0.71988,292.5,53.0,37.0,78.0,0.0,87.0,9.0,0.0,Idle,53.61666666666667,0.15
2026-01-31 10:10:00,607.36574,313,373.0,123.0,303.67081,518.37099,0.75487,0.0,0.0,0.0,302.23654,541.27019,0.7204,292.5,53.0,37.0,78.0,0.0,87.0,9.0,0.0,Idle,53.61666666666667,0.15
2026-01-31 10:15:00,600.63249,314,373.0,123.0,300.1022,511.61745,0.75418,0.0,0.0,0.0,302.00283,538.60354,0.71922,292.5,53.0,37.0,78.0,0.0,87.0,9.0,0.0,Idle,53.61666666666667,0.15
2026-01-31 10:20:00,606.9996,314,373.0,123.0,303.42453,518.27004,0.75049,0.0,0.0,0.0,304.96813,543.28991,0.72172,292.46971,53.0,37.0,78.0,0.0,87.0,9.0,0.0,Idle,53.61666666666667,0.15
2026-01-31 10:25:00,611.95957,314,373.0,123.0,305.0307,518.67795,0.75334,0.0,0.0,0.0,305.33745,541.48152,0.72176,292.4,53.0,37.0,78.0,0.0,87.0,9.0,0.0,Idle,53.61666666666667,0.15
2026-01-31 10:30:00,619.42976,314,373.0,123.0,308.32129,520.81072,0.76068,0.0,0.0,0.0,309.57467,545.5006,0.72919,292.4,53.0,37.0,78.0,0.0,87.0,9.0,0.0,Idle,53.61666666666667,0.15
2026-01-31 10:35:00,562.19369,314,373.0,123.0,277.19289,486.87964,0.72915,0.0,0.0,0.0,285.00374,519.53423,0.70455,292.4,53.0,37.0,78.0,0.0,87.0,9.0,0.0,Discharging,53.61666666666667,0.15
2026-01-31 10:40:00,592.14134,314,373.0,123.0,292.22587,500.54284,0.75023,0.0,0.0,0.0,299.14507,530.43577,0.7249,292.4,53.0,37.0,78.0,0.0,87.0,9.0,0.0,Discharging,53.61666666666667,0.15
2026-01-31 10:45:00,611.10807,314,373.0,123.0,304.18018,513.68013,0.75829,0.0,0.0,0.0,308.27705,541.54128,0.72916,292.4,53.0,37.0,78.0,0.0,87.0,9.0,0.0,Discharging,53.61666666666667,0.15
2026-01-31 10:50:00,632.62221,314,373.0,123.0,314.7789,526.69263,0.76483,0.0,0.0,0.0,317.40895,551.99074,0.73608,292.4,53.0,37.0,78.0,0.0,87.0,9.0,0.0,Discharging,53.61666666666667,0.15
2026-01-31 10:55:00,591.07423,314,373.0,123.0,291.30822,502.60626,0.74627,0.0,0.0,0.0,299.58012,533.30909,0.72008,292.4,53.0,37.0,78.0,0.0,87.0,9.0,0.0,Discharging,53.61666666666667,0.15
2026-01-31 11:00:00,585.90846,314,373.0,123.0,290.21525,499.74668,0.74517,0.0,0.0,0.0,297.73297,530.04419,0.71964,292.4,53.0,37.0,78.0,0.0,87.0,9.0,0.0,Discharging,53.61666666666667,0.15
2026-01-31 11:05:00,612.46935,314,373.0,123.0,308.13321,518.62191,0.76346,0.0,0.0,0.0,305.50168,540.22431,0.72681,292.4,53.0,37.0,78.0,0.0,87.0,9.0,0.0,Discharging,53.61666666666667,0.15
2026-01-31 11:10:00,645.72014,314,373.0,123.0,331.09297,544.07785,0.78424,0.0,0.0,0.0,314.98325,553.04152,0.73471,292.39247,53.0,37.0,78.0,0.0,87.0,9.0,0.0,Discharging,53.61666666666667,0.15
2026-01-31 11:15:00,669.19004,314,373.0,123.0,333.03731,549.62173,0.77819,0.0,0.0,0.0,334.74141,572.3393,0.74817,292.19928,53.0,37.0,78.0,0.0,87.0,9.0,0.0,Discharging,53.61666666666667,0.15
2026-01-31 11:20:00,699.95368,314,373.0,123.0,349.81908,569.9479,0.78857,0.0,0.0,0.0,351.29706,591.28982,0.7619,292.1,53.0,37.0,78.0,0.0,87.0,9.0,0.0,Discharging,53.61666666666667,0.15
2026-01-31 11:25:00,700.12476,314,373.0,123.0,350.23157,570.86227,0.78769,0.0,0.0,0.0,352.57751,591.72223,0.76472,292.1,53.0,37.0,78.0,0.0,87.0,9.0,0.0,Discharging,53.61666666666667,0.15
2026-01-31 11:30:00,889.11391,314,373.0,123.0,448.25851,690.55498,0.83553,0.0,0.0,0.0,443.4479,702.44559,0.81006,292.18705,53.0,37.0,78.0,0.0,87.0,9.0,0.0,Discharging,53.61666666666667,0.15
2026-01-31 11:35:00,956.97796,314,373.0,123.0,478.96518,727.95637,0.84427,0.0,0.0,0.0,477.8518,742.54518,0.82517,292.50641,53.0,37.0,78.0,0.0,87.0,9.0,0.0,Discharging,53.61666666666667,0.15
2026-01-31 11:40:00,979.26153,314,373.0,123.0,489.22085,741.91845,0.84712,0.0,0.0,0.0,487.59982,756.56206,0.82709,292.63376,53.0,37.0,78.0,0.0,87.0,9.0,0.0,Discharging,53.61666666666667,0.15
2026-01-31 11:45:00,977.04763,314,373.0,123.307,489.34146,740.82261,0.84912,0.0,0.0,0.0,485.27119,752.21403,0.82719,292.76144,53.0,37.0,78.0,0.0,87.0,9.0,0.0,Discharging,53.61666666666667,0.15
2026-01-31 11:50:00,968.4323,314,373.0,124.0,485.20526,736.21772,0.84865,0.0,0.0,0.0,480.41615,745.65249,0.82751,292.81831,53.0,37.0,78.0,0.0,87.0,9.0,0.0,Discharging,53.61666666666667,0.15
2026-01-31 11:55:00,975.99935,314,373.0,124.0,488.7044,741.59431,0.84723,0.0,0.0,0.0,486.24663,753.44629,0.82986,292.9,53.0,37.0,78.0,0.0,87.0,9.0,0.0,Discharging,53.61666666666667,0.15
2026-01-31 12:00:00,972.24277,314,373.0,124.0,488.08446,739.23405,0.84955,0.0,0.0,0.0,484.66344,751.11204,0.82963,292.99982,53.0,37.0,78.0,0.0,87.0,9.0,0.0,Discharging,53.61666666666667,0.15
2026-01-31 12:05:00,975.46182,314,373.0,124.0,488.48683,739.46082,0.84761,0.0,0.0,0.0,484.64554,750.58402,0.82635,293.0,53.0,37.0,78.0,0.0,87.0,9.0,0.0,Discharging,53.61666666666667,0.15
2026-01-31 12:10:00,968.27853,314,373.0,124.0,486.8099,737.00109,0.8482,0.0,0.0,0.0,482.53635,747.63054,0.83086,292.90693,53.0,37.0,78.0,0.0,87.0,9.0,0.0,Discharging,53.61666666666667,0.15
2026-01-31 12:15:00,954.26971,314,373.0,124.0,477.20262,728.10446,0.84391,0.0,0.0,0.0,476.51338,741.85406,0.82313,292.7,53.0,37.0,78.0,0.0,87.0,9.0,0.0,Discharging,53.61666666666667,0.15
2026-01-31 12:20:00,950.10801,314,373.0,124.0,476.92978,727.48633,0.84375,0.0,0.0,0.0,477.15759,742.11339,0.82423,292.61896,53.0,37.0,78.0,0.0,87.0,9.0,0.0,Discharging,53.61666666666667,0.15
2026-01-31 12:25:00,969.24489,314,373.0,124.0,484.48571,735.64581,0.84822,0.0,0.0,0.0,484.99545,749.93633,0.83361,292.5405,53.0,37.0,78.0,0.0,87.0,9.0,0.0,Discharging,53.61666666666667,0.15
2026-01-31 12:30:00,969.96887,314,373.0,124.0,487.19399,740.0784,0.84709,0.0,0.0,0.0,485.2283,751.68982,0.82908,292.47376,53.0,37.0,78.0,0.0,87.0,9.0,0.0,Discharging,53.61666666666667,0.15
2026-01-31 12:35:00,950.06663,314,373.0,124.0,475.34314,724.22781,0.84337,0.0,0.0,0.0,476.06927,739.91348,0.82632,292.28352,53.0,37.0,78.0,0.0,87.0,9.0,0.0,Discharging,53.61666666666667,0.15
2026-01-31 12:40:00,959.49264,314,373.0,124.0,480.19496,731.00577,0.84246,0.0,0.0,0.0,479.86765,746.35167,0.82238,292.2,53.0,37.0,78.0,0.0,87.0,9.0,0.0,Discharging,53.61666666666667,0.15
2026-01-31 12:45:00,926.15583,314.42067,373.0,124.0,462.62927,706.5766,0.8401,0.0,0.0,0.0,464.70182,724.55505,0.82357,292.16079,53.0,37.0,78.0,0.0,87.0,9.0,0.0,Discharging,53.61666666666667,0.15
2026-01-31 12:50:00,985.88921,315,373.0,124.0,488.45492,741.24252,0.84788,0.0,0.0,0.0,496.29835,764.69517,0.83503,292.1,53.0,37.0,78.0,0.0,87.0,9.0,0.0,Discharging,53.61666666666667,0.15
2026-01-31 12:55:00,972.46093,315,373.0,124.0,490.07832,742.47282,0.84763,0.0,0.0,0.0,480.80691,749.06277,0.82287,292.1,53.0,37.0,78.0,0.0,87.0,9.0,0.0,Discharging,53.61666666666667,0.15
2026-01-31 13:00:00,974.63209,315,373.0,124.0,491.55593,743.28643,0.84912,0.0,0.0,0.0,481.85118,749.79187,0.82581,292.09765,53.0,37.0,78.0,0.0,87.0,9.0,0.0,Discharging,53.61666666666667,0.15
2026-01-31 13:05:00,983.67839,315,373.0,124.0,494.87176,747.87584,0.85357,0.0,0.0,0.0,489.04141,757.24065,0.83083,292.0,53.0,37.0,78.0,0.0,87.0,9.0,0.0,Discharging,53.61666666666667,0.15
2026-01-31 13:10:00,985.14774,315,373.0,124.0,489.42409,742.1983,0.84436,0.0,0.0,0.0,493.60312,760.86921,0.83238,292.0,53.0,37.0,78.0,0.0,87.0,9.0,0.0,Discharging,53.61666666666667,0.15
2026-01-31 13:15:00,976.59157,315,373.0,124.0,487.57749,740.39431,0.84487,0.0,0.0,0.0,489.99131,757.42878,0.83105,292.1,53.0,37.0,78.0,0.0,87.0,9.0,0.0,Discharging,53.61666666666667,0.15
2026-01-31 13:20:00,983.87308,315,373.0,124.0,489.94582,743.36085,0.84736,0.0,0.0,0.0,493.17431,761.14401,0.83104,292.11689,53.0,37.0,78.0,0.0,87.0,9.0,0.0,Discharging,53.61666666666667,0.15
2026-01-31 13:25:00,981.8086,315,373.0,124.0,487.5085,740.43197,0.84433,0.0,0.0,0.0,492.0337,760.33867,0.82906,292.2,53.0,37.0,78.0,0.0,87.0,9.0,0.0,Discharging,53.61666666666667,0.15
2026-01-31 13:30:00,998.28705,315,373.0,124.0,492.59657,746.78169,0.84457,0.0,0.0,0.0,503.53855,771.7064,0.83719,292.29602,53.0,37.0,78.0,0.0,87.0,9.0,0.0,Discharging,53.61666666666667,0.15
2026-01-31 13:35:00,1025.86472,315,373.0,124.0,514.4666,776.37223,0.85108,0.0,0.0,0.0,509.88348,786.4493,0.83024,292.41681,53.0,37.0,78.0,0.0,87.0,9.0,0.0,Discharging,53.61666666666667,0.15
2026-01-31 13:40:00,1020.24432,315,373.0,124.0,509.86255,771.4769,0.84898,0.0,0.0,0.0,507.34099,783.09363,0.83242,292.5,53.0,37.0,78.0,0.0,87.0,9.0,0.0,Discharging,53.61666666666667,0.15
2026-01-31 13:45:00,1004.93227,315,373.0,124.0,502.94797,761.86152,0.84954,0.0,0.0,0.0,501.68271,773.9473,0.82979,292.5,53.0,37.0,78.0,0.0,87.0,9.0,0.0,Discharging,53.61666666666667,0.15
2026-01-31 13:50:00,994.42346,315,373.0,124.5337,497.84492,751.81126,0.84958,0.0,0.0,0.0,496.78096,765.52249,0.83325,292.56172,53.0,37.0,78.0,0.0,87.0,9.0,0.0,Discharging,53.61666666666667,0.15
2026-01-31 13:55:00,986.79846,315,373.0,125.0,494.25534,747.99271,0.84987,0.0,0.0,0.0,491.44399,760.49582,0.83024,292.6,53.0,37.0,78.0,0.0,87.0,9.0,0.0,Discharging,53.61666666666667,0.15
2026-01-31 14:00:00,1068.94128,315,373.0,125.0,536.56605,809.14233,0.85014,0.0,0.0,0.0,536.13449,821.43065,0.84004,292.6,53.0,37.0,78.0,0.0,87.0,9.0,0.0,Discharging,53.61666666666667,0.15
2026-01-31 14:05:00,1112.39591,315,373.0,125.0,556.98079,837.47906,0.85417,0.0,0.0,0.0,555.67936,846.70974,0.84305,292.6,53.0,37.0,78.0,0.0,87.0,9.0,0.0,Discharging,53.61666666666667,0.15
2026-01-31 14:10:00,1111.78958,315,373.0,125.0,555.84325,837.31713,0.85419,0.0,0.0,0.0,556.01327,847.74725,0.84318,292.6,53.0,37.0,78.0,0.0,87.0,9.0,0.0,Discharging,53.61666666666667,0.15
2026-01-31 14:15:00,1129.30124,315,373.0,125.0,565.2124,847.73824,0.8569,0.0,0.0,0.0,563.37357,857.25594,0.84488,292.6,53.0,37.0,78.0,0.0,87.0,9.0,0.0,Discharging,53.61666666666667,0.15
2026-01-31 14:20:00,1127.91444,315,373.0,125.0,561.18342,843.60824,0.85607,0.0,0.0,0.0,565.36363,858.96158,0.84575,292.6,53.0,37.0,78.0,0.0,87.0,9.0,0.0,Discharging,53.61666666666667,0.15
2026-01-31 14:25:00,1115.50277,315,373.0,125.0,559.49054,842.75932,0.85412,0.0,0.0,0.0,556.96372,850.23793,0.84218,292.6,53.0,37.0,78.0,0.0,87.0,9.0,0.0,Discharging,53.61666666666667,0.15
2026-01-31 14:30:00,1112.53951,315,373.0,125.0,553.28512,834.4063,0.85197,0.0,0.0,0.0,557.44707,848.90924,0.8469,292.6,53.0,37.0,78.0,0.0,87.0,9.0,0.0,Discharging,53.61666666666667,0.15
2026-01-31 14:35:00,1124.92772,315,373.0,125.0,563.49515,846.33069,0.85431,0.0,0.0,0.0,559.63903,852.83739,0.84413,292.58058,53.0,37.0,78.0,0.0,87.0,9.0,0.0,Discharging,53.61666666666667,0.15
2026-01-31 14:40:00,1132.51331,315.39511,373.0,125.0,567.50556,850.76473,0.85664,0.0,0.0,0.0,565.86747,858.5604,0.84789,292.5,53.0,37.0,78.0,0.0,87.0,9.0,0.0,Discharging,53.61666666666667,0.15
2026-01-31 14:45:00,1121.5258,316,373.0,125.0,565.38278,847.13956,0.85722,0.0,0.0,0.0,556.23472,848.92942,0.8417,292.47592,53.0,37.0,78.0,0.0,87.0,9.0,0.0,Discharging,53.61666666666667,0.15
2026-01-31 14:50:00,1125.47162,316,373.0,125.0,563.72236,846.20814,0.85687,0.0,0.0,0.0,559.52688,852.87909,0.84361,292.41116,53.0,37.0,78.0,0.0,87.0,9.0,0.0,Discharging,53.61666666666667,0.15
2026-01-31 14:55:00,1157.11983,316,373.0,125.0,578.52338,866.27359,0.86169,0.0,0.0,0.0,576.6969,873.1917,0.85113,292.31707,53.0,37.0,78.0,0.0,87.0,9.0,0.0,Discharging,53.61666666666667,0.15
2026-01-31 15:00:00,1148.70428,316,373.0,125.0,575.39523,860.56713,0.86076,0.0,0.0,0.0,569.43597,865.28045,0.84609,292.3,53.0,37.0,78.0,0.0,87.0,9.0,0.0,Discharging,53.61666666666667,0.15
2026-01-31 15:05:00,1148.50724,316,373.0,125.0,577.50944,862.35151,0.86116,0.0,0.0,0.0,571.29723,867.57172,0.845,292.3,53.0,37.0,78.0,0.0,87.0,9.0,0.0,Discharging,53.61666666666667,0.15
2026-01-31 15:10:00,1147.53797,316,373.0,125.0,575.30265,860.19196,0.85738,0.0,0.0,0.0,571.07915,865.79662,0.84881,292.3,53.0,37.0,78.0,0.0,87.0,9.0,0.0,Discharging,53.61666666666667,0.15
2026-01-31 15:15:00,1155.13422,316,373.0,125.0,576.88593,860.06085,0.86299,0.0,0.0,0.0,575.67962,871.50387,0.84756,292.34846,53.0,37.0,78.0,0.0,87.0,9.0,0.0,Discharging,53.61666666666667,0.15
2026-01-31 15:20:00,1149.90727,316,373.0,125.0,575.78254,859.67539,0.86297,0.0,0.0,0.0,574.79683,870.72404,0.85003,292.42736,53.0,37.0,78.0,0.0,87.0,9.0,0.0,Discharging,53.61666666666667,0.15
2026-01-31 15:25:00,1156.49845,316,373.0,125.0,577.02235,862.22686,0.86166,0.0,0.0,0.0,577.3511,874.12517,0.85074,292.5,53.0,37.0,78.0,0.0,87.0,9.0,0.0,Discharging,53.61666666666667,0.15
2026-01-31 15:30:00,1145.82063,316,373.0,125.0,573.11946,858.24917,0.85953,0.0,0.0,0.0,570.64666,867.10692,0.84503,292.53316,53.0,37.0,78.0,0.0,87.0,9.0,0.0,Discharging,53.61666666666667,0.15
2026-01-31 15:35:00,1143.96307,316,373.0,125.63482,572.85977,856.57544,0.85841,0.0,0.0,0.0,569.88997,865.0214,0.84846,292.7,53.0,37.0,78.0,0.0,87.0,9.0,0.0,Discharging,53.61666666666667,0.15
2026-01-31 15:40:00,1148.1259,316,373.0,126.0,572.86205,856.09083,0.85663,0.0,0.0,0.0,574.91028,871.27055,0.849,292.67593,53.0,37.0,78.0,0.0,87.0,9.0,0.0,Discharging,53.61666666666667,0.15
2026-01-31 15:45:00,1156.63759,316,373.0,126.0,577.43629,863.56123,0.86267,0.0,0.0,0.0,578.42345,875.80666,0.84813,292.7,53.0,37.0,78.0,0.0,87.0,9.0,0.0,Discharging,53.61666666666667,0.15
2026-01-31 15:50:00,1158.915,316,373.0,126.0,578.39906,864.0812,0.86124,0.0,0.0,0.0,579.91517,877.16454,0.85044,292.7,53.0,37.0,78.0,0.0,87.0,9.0,0.0,Discharging,53.61666666666667,0.15
2026-01-31 15:55:00,1073.8414,316,373.0,126.0,535.84802,804.96827,0.85618,0.0,0.0,0.0,534.83832,816.56107,0.84135,292.6,53.0,37.0,78.0,0.0,87.0,9.0,0.0,Discharging,53.61666666666667,0.15
2026-01-31 16:00:00,1077.38854,316,373.0,126.0,535.19784,806.59851,0.85333,0.0,0.0,0.0,546.08336,832.15234,0.84421,292.6,53.0,37.0,78.0,0.0,87.0,9.0,0.0,Discharging,53.61666666666667,0.15
2026-01-31 16:05:00,1082.45458,316,373.0,126.0,544.34033,816.74701,0.85563,0.0,0.0,0.0,539.83791,826.60873,0.83897,292.57595,53.0,37.0,78.0,0.0,87.0,9.0,0.0,Discharging,53.61666666666667,0.15
2026-01-31 16:10:00,1096.76875,316,373.0,126.0,549.3992,819.60064,0.86232,0.0,0.0,0.0,547.58872,832.61926,0.8451,292.52257,53.0,37.0,78.0,0.0,87.0,9.0,0.0,Discharging,53.61666666666667,0.15
2026-01-31 16:15:00,1083.73319,316,373.0,126.0,546.67341,817.56867,0.85854,0.0,0.0,0.0,540.31648,825.25015,0.83981,292.41675,53.0,37.0,78.0,0.0,87.0,9.0,0.0,Discharging,53.61666666666667,0.15
2026-01-31 16:20:00,1061.54631,316,373.0,126.0,529.3334,796.00719,0.855,0.0,0.0,0.0,529.15603,810.17408,0.84001,292.35004,53.0,37.0,78.0,0.0,87.0,9.0,0.0,Discharging,53.61666666666667,0.15
2026-01-31 16:25:00,1059.10129,316,373.0,126.0,525.41281,792.08223,0.85206,0.0,0.0,0.0,534.57095,816.78923,0.83903,292.3,53.0,37.0,78.0,0.0,87.0,9.0,0.0,Discharging,53.61666666666667,0.15
2026-01-31 16:30:00,1043.4841,316.79032,373.0,126.0,517.64032,778.50679,0.85371,0.0,0.0,0.0,524.4123,801.23811,0.84194,292.20787,53.0,37.0,78.0,0.0,87.0,9.0,0.0,Discharging,53.61666666666667,0.15
2026-01-31 16:35:00,1036.2783,317,373.0,126.0,521.96299,781.42809,0.86056,0.0,0.0,0.0,517.23563,792.83445,0.84,292.2,53.0,37.0,78.0,0.0,87.0,9.0,0.0,Discharging,53.61666666666667,0.15
2026-01-31 16:40:00,1039.49929,317,373.0,126.0,523.10709,784.98362,0.85681,0.0,0.0,0.0,518.11188,795.58753,0.83793,292.2,53.0,37.0,78.0,0.0,87.0,9.0,0.0,Discharging,53.61666666666667,0.15
2026-01-31 16:45:00,1038.25761,317,373.0,126.0,522.77163,786.8293,0.85383,0.0,0.0,0.0,519.50572,796.57549,0.84063,292.2,53.0,37.0,78.0,0.0,87.0,9.0,0.0,Discharging,53.61666666666667,0.15
2026-01-31 16:50:00,1100.11904,317,373.0,126.0,553.14859,827.026,0.86106,0.0,0.0,0.0,546.40629,832.37575,0.8424,292.2,53.0,37.0,78.0,0.0,87.0,9.0,0.0,Discharging,53.61666666666667,0.15
2026-01-31 16:55:00,1184.27445,317,373.0,126.0,591.37047,883.15282,0.85897,0.0,0.0,0.0,594.76391,899.81333,0.84825,292.2,53.0,37.0,78.0,0.0,87.0,9.0,0.0,Discharging,53.61666666666667,0.15
2026-01-31 17:00:00,1192.51056,317,373.0,126.0,601.34385,894.9375,0.86784,0.0,0.0,0.0,595.24142,901.06558,0.84739,292.2,53.0,37.0,78.0,0.0,87.0,9.0,0.0,Discharging,53.61666666666667,0.15
2026-01-31 17:05:00,1228.43779,317,373.0,126.0,614.04076,915.73753,0.86266,0.0,0.0,0.0,614.91889,928.89667,0.85,292.2,53.0,37.0,78.0,0.0,87.0,9.0,0.0,Discharging,53.61666666666667,0.15
2026-01-31 17:10:00,1225.98486,317,373.0,126.0,610.76451,914.18385,0.86,0.0,0.0,0.0,617.23115,934.09773,0.84898,292.2,53.0,37.0,78.0,0.0,87.0,9.0,0.0,Discharging,53.61666666666667,0.15
2026-01-31 17:15:00,1230.58718,317,373.0,126.0,614.18112,915.13846,0.86174,0.0,0.0,0.0,617.77878,933.08058,0.85,292.35559,53.0,37.0,78.0,0.0,87.0,9.0,0.0,Discharging,53.61666666666667,0.15
2026-01-31 17:20:00,1236.29364,317,373.0,126.0,619.13039,923.47306,0.86383,0.0,0.0,0.0,614.61146,931.05379,0.84897,292.44662,53.0,37.0,78.0,0.0,87.0,9.0,0.0,Discharging,53.61666666666667,0.15
2026-01-31 17:25:00,1229.28546,317,373.0,126.98867,615.7445,919.44844,0.8631,0.0,0.0,0.0,613.73864,930.82237,0.849,292.6,53.0,37.0,78.0,0.0,87.0,9.0,0.0,Discharging,53.61666666666667,0.15
2026-01-31 17:30:00,1223.7973,317,373.0,127.0,615.24647,918.05223,0.86208,0.0,0.0,0.0,608.62888,923.81977,0.84583,292.6,53.0,37.0,78.0,0.0,87.0,9.0,0.0,Discharging,53.61666666666667,0.15
2026-01-31 17:35:00,1235.54487,317,373.0,127.0,620.38358,923.91765,0.86512,0.0,0.0,0.0,616.80916,933.68314,0.85,292.7,53.0,37.0,78.0,0.0,87.0,9.0,0.0,Discharging,53.61666666666667,0.15
2026-01-31 17:40:00,1237.14277,317,373.0,127.0,620.78137,923.93866,0.86504,0.0,0.0,0.0,615.96099,932.2364,0.8499,292.7,53.0,37.0,78.0,0.0,87.0,9.0,0.0,Discharging,53.61666666666667,0.15
2026-01-31 17:45:00,1227.43395,317,373.0,127.0,607.8166,908.09968,0.8628,0.0,0.0,0.0,618.43538,933.12603,0.85211,292.7,53.0,37.0,78.0,0.0,87.0,9.0,0.0,Discharging,53.61666666666667,0.15
2026-01-31 17:50:00,1209.57965,317,373.0,127.0,606.72786,907.05987,0.85995,0.0,0.0,0.0,603.13967,917.18406,0.84311,292.7,53.0,37.0,78.0,0.0,87.0,9.0,0.0,Discharging,53.61666666666667,0.15
2026-01-31 17:55:00,1219.07476,317,373.0,127.0,612.61808,913.56869,0.86269,0.0,0.0,0.0,608.36987,922.03795,0.84995,292.6,53.0,37.0,78.0,0.0,87.0,9.0,0.0,Discharging,53.61666666666667,0.15
2026-01-31 18:00:00,1230.60501,317,373.0,127.0,619.28718,920.71354,0.8658,0.0,0.0,0.0,613.03943,926.85722,0.85107,292.54593,53.0,37.0,78.0,0.0,87.0,9.0,0.0,Discharging,53.61666666666667,0.15
2026-01-31 18:05:00,1236.01894,317,373.0,127.0,621.14091,923.81085,0.86622,0.0,0.0,0.0,614.44359,929.63917,0.85,292.47582,53.0,37.0,78.0,0.0,87.0,9.0,0.0,Discharging,53.61666666666667,0.15
2026-01-31 18:10:00,1232.865,317.43628,373.0,127.0,618.76926,920.99737,0.86406,0.0,0.0,0.0,613.40134,928.88553,0.85,292.40361,53.0,37.0,78.0,0.0,87.0,9.0,0.0,Discharging,53.61666666666667,0.15
2026-01-31 18:15:00,1218.63029,318,373.0,127.0,612.4441,912.47469,0.86605,0.0,0.0,0.0,606.15589,918.21412,0.84821,292.32046,53.0,37.0,78.0,0.0,87.0,9.0,0.0,Discharging,53.61666666666667,0.15
2026-01-31 18:20:00,1222.65593,318,373.0,127.0,613.20556,912.56956,0.86658,0.0,0.0,0.0,608.64893,921.74696,0.84573,292.31179,53.0,37.0,78.0,0.0,87.0,9.0,0.0,Discharging,53.61666666666667,0.15
2026-01-31 18:25:00,1234.51002,318,373.0,127.0,611.99169,913.50603,0.86109,0.0,0.0,0.0,621.32136,936.64489,0.85103,292.3,53.0,37.0,78.0,0.0,87.0,9.0,0.0,Discharging,53.61666666666667,0.15
2026-01-31 18:30:00,1214.49579,318,373.0,127.0,610.50681,911.14968,0.86327,0.0,0.0,0.0,604.04261,917.4017,0.8479,292.3658,53.0,37.0,78.0,0.0,87.0,9.0,0.0,Discharging,53.61666666666667,0.15
2026-01-31 18:35:00,1238.61702,318,373.0,127.0,622.20905,927.63111,0.86065,0.0,0.0,0.0,617.79801,937.18226,0.8491,292.4,53.0,37.0,78.0,0.0,87.0,9.0,0.0,Discharging,53.61666666666667,0.15
2026-01-31 18:40:00,1245.8321,318,373.0,127.0,624.37071,931.1521,0.86246,0.0,0.0,0.0,626.2577,947.72053,0.84945,292.4,53.0,37.0,78.0,0.0,87.0,9.0,0.0,Discharging,53.61666666666667,0.15
2026-01-31 18:45:00,1261.65749,318,373.0,127.0,634.57898,944.27701,0.86669,0.0,0.0,0.0,626.94853,949.47622,0.84953,292.47877,53.0,37.0,78.0,0.0,87.0,9.0,0.0,Discharging,53.61666666666667,0.15
2026-01-31 18:50:00,1228.3438,318,373.0,127.0,618.65713,921.18326,0.86472,0.0,0.0,0.0,607.87578,922.06203,0.84941,292.5,53.0,37.0,78.0,0.0,87.0,9.0,0.0,Discharging,53.61666666666667,0.15
2026-01-31 18:55:00,1215.15122,318,373.0,127.0,605.58378,904.29787,0.85982,0.0,0.0,0.0,610.19928,923.15968,0.84892,292.5,53.0,37.0,78.0,0.0,87.0,9.0,0.0,Discharging,53.61666666666667,0.15
2026-01-31 19:00:00,1222.90048,318,373.0,127.42573,609.05266,908.04507,0.8639,0.0,0.0,0.0,612.53793,924.66147,0.85009,292.5,53.0,37.0,78.0,0.0,87.0,9.0,0.0,Discharging,53.61666666666667,0.15
2026-01-31 19:05:00,1222.35055,318,373.0,128.0,612.97275,911.89286,0.86479,0.0,0.0,0.0,609.39757,920.36971,0.85013,292.5,53.0,37.0,78.0,0.0,87.0,9.0,0.0,Discharging,53.61666666666667,0.15
2026-01-31 19:10:00,1217.86545,318,373.0,128.0,605.2555,901.51194,0.86721,0.0,0.0,0.0,608.89702,918.31017,0.8539,292.5,53.0,37.0,78.0,0.0,87.0,9.0,0.0,Discharging,53.61666666666667,0.15
2026-01-31 19:15:00,1223.81091,318,373.0,128.0,610.46578,909.18295,0.86314,0.0,0.0,0.0,614.2006,926.27392,0.85464,292.5,53.0,37.0,78.0,0.0,87.0,9.0,0.0,Discharging,53.61666666666667,0.15
2026-01-31 19:20:00,1226.5451,318,373.0,128.0,609.21037,908.18355,0.86226,0.0,0.0,0.0,615.19427,928.50755,0.85201,292.5,53.0,37.0,78.0,0.0,87.0,9.0,0.0,Discharging,53.61666666666667,0.15
2026-01-31 19:25:00,1222.71611,318,373.0,128.0,608.97815,906.14198,0.86365,0.0,0.0,0.0,612.71157,924.22135,0.85204,292.5,53.0,37.0,78.0,0.0,87.0,9.0,0.0,Discharging,53.61666666666667,0.15
2026-01-31 19:30:00,1216.34898,318,373.0,128.0,603.23354,899.64802,0.86255,0.0,0.0,0.0,610.39376,922.85344,0.84898,292.40625,53.0,37.0,78.0,0.0,87.0,9.0,0.0,Discharging,53.61666666666667,0.15
2026-01-31 19:35:00,1218.80339,318,373.0,128.0,603.56205,902.73284,0.86127,0.0,0.0,0.0,610.72593,923.76236,0.85203,292.4,53.0,37.0,78.0,0.0,87.0,9.0,0.0,Discharging,53.61666666666667,0.15
2026-01-31 19:40:00,1224.26658,318,373.0,128.0,614.77022,912.64388,0.86687,0.0,0.0,0.0,613.65769,926.34822,0.85,292.4,53.0,37.0,78.0,0.0,87.0,9.0,0.0,Discharging,53.61666666666667,0.15
2026-01-31 19:45:00,1225.61316,318,373.0,128.0,612.5445,909.78109,0.86614,0.0,0.0,0.0,609.8966,921.14633,0.84973,292.4,53.0,37.0,78.0,0.0,87.0,9.0,0.0,Discharging,53.61666666666667,0.15
2026-01-31 19:50:00,1231.90823,318.87559,373.0,128.0,613.63896,913.18799,0.86562,0.0,0.0,0.0,617.54324,930.86597,0.85236,292.4,53.0,37.0,78.0,0.0,87.0,9.0,0.0,Discharging,53.61666666666667,0.15
2026-01-31 19:55:00,1216.7124,319,373.0,128.0,603.299,902.08549,0.85877,0.0,0.0,0.0,609.39013,922.66397,0.85041,292.4,53.0,37.0,78.0,0.0,87.0,9.0,0.0,Discharging,53.61666666666667,0.15
2026-01-31 20:00:00,1212.04466,319,373.0,128.0,599.98017,899.51869,0.85697,0.0,0.0,0.0,612.86497,926.33518,0.85058,292.4,53.0,37.0,78.0,0.0,87.0,9.0,0.0,Discharging,53.61666666666667,0.15
2026-01-31 20:05:00,1218.13185,319,373.0,128.0,605.47787,903.81454,0.8641,0.0,0.0,0.0,615.38621,927.76044,0.85208,292.48615,53.0,37.0,78.0,0.0,87.0,9.0,0.0,Discharging,53.61666666666667,0.15
2026-01-31 20:10:00,1226.62787,319,373.0,128.0,616.64993,916.15056,0.86751,0.0,0.0,0.0,610.38152,922.99643,0.85103,292.46426,53.0,37.0,78.0,0.0,87.0,9.0,0.0,Discharging,53.61666666666667,0.15
2026-01-31 20:15:00,1242.83324,319,373.0,128.0,615.91482,915.54337,0.86666,0.0,0.0,0.0,623.72578,938.9436,0.85338,292.5,53.0,37.0,78.0,0.0,87.0,9.0,0.0,Discharging,53.61666666666667,0.15
2026-01-31 20:20:00,1242.02482,319,373.0,128.0,619.31017,920.98314,0.86581,0.0,0.0,0.0,624.02221,939.339,0.85208,292.5,53.0,37.0,78.0,0.0,87.0,9.0,0.0,Discharging,53.61666666666667,0.15
2026-01-31 20:25:00,1233.19657,319,373.0,128.0,618.12473,918.46437,0.86621,0.0,0.0,0.0,614.79819,929.16846,0.84897,292.5,53.0,37.0,78.0,0.0,87.0,9.0,0.0,Discharging,53.61666666666667,0.15
2026-01-31 20:30:00,1225.80686,319,373.0,128.0,613.26298,911.91785,0.86352,0.0,0.0,0.0,613.86042,926.536,0.85,292.5125,53.0,37.0,78.0,0.0,87.0,9.0,0.0,Discharging,53.61666666666667,0.15
2026-01-31 20:35:00,1232.41506,319,373.0,128.0,619.97068,920.75939,0.8675,0.0,0.0,0.0,612.97278,927.33167,0.84885,292.6,53.0,37.0,78.0,0.0,87.0,9.0,0.0,Discharging,53.61666666666667,0.15
2026-01-31 20:40:00,1244.08991,319,373.0,128.94944,621.51082,921.78773,0.86479,0.0,0.0,0.0,620.48233,936.02039,0.85222,292.58831,53.0,37.0,78.0,0.0,87.0,9.0,0.0,Discharging,53.61666666666667,0.15
2026-01-31 20:45:00,1186.09935,319,373.0,129.0,593.96838,883.25305,0.86255,0.0,0.0,0.0,592.75521,897.28096,0.84833,292.6,53.0,37.0,78.0,0.0,87.0,9.0,0.0,Discharging,53.61666666666667,0.15
2026-01-31 20:50:00,1245.15264,319,373.0,129.0,621.04621,920.18355,0.86592,0.0,0.0,0.0,622.01154,935.55459,0.85311,292.6,53.0,37.0,78.0,0.0,87.0,9.0,0.0,Discharging,53.61666666666667,0.15
2026-01-31 20:55:00,1249.0419,319,373.0,129.0,625.21747,929.32278,0.86591,0.0,0.0,0.0,624.48042,941.55127,0.85106,292.5634,53.0,37.0,78.0,0.0,87.0,9.0,0.0,Discharging,53.61666666666667,0.15
2026-01-31 21:00:00,1229.17097,319,373.0,129.0,614.15151,914.38972,0.8655,0.0,0.0,0.0,612.90474,925.4985,0.84999,292.51106,53.0,37.0,78.0,0.0,87.0,9.0,0.0,Discharging,53.61666666666667,0.15
2026-01-31 21:05:00,1219.09009,319,373.0,129.0,608.85973,906.88491,0.86295,0.0,0.0,0.0,612.02649,923.9802,0.85301,292.57228,53.0,37.0,78.0,0.0,87.0,9.0,0.0,Discharging,53.61666666666667,0.15
2026-01-31 21:10:00,1238.56469,319,373.0,129.0,618.78558,919.0172,0.86477,0.0,0.0,0.0,618.11612,931.32152,0.85219,292.5,53.0,37.0,78.0,0.0,87.0,9.0,0.0,Discharging,53.61666666666667,0.15
2026-01-31 21:15:00,1121.67678,319,373.0,129.0,559.7108,839.04558,0.85874,0.0,0.0,0.0,561.1915,855.44645,0.84361,292.5,53.0,37.0,78.0,0.0,87.0,9.0,0.0,Discharging,53.61666666666667,0.15
2026-01-31 21:20:00,1204.57242,319,373.0,129.0,600.01591,895.77864,0.86147,0.0,0.0,0.0,604.20446,913.47791,0.84854,292.5,53.0,37.0,78.0,0.0,87.0,9.0,0.0,Discharging,53.61666666666667,0.15
2026-01-31 21:25:00,1216.62227,319.31247,373.0,129.0,605.83097,903.61104,0.86277,0.0,0.0,0.0,608.55732,921.25755,0.84959,292.5,53.0,37.0,78.0,0.0,87.0,9.0,0.0,Discharging,53.61666666666667,0.15
2026-01-31 21:30:00,1218.10995,320,373.0,129.0,613.62032,910.79515,0.86699,0.0,0.0,0.0,604.78111,913.57581,0.85043,292.5,53.0,37.0,78.0,0.0,87.0,9.0,0.0,Discharging,53.61666666666667,0.15
2026-01-31 21:35:00,1220.88789,320,373.0,129.0,613.09028,912.65602,0.86348,0.0,0.0,0.0,607.69596,920.26737,0.8499,292.4,53.0,37.0,78.0,0.0,87.0,9.0,0.0,Discharging,53.61666666666667,0.15
2026-01-31 21:40:00,1215.81457,320,373.0,129.0,600.36609,899.08169,0.8584,0.0,0.0,0.0,615.53917,928.4276,0.85219,292.4,53.0,37.0,78.0,0.0,87.0,9.0,0.0,Discharging,53.61666666666667,0.15
2026-01-31 21:45:00,1216.22406,320,373.0,129.0,600.32059,897.73789,0.86014,0.0,0.0,0.0,615.0742,928.18013,0.85,292.4125,53.0,37.0,78.0,0.0,87.0,9.0,0.0,Discharging,53.61666666666667,0.15
2026-01-31 21:50:00,1220.80825,320,373.0,129.0,613.05975,912.23495,0.8658,0.0,0.0,0.0,608.20355,920.88661,0.84796,292.4,53.0,37.0,78.0,0.0,87.0,9.0,0.0,Discharging,53.61666666666667,0.15
2026-01-31 21:55:00,1100.38157,320,373.0,129.0,550.45238,823.33825,0.85706,0.0,0.0,0.0,552.61962,840.80892,0.84731,292.4,53.0,37.0,78.0,0.0,87.0,9.0,0.0,Discharging,53.61666666666667,0.15
2026-01-31 22:00:00,1089.41472,320,373.0,129.0,546.93629,817.99676,0.85828,0.0,0.0,0.0,541.86678,827.45094,0.83981,292.40608,53.0,37.0,78.0,0.0,87.0,9.0,0.0,Discharging,53.61666666666667,0.15
2026-01-31 22:05:00,1078.89158,320,373.0,129.0,539.46323,809.33323,0.85504,0.0,0.0,0.0,536.93013,821.58656,0.83751,292.5,53.0,37.0,78.0,0.0,87.0,9.0,0.0,Discharging,53.61666666666667,0.15
2026-01-31 22:10:00,1088.68491,320,373.0,129.0,543.08872,814.51624,0.85746,0.0,0.0,0.0,543.30116,829.84562,0.83771,292.41404,53.0,37.0,78.0,0.0,87.0,9.0,0.0,Discharging,53.61666666666667,0.15
2026-01-31 22:15:00,1087.71894,320,373.0,129.0,537.3466,807.49445,0.85648,0.0,0.0,0.0,549.5784,835.93672,0.84386,292.47374,53.0,37.0,78.0,0.0,87.0,9.0,0.0,Discharging,53.61666666666667,0.15
2026-01-31 22:20:00,1077.10347,320,373.0,129.63721,540.14294,810.96017,0.85788,0.0,0.0,0.0,536.99683,823.50769,0.84,292.5,53.0,37.0,78.0,0.0,87.0,9.0,0.0,Discharging,53.61666666666667,0.15
2026-01-31 22:25:00,1076.46939,320,373.0,130.0,538.48207,808.74036,0.85495,0.0,0.0,0.0,535.82668,820.6124,0.83878,292.5,53.0,37.0,78.0,0.0,87.0,9.0,0.0,Discharging,53.61666666666667,0.15
2026-01-31 22:30:00,1085.33794,320,373.0,130.0,543.50103,814.65981,0.85824,0.0,0.0,0.0,540.51402,825.98632,0.83982,292.5,53.0,37.0,78.0,0.0,87.0,9.0,0.0,Discharging,53.61666666666667,0.15
2026-01-31 22:35:00,1094.34217,320,373.0,130.0,548.70666,823.2922,0.85805,0.0,0.0,0.0,544.97472,831.04282,0.84334,292.5,53.0,37.0,78.0,0.0,87.0,9.0,0.0,Discharging,53.61666666666667,0.15
2026-01-31 22:40:00,1080.94958,320,373.0,130.0,543.6516,815.83001,0.85721,0.0,0.0,0.0,538.92233,823.3918,0.84173,292.5,53.0,37.0,78.0,0.0,87.0,9.0,0.0,Discharging,53.61666666666667,0.15
2026-01-31 22:45:00,1078.13262,320,373.0,130.0,542.09325,814.00168,0.85545,0.0,0.0,0.0,537.70549,823.77053,0.83979,292.5,53.0,37.0,78.0,0.0,87.0,9.0,0.0,Discharging,53.61666666666667,0.15
2026-01-31 22:50:00,1068.56576,320,373.0,130.0,536.2771,806.3682,0.85374,0.0,0.0,0.0,534.28865,819.31588,0.8355,292.5,53.0,37.0,78.0,0.0,87.0,9.0,0.0,Discharging,53.61666666666667,0.15
2026-01-31 22:55:00,1087.22865,320,373.0,130.0,546.4776,820.16466,0.85832,0.0,0.0,0.0,540.81964,828.81993,0.83982,292.5,53.0,37.0,78.0,0.0,87.0,9.0,0.0,Discharging,53.61666666666667,0.15
2026-01-31 23:00:00,1115.5473,320,373.0,130.0,559.74998,838.3431,0.85975,0.0,0.0,0.0,555.61107,847.06644,0.84469,292.5,53.0,37.0,78.0,0.0,87.0,9.0,0.0,Discharging,53.61666666666667,0.15
2026-01-31 23:05:00,1183.9231,320,373.0,130.0,589.73608,882.21549,0.86052,0.0,0.0,0.0,594.98764,900.02568,0.84833,292.5,53.0,37.0,78.0,0.0,87.0,9.0,0.0,Discharging,53.61666666666667,0.15
2026-01-31 23:10:00,1174.07446,320,373.0,130.0,589.20949,882.22792,0.85887,0.0,0.0,0.0,585.97294,891.0701,0.84572,292.5184,53.0,37.0,78.0,0.0,87.0,9.0,0.0,Discharging,53.61666666666667,0.15
2026-01-31 23:15:00,980.03848,321,373.0,130.0,490.33289,749.45137,0.8413,0.0,0.0,0.0,492.50816,766.78559,0.82693,292.6,53.0,37.0,78.0,0.0,87.0,9.0,0.0,Discharging,53.61666666666667,0.15
2026-01-31 23:20:00,1083.53565,321,373.0,130.0,542.31448,817.76529,0.85435,0.0,0.0,0.0,545.53553,834.60958,0.83958,292.6,53.0,37.0,78.0,0.0,87.0,9.0,0.0,Discharging,53.61666666666667,0.15
2026-01-31 23:25:00,1106.95116,321,373.0,130.0,557.78171,838.91996,0.85538,0.0,0.0,0.0,552.21824,848.0087,0.84092,292.6,53.0,37.0,78.0,0.0,87.0,9.0,0.0,Discharging,53.61666666666667,0.15
2026-01-31 23:30:00,1130.05634,321,373.0,130.0,564.6525,849.08563,0.85577,0.0,0.0,0.0,562.29394,861.00852,0.83964,292.6,53.0,37.0,78.0,0.0,87.0,9.0,0.0,Discharging,53.61666666666667,0.15
2026-01-31 23:35:00,1155.95054,321,373.0,130.0,578.02618,865.97525,0.85781,0.0,0.0,0.0,575.60746,878.16679,0.84119,292.6,53.0,37.0,78.0,0.0,87.0,9.0,0.0,Discharging,53.61666666666667,0.15
2026-01-31 23:40:00,1120.00362,321,373.0,130.0,564.72181,845.30303,0.85888,0.0,0.0,0.0,557.23373,851.30591,0.84107,292.6,53.0,37.0,78.0,0.0,87.0,9.0,0.0,Discharging,53.61666666666667,0.15
2026-01-31 23:45:00,1141.96035,321,373.0,130.0,566.9018,848.71653,0.85734,0.0,0.0,0.0,570.3662,866.83279,0.84525,292.58962,53.0,37.0,78.0,0.0,87.0,9.0,0.0,Discharging,53.61666666666667,0.15
2026-01-31 23:50:00,1130.49787,321,373.0,130.0,562.07651,843.40379,0.85833,0.0,0.0,0.0,566.58217,862.99697,0.84403,292.5,53.0,37.0,78.0,0.0,87.0,9.0,0.0,Discharging,53.61666666666667,0.15
2026-01-31 23:55:00,1078.3122,321,373.0,130.0,534.23324,807.13173,0.85494,0.0,0.0,0.0,540.90435,827.72146,0.84024,292.5,53.0,37.0,78.0,0.0,87.0,9.0,0.0,Discharging,53.61666666666667,0.15
2026-02-01 00:00:00,1154.59516,321,373.0,130.0,580.38597,867.77,0.86198,0.0,0.0,0.0,579.04558,880.13985,0.84575,292.5,53.0,37.0,78.0,0.0,87.0,9.0,0.0,Discharging,53.61666666666667,0.15
2026-02-01 00:05:00,1239.58506,321,373.0,130.0,617.55233,917.3978,0.86389,0.0,0.0,0.0,621.42887,934.90864,0.85495,292.5,53.0,37.0,78.0,0.0,87.0,9.0,0.0,Discharging,53.61666666666667,0.15
2026-02-01 00:10:00,1246.474,321,373.0,130.53259,618.56761,919.11768,0.86573,0.0,0.0,0.0,626.32974,941.52613,0.85251,292.54261,53.0,37.0,78.0,0.0,87.0,9.0,0.0,Discharging,53.61666666666667,0.15
2026-02-01 00:15:00,1180.23464,321,373.0,131.0,589.87741,879.8894,0.86192,0.0,0.0,0.0,589.30734,893.4168,0.84788,292.6,53.0,37.0,78.0,0.0,87.0,9.0,0.0,Discharging,53.61666666666667,0.15
2026-02-01 00:20:00,1170.26799,321,373.0,131.0,584.84845,872.18122,0.86217,0.0,0.0,0.0,586.41873,889.15745,0.84895,292.6,53.0,37.0,78.0,0.0,87.0,9.0,0.0,Discharging,53.61666666666667,0.15
2026-02-01 00:25:00,1133.43973,321,373.0,131.0,567.73307,847.12997,0.86412,0.0,0.0,0.0,563.44648,857.13615,0.84677,292.6,53.0,37.0,78.0,0.0,87.0,9.0,0.0,Discharging,53.61666666666667,0.15
2026-02-01 00:30:00,1101.70016,321,373.0,131.0,552.39428,824.71624,0.86001,0.0,0.0,0.0,551.29284,838.71605,0.84377,292.6,53.0,37.0,78.0,0.0,87.0,9.0,0.0,Discharging,53.61666666666667,0.15
2026-02-01 00:35:00,1075.7459,321,373.0,131.0,543.00618,815.45708,0.85412,0.0,0.0,0.0,533.43219,821.42985,0.83784,292.6,53.0,37.0,78.0,0.0,87.0,9.0,0.0,Discharging,53.61666666666667,0.15
2026-02-01 00:40:00,1081.71879,321,373.0,131.0,542.51419,814.69991,0.85638,0.0,0.0,0.0,541.86593,829.28147,0.84227,292.6,53.0,37.0,78.0,0.0,87.0,9.0,0.0,Discharging,53.61666666666667,0.15
2026-02-01 00:45:00,1094.57809,321,373.0,131.0,550.3456,824.22654,0.85992,0.0,0.0,0.0,542.79205,831.58976,0.83722,292.6,53.0,37.0,78.0,0.0,87.0,9.0,0.0,Discharging,53.61666666666667,0.15
2026-02-01 00:50:00,1095.33818,321,373.0,131.0,553.33019,828.3138,0.86105,0.0,0.0,0.0,542.24623,830.93059,0.83823,292.6,53.0,37.0,78.0,0.0,87.0,9.0,0.0,Discharging,53.61666666666667,0.15
2026-02-01 00:55:00,1107.35425,321,373.0,131.0,547.10318,821.09413,0.85681,0.0,0.0,0.0,557.26008,845.21228,0.84543,292.56749,53.0,37.0,78.0,0.0,87.0,9.0,0.0,Discharging,53.61666666666667,0.15
2026-02-01 01:00:00,1092.25514,321.9354,373.0,131.0,541.92087,815.0283,0.8556,0.0,0.0,0.0,550.76212,838.31013,0.84513,292.5,53.0,37.0,78.0,0.0,87.0,9.0,0.0,Discharging,53.61666666666667,0.15
2026-02-01 01:05:00,1084.71236,322,373.0,131.0,546.07991,820.4261,0.8556,0.0,0.0,0.0,538.6011,825.50326,0.83968,292.5,53.0,37.0,78.0,0.0,87.0,9.0,0.0,Discharging,53.61666666666667,0.15
2026-02-01 01:10:00,1081.89397,322,373.0,131.0,542.8071,816.12017,0.85788,0.0,0.0,0.0,539.77055,825.95437,0.84021,292.5,53.0,37.0,78.0,0.0,87.0,9.0,0.0,Discharging,53.61666666666667,0.15
2026-02-01 01:15:00,1093.91364,322,373.0,131.0,542.87538,816.78933,0.85502,0.0,0.0,0.0,549.26712,836.6038,0.84508,292.5,53.0,37.0,78.0,0.0,87.0,9.0,0.0,Discharging,53.61666666666667,0.15
2026-02-01 01:20:00,1101.47351,322,373.0,131.0,556.02819,830.58989,0.85892,0.0,0.0,0.0,547.92814,834.04313,0.84388,292.43766,53.0,37.0,78.0,0.0,87.0,9.0,0.0,Discharging,53.61666666666667,0.15
2026-02-01 01:25:00,1085.90953,322,373.0,131.0,539.72871,813.90218,0.85236,0.0,0.0,0.0,547.0644,833.95861,0.84328,292.4,53.0,37.0,78.0,0.0,87.0,9.0,0.0,Discharging,53.61666666666667,0.15
2026-02-01 01:30:00,1081.97898,322,373.0,131.0,536.34835,810.70904,0.85114,0.0,0.0,0.0,543.92971,830.99111,0.83765,292.4,53.0,37.0,78.0,0.0,87.0,9.0,0.0,Discharging,53.61666666666667,0.15
2026-02-01 01:35:00,1092.78097,322,373.0,131.0,539.95534,812.17115,0.85464,0.0,0.0,0.0,550.5799,837.23244,0.84489,292.4,53.0,37.0,78.0,0.0,87.0,9.0,0.0,Discharging,53.61666666666667,0.15
2026-02-01 01:40:00,1095.3298,322,373.0,131.0,547.30096,821.35703,0.85862,0.0,0.0,0.0,548.09368,835.37508,0.84397,292.4,53.0,37.0,78.0,0.0,87.0,9.0,0.0,Discharging,53.61666666666667,0.15
2026-02-01 01:45:00,1102.54535,322,373.0,131.0,555.73897,831.4572,0.85926,0.0,0.0,0.0,543.09043,830.68358,0.84032,292.4,53.0,37.0,78.0,0.0,87.0,9.0,0.0,Discharging,53.61666666666667,0.15
2026-02-01 01:50:00,1093.50512,322,373.0,131.0,545.64393,818.68635,0.85788,0.0,0.0,0.0,546.60169,833.57366,0.84299,292.4,53.0,37.0,78.0,0.0,87.0,9.0,0.0,Discharging,53.61666666666667,0.15
2026-02-01 01:55:00,1073.99631,322,373.0,131.3432,536.7249,808.74742,0.85259,0.0,0.0,0.0,536.95943,823.70383,0.83869,292.41259,53.0,37.0,78.0,0.0,87.0,9.0,0.0,Discharging,53.61666666666667,0.15
2026-02-01 02:00:00,1096.41443,322,373.0,132.0,544.34529,820.76555,0.85363,0.0,0.0,0.0,550.28313,840.35623,0.84148,292.4,53.0,37.0,78.0,0.0,87.0,9.0,0.0,Discharging,53.61666666666667,0.15
2026-02-01 02:05:00,1135.34085,322,373.0,132.0,566.91586,851.62213,0.85761,0.0,0.0,0.0,572.47297,870.26947,0.84568,292.4,53.0,37.0,78.0,0.0,87.0,9.0,0.0,Discharging,53.61666666666667,0.15
2026-02-01 02:10:00,1214.03998,322,373.0,132.0,609.76569,909.8331,0.86214,0.0,0.0,0.0,604.65729,917.12304,0.84893,292.4,53.0,37.0,78.0,0.0,87.0,9.0,0.0,Discharging,53.61666666666667,0.15
2026-02-01 02:15:00,1217.71491,322,373.0,132.0,603.58354,903.01569,0.85939,0.0,0.0,0.0,614.96643,928.49655,0.84973,292.4,53.0,37.0,78.0,0.0,87.0,9.0,0.0,Discharging,53.61666666666667,0.15
2026-02-01 02:20:00,1226.26443,322,373.0,132.0,615.53627,916.95683,0.8631,0.0,0.0,0.0,609.3364,923.09266,0.84919,292.4,53.0,37.0,78.0,0.0,87.0,9.0,0.0,Discharging,53.61666666666667,0.15
2026-02-01 02:25:00,1218.91555,322,373.0,132.0,613.31631,913.88369,0.86403,0.0,0.0,0.0,607.91547,921.67941,0.84799,292.4,53.0,37.0,78.0,0.0,87.0,9.0,0.0,Discharging,53.61666666666667,0.15
2026-02-01 02:30:00,1226.78869,322,373.0,132.0,609.78257,909.67979,0.86,0.0,0.0,0.0,616.77838,931.33114,0.84933,292.4,53.0,37.0,78.0,0.0,87.0,9.0,0.0,Discharging,53.61666666666667,0.15
2026-02-01 02:35:00,1225.94144,322,373.0,132.0,608.60989,908.48823,0.86047,0.0,0.0,0.0,619.93587,934.64156,0.85,292.4,53.0,37.0,78.0,0.0,87.0,9.0,0.0,Discharging,53.61666666666667,0.15
2026-02-01 02:40:00,1225.49567,322,373.0,132.0,614.3373,916.39815,0.86098,0.0,0.0,0.0,613.33077,929.35762,0.84796,292.43688,53.0,37.0,78.0,0.0,87.0,9.0,0.0,Discharging,53.61666666666667,0.15
2026-02-01 02:45:00,1223.15304,322.49945,373.0,132.0,609.98663,911.88461,0.86,0.0,0.0,0.0,613.71256,928.90986,0.84703,292.41681,53.0,37.0,78.0,0.0,87.0,9.0,0.0,Discharging,53.61666666666667,0.15
2026-02-01 02:50:00,1223.86611,323,373.0,132.0,611.58646,912.78284,0.86207,0.0,0.0,0.0,607.92298,922.05666,0.84994,292.44262,53.0,37.0,78.0,0.0,87.0,9.0,0.0,Discharging,53.61666666666667,0.15
2026-02-01 02:55:00,1238.09725,323,373.0,132.0,617.53679,918.93709,0.86344,0.0,0.0,0.0,620.79377,934.64099,0.85357,292.23374,53.0,37.0,78.0,0.0,87.0,9.0,0.0,Discharging,53.61666666666667,0.15
2026-02-01 03:00:00,1234.48078,323,373.0,132.0,612.7229,915.63811,0.86102,0.0,0.0,0.0,620.68625,934.88975,0.85601,292.17555,53.0,37.0,78.0,0.0,87.0,9.0,0.0,Discharging,53.61666666666667,0.15
2026-02-01 03:05:00,1219.21306,323,373.0,132.0,603.67575,904.08159,0.85897,0.0,0.0,0.0,613.75712,926.47976,0.85008,292.1,53.0,37.0,78.0,0.0,87.0,9.0,0.0,Discharging,53.61666666666667,0.15
2026-02-01 03:10:00,1223.48861,323,373.0,132.0,611.70116,914.08208,0.85999,0.0,0.0,0.0,609.41489,923.5503,0.849,292.03415,53.0,37.0,78.0,0.0,87.0,9.0,0.0,Discharging,53.61666666666667,0.15
2026-02-01 03:15:00,1220.79583,323,373.0,132.0,611.67668,912.92847,0.86292,0.0,0.0,0.0,611.4865,923.481,0.85,292.0,53.0,37.0,78.0,0.0,87.0,9.0,0.0,Discharging,53.61666666666667,0.15
2026-02-01 03:20:00,1237.07002,323,373.0,132.0,617.86338,919.68575,0.86341,0.0,0.0,0.0,616.6515,929.70874,0.85097,291.94596,53.0,37.0,78.0,0.0,87.0,9.0,0.0,Discharging,53.61666666666667,0.15
2026-02-01 03:25:00,1225.76817,323,373.0,132.0,614.16512,917.39133,0.86362,0.0,0.0,0.0,612.62601,927.38434,0.85,291.9,53.0,37.0,78.0,0.0,87.0,9.0,0.0,Discharging,53.61666666666667,0.15
2026-02-01 03:30:00,1231.58075,323,373.0,132.0,617.06489,920.57964,0.86204,0.0,0.0,0.0,611.19608,925.23258,0.84906,291.9,53.0,37.0,78.0,0.0,87.0,9.0,0.0,Discharging,53.61666666666667,0.15
2026-02-01 03:35:00,1221.78601,323,373.0,132.65722,611.06829,911.34562,0.862,0.0,0.0,0.0,611.56113,924.58621,0.84896,291.99124,53.0,37.0,78.0,0.0,87.0,9.0,0.0,Discharging,53.61666666666667,0.15
2026-02-01 03:40:00,1130.39763,323,373.0,133.0,565.9062,848.87307,0.85646,0.0,0.0,0.0,564.82572,860.85979,0.84413,292.02105,53.0,37.0,78.0,0.0,87.0,9.0,0.0,Discharging,53.61666666666667,0.15
2026-02-01 03:45:00,1222.33492,323,373.0,133.0,613.62614,913.84616,0.86617,0.0,0.0,0.0,607.10041,919.81109,0.84786,292.1,53.0,37.0,78.0,0.0,87.0,9.0,0.0,Discharging,53.61666666666667,0.15
2026-02-01 03:50:00,1216.52528,323,373.0,133.0,608.43454,909.09669,0.86,0.0,0.0,0.0,607.99753,921.51696,0.84751,292.18754,53.0,37.0,78.0,0.0,87.0,9.0,0.0,Discharging,53.61666666666667,0.15
2026-02-01 03:55:00,1218.93647,323,373.0,133.0,606.35955,906.17357,0.86141,0.0,0.0,0.0,613.53483,926.16346,0.85133,292.36907,53.0,37.0,78.0,0.0,87.0,9.0,0.0,Discharging,53.61666666666667,0.15
2026-02-01 04:00:00,1210.87296,323,373.0,133.0,608.28965,904.67745,0.86493,0.0,0.0,0.0,597.57112,904.79923,0.8497,292.42426,53.0,37.0,78.0,0.0,87.0,9.0,0.0,Discharging,53.61666666666667,0.15
2026-02-01 04:05:00,1166.45409,323,373.0,133.0,585.27544,871.73097,0.86175,0.0,0.0,0.0,580.32312,878.51224,0.84775,292.5,53.0,37.0,78.0,0.0,87.0,9.0,0.0,Discharging,53.61666666666667,0.15
2026-02-01 04:10:00,1127.30184,323,373.0,133.0,557.86337,841.21518,0.85235,0.0,0.0,0.0,565.10539,861.89096,0.84118,292.5,53.0,37.0,78.0,0.0,87.0,9.0,0.0,Discharging,53.61666666666667,0.15
2026-02-01 04:15:00,1206.65926,323,373.0,133.0,603.88288,903.38271,0.85984,0.0,0.0,0.0,600.41156,912.34628,0.84698,292.5,53.0,37.0,78.0,0.0,87.0,9.0,0.0,Discharging,53.61666666666667,0.15
2026-02-01 04:20:00,1142.62134,323,373.0,133.0,570.56356,857.94214,0.85648,0.0,0.0,0.0,575.19701,874.76033,0.8453,292.5,53.0,37.0,78.0,0.0,87.0,9.0,0.0,Discharging,53.61666666666667,0.15
2026-02-01 04:25:00,1158.65242,323.60306,373.0,133.0,578.12736,867.03961,0.85693,0.0,0.0,0.0,581.01193,882.2115,0.84558,292.52874,53.0,37.0,78.0,0.0,87.0,9.0,0.0,Discharging,53.61666666666667,0.15
2026-02-01 04:30:00,1134.66972,324,373.0,133.0,565.30601,852.28542,0.85527,0.0,0.0,0.0,571.53699,870.39249,0.84586,292.57572,53.0,37.0,78.0,0.0,87.0,9.0,0.0,Discharging,53.61666666666667,0.15
2026-02-01 04:35:00,1138.94682,324,373.0,133.0,566.91998,851.38989,0.85803,0.0,0.0,0.0,566.90072,862.79107,0.84485,292.6,53.0,37.0,78.0,0.0,87.0,9.0,0.0,Discharging,53.61666666666667,0.15
2026-02-01 04:40:00,1077.13065,324,373.0,133.0,534.63165,806.54095,0.85246,0.0,0.0,0.0,540.42416,825.98849,0.84212,292.56328,53.0,37.0,78.0,0.0,87.0,9.0,0.0,Discharging,53.61666666666667,0.15
2026-02-01 04:45:00,1087.72164,324,373.0,133.0,542.39254,817.19689,0.85548,0.0,0.0,0.0,545.85169,833.35132,0.84068,292.55172,53.0,37.0,78.0,0.0,87.0,9.0,0.0,Discharging,53.61666666666667,0.15
2026-02-01 04:50:00,1083.57535,324,373.0,133.0,540.01672,812.71975,0.85612,0.0,0.0,0.0,544.14191,830.3827,0.83941,292.57576,53.0,37.0,78.0,0.0,87.0,9.0,0.0,Discharging,53.61666666666667,0.15
2026-02-01 04:55:00,1104.50674,324,373.0,133.0,551.02433,828.14096,0.85593,0.0,0.0,0.0,554.59991,846.37479,0.84366,292.52176,53.0,37.0,78.0,0.0,87.0,9.0,0.0,Discharging,53.61666666666667,0.15
2026-02-01 05:00:00,1169.26334,324,373.0,133.0,581.4339,868.72803,0.85995,0.0,0.0,0.0,587.37322,889.25609,0.84913,292.5,53.0,37.0,78.0,0.0,87.0,9.0,0.0,Discharging,53.61666666666667,0.15
2026-02-01 05:05:00,1158.38964,324,373.0,133.0,575.77634,860.96779,0.86044,0.0,0.0,0.0,581.00629,880.51622,0.8468,292.42689,53.0,37.0,78.0,0.0,87.0,9.0,0.0,Discharging,53.61666666666667,0.15
2026-02-01 05:10:00,1149.04436,324,373.0,133.0,572.25035,857.41789,0.86017,0.0,0.0,0.0,574.21053,872.30084,0.84799,292.4,53.0,37.0,78.0,0.0,87.0,9.0,0.0,Discharging,53.61666666666667,0.15
2026-02-01 05:15:00,1158.79998,324,373.0,133.0,579.15818,864.7136,0.85996,0.0,0.0,0.0,577.07372,875.19909,0.84609,292.33042,53.0,37.0,78.0,0.0,87.0,9.0,0.0,Discharging,53.61666666666667,0.15
2026-02-01 05:20:00,1160.01769,324,373.0,133.63485,586.46542,873.16237,0.86808,0.0,0.0,0.0,575.07015,875.06629,0.84593,292.3,53.0,37.0,78.0,0.0,87.0,9.0,0.0,Discharging,53.61666666666667,0.15
2026-02-01 05:25:00,1145.31501,324,373.0,134.0,573.13812,858.82588,0.86149,0.0,0.0,0.0,568.48691,867.01083,0.8426,292.3,53.0,37.0,78.0,0.0,87.0,9.0,0.0,Discharging,53.61666666666667,0.15
2026-02-01 05:30:00,1130.68037,324,373.0,134.0,561.39897,843.69516,0.85566,0.0,0.0,0.0,565.54312,861.3635,0.84515,292.3,53.0,37.0,78.0,0.0,87.0,9.0,0.0,Discharging,53.61666666666667,0.15
2026-02-01 05:35:00,1214.43984,324,373.0,134.0,607.08162,907.49324,0.85893,0.0,0.0,0.0,607.2964,921.41985,0.84626,292.3,53.0,37.0,78.0,0.0,87.0,9.0,0.0,Discharging,53.61666666666667,0.15
2026-02-01 05:40:00,1242.32591,324,373.0,134.0,620.26786,924.41823,0.86423,0.0,0.0,0.0,620.80293,938.60286,0.85138,292.3,53.0,37.0,78.0,0.0,87.0,9.0,0.0,Discharging,53.61666666666667,0.15
2026-02-01 05:45:00,1197.92599,324,373.0,134.0,596.57404,889.83102,0.86205,0.0,0.0,0.0,599.94182,908.88524,0.8459,292.3,53.0,37.0,78.0,0.0,87.0,9.0,0.0,Discharging,53.61666666666667,0.15
2026-02-01 05:50:00,1163.16337,324,373.0,134.0,584.02216,872.26538,0.85992,0.0,0.0,0.0,582.40051,885.51195,0.84539,292.3,53.0,37.0,78.0,0.0,87.0,9.0,0.0,Discharging,53.61666666666667,0.15
2026-02-01 05:55:00,1219.18084,324,373.0,134.0,611.71518,912.61897,0.86104,0.0,0.0,0.0,608.91762,924.48842,0.84771,292.3,53.0,37.0,78.0,0.0,87.0,9.0,0.0,Discharging,53.61666666666667,0.15
2026-02-01 06:00:00,1226.49912,324,373.0,134.0,614.20147,916.47679,0.86106,0.0,0.0,0.0,613.04816,928.84971,0.84924,292.3,53.0,37.0,78.0,0.0,87.0,9.0,0.0,Discharging,53.61666666666667,0.15
2026-02-01 06:05:00,1221.86075,324,373.0,134.0,611.70325,910.49707,0.86127,0.0,0.0,0.0,609.56985,923.60379,0.84669,292.3,53.0,37.0,78.0,0.0,87.0,9.0,0.0,Discharging,53.61666666666667,0.15
2026-02-01 06:10:00,1225.57976,324.70702,373.0,134.0,615.4542,914.84,0.86899,0.0,0.0,0.0,612.34868,926.88666,0.84893,292.3,53.0,37.0,78.0,0.0,87.0,9.0,0.0,Discharging,53.61666666666667,0.15
2026-02-01 06:15:00,1208.25365,325,373.0,134.0,604.86347,903.58948,0.86181,0.0,0.0,0.0,604.62086,916.74525,0.84772,292.4,53.0,37.0,78.0,0.0,87.0,9.0,0.0,Discharging,53.61666666666667,0.15
2026-02-01 06:20:00,1165.58414,325,373.0,134.0,581.2567,869.2149,0.85787,0.0,0.0,0.0,583.48162,885.71141,0.84484,292.4,53.0,37.0,78.0,0.0,87.0,9.0,0.0,Discharging,53.61666666666667,0.15
2026-02-01 06:25:00,1122.00675,325,373.0,134.0,557.55062,835.99093,0.85871,0.0,0.0,0.0,559.55517,852.68216,0.84,292.46018,53.0,37.0,78.0,0.0,87.0,9.0,0.0,Discharging,53.61666666666667,0.15
2026-02-01 06:30:00,1071.06367,325,373.0,134.0,533.57941,803.36766,0.85329,0.0,0.0,0.0,537.55428,823.0296,0.83784,292.5,53.0,37.0,78.0,0.0,87.0,9.0,0.0,Discharging,53.61666666666667,0.15
2026-02-01 06:35:00,1152.7252,325,373.0,134.0,575.69359,859.99988,0.85958,0.0,0.0,0.0,579.53473,879.64862,0.84642,292.5,53.0,37.0,78.0,0.0,87.0,9.0,0.0,Discharging,53.61666666666667,0.15
2026-02-01 06:40:00,1168.96339,325,373.0,134.0,584.55408,870.5581,0.86423,0.0,0.0,0.0,587.01943,889.22223,0.84648,292.46329,53.0,37.0,78.0,0.0,87.0,9.0,0.0,Discharging,53.61666666666667,0.15
2026-02-01 06:45:00,1169.95086,325,373.0,134.0,584.70364,869.34029,0.86,0.0,0.0,0.0,586.11304,886.89117,0.84926,292.5,53.0,37.0,78.0,0.0,87.0,9.0,0.0,Discharging,53.61666666666667,0.15
2026-02-01 06:50:00,1158.97447,325,373.0,134.0,575.77751,858.62215,0.86282,0.0,0.0,0.0,582.56876,882.55643,0.84777,292.5,53.0,37.0,78.0,0.0,87.0,9.0,0.0,Discharging,53.61666666666667,0.15
2026-02-01 06:55:00,1144.00076,325,373.0,134.0,570.19141,853.62836,0.85668,0.0,0.0,0.0,573.78876,871.96992,0.84382,292.52425,53.0,37.0,78.0,0.0,87.0,9.0,0.0,Discharging,53.61666666666667,0.15
2026-02-01 07:00:00,1137.73514,325,373.0,134.07082,566.09612,849.56299,0.85727,0.0,0.0,0.0,570.05799,867.8807,0.84429,292.51693,53.0,37.0,78.0,0.0,87.0,9.0,0.0,Discharging,53.61666666666667,0.15
2026-02-01 07:05:00,1158.77655,325,373.0,135.0,577.96604,865.01711,0.85999,0.0,0.0,0.0,580.72067,882.00836,0.84469,292.6,53.0,37.0,78.0,0.0,87.0,9.0,0.0,Discharging,53.61666666666667,0.15
2026-02-01 07:10:00,1172.37827,325,373.0,135.0,590.49369,877.00022,0.86516,0.0,0.0,0.0,584.76859,885.54317,0.84488,292.6,53.0,37.0,78.0,0.0,87.0,9.0,0.0,Discharging,53.61666666666667,0.15
2026-02-01 07:15:00,1215.90597,325,373.0,135.0,609.99173,905.13597,0.86468,0.0,0.0,0.0,607.15231,917.20433,0.8497,292.6,53.0,37.0,78.0,0.0,87.0,9.0,0.0,Discharging,53.61666666666667,0.15
2026-02-01 07:20:00,1206.6583,325,373.0,135.0,603.81202,899.20161,0.8654,0.0,0.0,0.0,604.72301,915.08327,0.84995,292.66909,53.0,37.0,78.0,0.0,87.0,9.0,0.0,Discharging,53.61666666666667,0.15
2026-02-01 07:25:00,1208.46728,325,373.0,135.0,605.27134,901.41621,0.8663,0.0,0.0,0.0,602.39387,914.30517,0.84797,292.74456,53.0,37.0,78.0,0.0,87.0,9.0,0.0,Discharging,53.61666666666667,0.15
2026-02-01 07:30:00,1203.40908,325,373.0,135.0,602.21047,895.74209,0.86257,0.0,0.0,0.0,600.65557,909.77356,0.84733,292.8,53.0,37.0,78.0,0.0,87.0,9.0,0.0,Discharging,53.61666666666667,0.15
2026-02-01 07:35:00,1213.09877,325,373.0,135.0,608.87646,905.29239,0.86511,0.0,0.0,0.0,605.53048,917.57162,0.84706,292.8,53.0,37.0,78.0,0.0,87.0,9.0,0.0,Discharging,53.61666666666667,0.15
2026-02-01 07:40:00,1199.62256,325,373.0,135.0,602.66032,899.27154,0.86107,0.0,0.0,0.0,599.23035,909.95694,0.84646,292.78006,53.0,37.0,78.0,0.0,87.0,9.0,0.0,Discharging,53.61666666666667,0.15
2026-02-01 07:45:00,1201.87148,325,373.0,135.0,605.64121,902.03239,0.86185,0.0,0.0,0.0,601.84175,912.47511,0.84892,292.7,53.0,37.0,78.0,0.0,87.0,9.0,0.0,Discharging,53.61666666666667,0.15
2026-02-01 07:50:00,1216.59356,325.14468,373.0,135.0,609.98724,906.44929,0.86871,0.0,0.0,0.0,606.71764,917.37388,0.85059,292.61355,53.0,37.0,78.0,0.0,87.0,9.0,0.0,Discharging,53.61666666666667,0.15
2026-02-01 07:55:00,1206.97814,326,373.0,135.0,604.38763,902.7555,0.86027,0.0,0.0,0.0,601.6301,913.08515,0.84559,292.5,53.0,37.0,78.0,0.0,87.0,9.0,0.0,Discharging,53.61666666666667,0.15
2026-02-01 08:00:00,1188.83731,326,373.0,135.0,594.49558,889.27631,0.85783,0.0,0.0,0.0,594.17608,903.88141,0.8429,292.45205,53.0,37.0,78.0,0.0,87.0,9.0,0.0,Discharging,53.61666666666667,0.15
2026-02-01 08:05:00,1202.21858,326,373.0,135.0,604.45889,901.44365,0.85911,0.0,0.0,0.0,599.65838,910.31649,0.8443,292.4,53.0,37.0,78.0,0.0,87.0,9.0,0.0,Discharging,53.61666666666667,0.15
2026-02-01 08:10:00,1198.92851,326,373.0,135.0,601.48714,896.43275,0.86687,0.0,0.0,0.0,598.50215,907.20112,0.84725,292.4,53.0,37.0,78.0,0.0,87.0,9.0,0.0,Discharging,53.61666666666667,0.15
2026-02-01 08:15:00,1238.72147,326,373.0,135.0,619.93286,925.68103,0.85924,0.0,0.0,0.0,616.89449,935.91553,0.84488,292.3,53.0,37.0,78.0,0.0,87.0,9.0,0.0,Discharging,53.61666666666667,0.15
2026-02-01 08:20:00,1234.76299,326,373.0,135.0,618.18184,922.5657,0.85945,0.0,0.0,0.0,615.12158,934.4645,0.84577,292.3,53.0,37.0,78.0,0.0,87.0,9.0,0.0,Discharging,53.61666666666667,0.15
2026-02-01 08:25:00,1231.0946,326,373.0,135.0,616.75159,918.1822,0.86354,0.0,0.0,0.0,613.01146,927.95412,0.8489,292.3,53.0,37.0,78.0,0.0,87.0,9.0,0.0,Discharging,53.61666666666667,0.15
2026-02-01 08:30:00,1215.2756,326,373.0,135.0,610.74189,908.34408,0.86497,0.0,0.0,0.0,606.51663,917.85768,0.84944,292.3,53.0,37.0,78.0,0.0,87.0,9.0,0.0,Discharging,53.61666666666667,0.15
2026-02-01 08:35:00,1131.14861,326,373.0,135.0,561.40524,844.80715,0.8554,0.0,0.0,0.0,567.82811,865.42494,0.84029,292.37401,53.0,37.0,78.0,0.0,87.0,9.0,0.0,Discharging,53.61666666666667,0.15
2026-02-01 08:40:00,1166.79354,326,373.0,135.09086,580.93759,871.50096,0.85454,0.0,0.0,0.0,587.16891,891.26831,0.84397,292.4,53.0,37.0,78.0,0.0,87.0,9.0,0.0,Discharging,53.61666666666667,0.15
2026-02-01 08:45:00,1159.50646,326,373.0,136.0,582.86037,874.79388,0.85844,0.0,0.0,0.0,579.59854,883.43104,0.84421,292.40108,53.0,37.0,78.0,0.0,87.0,9.0,0.0,Discharging,53.61666666666667,0.15
2026-02-01 08:50:00,1158.13755,326,373.0,136.0,573.85298,863.95491,0.85588,0.0,0.0,0.0,578.45641,880.6494,0.84418,292.46408,53.0,37.0,78.0,0.0,87.0,9.0,0.0,Discharging,53.61666666666667,0.15
2026-02-01 08:55:00,600.34213,326,373.0,136.0,301.08765,522.10558,0.74364,0.0,0.0,0.0,297.76578,539.89403,0.71278,292.5,53.0,37.0,78.0,0.0,87.0,9.0,0.0,Discharging,53.61666666666667,0.15
2026-02-01 09:00:00,583.37369,326,373.0,136.0,294.0712,517.06777,0.73287,0.0,0.0,0.0,290.55214,533.05406,0.69916,292.5,53.0,37.0,78.0,0.0,87.0,9.0,0.0,Discharging,53.61666666666667,0.15
2026-02-01 09:05:00,576.76178,326,373.0,136.0,291.78859,515.12456,0.72871,0.0,0.0,0.0,284.82953,528.14273,0.69606,292.5,53.0,37.0,78.0,0.0,87.0,9.0,0.0,Discharging,53.61666666666667,0.15
2026-02-01 09:10:00,579.0439,326,373.0,136.0,294.23978,514.10054,0.73452,0.0,0.0,0.0,285.81622,527.87953,0.69569,292.5,53.0,37.0,78.0,0.0,87.0,9.0,0.0,Discharging,53.61666666666667,0.15
2026-02-01 09:15:00,643.9107,326,373.0,136.0,328.10527,550.96534,0.7627,0.0,0.0,0.0,321.69963,565.66646,0.72711,292.41246,53.0,37.0,78.0,0.0,87.0,9.0,0.0,Discharging,53.61666666666667,0.15
2026-02-01 09:20:00,809.68038,326,373.0,136.0,412.15802,647.58326,0.81466,0.0,0.0,0.0,400.34938,652.78782,0.7867,292.4,53.0,37.0,78.0,0.0,87.0,9.0,0.0,Discharging,53.61666666666667,0.15
2026-02-01 09:25:00,830.85907,326,373.0,136.0,421.63382,661.49138,0.81927,0.0,0.0,0.0,410.58761,666.51165,0.79008,292.43198,53.0,37.0,78.0,0.0,87.0,9.0,0.0,Discharging,53.61666666666667,0.15
2026-02-01 09:30:00,815.72486,326,373.0,136.0,412.03872,649.67119,0.81493,0.0,0.0,0.0,405.03652,660.80329,0.78868,292.45969,53.0,37.0,78.0,0.0,87.0,9.0,0.0,Discharging,53.61666666666667,0.15
2026-02-01 09:35:00,808.5723,326,373.0,136.0,406.55162,643.62309,0.80969,0.0,0.0,0.0,401.89002,657.27078,0.78369,292.5,53.0,37.0,78.0,0.0,87.0,9.0,0.0,Discharging,53.61666666666667,0.15
2026-02-01 09:40:00,880.75978,326,373.0,136.0,447.52137,693.45255,0.82839,0.0,0.0,0.0,438.08827,700.59789,0.80312,292.5,53.0,37.0,78.0,0.0,87.0,9.0,0.0,Discharging,53.61666666666667,0.15
2026-02-01 09:45:00,1032.42724,326,373.0,136.0,514.80104,782.56238,0.84706,0.0,0.0,0.0,516.83163,800.0578,0.82979,292.5,53.0,37.0,78.0,0.0,87.0,9.0,0.0,Discharging,53.61666666666667,0.15
2026-02-01 09:50:00,1023.01515,326,373.0,136.0,505.02973,772.15688,0.83915,0.0,0.0,0.0,514.64207,797.16726,0.83023,292.5,53.0,37.0,78.0,0.0,87.0,9.0,0.0,Discharging,53.61666666666667,0.15
2026-02-01 09:55:00,1020.93896,327,373.0,136.0,505.44793,772.08426,0.84243,0.0,0.0,0.0,514.28595,796.06361,0.82896,292.5,53.0,37.0,78.0,0.0,87.0,9.0,0.0,Discharging,53.61666666666667,0.15
2026-02-01 10:00:00,1040.36107,327,373.0,136.0,516.90454,782.72062,0.84764,0.0,0.0,0.0,524.47691,806.7588,0.83387,292.5,53.0,37.0,78.0,0.0,87.0,9.0,0.0,Discharging,53.61666666666667,0.15
2026-02-01 10:05:00,1046.38506,327,373.0,136.0,519.70537,788.60433,0.8471,0.0,0.0,0.0,527.70079,810.55986,0.83583,292.5,53.0,37.0,78.0,0.0,87.0,9.0,0.0,Discharging,53.61666666666667,0.15
2026-02-01 10:10:00,1042.50138,327,373.0,136.0,523.06869,790.0211,0.85287,0.0,0.0,0.0,518.85743,800.3231,0.83195,292.5,53.0,37.0,78.0,0.0,87.0,9.0,0.0,Discharging,53.61666666666667,0.15
2026-02-01 10:15:00,1041.20457,327,373.0,136.0,524.88536,790.23584,0.85331,0.0,0.0,0.0,516.08221,796.17113,0.82898,292.5,53.0,37.0,78.0,0.0,87.0,9.0,0.0,Discharging,53.61666666666667,0.15
2026-02-01 10:20:00,1038.87716,327,373.0,136.0,519.7887,786.46607,0.84943,0.0,0.0,0.0,521.70574,804.08266,0.83317,292.5,53.0,37.0,78.0,0.0,87.0,9.0,0.0,Discharging,53.61666666666667,0.15
2026-02-01 10:25:00,1038.31257,327,373.0,136.0,512.64294,778.35192,0.84809,0.0,0.0,0.0,525.17132,806.99413,0.83751,292.5,53.0,37.0,78.0,0.0,87.0,9.0,0.0,Discharging,53.61666666666667,0.15
2026-02-01 10:30:00,1025.63379,327,373.0,136.0,512.23039,778.44014,0.84714,0.0,0.0,0.0,513.12347,794.10049,0.82912,292.5,53.0,37.0,78.0,0.0,87.0,9.0,0.0,Discharging,53.61666666666667,0.15
2026-02-01 10:35:00,1038.42197,327,373.0,136.0,523.2106,790.24539,0.85018,0.0,0.0,0.0,517.72073,798.75308,0.83516,292.46679,53.0,37.0,78.0,0.0,87.0,9.0,0.0,Discharging,53.61666666666667,0.15
2026-02-01 10:40:00,1041.34068,327,373.0,136.0,528.82663,796.32784,0.85413,0.0,0.0,0.0,512.30501,794.00459,0.8298,292.42429,53.0,37.0,78.0,0.0,87.0,9.0,0.0,Discharging,53.61666666666667,0.15
2026-02-01 10:45:00,1040.31401,327,373.0,136.0,520.78068,787.43682,0.85148,0.0,0.0,0.0,520.03968,800.30161,0.83532,292.4,53.0,37.0,78.0,0.0,87.0,9.0,0.0,Discharging,53.61666666666667,0.15
2026-02-01 10:50:00,1033.57967,327,373.0,136.0,514.57312,779.66623,0.84821,0.0,0.0,0.0,519.10453,798.824,0.83425,292.4,53.0,37.0,78.0,0.0,87.0,9.0,0.0,Discharging,53.61666666666667,0.15
2026-02-01 10:55:00,1028.03094,327,373.0,137.0,511.96939,777.33093,0.84663,0.0,0.0,0.0,517.33351,796.9122,0.83336,292.4,53.0,37.0,78.0,0.0,87.0,9.0,0.0,Discharging,53.61666666666667,0.15
2026-02-01 11:00:00,1036.0295,327,373.0,137.0,517.3808,788.62653,0.84288,0.0,0.0,0.0,521.46634,808.02814,0.82978,292.4,53.0,37.0,78.0,0.0,87.0,9.0,0.0,Discharging,53.61666666666667,0.15
2026-02-01 11:05:00,1056.76149,327,373.0,137.0,525.39929,798.95941,0.84547,0.0,0.0,0.0,533.4323,822.40515,0.83099,292.4,53.0,37.0,78.0,0.0,87.0,9.0,0.0,Discharging,53.61666666666667,0.15
2026-02-01 11:10:00,1067.33521,327,373.0,137.0,528.95688,804.06508,0.84435,0.0,0.0,0.0,537.32813,827.08786,0.83528,292.4,53.0,37.0,78.0,0.0,87.0,9.0,0.0,Discharging,53.61666666666667,0.15
2026-02-01 11:15:00,1042.42161,327,373.0,137.0,524.8347,798.08822,0.84627,0.0,0.0,0.0,517.55633,806.04038,0.82431,292.45809,53.0,37.0,78.0,0.0,87.0,9.0,0.0,Discharging,53.61666666666667,0.15
2026-02-01 11:20:00,1048.2118,327,373.0,137.0,520.10815,792.49147,0.84104,0.0,0.0,0.0,529.03695,816.82393,0.82988,292.5,53.0,37.0,78.0,0.0,87.0,9.0,0.0,Discharging,53.61666666666667,0.15
2026-02-01 11:25:00,1049.28988,327,373.0,137.0,519.70821,787.91963,0.84544,0.0,0.0,0.0,527.71654,811.13312,0.83366,292.5,53.0,37.0,78.0,0.0,87.0,9.0,0.0,Discharging,53.61666666666667,0.15
2026-02-01 11:30:00,1037.92019,327,373.0,137.0,514.21887,781.26172,0.84582,0.0,0.0,0.0,523.2548,807.23204,0.83507,292.55465,53.0,37.0,78.0,0.0,87.0,9.0,0.0,Discharging,53.61666666666667,0.15
2026-02-01 11:35:00,1025.11177,327,373.0,137.0,507.81448,774.50417,0.84073,0.0,0.0,0.0,517.41399,799.56298,0.83,292.6,53.0,37.0,78.0,0.0,87.0,9.0,0.0,Discharging,53.61666666666667,0.15
2026-02-01 11:40:00,1047.57581,327,373.0,137.0,519.63531,786.68597,0.85068,0.0,0.0,0.0,526.7201,809.91657,0.83474,292.6,53.0,37.0,78.0,0.0,87.0,9.0,0.0,Discharging,53.61666666666667,0.15
2026-02-01 11:45:00,1048.541,327,373.0,137.0,520.34098,786.95076,0.84687,0.0,0.0,0.0,527.85861,810.0292,0.83555,292.67757,53.0,37.0,78.0,0.0,87.0,9.0,0.0,Discharging,53.61666666666667,0.15
2026-02-01 11:50:00,1043.63845,327.63823,373.0,137.0,518.03755,783.27157,0.84499,0.0,0.0,0.0,525.68961,806.40525,0.8349,292.7,53.0,37.0,78.0,0.0,87.0,9.0,0.0,Discharging,53.61666666666667,0.15
2026-02-01 11:55:00,1024.92922,328,373.0,137.0,508.92871,774.80359,0.84509,0.0,0.0,0.0,514.72464,796.07261,0.83103,292.6,53.0,37.0,78.0,0.0,87.0,9.0,0.0,Discharging,53.61666666666667,0.15
2026-02-01 12:00:00,1029.10854,328,373.0,137.0,519.6511,784.14584,0.85083,0.0,0.0,0.0,508.68907,789.17667,0.82787,292.6,53.0,37.0,78.0,0.0,87.0,9.0,0.0,Discharging,53.61666666666667,0.15
2026-02-01 12:05:00,1039.60881,328,373.0,137.0,525.09507,791.7528,0.85339,0.0,0.0,0.0,514.49854,795.42241,0.83,292.53797,53.0,37.0,78.0,0.0,87.0,9.0,0.0,Discharging,53.61666666666667,0.15
2026-02-01 12:10:00,1044.47502,328,373.0,137.0,524.33214,793.44604,0.84951,0.0,0.0,0.0,518.44299,801.28191,0.82894,292.5,53.0,37.0,78.0,0.0,87.0,9.0,0.0,Discharging,53.61666666666667,0.15
2026-02-01 12:15:00,1028.67013,328,373.0,137.0,511.14844,776.15161,0.84313,0.0,0.0,0.0,519.16667,799.69474,0.83296,292.4,53.0,37.0,78.0,0.0,87.0,9.0,0.0,Discharging,53.61666666666667,0.15
2026-02-01 12:20:00,1033.87435,328,373.0,137.0,512.79534,780.06623,0.84636,0.0,0.0,0.0,522.36912,805.23959,0.83336,292.31423,53.0,37.0,78.0,0.0,87.0,9.0,0.0,Discharging,53.61666666666667,0.15
2026-02-01 12:25:00,1025.56873,328,373.0,137.0,508.84093,775.82318,0.84318,0.0,0.0,0.0,517.03525,799.83669,0.83311,292.3,53.0,37.0,78.0,0.0,87.0,9.0,0.0,Discharging,53.61666666666667,0.15
2026-02-01 12:30:00,1032.07751,328,373.0,137.0,511.78073,776.28174,0.845,0.0,0.0,0.0,519.90825,800.63605,0.83273,292.3,53.0,37.0,78.0,0.0,87.0,9.0,0.0,Discharging,53.61666666666667,0.15
2026-02-01 12:35:00,1030.03794,328,373.0,137.0,511.51345,776.99016,0.84447,0.0,0.0,0.0,520.00618,800.54103,0.83578,292.3,53.0,37.0,78.0,0.0,87.0,9.0,0.0,Discharging,53.61666666666667,0.15
2026-02-01 12:40:00,1022.74068,328,373.0,137.0,507.05726,773.58768,0.84257,0.0,0.0,0.0,515.81647,797.92147,0.82845,292.3,53.0,37.0,78.0,0.0,87.0,9.0,0.0,Discharging,53.61666666666667,0.15
2026-02-01 12:45:00,1020.84722,328,373.0,137.0,505.59499,770.60591,0.83895,0.0,0.0,0.0,513.79695,794.78665,0.83,292.3,53.0,37.0,78.0,0.0,87.0,9.0,0.0,Discharging,53.61666666666667,0.15
2026-02-01 12:50:00,1038.20956,328,373.0,137.54183,515.45659,782.65522,0.84873,0.0,0.0,0.0,523.72238,805.96194,0.83654,292.32753,53.0,37.0,78.0,0.0,87.0,9.0,0.0,Discharging,53.61666666666667,0.15
2026-02-01 12:55:00,1051.47996,328,373.0,138.0,531.39492,800.87748,0.85143,0.0,0.0,0.0,519.415,804.01653,0.82952,292.4,53.0,37.0,78.0,0.0,87.0,9.0,0.0,Discharging,53.61666666666667,0.15
2026-02-01 13:00:00,1061.9464,328,373.0,138.0,526.84064,800.26867,0.84604,0.0,0.0,0.0,534.01932,824.75466,0.83195,292.4,53.0,37.0,78.0,0.0,87.0,9.0,0.0,Discharging,53.61666666666667,0.15
2026-02-01 13:05:00,1052.11065,328,373.0,138.0,355.4225,538.65633,0.8466,335.73029,520.20281,0.80813,360.33567,555.61875,0.82996,292.37184,53.0,37.0,78.0,0.0,87.0,9.0,0.0,Discharging,53.61666666666667,0.15
2026-02-01 13:10:00,1102.78422,328,373.0,138.0,369.56421,559.87807,0.84718,368.8703,557.0107,0.85128,368.88985,569.82993,0.8331,292.2874,53.0,37.0,78.0,0.0,87.0,9.0,0.0,Discharging,53.61666666666667,0.15
2026-02-01 13:15:00,1162.59778,328,373.0,138.0,394.48422,591.98209,0.85256,387.35288,579.30026,0.85787,380.60656,588.03369,0.82922,292.1,53.0,37.0,78.0,0.0,87.0,9.0,0.0,Discharging,53.61666666666667,0.15
2026-02-01 13:20:00,1169.16856,328,373.0,138.0,395.71098,593.18079,0.85797,388.87705,582.0145,0.85755,384.50757,591.29862,0.83275,292.02233,53.0,37.0,78.0,0.0,87.0,9.0,0.0,Discharging,53.61666666666667,0.15
2026-02-01 13:25:00,1169.24843,328,373.0,138.0,396.48395,593.6291,0.86094,388.79529,581.15866,0.86146,386.43342,591.85184,0.83782,292.0,53.0,37.0,78.0,0.0,87.0,9.0,0.0,Discharging,53.61666666666667,0.15
2026-02-01 13:30:00,1172.94743,328,373.0,138.0,397.62162,594.03228,0.86108,387.37967,580.24314,0.85602,385.95697,591.46505,0.83795,292.0,53.0,37.0,78.0,0.0,87.0,9.0,0.0,Discharging,53.61666666666667,0.15
2026-02-01 13:35:00,1165.07284,328,373.0,138.0,396.45927,593.54781,0.85699,384.76096,578.48484,0.85474,384.4153,589.2655,0.83884,292.0,53.0,37.0,78.0,0.0,87.0,9.0,0.0,Discharging,53.61666666666667,0.15
2026-02-01 13:40:00,1092.67817,328,373.0,138.0,371.89668,559.07415,0.85384,361.68508,545.83492,0.84995,357.93507,555.69673,0.8228,292.0,53.0,37.0,78.0,0.0,87.0,9.0,0.0,Discharging,53.61666666666667,0.15
2026-02-01 13:45:00,1151.44783,328,373.0,138.0,393.48258,589.56741,0.85578,380.15734,573.36205,0.85038,379.00571,583.903,0.83307,292.04805,53.0,37.0,78.0,0.0,87.0,9.0,0.0,Discharging,53.61666666666667,0.15
2026-02-01 13:50:00,1152.34859,328,373.0,138.0,394.89874,591.35576,0.85538,377.93278,570.77076,0.85039,378.77194,584.00641,0.82984,292.1,53.0,37.0,78.0,0.0,87.0,9.0,0.0,Discharging,53.61666666666667,0.15
2026-02-01 13:55:00,1164.02811,328.15578,373.57187,138.0,387.5666,581.88204,0.8562,390.79377,582.63889,0.85868,385.58174,590.56882,0.83653,292.24486,53.0,37.0,78.0,0.0,87.0,9.0,0.0,Discharging,53.61666666666667,0.15
2026-02-01 14:00:00,1156.6359,329,374.0,138.0,383.83733,577.21915,0.85451,383.74403,576.60742,0.85798,392.33255,598.06785,0.84137,292.3,53.0,37.0,78.0,0.0,87.0,9.0,0.0,Discharging,53.61666666666667,0.15
2026-02-01 14:05:00,1153.39148,329,374.0,138.0,380.76323,575.37947,0.85007,388.05134,580.90769,0.8573,388.12597,595.03698,0.83882,292.31475,53.0,37.0,78.0,0.0,87.0,9.0,0.0,Discharging,53.61666666666667,0.15
2026-02-01 14:10:00,1153.00136,329,374.0,138.0,136.66844,214.63416,0.31327,505.81199,759.28706,0.85539,511.61804,778.16173,0.84229,292.4,53.0,37.0,78.0,0.0,87.0,9.0,0.0,Discharging,53.61666666666667,0.15
2026-02-01 14:15:00,1159.27269,329,374.0,138.0,0.0,0.0,0.0,712.22078,1013.71744,0.90179,451.12132,758.13327,0.76347,292.5,53.0,37.0,78.0,0.0,87.0,9.0,0.0,Discharging,53.61666666666667,0.15
2026-02-01 14:20:00,1170.25289,329,374.0,138.0,0.0,0.0,0.0,711.07231,1012.45509,0.90203,460.98153,766.46862,0.77057,292.5,53.0,37.0,78.0,0.0,87.0,9.0,0.0,Discharging,53.61666666666667,0.15
2026-02-01 14:25:00,1178.73392,329,374.0,138.0,0.0,0.0,0.0,710.94203,1013.07578,0.90039,467.49776,773.02404,0.77664,292.58921,53.0,37.0,78.0,0.0,87.0,9.0,0.0,Discharging,53.61666666666667,0.15
2026-02-01 14:30:00,1161.1905,329,374.0,138.0,0.0,0.0,0.0,711.99811,1013.63846,0.90061,445.4004,752.84752,0.75987,292.6,53.0,37.0,78.0,0.0,87.0,9.0,0.0,Discharging,53.61666666666667,0.15
2026-02-01 14:35:00,1171.44498,329,374.0,138.0,0.0,0.0,0.0,526.44594,816.47274,0.82473,643.15319,949.31944,0.86543,292.57241,53.0,37.0,78.0,0.0,87.0,9.0,0.0,Discharging,53.61666666666667,0.15
2026-02-01 14:40:00,1196.8788,329,374.0,138.0,0.0,0.0,0.0,487.76204,777.34929,0.80372,707.99928,1019.03393,0.88917,292.5,53.0,37.0,78.0,0.0,87.0,9.0,0.0,Discharging,53.61666666666667,0.15
2026-02-01 14:45:00,1187.29607,329,374.0,138.0,0.0,0.0,0.0,477.54943,767.93721,0.79737,707.97695,1019.10867,0.88848,292.5,53.0,37.0,78.0,0.0,87.0,9.0,0.0,Discharging,53.61666666666667,0.15
2026-02-01 14:50:00,1173.22574,329,374.0,138.0,0.0,0.0,0.0,462.54686,757.15855,0.78246,710.48818,1019.84632,0.89233,292.43066,53.0,37.0,78.0,0.0,87.0,9.0,0.0,Discharging,53.61666666666667,0.15
2026-02-01 14:55:00,1174.45542,329,374.0,138.55904,0.0,0.0,0.0,494.25614,785.27918,0.80286,680.43546,987.85444,0.87977,292.33525,53.0,37.0,78.0,0.0,87.0,9.0,0.0,Discharging,53.61666666666667,0.15
2026-02-01 15:00:00,1172.62603,329,374.0,139.0,318.70288,486.20798,0.71294,429.39877,639.15233,0.86328,423.14205,643.32781,0.84154,292.2922,53.0,37.0,78.0,0.0,87.0,9.0,0.0,Discharging,53.61666666666667,0.15
2026-02-01 15:05:00,1180.18047,329,374.0,139.0,387.98876,578.83146,0.85833,390.6213,584.81777,0.85729,399.90001,605.73729,0.84611,292.2,53.0,37.0,78.0,0.0,87.0,9.0,0.0,Discharging,53.61666666666667,0.15
2026-02-01 15:10:00,1168.29594,329,374.0,139.0,521.19075,779.31434,0.86009,124.32128,198.47294,0.28309,524.25209,796.18222,0.84788,292.22114,53.0,37.0,78.0,0.0,87.0,9.0,0.0,Discharging,53.61666666666667,0.15
2026-02-01 15:15:00,1171.46414,329,374.0,139.0,584.59747,878.78134,0.85611,0.0,0.0,0.0,587.22889,896.83212,0.84401,292.2,53.0,37.0,78.0,0.0,87.0,9.0,0.0,Discharging,53.61666666666667,0.15
2026-02-01 15:20:00,1179.60887,329,374.0,139.0,698.83748,1004.45546,0.89489,0.0,0.0,0.0,479.91036,788.64804,0.77931,292.2,53.0,37.0,78.0,0.0,87.0,9.0,0.0,Discharging,53.61666666666667,0.15
2026-02-01 15:25:00,1186.28924,329,374.0,139.0,710.77861,1015.85395,0.89903,0.0,0.0,0.0,475.43232,782.20991,0.7832,292.2,53.0,37.0,78.0,0.0,87.0,9.0,0.0,Discharging,53.61666666666667,0.15
2026-02-01 15:30:00,1186.93923,329,374.0,139.0,707.50411,1012.34407,0.89796,0.0,0.0,0.0,482.19306,791.38226,0.78416,292.2,53.0,37.0,78.0,0.0,87.0,9.0,0.0,Discharging,53.61666666666667,0.15
2026-02-01 15:35:00,1174.32082,329,374.0,139.0,706.4428,1010.79322,0.89884,0.0,0.0,0.0,466.76597,775.08026,0.77344,292.3,53.0,37.0,78.0,0.0,87.0,9.0,0.0,Discharging,53.61666666666667,0.15
2026-02-01 15:40:00,1176.46542,329,374.0,139.0,613.48899,909.49211,0.86669,0.0,0.0,0.0,566.68365,877.19579,0.82808,292.30526,53.0,37.0,78.0,0.0,87.0,9.0,0.0,Discharging,53.61666666666667,0.15
2026-02-01 15:45:00,1189.56547,329,374.0,139.0,597.81239,893.81888,0.8581,0.0,0.0,0.0,593.5638,905.56486,0.8455,292.4,53.0,37.0,78.0,0.0,87.0,9.0,0.0,Discharging,53.61666666666667,0.15
2026-02-01 15:50:00,1199.32759,329,374.0,139.0,601.06886,894.90946,0.86398,0.0,0.0,0.0,597.1709,906.80213,0.848,292.4268,53.0,37.0,78.0,0.0,87.0,9.0,0.0,Discharging,53.61666666666667,0.15
2026-02-01 15:55:00,1184.95517,329,374.0,139.0,590.58139,883.83864,0.85804,0.0,0.0,0.0,591.18616,900.15733,0.84309,292.5,53.0,37.0,78.0,0.0,87.0,9.0,0.0,Discharging,53.61666666666667,0.15
2026-02-01 16:00:00,1180.28905,329,374.0,139.0,590.5416,883.5505,0.85799,0.0,0.0,0.0,588.33157,897.24015,0.84043,292.5,53.0,37.0,78.0,0.0,87.0,9.0,0.0,Discharging,53.61666666666667,0.15
2026-02-01 16:05:00,1179.48266,329,374.0,139.0,591.05181,886.18202,0.85791,0.0,0.0,0.0,591.19808,900.90932,0.84062,292.5672,53.0,37.0,78.0,0.0,87.0,9.0,0.0,Discharging,53.61666666666667,0.15
2026-02-01 16:10:00,1182.95842,329,374.0,139.0,594.22238,889.0806,0.85998,0.0,0.0,0.0,592.17321,901.63342,0.84391,292.6,53.0,37.0,78.0,0.0,87.0,9.0,0.0,Discharging,53.61666666666667,0.15
2026-02-01 16:15:00,1190.60427,329,374.0,139.0,593.33825,886.49146,0.86087,0.0,0.0,0.0,595.81841,905.49703,0.84681,292.63964,53.0,37.0,78.0,0.0,87.0,9.0,0.0,Discharging,53.61666666666667,0.15
2026-02-01 16:20:00,1201.96101,329,374.0,139.0,596.22004,890.10385,0.86489,0.0,0.0,0.0,603.12529,913.6285,0.84515,292.71843,53.0,37.0,78.0,0.0,87.0,9.0,0.0,Discharging,53.61666666666667,0.15
2026-02-01 16:25:00,1206.15003,329,374.0,139.0,604.08092,901.23361,0.86584,0.0,0.0,0.0,599.62252,912.12993,0.845,292.8,53.0,37.0,78.0,0.0,87.0,9.0,0.0,Discharging,53.61666666666667,0.15
2026-02-01 16:30:00,1220.96237,329,374.0,139.0,606.52654,903.62927,0.86549,0.0,0.0,0.0,609.04567,921.44023,0.84961,292.8,53.0,37.0,78.0,0.0,87.0,9.0,0.0,Discharging,53.61666666666667,0.15
2026-02-01 16:35:00,1196.26215,330,374.0,139.0,594.06564,887.45443,0.86205,0.0,0.0,0.0,598.02814,906.52985,0.84616,292.76295,53.0,37.0,78.0,0.0,87.0,9.0,0.0,Discharging,53.61666666666667,0.15
2026-02-01 16:40:00,1199.94595,330,374.0,139.0,601.95941,895.221,0.86567,0.0,0.0,0.0,597.32058,906.93582,0.84538,292.7,53.0,37.0,78.0,0.0,87.0,9.0,0.0,Discharging,53.61666666666667,0.15
2026-02-01 16:45:00,1207.25075,330,374.0,139.65972,603.72216,898.87985,0.86213,0.0,0.0,0.0,602.10369,913.62187,0.84902,292.7,53.0,37.0,78.0,0.0,87.0,9.0,0.0,Discharging,53.61666666666667,0.15
2026-02-01 16:50:00,1203.12926,330,374.0,140.0,603.29372,899.38085,0.8614,0.0,0.0,0.0,603.52513,915.81366,0.84556,292.61354,53.0,37.0,78.0,0.0,87.0,9.0,0.0,Discharging,53.61666666666667,0.15
2026-02-01 16:55:00,1063.1206,330,374.0,140.0,525.57263,792.46592,0.85353,0.0,0.0,0.0,534.16135,819.50545,0.83506,292.5,53.0,37.0,78.0,0.0,87.0,9.0,0.0,Discharging,53.61666666666667,0.15
2026-02-01 17:00:00,1072.94368,330,374.0,140.0,534.03792,801.81916,0.85791,0.0,0.0,0.0,539.09631,824.84101,0.84031,292.5,53.0,37.0,78.0,0.0,87.0,9.0,0.0,Discharging,53.61666666666667,0.15
2026-02-01 17:05:00,1209.12863,330,374.0,140.0,605.4025,902.71183,0.86101,0.0,0.0,0.0,601.83219,914.24161,0.84406,292.5,53.0,37.0,78.0,0.0,87.0,9.0,0.0,Discharging,53.61666666666667,0.15
2026-02-01 17:10:00,1203.61872,330,374.0,140.0,598.27772,896.46933,0.85901,0.0,0.0,0.0,601.7996,916.40854,0.84699,292.5,53.0,37.0,78.0,0.0,87.0,9.0,0.0,Discharging,53.61666666666667,0.15
2026-02-01 17:15:00,1222.34329,330,374.0,140.0,609.55567,910.98461,0.86312,0.0,0.0,0.0,613.89335,931.34622,0.84794,292.6,53.0,37.0,78.0,0.0,87.0,9.0,0.0,Discharging,53.61666666666667,0.15
2026-02-01 17:20:00,1222.75018,330,374.0,140.0,611.42093,910.43327,0.86401,0.0,0.0,0.0,611.57932,927.24762,0.84607,292.6,53.0,37.0,78.0,0.0,87.0,9.0,0.0,Discharging,53.61666666666667,0.15
2026-02-01 17:25:00,1221.44364,330,374.0,140.0,611.17719,908.80415,0.86498,0.0,0.0,0.0,611.07447,924.71922,0.84841,292.6,53.0,37.0,78.0,0.0,87.0,9.0,0.0,Discharging,53.61666666666667,0.15
2026-02-01 17:30:00,1225.45485,330,374.0,140.0,610.92886,910.79573,0.86393,0.0,0.0,0.0,615.77398,932.46064,0.84694,292.6,53.0,37.0,78.0,0.0,87.0,9.0,0.0,Discharging,53.61666666666667,0.15
2026-02-01 17:35:00,1219.88974,330,374.0,140.0,609.92739,912.18458,0.86049,0.0,0.0,0.0,613.33621,932.87196,0.8473,292.6,53.0,37.0,78.0,0.0,87.0,9.0,0.0,Discharging,53.61666666666667,0.15
2026-02-01 17:40:00,1244.57972,330,374.0,140.0,624.1079,931.36985,0.8621,0.0,0.0,0.0,624.1493,949.04641,0.84469,292.6,53.0,37.0,78.0,0.0,87.0,9.0,0.0,Discharging,53.61666666666667,0.15
2026-02-01 17:45:00,1254.76065,330,374.0,140.0,629.56135,937.35649,0.86405,0.0,0.0,0.0,626.78364,951.13285,0.84673,292.6,53.0,37.0,78.0,0.0,87.0,9.0,0.0,Discharging,53.61666666666667,0.15
2026-02-01 17:50:00,1256.21696,330,374.0,140.0,631.06848,937.93788,0.86369,0.0,0.0,0.0,625.79164,949.35246,0.84555,292.6,53.0,37.0,78.0,0.0,87.0,9.0,0.0,Discharging,53.61666666666667,0.15
2026-02-01 17:55:00,1212.24614,330,374.0,140.0,610.64015,911.46912,0.86698,0.0,0.0,0.0,604.44398,921.11209,0.84279,292.59534,53.0,37.0,78.0,0.0,87.0,9.0,0.0,Discharging,53.61666666666667,0.15
2026-02-01 18:00:00,1120.16057,330,374.0,140.0,560.35866,841.63628,0.85753,0.0,0.0,0.0,557.07531,853.62862,0.83706,292.5,53.0,37.0,78.0,0.0,87.0,9.0,0.0,Discharging,53.61666666666667,0.15
2026-02-01 18:05:00,1062.62047,330,374.0,140.0,526.50735,796.35712,0.8522,0.0,0.0,0.0,536.21926,822.77189,0.8369,292.5,53.0,37.0,78.0,0.0,87.0,9.0,0.0,Discharging,53.61666666666667,0.15
2026-02-01 18:10:00,1073.72613,330,374.0,140.0,531.04904,800.69233,0.85439,0.0,0.0,0.0,540.17353,828.58264,0.83789,292.5,53.0,37.0,78.0,0.0,87.0,9.0,0.0,Discharging,53.61666666666667,0.15
2026-02-01 18:15:00,1043.07796,331,374.0,140.0,524.67047,791.52546,0.85227,0.0,0.0,0.0,519.22261,802.82135,0.83346,292.5,53.0,37.0,78.0,0.0,87.0,9.0,0.0,Discharging,53.61666666666667,0.15
2026-02-01 18:20:00,1004.1295,331,374.0,140.0,500.5835,760.73491,0.84666,0.0,0.0,0.0,505.2743,782.98516,0.82851,292.5,53.0,37.0,78.0,0.0,87.0,9.0,0.0,Discharging,53.61666666666667,0.15
2026-02-01 18:25:00,975.66257,331,374.0,140.0,487.01989,742.35054,0.84571,0.0,0.0,0.0,486.94748,759.6022,0.82542,292.5,53.0,37.0,78.0,0.0,87.0,9.0,0.0,Discharging,53.61666666666667,0.15
2026-02-01 18:30:00,941.22579,331,374.0,140.80539,472.6795,724.10066,0.83952,0.0,0.0,0.0,465.92564,735.00807,0.81574,292.5,53.0,37.0,78.0,0.0,87.0,9.0,0.0,Discharging,53.61666666666667,0.15
2026-02-01 18:35:00,944.23548,331,374.0,141.0,469.81998,720.3807,0.83983,0.0,0.0,0.0,474.20617,744.2044,0.81789,292.485,53.0,37.0,78.0,0.0,87.0,9.0,0.0,Discharging,53.61666666666667,0.15
2026-02-01 18:40:00,932.81654,331,374.0,141.0,466.55953,716.23236,0.83794,0.0,0.0,0.0,468.00279,736.50221,0.82095,292.43441,53.0,37.0,78.0,0.0,87.0,9.0,0.0,Discharging,53.61666666666667,0.15
2026-02-01 18:45:00,922.20711,331,374.0,141.0,456.91563,705.05831,0.83509,0.0,0.0,0.0,464.71631,732.60134,0.81886,292.4,53.0,37.0,78.0,0.0,87.0,9.0,0.0,Discharging,53.61666666666667,0.15
2026-02-01 18:50:00,946.8424,331,374.0,141.0,476.04731,727.64287,0.84133,0.0,0.0,0.0,469.55712,741.4983,0.81317,292.34128,53.0,37.0,78.0,0.0,87.0,9.0,0.0,Discharging,53.61666666666667,0.15
2026-02-01 18:55:00,822.01373,331,374.0,141.0,406.88961,644.47506,0.81357,0.0,0.0,0.0,416.54951,674.21958,0.79389,292.3,53.0,37.0,78.0,0.0,87.0,9.0,0.0,Discharging,53.61666666666667,0.15
2026-02-01 19:00:00,784.41956,331,374.0,141.0,383.64087,615.93299,0.80055,0.0,0.0,0.0,397.81866,651.13559,0.78674,292.2889,53.0,37.0,78.0,0.0,87.0,9.0,0.0,Discharging,53.61666666666667,0.15
2026-02-01 19:05:00,863.04295,331,374.0,141.0,436.30834,676.99657,0.82855,0.0,0.0,0.0,429.68887,690.17956,0.80159,292.2,53.0,37.0,78.0,0.0,87.0,9.0,0.0,Discharging,53.61666666666667,0.15
2026-02-01 19:10:00,873.00256,331,374.0,141.0,437.68751,679.29435,0.83105,0.0,0.0,0.0,436.22417,697.12025,0.80327,292.2,53.0,37.0,78.0,0.0,87.0,9.0,0.0,Discharging,53.61666666666667,0.15
2026-02-01 19:15:00,794.97793,331,374.0,141.0,403.64359,630.17009,0.82222,0.0,0.0,0.0,393.29385,639.11938,0.7883,292.2,53.0,37.0,78.0,0.0,87.0,9.0,0.0,Discharging,53.61666666666667,0.15
2026-02-01 19:20:00,817.67891,331,374.0,141.0,411.40263,640.88385,0.82661,0.0,0.0,0.0,402.98393,652.32437,0.79665,292.25042,53.0,37.0,78.0,0.0,87.0,9.0,0.0,Discharging,53.61666666666667,0.15
2026-02-01 19:25:00,777.79977,331,374.0,141.0,387.92047,611.17146,0.81897,0.0,0.0,0.0,387.38049,632.15215,0.78817,292.3,53.0,37.0,78.0,0.0,87.0,9.0,0.0,Discharging,53.61666666666667,0.15
2026-02-01 19:30:00,768.30387,331,374.0,141.0,386.73805,610.28636,0.81574,0.0,0.0,0.0,383.87852,628.88841,0.7855,292.3,53.0,37.0,78.0,0.0,87.0,9.0,0.0,Discharging,53.61666666666667,0.15
2026-02-01 19:35:00,751.23626,331,374.0,141.0,375.44382,596.58722,0.81016,0.0,0.0,0.0,375.05739,617.51898,0.78087,292.39998,53.0,37.0,78.0,0.0,87.0,9.0,0.0,Discharging,53.61666666666667,0.15
2026-02-01 19:40:00,754.28453,331,374.0,141.0,376.32327,597.80438,0.81382,0.0,0.0,0.0,375.12941,617.73501,0.77978,292.4,53.0,37.0,78.0,0.0,87.0,9.0,0.0,Discharging,53.61666666666667,0.15
2026-02-01 19:45:00,807.5682,331,374.0,141.0,405.32952,634.22369,0.82575,0.0,0.0,0.0,404.55756,653.56936,0.79846,292.4,53.0,37.0,78.0,0.0,87.0,9.0,0.0,Discharging,53.61666666666667,0.15
2026-02-01 19:50:00,836.37495,331,374.0,141.0,420.27398,650.65,0.83162,0.0,0.0,0.0,416.68517,667.12336,0.80502,292.43594,53.0,37.0,78.0,0.0,87.0,9.0,0.0,Discharging,53.61666666666667,0.15
2026-02-01 19:55:00,622.35697,331,374.0,141.0,312.11457,525.9475,0.76517,0.0,0.0,0.0,310.08893,548.93591,0.72717,292.5,53.0,37.0,78.0,0.0,87.0,9.0,0.0,Discharging,53.61666666666667,0.15
2026-02-01 20:00:00,635.83707,331,374.0,141.0,319.13914,532.52466,0.77353,0.0,0.0,0.0,316.24647,554.02683,0.73449,292.5,53.0,37.0,78.0,0.0,87.0,9.0,0.0,Discharging,53.61666666666667,0.15
2026-02-01 20:05:00,633.49335,331,374.0,141.0,321.57388,534.2944,0.776,0.0,0.0,0.0,309.26863,548.15433,0.72761,292.5,53.0,37.0,78.0,0.0,87.0,9.0,0.0,Discharging,53.61666666666667,0.15
2026-02-01 20:10:00,600.87545,331,374.0,141.0,302.37286,514.43265,0.75542,0.0,0.0,0.0,296.12704,534.90315,0.71087,292.5,53.0,37.0,78.0,0.0,87.0,9.0,0.0,Discharging,53.61666666666667,0.15
2026-02-01 20:15:00,614.76117,331,374.0,141.0,300.27395,514.20806,0.74802,0.0,0.0,0.0,316.92928,554.06189,0.73417,292.442,53.0,37.0,78.0,0.0,87.0,9.0,0.0,Discharging,53.61666666666667,0.15
2026-02-01 20:20:00,661.99756,331,374.0,141.0,322.92295,538.48654,0.77367,0.0,0.0,0.0,338.13409,577.164,0.75417,292.4,53.0,37.0,78.0,0.0,87.0,9.0,0.0,Discharging,53.61666666666667,0.15
2026-02-01 20:25:00,663.7306,331,374.0,141.0,326.89261,542.63602,0.77135,0.0,0.0,0.0,334.93343,574.16711,0.74951,292.43467,53.0,37.0,78.0,0.0,87.0,9.0,0.0,Discharging,53.61666666666667,0.15
2026-02-01 20:30:00,651.4671,331,374.0,141.0,326.64774,540.70156,0.77614,0.0,0.0,0.0,323.36126,562.33409,0.73864,292.42615,53.0,37.0,78.0,0.0,87.0,9.0,0.0,Discharging,53.61666666666667,0.15
2026-02-01 20:35:00,543.25969,331,374.0,141.0,269.71647,479.8606,0.72405,0.0,0.0,0.0,273.07099,510.14422,0.68906,292.4812,53.0,37.0,78.0,0.0,87.0,9.0,0.0,Discharging,53.61666666666667,0.15
2026-02-01 20:40:00,546.94302,331,374.0,141.0,270.69635,481.26782,0.72382,0.0,0.0,0.0,275.66305,512.63594,0.69308,292.4,53.0,37.0,78.0,0.0,87.0,9.0,0.0,Discharging,53.61666666666667,0.15
2026-02-01 20:45:00,556.04784,331,374.0,141.0,277.41217,490.36748,0.73056,0.0,0.0,0.0,279.32726,519.07849,0.69603,292.4,53.0,37.0,78.0,0.0,87.0,9.0,0.0,Discharging,53.61666666666667,0.15
2026-02-01 20:50:00,549.63027,331,374.0,141.0,272.70906,462.23062,0.76443,0.0,0.0,0.0,274.57709,488.84176,0.72579,292.4,53.0,37.0,78.0,0.0,87.0,9.0,0.0,Discharging,53.61666666666667,0.15
2026-02-01 20:55:00,427.55869,332,374.0,141.0,219.49859,352.30562,0.80344,0.0,0.0,0.0,208.01777,371.01295,0.72452,292.34762,53.0,37.0,78.0,0.0,87.0,9.0,0.0,idle,53.61666666666667,0.15
2026-02-01 21:00:00,427.75345,332,374.0,141.0,222.38814,355.27646,0.80719,0.0,0.0,0.0,205.96626,368.4853,0.71789,292.3,53.0,37.0,78.0,0.0,87.0,9.0,0.0,idle,53.61666666666667,0.15
2026-02-01 21:05:00,426.53253,332,374.0,141.0,212.28271,345.00258,0.79673,0.0,0.0,0.0,213.27505,375.97489,0.73347,292.3,53.0,37.0,78.0,0.0,87.0,9.0,0.0,idle,53.61666666666667,0.15
2026-02-01 21:10:00,443.30508,332,374.0,141.0,222.42505,353.9258,0.81054,0.0,0.0,0.0,221.72748,382.72317,0.74757,292.3,53.0,37.0,78.0,0.0,87.0,9.0,0.0,idle,53.61666666666667,0.15
2026-02-01 21:15:00,427.70791,332,374.0,141.18791,25.7723,47.7102,0.10186,0.0,0.0,0.0,401.76844,673.74849,0.76719,292.3,53.0,37.0,78.0,0.0,87.0,9.0,0.0,idle,53.61666666666667,0.15
2026-02-01 21:20:00,430.04823,332,374.0,142.0,0.0,0.0,0.0,0.0,0.0,0.0,429.51446,722.85926,0.76685,292.3,53.0,37.0,78.0,0.0,87.0,9.0,0.0,idle,53.61666666666667,0.15
2026-02-01 21:25:00,440.89052,332,374.0,142.0,0.0,0.0,0.0,0.0,0.0,0.0,441.16961,734.75202,0.77309,292.3,53.0,37.0,78.0,0.0,87.0,9.0,0.0,idle,53.61666666666667,0.15
2026-02-01 21:30:00,451.02956,332,374.0,142.0,0.0,0.0,0.0,0.0,0.0,0.0,451.70695,745.45873,0.77881,292.26542,53.0,37.0,78.0,0.0,87.0,9.0,0.0,idle,53.61666666666667,0.15
2026-02-01 21:35:00,425.00424,332,374.0,142.0,0.0,0.0,0.0,0.0,0.0,0.0,424.84163,723.8359,0.75668,292.2,53.0,37.0,78.0,0.0,87.0,9.0,0.0,idle,53.61666666666667,0.15
2026-02-01 21:40:00,426.10777,332,374.0,142.0,0.0,0.0,0.0,0.0,0.0,0.0,425.33377,723.54076,0.75672,292.24581,53.0,37.0,78.0,0.0,87.0,9.0,0.0,idle,53.61666666666667,0.15
2026-02-01 21:45:00,424.82548,332,374.0,142.0,0.0,0.0,0.0,0.0,0.0,0.0,424.18824,722.10909,0.75651,292.25772,53.0,37.0,78.0,0.0,87.0,9.0,0.0,idle,53.61666666666667,0.15
2026-02-01 21:50:00,441.61666,332,374.0,142.0,0.0,0.0,0.0,0.0,0.0,0.0,441.28367,739.87389,0.7707,292.2,53.0,37.0,78.0,0.0,87.0,9.0,0.0,idle,53.61666666666667,0.15
2026-02-01 21:55:00,435.43691,332,374.0,142.0,0.0,0.0,0.0,0.0,0.0,0.0,434.172,732.95631,0.76348,292.2,53.0,37.0,78.0,0.0,87.0,9.0,0.0,idle,53.61666666666667,0.15
2026-02-01 22:00:00,435.33365,332,374.0,142.0,0.0,0.0,0.0,0.0,0.0,0.0,435.6072,733.03251,0.76725,292.2,53.0,37.0,78.0,0.0,87.0,9.0,0.0,idle,53.61666666666667,0.15
2026-02-01 22:05:00,436.55217,332,374.0,142.0,0.0,0.0,0.0,0.0,0.0,0.0,436.53976,735.26256,0.76516,292.24692,53.0,37.0,78.0,0.0,87.0,9.0,0.0,idle,53.61666666666667,0.15
2026-02-01 22:10:00,436.81909,332,374.0,142.0,0.0,0.0,0.0,0.0,0.0,0.0,437.92164,735.2784,0.76798,292.2758,53.0,37.0,78.0,0.0,87.0,9.0,0.0,idle,53.61666666666667,0.15
2026-02-01 22:15:00,444.41414,332,374.0,142.0,0.0,0.0,0.0,0.0,0.0,0.0,443.52651,738.30216,0.77231,292.3,53.0,37.0,78.0,0.0,87.0,9.0,0.0,idle,53.61666666666667,0.15
2026-02-01 22:20:00,447.28015,332,374.0,142.0,0.0,0.0,0.0,0.0,0.0,0.0,449.07902,748.32495,0.77203,292.32262,53.0,37.0,78.0,0.0,87.0,9.0,0.0,idle,53.61666666666667,0.15
2026-02-01 22:25:00,443.85957,332,374.0,142.0,0.0,0.0,0.0,0.0,0.0,0.0,444.49802,744.38759,0.77092,292.4,53.0,37.0,78.0,0.0,87.0,9.0,0.0,idle,53.61666666666667,0.15
2026-02-01 22:30:00,441.77456,332,374.0,142.0,0.0,0.0,0.0,0.0,0.0,0.0,442.73132,744.9499,0.76744,292.4,53.0,37.0,78.0,0.0,87.0,9.0,0.0,idle,53.61666666666667,0.15
2026-02-01 22:35:00,481.41427,332,374.0,142.0,0.0,0.0,0.0,0.0,0.0,0.0,481.05614,792.43582,0.78205,292.4,53.0,37.0,78.0,0.0,87.0,9.0,0.0,idle,53.61666666666667,0.15
2026-02-01 22:40:00,451.35762,332,374.0,142.0,0.0,0.0,0.0,0.0,0.0,0.0,449.7728,756.06082,0.76849,292.4,53.0,37.0,78.0,0.0,87.0,9.0,0.0,idle,53.61666666666667,0.15
2026-02-01 22:45:00,430.62688,332,374.0,142.0,0.0,0.0,0.0,0.0,0.0,0.0,429.14174,723.93602,0.76439,292.4,53.0,37.0,78.0,0.0,87.0,9.0,0.0,idle,53.61666666666667,0.15
2026-02-01 22:50:00,428.47718,332,374.0,142.0,0.0,0.0,0.0,0.0,0.0,0.0,427.67454,722.3962,0.763,292.4,53.0,37.0,78.0,0.0,87.0,9.0,0.0,idle,53.61666666666667,0.15
2026-02-01 22:55:00,446.00536,332,374.0,142.0,0.0,0.0,0.0,0.0,0.0,0.0,446.76015,745.56464,0.77078,292.4,53.0,37.0,78.0,0.0,87.0,9.0,0.0,idle,53.61666666666667,0.15
2026-02-01 23:00:00,426.24219,332,374.0,142.0,0.0,0.0,0.0,0.0,0.0,0.0,424.70048,719.99914,0.76149,292.4,53.0,37.0,78.0,0.0,87.0,9.0,0.0,idle,53.61666666666667,0.15
2026-02-01 23:05:00,426.94318,332,374.0,142.0,0.0,0.0,0.0,0.0,0.0,0.0,427.06711,721.82079,0.76273,292.4,53.0,37.0,78.0,0.0,87.0,9.0,0.0,idle,53.61666666666667,0.15
2026-02-01 23:10:00,434.8469,332,374.0,142.0,0.0,0.0,0.0,0.0,0.0,0.0,434.65203,730.69724,0.76424,292.4,53.0,37.0,78.0,0.0,87.0,9.0,0.0,idle,53.61666666666667,0.15
2026-02-01 23:15:00,439.96718,332,374.0,142.0,0.0,0.0,0.0,0.0,0.0,0.0,438.94522,733.11457,0.76955,292.4,53.0,37.0,78.0,0.0,87.0,9.0,0.0,idle,53.61666666666667,0.15
2026-02-01 23:20:00,435.5164,332,374.0,142.0,0.0,0.0,0.0,0.0,0.0,0.0,433.71896,728.65248,0.76569,292.4,53.0,37.0,78.0,0.0,87.0,9.0,0.0,idle,53.61666666666667,0.15
2026-02-01 23:25:00,424.55658,332,374.0,142.0,0.0,0.0,0.0,0.0,0.0,0.0,423.34603,717.44801,0.76013,292.4,53.0,37.0,78.0,0.0,87.0,9.0,0.0,idle,53.61666666666667,0.15
2026-02-01 23:30:00,422.40978,332,374.0,142.0,0.0,0.0,0.0,0.0,0.0,0.0,423.46294,719.4339,0.7595,292.4,53.0,37.0,78.0,0.0,87.0,9.0,0.0,idle,53.61666666666667,0.15
2026-02-01 23:35:00,432.31292,332,374.0,142.99681,0.0,0.0,0.0,0.0,0.0,0.0,432.67182,726.78594,0.76729,292.4,53.0,37.0,78.0,0.0,87.0,9.0,0.0,idle,53.61666666666667,0.15
2026-02-01 23:40:00,442.32721,332,374.0,143.0,0.0,0.0,0.0,0.0,0.0,0.0,441.63139,736.39962,0.77514,292.4,53.0,37.0,78.0,0.0,87.0,9.0,0.0,idle,53.61666666666667,0.15
2026-02-01 23:45:00,436.51881,332,374.0,143.0,0.0,0.0,0.0,0.0,0.0,0.0,436.63918,735.2867,0.76471,292.4,53.0,37.0,78.0,0.0,87.0,9.0,0.0,idle,53.61666666666667,0.15
2026-02-01 23:50:00,429.47649,332,374.0,143.0,0.0,0.0,0.0,0.0,0.0,0.0,429.72647,726.61252,0.76404,292.4,53.0,37.0,78.0,0.0,87.0,9.0,0.0,idle,53.61666666666667,0.15
2026-02-01 23:55:00,432.32983,332,374.0,143.0,0.0,0.0,0.0,0.0,0.0,0.0,432.4344,726.65665,0.76753,292.4,53.0,37.0,78.0,0.0,87.0,9.0,0.0,idle,53.61666666666667,0.15
2026-02-02 00:00:00,442.68195,332,374.0,143.0,0.0,0.0,0.0,0.0,0.0,0.0,443.42106,741.16564,0.76919,292.4,53.0,37.0,78.0,0.0,87.0,9.0,0.0,idle,53.61666666666667,0.15
2026-02-02 00:05:00,441.4005,332,374.0,143.0,0.0,0.0,0.0,0.0,0.0,0.0,441.66767,736.59454,0.772,292.4,53.0,37.0,78.0,0.0,87.0,9.0,0.0,idle,53.61666666666667,0.15
2026-02-02 00:10:00,429.31866,332,374.0,143.0,0.0,0.0,0.0,0.0,0.0,0.0,431.15867,726.98737,0.7658,292.4,53.0,37.0,78.0,0.0,87.0,9.0,0.0,idle,53.61666666666667,0.15
2026-02-02 00:15:00,431.5722,332,374.0,143.0,0.0,0.0,0.0,0.0,0.0,0.0,432.05483,726.90548,0.76718,292.4,53.0,37.0,78.0,0.0,87.0,9.0,0.0,idle,53.61666666666667,0.15
2026-02-02 00:20:00,438.09657,332,374.0,143.0,0.0,0.0,0.0,0.0,0.0,0.0,438.3923,735.21344,0.76817,292.4,53.0,37.0,78.0,0.0,87.0,9.0,0.0,idle,53.61666666666667,0.15
2026-02-02 00:25:00,441.04188,332,374.0,143.0,0.0,0.0,0.0,0.0,0.0,0.0,441.30371,736.21751,0.7726,292.4,53.0,37.0,78.0,0.0,87.0,9.0,0.0,idle,53.61666666666667,0.15
2026-02-02 00:30:00,433.83334,332,374.0,143.0,0.0,0.0,0.0,0.0,0.0,0.0,433.72853,731.20993,0.7664,292.4,53.0,37.0,78.0,0.0,87.0,9.0,0.0,idle,53.61666666666667,0.15
2026-02-02 00:35:00,418.47137,332,374.0,143.0,188.09742,309.71712,0.70031,0.0,0.0,0.0,230.44506,413.85301,0.71003,292.44921,53.0,37.0,78.0,0.0,87.0,9.0,0.0,idle,53.61666666666667,0.15
2026-02-02 00:40:00,432.08683,332,374.0,143.0,231.16812,359.31569,0.83111,0.0,0.0,0.0,201.1931,369.18226,0.70446,292.42418,53.0,37.0,78.0,0.0,87.0,9.0,0.0,idle,53.61666666666667,0.15
2026-02-02 00:45:00,438.11038,332,374.0,143.0,225.74429,356.6348,0.81426,0.0,0.0,0.0,211.92601,379.06634,0.72028,292.4,53.0,37.0,78.0,0.0,87.0,9.0,0.0,idle,53.61666666666667,0.15
2026-02-02 00:50:00,420.67331,332,374.0,143.0,215.71689,343.85015,0.80862,0.0,0.0,0.0,205.81869,372.66893,0.7125,292.4,53.0,37.0,78.0,0.0,87.0,9.0,0.0,idle,53.61666666666667,0.15
2026-02-02 00:55:00,463.73398,332,374.0,143.0,240.16627,376.41878,0.81995,0.0,0.0,0.0,229.44723,401.75599,0.73244,292.4,53.0,37.0,78.0,0.0,87.0,9.0,0.0,idle,53.61666666666667,0.15
2026-02-02 01:00:00,506.25109,332,374.0,143.0,239.77278,379.04181,0.81356,0.0,0.0,0.0,261.7715,433.92701,0.77489,292.4,53.0,37.0,78.0,0.0,87.0,9.0,0.0,idle,53.61666666666667,0.15
2026-02-02 01:05:00,447.49386,332,374.0,143.0,210.49992,342.94167,0.79522,0.0,0.0,0.0,235.2674,402.14204,0.75496,292.4,53.0,37.0,78.0,0.0,87.0,9.0,0.0,idle,53.61666666666667,0.15
2026-02-02 01:10:00,496.42044,332,374.0,143.0,236.54398,374.95297,0.81272,0.0,0.0,0.0,259.52259,429.79348,0.78014,292.4,53.0,37.0,78.0,0.0,87.0,9.0,0.0,idle,53.61666666666667,0.15
2026-02-02 01:15:00,541.09927,332,374.0,143.0,265.76557,410.16163,0.83218,0.0,0.0,0.0,280.17947,455.72579,0.79051,292.43482,53.0,37.0,78.0,0.0,87.0,9.0,0.0,idle,53.61666666666667,0.15
2026-02-02 01:20:00,612.41225,332,374.0,143.0,299.04167,450.84512,0.85672,0.0,0.0,0.0,312.4928,493.82377,0.81531,292.4,53.0,37.0,78.0,0.0,87.0,9.0,0.0,idle,53.61666666666667,0.15
2026-02-02 01:25:00,502.4377,332,374.0,143.0,239.0429,379.29865,0.80909,0.0,0.0,0.0,261.01608,431.48456,0.77514,292.4,53.0,37.0,78.0,0.0,87.0,9.0,0.0,idle,53.61666666666667,0.15
2026-02-02 01:30:00,442.42237,332,374.0,143.0,207.34868,341.60991,0.78426,0.0,0.0,0.0,233.332,397.9542,0.75974,292.4,53.0,37.0,78.0,0.0,87.0,9.0,0.0,idle,53.61666666666667,0.15
2026-02-02 01:35:00,418.3181,332,374.0,143.0,203.4724,333.30937,0.78969,0.0,0.0,0.0,214.76011,378.41444,0.72876,292.4,53.0,37.0,78.0,0.0,87.0,9.0,0.0,idle,53.61666666666667,0.15
2026-02-02 01:40:00,420.69307,332,374.0,143.0,206.28119,337.54934,0.78717,0.0,0.0,0.0,216.26079,380.99384,0.73094,292.4,53.0,37.0,78.0,0.0,87.0,9.0,0.0,idle,53.61666666666667,0.15
2026-02-02 01:45:00,417.57042,332,374.0,143.0,203.80798,335.19161,0.78562,0.0,0.0,0.0,214.71013,380.78096,0.72705,292.4,53.0,37.0,78.0,0.0,87.0,9.0,0.0,idle,53.61666666666667,0.15
2026-02-02 01:50:00,441.50268,332,374.0,143.0,214.7439,344.93285,0.80362,0.0,0.0,0.0,226.70106,389.72784,0.75067,292.34633,53.0,37.0,78.0,0.0,87.0,9.0,0.0,idle,53.61666666666667,0.15
2026-02-02 01:55:00,502.93442,332,374.0,143.0,249.57311,388.86137,0.82247,0.0,0.0,0.0,258.529,431.20825,0.76694,292.3,53.0,37.0,78.0,0.0,87.0,9.0,0.0,idle,53.61666666666667,0.15
2026-02-02 02:00:00,509.43102,332,374.0,143.0,260.63251,401.586,0.83437,0.0,0.0,0.0,248.71652,422.4395,0.7549,292.3,53.0,37.0,78.0,0.0,87.0,9.0,0.0,idle,53.61666666666667,0.15
2026-02-02 02:05:00,595.66994,332,374.0,143.0,303.53857,456.0697,0.85401,0.0,0.0,0.0,291.75853,474.61568,0.79294,292.3,53.0,37.0,78.0,0.0,87.0,9.0,0.0,idle,53.61666666666667,0.15
2026-02-02 02:10:00,605.76894,332,374.0,143.0,308.9701,460.47367,0.86374,0.0,0.0,0.0,296.55931,478.6194,0.80014,292.3,53.0,37.0,78.0,0.0,87.0,9.0,0.0,idle,53.61666666666667,0.15
2026-02-02 02:15:00,605.21876,332,374.0,143.0,306.82832,456.75827,0.86309,0.0,0.0,0.0,297.26656,478.30711,0.80029,292.3,53.0,37.0,78.0,0.0,87.0,9.0,0.0,idle,53.61666666666667,0.15
2026-02-02 02:20:00,599.60302,332,374.0,143.0,296.49088,446.93405,0.85211,0.0,0.0,0.0,303.72208,484.58381,0.80726,292.3,53.0,37.0,78.0,0.0,87.0,9.0,0.0,idle,53.61666666666667,0.15
2026-02-02 02:25:00,605.76104,332,374.0,143.0,301.27818,454.21076,0.85728,0.0,0.0,0.0,304.04246,486.1602,0.80498,292.3,53.0,37.0,78.0,0.0,87.0,9.0,0.0,idle,53.61666666666667,0.15
2026-02-02 02:30:00,606.83314,332,374.0,143.0,301.61133,451.70495,0.8612,0.0,0.0,0.0,304.85777,486.52122,0.80677,292.33572,53.0,37.0,78.0,0.0,87.0,9.0,0.0,idle,53.61666666666667,0.15
2026-02-02 02:35:00,641.07604,332,374.0,143.0,317.4424,476.0386,0.85941,0.0,0.0,0.0,324.1463,512.97852,0.81667,292.4,53.0,37.0,78.0,0.0,87.0,9.0,0.0,idle,53.61666666666667,0.15
2026-02-02 02:40:00,640.89922,332,374.0,143.0,317.00681,477.52857,0.8545,0.0,0.0,0.0,323.86469,513.36918,0.81129,292.4,53.0,37.0,78.0,0.0,87.0,9.0,0.0,idle,53.61666666666667,0.15
2026-02-02 02:45:00,621.88068,332,374.0,143.07909,306.76586,462.04608,0.85382,0.0,0.0,0.0,315.4991,501.0515,0.81287,292.42408,53.0,37.0,78.0,0.0,87.0,9.0,0.0,idle,53.61666666666667,0.15
2026-02-02 02:50:00,593.45092,332,374.0,144.0,291.12907,440.00489,0.85252,0.0,0.0,0.0,303.65186,483.48241,0.80902,292.48833,53.0,37.0,78.0,0.0,87.0,9.0,0.0,idle,53.61666666666667,0.15
2026-02-02 02:55:00,621.23538,332,374.0,144.0,305.97975,458.1256,0.86011,0.0,0.0,0.0,313.94645,497.1116,0.81248,292.5,53.0,37.0,78.0,0.0,87.0,9.0,0.0,idle,53.61666666666667,0.15
2026-02-02 03:00:00,618.23651,332,374.0,144.0,304.56835,454.92978,0.8612,0.0,0.0,0.0,312.88189,494.19037,0.81564,292.5,53.0,37.0,78.0,0.0,87.0,9.0,0.0,idle,53.61666666666667,0.15
2026-02-02 03:05:00,608.30051,332,374.0,144.0,299.516,450.93924,0.85644,0.0,0.0,0.0,308.13296,489.79285,0.80904,292.5,53.0,37.0,78.0,0.0,87.0,9.0,0.0,idle,53.61666666666667,0.15
2026-02-02 03:10:00,601.01798,332,374.0,144.0,294.39565,444.43244,0.85209,0.0,0.0,0.0,305.73151,485.70606,0.80964,292.46824,53.0,37.0,78.0,0.0,87.0,9.0,0.0,idle,53.61666666666667,0.15
2026-02-02 03:15:00,608.50433,332,374.0,144.0,299.44592,449.81104,0.85727,0.0,0.0,0.0,309.51484,490.15193,0.8155,292.4,53.0,37.0,78.0,0.0,87.0,9.0,0.0,idle,53.61666666666667,0.15
2026-02-02 03:20:00,622.29203,332,374.0,144.0,307.82548,459.8524,0.8616,0.0,0.0,0.0,316.31076,497.56465,0.81796,292.36328,53.0,37.0,78.0,0.0,87.0,9.0,0.0,idle,53.61666666666667,0.15
2026-02-02 03:25:00,631.85214,332,374.0,144.0,312.24466,467.68027,0.85928,0.0,0.0,0.0,320.47045,504.77801,0.8159,292.4,53.0,37.0,78.0,0.0,87.0,9.0,0.0,idle,53.61666666666667,0.15
2026-02-02 03:30:00,631.82291,332,374.0,144.0,312.98679,468.02784,0.86132,0.0,0.0,0.0,320.53765,505.39052,0.81798,292.4,53.0,37.0,78.0,0.0,87.0,9.0,0.0,idle,53.61666666666667,0.15
2026-02-02 03:35:00,599.32455,332,374.0,144.0,293.84661,442.93458,0.85542,0.0,0.0,0.0,305.58303,486.51652,0.80438,292.47738,53.0,37.0,78.0,0.0,87.0,9.0,0.0,idle,53.61666666666667,0.15
2026-02-02 03:40:00,616.18398,332,374.0,144.0,303.9599,456.80539,0.85637,0.0,0.0,0.0,312.10844,495.50854,0.81143,292.5,53.0,37.0,78.0,0.0,87.0,9.0,0.0,idle,53.61666666666667,0.15
2026-02-02 03:45:00,603.57756,332,374.0,144.0,294.80296,444.97867,0.85163,0.0,0.0,0.0,304.64856,484.74382,0.80957,292.5,53.0,37.0,78.0,0.0,87.0,9.0,0.0,idle,53.61666666666667,0.15
2026-02-02 03:50:00,466.59519,332,374.0,144.0,233.22895,368.95043,0.81153,0.0,0.0,0.0,233.43893,402.14865,0.74904,292.44693,53.0,37.0,78.0,0.0,87.0,9.0,0.0,idle,53.61666666666667,0.15
2026-02-02 03:55:00,440.31104,332,374.0,144.0,227.87965,360.52324,0.81102,0.0,0.0,0.0,218.04633,386.52962,0.726,292.36078,53.0,37.0,78.0,0.0,87.0,9.0,0.0,idle,53.61666666666667,0.15
2026-02-02 04:00:00,504.37002,332.44043,374.0,144.0,255.95901,395.56598,0.83382,0.0,0.0,0.0,245.16184,419.82722,0.75106,292.3,53.0,37.0,78.0,0.0,87.0,9.0,0.0,idle,53.61666666666667,0.15
2026-02-02 04:05:00,485.33199,333,374.0,144.0,248.75505,383.93252,0.83251,0.0,0.0,0.0,236.67915,408.11524,0.74375,292.3,53.0,37.0,78.0,0.0,87.0,9.0,0.0,idle,53.61666666666667,0.15
2026-02-02 04:10:00,474.01286,333,374.0,144.0,243.46011,379.03565,0.82809,0.0,0.0,0.0,233.74516,403.34767,0.74591,292.27478,53.0,37.0,78.0,0.0,87.0,9.0,0.0,idle,53.61666666666667,0.15
2026-02-02 04:15:00,494.04649,333,374.0,144.0,252.71593,392.41091,0.82586,0.0,0.0,0.0,243.31605,418.06009,0.74558,292.10831,53.0,37.0,78.0,0.0,87.0,9.0,0.0,idle,53.61666666666667,0.15
2026-02-02 04:20:00,458.70922,333,374.0,144.0,232.44129,375.70833,0.79943,0.0,0.0,0.0,224.30497,407.23403,0.70697,292.1,53.0,37.0,78.0,0.0,87.0,9.0,0.0,idle,53.61666666666667,0.15
2026-02-02 04:25:00,448.03344,333,374.0,144.0,229.08861,372.63223,0.79194,0.0,0.0,0.0,219.2065,401.67196,0.7059,292.05083,53.0,37.0,78.0,0.0,87.0,9.0,0.0,idle,53.61666666666667,0.15
2026-02-02 04:30:00,491.409,333,374.0,144.0,252.38713,402.88291,0.80485,0.0,0.0,0.0,241.2062,428.81505,0.72336,292.0,53.0,37.0,78.0,0.0,87.0,9.0,0.0,idle,53.61666666666667,0.15
2026-02-02 04:35:00,456.55803,333,374.0,144.0,220.04159,419.26274,0.68021,0.0,0.0,0.0,240.04553,468.75684,0.65924,291.88792,53.0,37.0,78.0,0.0,87.0,9.0,0.0,idle,53.61666666666667,0.15
2026-02-02 04:40:00,470.72273,333,374.0,144.0,230.03195,456.05154,0.65054,0.0,0.0,0.0,240.80342,498.92374,0.62351,291.8,53.0,37.0,78.0,0.0,87.0,9.0,0.0,idle,53.61666666666667,0.15
2026-02-02 04:45:00,510.69928,333,374.0,144.0,252.44747,487.83356,0.66535,0.0,0.0,0.0,255.92105,524.63293,0.62904,291.8,53.0,37.0,78.0,0.0,87.0,9.0,0.0,idle,53.61666666666667,0.15
2026-02-02 04:50:00,527.45255,333,374.0,144.0,263.06183,503.74919,0.67767,0.0,0.0,0.0,266.00383,540.70113,0.63278,291.8,53.0,37.0,78.0,0.0,87.0,9.0,0.0,idle,53.61666666666667,0.15
2026-02-02 04:55:00,489.83317,333,374.0,144.0,235.89038,469.65149,0.64225,0.0,0.0,0.0,255.44761,521.54229,0.63039,291.78961,53.0,37.0,78.0,0.0,87.0,9.0,0.0,idle,53.61666666666667,0.15
2026-02-02 05:00:00,482.29696,333,374.0,144.0,230.33166,466.39589,0.63552,0.0,0.0,0.0,251.93637,519.17533,0.62173,291.78782,53.0,37.0,78.0,0.0,87.0,9.0,0.0,idle,53.61666666666667,0.15
2026-02-02 05:05:00,475.67635,333,374.0,144.0,228.8113,464.46674,0.6364,0.0,0.0,0.0,249.10363,516.28839,0.62262,291.83097,53.0,37.0,78.0,0.0,87.0,9.0,0.0,idle,53.61666666666667,0.15
2026-02-02 05:10:00,500.02611,333,374.0,144.0,239.77749,473.50884,0.6528,0.0,0.0,0.0,260.45975,523.21714,0.63928,291.9,53.0,37.0,78.0,0.0,87.0,9.0,0.0,idle,53.61666666666667,0.15
2026-02-02 05:15:00,491.14778,333,374.0,144.0,234.69104,470.57979,0.64598,0.0,0.0,0.0,255.04974,519.27125,0.63123,291.98822,53.0,37.0,78.0,0.0,87.0,9.0,0.0,idle,53.61666666666667,0.15
2026-02-02 05:20:00,542.81741,333,374.0,144.0,260.74283,512.04957,0.65736,0.0,0.0,0.0,282.86382,561.35475,0.6494,292.01248,53.0,37.0,78.0,0.0,87.0,9.0,0.0,idle,53.61666666666667,0.15
2026-02-02 05:25:00,605.96836,333,374.0,144.0,296.55018,547.13269,0.69644,0.0,0.0,0.0,307.13522,586.53832,0.6719,292.05035,53.0,37.0,78.0,0.0,87.0,9.0,0.0,idle,53.61666666666667,0.15
2026-02-02 05:30:00,510.38869,333,374.0,144.0,245.303,483.29336,0.65403,0.0,0.0,0.0,263.54856,530.51448,0.63759,292.1,53.0,37.0,78.0,0.0,87.0,9.0,0.0,idle,53.61666666666667,0.15
2026-02-02 05:35:00,554.27592,333,374.0,144.0,273.67703,506.97364,0.69313,0.0,0.0,0.0,276.95068,542.30765,0.65581,292.2,53.0,37.0,78.0,0.0,87.0,9.0,0.0,idle,53.61666666666667,0.15
2026-02-02 05:40:00,496.6084,333,374.0,144.0,252.78313,485.70377,0.66849,0.0,0.0,0.0,245.27433,514.38295,0.61373,292.2,53.0,37.0,78.0,0.0,87.0,9.0,0.0,idle,53.61666666666667,0.15
2026-02-02 05:45:00,500.76892,333,374.0,144.0,253.67766,485.66557,0.67254,0.0,0.0,0.0,248.04434,514.42726,0.6217,292.27993,53.0,37.0,78.0,0.0,87.0,9.0,0.0,idle,53.61666666666667,0.15
2026-02-02 05:50:00,554.43529,333,374.0,144.0,269.77054,511.6712,0.67906,0.0,0.0,0.0,282.51339,553.23041,0.65669,299.45872,53.0,37.0,78.0,0.0,87.0,9.0,0.41641,Ballast,53.61666666666667,0.15
2026-02-02 05:55:00,554.45591,333,374.0,144.0,270.51822,515.44593,0.67577,0.0,0.0,0.0,283.83884,557.12129,0.65296,131.15627,53.0,37.0,78.0,0.0,87.0,9.0,1.97631,Ballast,53.61666666666667,0.15
2026-02-02 06:00:00,552.52748,333,374.0,144.0,269.17452,511.48302,0.67436,0.0,0.0,0.0,283.88768,554.12008,0.65803,119.62794,53.0,37.0,78.0,0.0,87.0,9.0,4.5262,Ballast,53.61666666666667,0.15
2026-02-02 06:05:00,510.65316,333,374.0,144.0,246.72804,461.54357,0.6926,0.0,0.0,0.0,262.89421,505.74064,0.66906,116.57597,53.0,37.0,78.0,0.0,87.0,8.32964,6.41351,Ballast,53.61666666666667,0.13882733333333333
2026-02-02 06:10:00,519.03333,333,374.0,144.0,257.91686,432.28594,0.76676,0.0,0.0,0.0,260.66613,466.03971,0.72029,117.18779,53.0,37.0,78.0,0.0,87.0,7.60688,8.50295,Ballast,53.61666666666667,0.12678133333333333
2026-02-02 06:15:00,518.57596,333,374.0,144.0,261.29587,432.05291,0.77599,0.0,0.0,0.0,256.91233,462.48863,0.71461,119.97172,53.0,36.2232,78.0,0.0,87.0,5.71467,9.6962,Ballast,53.60372,0.0952445
2026-02-02 06:20:00,517.26423,333,374.0,144.0,260.69884,431.72019,0.77907,0.0,0.0,0.0,257.06227,463.38676,0.71482,118.9811,53.0,36.0,78.0,0.0,87.0,4.72728,9.9675,Ballast,53.6,0.07878800000000001
2026-02-02 06:25:00,514.1935,333,374.0,144.0,260.09384,434.06306,0.77078,0.0,0.0,0.0,254.5599,463.22715,0.70385,118.21742,53.0,36.0,78.0,0.0,87.0,3.69653,10.27193,Ballast,53.6,0.061608833333333335
2026-02-02 06:30:00,519.20854,333,374.0,144.16117,261.3693,437.13035,0.76916,0.0,0.0,0.0,257.58965,466.46279,0.71139,120.00251,53.0,35.42787,78.0,0.0,87.0,2.65596,10.39005,Ballast,53.5904645,0.044266
2026-02-02 06:35:00,497.97172,333,374.0,145.0,251.14712,425.42433,0.76337,0.0,0.0,0.0,245.64088,454.13006,0.69652,105.83348,53.0,35.0,78.0,0.0,87.0,0.51132,10.64836,Ballast,53.583333333333336,0.008522
2026-02-02 06:40:00,511.83808,333,374.0,145.0,259.47582,436.05182,0.76623,0.0,0.0,0.0,253.21476,462.63023,0.70491,98.92544,53.0,35.0,78.0,0.0,75.25917,0.0,10.7978,Ballast,53.583333333333336,0.0
2026-02-02 06:45:00,519.45358,333,374.0,145.0,262.45896,436.44681,0.77348,0.0,0.0,0.0,257.20549,463.06685,0.7129,102.36859,53.0,35.0,78.0,0.0,69.0,0.83859,11.01451,Ballast,53.583333333333336,0.0139765
2026-02-02 06:50:00,507.88143,333,374.0,145.0,256.62643,430.97936,0.76543,0.0,0.0,0.0,251.08709,458.75763,0.70304,109.8847,53.0,34.41294,78.0,0.0,69.0,2.14865,10.65865,Ballast,53.573549,0.03581083333333333
2026-02-02 06:55:00,492.34103,333,374.0,145.0,248.78114,419.34587,0.76355,0.0,0.0,0.0,243.3252,451.03224,0.69293,123.74558,53.0,34.0,78.0,0.0,69.0,4.0,8.95569,Ballast,53.56666666666667,0.06666666666666667
2026-02-02 07:00:00,484.75898,333,374.0,145.0,244.56038,416.3946,0.75571,0.0,0.0,0.0,240.06869,446.39338,0.69308,128.58677,53.0,33.79623,78.0,0.0,69.0,4.96091,9.04581,Ballast,53.5632705,0.08268183333333333
2026-02-02 07:05:00,477.66913,333,374.0,145.0,240.18517,411.38642,0.75446,0.0,0.0,0.0,236.91816,439.76757,0.69361,125.63938,53.0,33.0,78.0,0.0,69.0,5.67019,9.0851,Ballast,53.55,0.09450316666666667
2026-02-02 07:10:00,500.81873,333,374.0,145.0,253.33977,427.20816,0.76151,0.0,0.0,0.0,247.1568,455.53602,0.69575,121.85878,53.0,33.0,78.0,0.0,69.0,6.50525,9.96519,Ballast,53.55,0.10842083333333334
2026-02-02 07:15:00,514.32817,333,374.0,145.0,261.63571,434.16245,0.77609,0.0,0.0,0.0,253.89714,462.35321,0.70826,114.94792,53.0,32.0,78.0,0.0,69.0,8.58634,10.46943,Ballast,53.53333333333333,0.14310566666666666
2026-02-02 07:20:00,505.7044,333,374.0,145.0,255.49995,428.54807,0.76528,0.0,0.0,0.0,248.82449,457.32283,0.70152,95.51919,53.0,32.0,78.0,0.0,69.0,9.69628,10.51408,Ballast,53.53333333333333,0.16160466666666667
2026-02-02 07:25:00,503.94787,333,374.0,145.0,255.84413,426.97183,0.77282,0.0,0.0,0.0,248.80019,457.28473,0.69924,89.06979,53.0,32.0,78.0,0.0,69.0,10.88,10.7013,Ballast,53.53333333333333,0.18133333333333335
2026-02-02 07:30:00,500.09213,333,374.0,145.0,252.76027,423.55631,0.76721,0.0,0.0,0.0,246.25624,453.42576,0.69608,84.83989,53.0,32.0,78.0,0.0,69.0,12.19708,10.76001,Ballast,53.53333333333333,0.20328466666666667
2026-02-02 07:35:00,520.67297,333,374.0,145.0,262.17545,433.28844,0.77799,0.0,0.0,0.0,259.03749,464.73443,0.71169,58.04879,53.0,32.99269,78.0,0.0,69.0,14.37292,11.0,Ballast,53.549878166666666,0.2395486666666667
2026-02-02 07:40:00,524.43203,333,374.0,145.0,262.91713,434.26381,0.77673,0.0,0.0,0.0,259.97166,466.47649,0.71491,53.25818,53.0,33.0,78.0,0.0,69.0,15.30706,10.96427,Ballast,53.55,0.2551176666666667
2026-02-02 07:45:00,509.28562,333,374.0,145.0,257.433,428.60465,0.76798,0.0,0.0,0.0,251.39624,456.68078,0.70804,54.47128,53.0,33.76565,78.0,0.0,69.0,16.27134,11.06019,Ballast,53.562760833333336,0.27118899999999996
2026-02-02 07:50:00,503.54506,333,374.0,145.0,256.04697,426.95222,0.76955,0.0,0.0,0.0,249.04648,455.99945,0.7025,48.12527,53.0,34.0,78.0,0.0,69.0,17.15048,11.04942,Ballast,53.56666666666667,0.28584133333333334
2026-02-02 07:55:00,534.29972,333.0618,374.0,145.0,269.04018,441.44315,0.78266,0.0,0.0,0.0,264.98096,472.00721,0.72254,45.55069,53.0,35.07049,78.0,0.0,69.0,18.89769,11.2,Ballast,53.584508166666666,0.3149615
2026-02-02 08:00:00,502.94864,334,374.0,145.0,254.1107,428.83319,0.76413,0.0,0.0,0.0,248.63137,457.41996,0.69577,45.1896,53.0,36.0,78.0,0.0,69.0,19.69093,11.09116,Ballast,53.6,0.3281821666666667
2026-02-02 08:05:00,501.91825,334,374.0,145.0,254.13347,429.1394,0.76451,0.0,0.0,0.0,248.19764,456.82789,0.69781,45.21194,53.0,36.32201,78.0,0.0,69.0,20.42619,11.01712,Ballast,53.605366833333335,0.3404365
2026-02-02 08:10:00,480.2251,334,374.0,145.0,241.62878,414.33042,0.75299,0.0,0.0,0.0,238.36862,444.96587,0.68752,44.65291,53.0,37.0,78.0,0.0,69.0,21.08555,10.22291,Ballast,53.61666666666667,0.3514258333333334
2026-02-02 08:15:00,488.24162,334,374.0,145.0,246.30711,419.57109,0.75615,0.0,0.0,0.0,242.05074,449.92558,0.69081,113.18996,53.0,38.0,78.0,0.0,69.0,22.0,7.07839,Idle,53.63333333333333,0.36666666666666664
2026-02-02 08:20:00,479.45922,334,374.0,145.0,241.98092,414.58006,0.75027,0.0,0.0,0.0,238.8254,446.16813,0.68573,41.24609,53.0,38.25271,78.0,0.0,69.0,22.0,7.59243,Idle,53.63754516666667,0.36666666666666664
2026-02-02 08:25:00,487.44788,334,374.0,145.0,245.66818,418.52865,0.75182,0.0,0.0,0.0,241.86965,449.19438,0.69158,43.35501,53.0,39.0,78.0,0.0,69.0,22.11122,8.29451,Idle,53.65,0.36852033333333334
2026-02-02 08:30:00,488.95181,334,374.0,145.0,247.57556,419.52211,0.75576,0.0,0.0,0.0,242.92122,450.54396,0.6944,43.45864,53.0,39.17429,78.0,0.0,69.0,23.0,8.68576,Idle,53.65290483333333,0.38333333333333336
2026-02-02 08:35:00,497.25521,334,374.0,145.0,250.32538,421.59326,0.76475,0.0,0.0,0.0,244.89151,453.75723,0.6931,53.35514,53.0,40.03114,78.0,0.0,69.0,24.0,8.45352,Idle,53.66718566666667,0.4
2026-02-02 08:40:00,487.29542,334,374.0,145.0,246.15295,417.8287,0.75974,0.0,0.0,0.0,239.72748,448.96323,0.68654,55.173,53.0,41.0,78.0,0.0,69.0,24.56565,8.46601,Idle,53.68333333333333,0.4094275
2026-02-02 08:45:00,479.30821,334,374.0,145.0,213.67058,375.73057,0.67455,0.0,0.0,0.0,264.03546,485.45516,0.69423,64.24128,53.0,41.0,78.0,0.0,69.0,25.0406,8.03656,Idle,53.68333333333333,0.41734333333333334
2026-02-02 08:50:00,478.02936,334,374.0,145.0,0.0,0.0,0.0,0.0,0.0,0.0,476.91602,853.31721,0.72009,70.28998,53.0,41.3026,78.0,0.0,69.0,26.0,7.53831,Idle,53.68837666666667,0.43333333333333335
2026-02-02 08:55:00,498.55408,334,374.0,145.0,0.0,0.0,0.0,0.0,0.0,0.0,497.12371,877.72544,0.73177,79.70691,53.0,42.0,78.0,0.0,69.0,27.0,5.54402,Idle,53.7,0.45
2026-02-02 09:00:00,492.56023,334,374.0,145.0,0.0,0.0,0.0,0.0,0.0,0.0,492.71988,870.0915,0.72751,98.99658,53.0,42.0,78.0,0.0,69.0,27.70033,4.44192,Idle,53.7,0.46167216666666666
2026-02-02 09:05:00,456.99111,334,374.0,145.0,0.0,0.0,0.0,0.0,0.0,0.0,455.13414,725.49776,0.80686,105.42263,53.0,42.0,78.0,0.0,69.0,28.0,3.56164,Idle,53.7,0.4666666666666667
2026-02-02 09:10:00,434.31095,334,374.0,145.0,0.0,0.0,0.0,0.0,0.0,0.0,435.42325,699.16222,0.80029,104.61933,53.0,42.0,78.0,0.0,69.0,28.29148,3.39965,Idle,53.7,0.47152466666666665
2026-02-02 09:15:00,434.02553,334,374.0,145.0,0.0,0.0,0.0,0.0,0.0,0.0,432.39709,692.91899,0.80336,104.97817,53.0,42.0,78.0,0.0,69.0,29.0,3.11186,Idle,53.7,0.48333333333333334
2026-02-02 09:20:00,435.95654,334,374.0,145.0,0.0,0.0,0.0,0.0,0.0,0.0,436.75879,695.9149,0.80646,103.88761,53.0,42.0,78.0,0.0,69.0,29.53799,3.13208,Idle,53.7,0.4922998333333333
2026-02-02 09:25:00,454.4891,334,374.0,145.0,0.0,0.0,0.0,0.0,0.0,0.0,454.18943,718.96478,0.81124,102.6576,53.0,42.0,78.0,0.0,69.0,30.0,3.05919,Idle,53.7,0.5
2026-02-02 09:30:00,452.152,334,374.0,145.0,0.0,0.0,0.0,0.0,0.0,0.0,451.00422,711.25308,0.81259,102.55517,53.0,42.0,78.0,0.0,69.0,30.0,3.08713,Idle,53.7,0.5
2026-02-02 09:35:00,450.38861,334,374.0,145.0,0.0,0.0,0.0,0.0,0.0,0.0,450.1686,715.43453,0.80789,103.01461,53.0,43.0,78.0,0.0,69.0,31.0,3.04243,Idle,53.71666666666667,0.5166666666666667
2026-02-02 09:40:00,436.89524,334,374.0,145.0,0.0,0.0,0.0,0.0,0.0,0.0,436.86274,698.95798,0.80387,102.67217,53.0,43.0,78.0,0.0,69.0,31.0,3.06041,Idle,53.71666666666667,0.5166666666666667
2026-02-02 09:45:00,428.38538,334,374.0,145.7052,0.0,0.0,0.0,0.0,0.0,0.0,427.39702,688.08619,0.79836,102.56689,53.0,43.0,78.0,0.0,69.0,31.69091,3.04027,Idle,53.71666666666667,0.5281818333333334
2026-02-02 09:50:00,434.71741,334,374.0,146.0,0.0,0.0,0.0,0.0,0.0,0.0,436.03815,699.0136,0.80371,102.81831,53.0,43.0,78.0,0.0,69.0,32.0,3.03446,Idle,53.71666666666667,0.5333333333333333
2026-02-02 09:55:00,454.97756,334,374.0,146.0,0.0,0.0,0.0,0.0,0.0,0.0,452.50097,719.00561,0.81232,103.14834,53.0,43.0,78.0,0.0,69.0,32.66711,2.80793,Idle,53.71666666666667,0.5444518333333334
2026-02-02 10:00:00,465.49243,334,374.0,146.0,0.0,0.0,0.0,0.0,0.0,0.0,465.63451,744.54824,0.80488,102.96179,53.0,43.0,78.0,0.0,69.0,33.0,2.8,Idle,53.71666666666667,0.55
2026-02-02 10:05:00,469.54889,334,374.0,146.0,0.0,0.0,0.0,0.0,0.0,0.0,470.87552,747.09991,0.8135,102.98434,53.0,43.0,78.0,0.0,69.0,33.0,2.7043,Idle,53.71666666666667,0.55
2026-02-02 10:10:00,450.08364,334,374.0,146.0,0.0,0.0,0.0,0.0,0.0,0.0,451.12283,720.16058,0.80585,102.37042,53.0,43.0,78.0,0.0,69.0,33.41069,2.78838,Idle,53.71666666666667,0.5568448333333333
2026-02-02 10:15:00,427.15151,334,374.0,146.0,0.0,0.0,0.0,0.0,0.0,0.0,428.29761,681.45043,0.80799,102.42885,53.0,43.0,78.0,0.0,69.0,34.0,2.75065,Idle,53.71666666666667,0.5666666666666667
2026-02-02 10:20:00,425.64284,334,374.0,146.0,0.0,0.0,0.0,0.0,0.0,0.0,426.17907,679.93846,0.80891,103.47076,53.0,43.0,78.0,0.0,69.0,34.14448,2.74115,Idle,53.71666666666667,0.5690746666666667
2026-02-02 10:25:00,417.66517,334,374.0,146.0,0.0,0.0,0.0,0.0,0.0,0.0,417.36744,674.39516,0.79717,102.82718,53.0,43.0,78.0,0.0,69.0,35.0,2.59412,Idle,53.71666666666667,0.5833333333333334
2026-02-02 10:30:00,427.54841,334,374.0,146.0,0.0,0.0,0.0,0.0,0.0,0.0,427.52349,683.99541,0.80236,102.94604,53.0,43.0,78.0,0.0,69.0,35.0,2.74212,Idle,53.71666666666667,0.5833333333333334
2026-02-02 10:35:00,436.3877,334,374.0,146.0,0.0,0.0,0.0,0.0,0.0,0.0,436.26807,692.19832,0.81286,103.64202,53.0,43.0,78.0,0.0,69.0,35.8253,2.73459,Idle,53.71666666666667,0.5970883333333333
2026-02-02 10:40:00,437.73423,334,374.0,146.0,0.0,0.0,0.0,0.0,0.0,0.0,435.97502,691.9411,0.81414,103.68698,53.0,43.0,78.0,0.0,69.0,36.0,2.55376,Idle,53.71666666666667,0.6
2026-02-02 10:45:00,428.12268,334,374.0,146.0,0.0,0.0,0.0,0.0,0.0,0.0,429.22012,686.84214,0.80611,103.15693,53.0,43.0,78.0,0.0,69.0,36.0,2.58338,Idle,53.71666666666667,0.6
2026-02-02 10:50:00,435.35455,334,374.0,146.0,0.0,0.0,0.0,0.0,0.0,0.0,435.67322,693.8324,0.81064,102.21419,53.0,43.74559,78.0,0.0,69.0,36.37246,2.78072,Idle,53.729093166666665,0.6062076666666666
2026-02-02 10:55:00,421.13534,334,374.0,146.0,0.0,0.0,0.0,0.0,0.0,0.0,419.45247,660.95245,0.81437,102.90357,53.0,44.0,78.0,0.0,69.0,37.0,2.63043,Idle,53.733333333333334,0.6166666666666667
2026-02-02 11:00:00,420.66996,334,374.0,146.0,0.0,0.0,0.0,0.0,0.0,0.0,421.20476,663.28006,0.81751,102.31233,53.0,44.0,78.0,0.0,69.0,37.00951,2.72608,Idle,53.733333333333334,0.6168251666666666
2026-02-02 11:05:00,422.39625,334,374.0,146.0,0.0,0.0,0.0,0.0,0.0,0.0,423.07145,668.78701,0.81413,102.83066,53.0,44.0,78.0,0.0,69.0,38.0,2.54581,Idle,53.733333333333334,0.6333333333333333
2026-02-02 11:10:00,444.19734,334,374.0,146.0,0.0,0.0,0.0,0.0,0.0,0.0,444.70703,704.31869,0.81459,102.36073,53.0,44.0,78.0,0.0,69.0,38.0,2.61485,Idle,53.733333333333334,0.6333333333333333
2026-02-02 11:15:00,449.42042,334,374.0,146.0,0.0,0.0,0.0,0.0,0.0,0.0,449.14166,708.10878,0.81513,103.15738,53.0,44.0,78.0,0.0,69.0,38.44124,2.35124,Idle,53.733333333333334,0.6406873333333334
2026-02-02 11:20:00,454.62723,334,374.0,146.0,0.0,0.0,0.0,0.0,0.0,0.0,455.3035,720.14393,0.81488,102.87267,53.0,44.0,78.0,0.0,69.0,39.0,2.39138,Idle,53.733333333333334,0.65
2026-02-02 11:25:00,426.22735,334,374.0,146.0,0.0,0.0,0.0,0.0,0.0,0.0,425.68917,682.33458,0.80337,103.77376,53.0,44.0,78.0,0.0,69.0,39.0,2.42399,Idle,53.733333333333334,0.65
2026-02-02 11:30:00,406.07497,334,374.0,146.0,0.0,0.0,0.0,0.0,0.0,0.0,405.04215,652.89863,0.79914,104.41939,53.0,44.0,78.0,0.0,69.0,39.0,2.25347,Idle,53.733333333333334,0.65
2026-02-02 11:35:00,410.86962,334,374.0,146.0,0.0,0.0,0.0,0.0,0.0,0.0,411.04719,656.95087,0.80271,103.8469,53.0,44.0,78.0,0.0,69.0,40.0,2.39163,Idle,53.733333333333334,0.6666666666666666
2026-02-02 11:40:00,425.92641,334,374.0,146.0,0.0,0.0,0.0,0.0,0.0,0.0,425.62165,673.63822,0.81223,103.91111,53.0,44.0,78.0,0.0,69.0,40.0,2.27665,Idle,53.733333333333334,0.6666666666666666
2026-02-02 11:45:00,432.7303,334,374.0,146.0,0.0,0.0,0.0,0.0,0.0,0.0,434.12505,683.66234,0.81645,103.40419,53.0,44.0,78.0,0.0,69.0,40.0,2.37274,Idle,53.733333333333334,0.6666666666666666
2026-02-02 11:50:00,409.70687,334,374.0,146.0,0.0,0.0,0.0,0.0,0.0,0.0,409.9671,655.36465,0.80398,104.68807,53.0,44.0,78.0,0.0,69.0,40.84099,2.1693,Idle,53.733333333333334,0.6806831666666666
2026-02-02 11:55:00,424.67639,334,374.0,146.0,0.0,0.0,0.0,0.0,0.0,0.0,424.53621,681.74595,0.79884,104.94485,53.0,44.0,78.0,0.0,69.0,41.0,2.15867,Idle,53.733333333333334,0.6833333333333333
2026-02-02 12:00:00,435.55629,334,374.0,146.0,0.0,0.0,0.0,0.0,0.0,0.0,436.00383,691.32512,0.80983,104.44647,53.0,44.0,78.0,0.0,69.0,41.0,2.20231,Idle,53.733333333333334,0.6833333333333333
2026-02-02 12:05:00,428.62041,334,374.0,146.9662,0.0,0.0,0.0,0.0,0.0,0.0,430.34521,688.72734,0.80405,106.43135,53.0,44.0,78.0,0.0,69.0,41.73851,2.07208,Idle,53.733333333333334,0.6956418333333333
2026-02-02 12:10:00,427.17863,334,374.0,147.0,0.0,0.0,0.0,0.0,0.0,0.0,425.45857,679.65188,0.80414,104.67384,53.0,44.0,78.0,0.0,69.0,42.0,2.10471,Idle,53.733333333333334,0.7
2026-02-02 12:15:00,428.41721,334,374.0,147.0,0.0,0.0,0.0,0.0,0.0,0.0,429.78457,684.49771,0.80906,104.96587,53.0,44.0,78.0,0.0,69.0,42.0,2.18665,Idle,53.733333333333334,0.7
2026-02-02 12:20:00,427.32154,334,374.0,147.0,0.0,0.0,0.0,0.0,0.0,0.0,425.46325,683.22285,0.80351,104.3576,53.0,44.0,78.0,0.0,69.0,42.66102,2.13767,Idle,53.733333333333334,0.711017
2026-02-02 12:25:00,411.95801,334,374.0,147.0,0.0,0.0,0.0,0.0,0.0,0.0,411.04616,665.17753,0.79455,104.88118,53.0,44.0,78.0,0.0,69.0,43.0,2.22813,Idle,53.733333333333334,0.7166666666666667
2026-02-02 12:30:00,424.79593,334,374.0,147.0,0.0,0.0,0.0,0.0,0.0,0.0,425.40648,682.13435,0.80255,104.40519,53.0,44.0,78.0,0.0,69.0,43.0,2.25382,Idle,53.733333333333334,0.7166666666666667
2026-02-02 12:35:00,431.24375,334,374.0,147.0,0.0,0.0,0.0,0.0,0.0,0.0,429.7101,685.05112,0.80667,100.67815,53.0,44.0,78.0,0.0,69.0,43.57971,1.97872,Idle,53.733333333333334,0.7263284999999999
2026-02-02 12:40:00,442.32805,334,374.0,147.0,0.0,0.0,0.0,0.0,0.0,0.0,440.25462,697.70479,0.81278,88.96401,53.0,44.0,78.0,0.0,69.0,44.0,2.39083,Idle,53.733333333333334,0.7333333333333333
2026-02-02 12:45:00,427.80195,334,374.0,147.0,0.0,0.0,0.0,0.0,0.0,0.0,427.53112,683.98904,0.80362,89.29356,53.0,44.0,78.0,0.0,69.0,44.0,2.60486,Idle,53.733333333333334,0.7333333333333333
2026-02-02 12:50:00,417.81058,334,374.0,147.0,0.0,0.0,0.0,0.0,0.0,0.0,415.94315,669.51261,0.80259,90.85146,53.0,44.0,78.0,0.0,69.0,44.0,2.48802,Idle,53.733333333333334,0.7333333333333333
2026-02-02 12:55:00,426.23617,334,374.0,147.0,0.0,0.0,0.0,0.0,0.0,0.0,427.85609,681.86131,0.80753,99.65844,53.0,44.0,78.0,0.0,69.0,45.0,2.34401,Idle,53.733333333333334,0.75
2026-02-02 13:00:00,432.31767,334,374.0,147.0,105.8602,167.56722,0.42329,0.0,0.0,0.0,327.86052,522.89296,0.79613,99.59105,53.0,44.0,78.0,0.0,69.0,45.0,2.27641,Idle,53.733333333333334,0.75
2026-02-02 13:05:00,455.20436,334,374.0,147.0,239.47515,384.21618,0.80809,0.0,0.0,0.0,217.87668,402.64119,0.70488,98.92856,53.0,44.0,78.0,0.0,69.0,45.0,2.1425,Idle,53.733333333333334,0.75
2026-02-02 13:10:00,461.98373,334,374.0,147.0,239.947,403.23781,0.76585,0.0,0.0,0.0,223.4111,430.43174,0.6699,91.78266,53.0,44.0,78.0,0.0,69.0,45.941,2.32096,Idle,53.733333333333334,0.7656833333333334
2026-02-02 13:15:00,455.76903,334,374.0,147.0,236.447,402.5877,0.75615,0.0,0.0,0.0,219.10258,426.22508,0.66169,92.94473,53.0,44.0474,78.0,0.0,69.0,46.0,2.45169,Idle,53.734123333333336,0.7666666666666667
2026-02-02 13:20:00,465.31777,334,374.0,147.0,238.5974,405.60612,0.75767,0.0,0.0,0.0,224.40809,429.77986,0.67148,92.88684,53.0,44.29832,78.0,0.0,69.0,46.38097,2.45169,Idle,53.73830533333334,0.7730161666666666
2026-02-02 13:25:00,567.9666,334,374.0,147.0,291.16578,466.86783,0.79657,0.0,0.0,0.0,282.06384,491.74263,0.73456,91.51067,53.0,44.0,78.0,0.0,69.0,47.0,2.49058,Idle,53.733333333333334,0.7833333333333333
2026-02-02 13:30:00,623.44612,334,374.0,147.0,316.75825,496.23096,0.82014,0.0,0.0,0.0,306.96764,519.29142,0.75983,91.66574,53.0,44.0,78.0,0.0,69.0,47.0,2.55401,Idle,53.733333333333334,0.7833333333333333
2026-02-02 13:35:00,653.27888,334,374.0,147.0,320.51515,504.20684,0.81626,0.0,0.0,0.0,333.40092,548.70478,0.78316,89.2628,53.0,44.0,78.0,0.0,69.0,48.0,2.84961,Idle,53.733333333333334,0.8
2026-02-02 13:40:00,633.21761,334,374.0,147.0,309.8592,492.64726,0.80905,0.0,0.0,0.0,324.11715,537.66436,0.77526,80.84864,53.0,44.0,78.0,0.0,69.0,48.0,2.8,Idle,53.733333333333334,0.8
2026-02-02 13:45:00,632.99754,334,374.0,147.0,309.60991,490.65084,0.81503,0.0,0.0,0.0,322.57457,534.92339,0.77838,80.54615,53.0,44.74502,78.0,0.0,69.0,48.0,2.92218,Idle,53.74575033333333,0.8
2026-02-02 13:50:00,637.20763,334,374.0,147.0,312.64402,494.36436,0.81525,0.0,0.0,0.0,326.73495,539.25999,0.78166,81.047,53.0,45.0,78.0,0.0,69.0,48.92321,2.87231,Idle,53.75,0.8153868333333333
2026-02-02 13:55:00,622.7866,334,374.0,147.0,312.91087,493.67209,0.81613,0.0,0.0,0.0,311.9896,524.83864,0.76707,80.62497,53.0,45.0,78.0,0.0,69.0,49.0,2.82436,Idle,53.75,0.8166666666666667
2026-02-02 14:00:00,627.78798,334,374.0,147.0,321.92704,504.03737,0.82272,0.0,0.0,0.0,305.60843,519.84726,0.75571,80.69028,53.0,45.0,78.0,0.0,69.0,49.8009,2.87256,Idle,53.75,0.830015
2026-02-02 14:05:00,622.73345,334,374.0,147.0,314.30271,495.29876,0.81475,0.0,0.0,0.0,310.02018,522.68008,0.76506,80.6264,53.0,45.0,78.0,0.0,69.0,50.0,2.9909,Idle,53.75,0.8333333333333334
2026-02-02 14:10:00,625.16273,334,374.0,147.0,304.28378,485.00202,0.80822,0.0,0.0,0.0,319.99782,530.60999,0.77659,80.82109,53.0,45.0,78.0,0.0,69.0,50.0,2.84356,Idle,53.75,0.8333333333333334
2026-02-02 14:15:00,624.34161,334,374.0,147.0,311.6688,493.53237,0.81257,0.0,0.0,0.0,315.32975,525.3999,0.77203,80.1709,53.0,45.0,78.0,0.0,69.0,51.0,2.95476,Idle,53.75,0.85
2026-02-02 14:20:00,646.11481,334,374.0,147.0,322.81398,507.38018,0.81596,0.0,0.0,0.0,320.12937,534.07744,0.77074,79.89562,53.0,45.0,78.0,0.0,69.0,51.0,3.41688,Idle,53.75,0.85
2026-02-02 14:25:00,638.81915,334,374.0,147.0,308.54656,491.74604,0.80583,0.0,0.0,0.0,329.41391,539.82136,0.78329,80.20178,53.0,45.0,78.0,0.0,69.0,51.9911,4.8567,Idle,53.75,0.8665183333333334
2026-02-02 14:30:00,650.149,334,374.0,147.0,325.13664,510.0478,0.81845,0.0,0.0,0.0,326.20796,537.22965,0.78002,79.91913,53.0,45.0,78.0,0.0,69.0,52.29967,5.90686,Idle,53.75,0.8716611666666666
2026-02-02 14:35:00,630.82792,334,374.0,147.0,324.97266,505.02663,0.82902,0.0,0.0,0.0,314.82408,523.16244,0.77521,79.5961,53.0,45.0,78.0,0.0,69.0,54.19819,10.13567,Idle,53.75,0.9033031666666667
2026-02-02 14:40:00,651.76293,334,374.0,147.0,324.47302,510.7018,0.81682,0.0,0.0,0.0,322.63351,536.38083,0.77208,80.09853,53.0,45.0,78.0,0.0,69.0,55.29991,9.10896,Idle,53.75,0.9216651666666666
2026-02-02 14:45:00,639.78117,334,374.0,147.0,331.85309,514.41509,0.82737,0.0,0.0,0.0,310.25464,519.72214,0.76476,80.32097,53.0,45.0,78.0,0.0,69.0,56.0,5.85372,Idle,53.75,0.9333333333333333
2026-02-02 14:50:00,632.90438,334,374.0,147.0,316.79187,496.36752,0.81664,0.0,0.0,0.0,313.83785,520.71936,0.77399,40.54456,53.0,45.0,78.0,0.0,69.0,56.8359,3.30922,Idle,53.75,0.947265
2026-02-02 14:55:00,601.88589,334,374.0,147.0,301.79362,468.11124,0.82794,0.0,0.0,0.0,298.47776,493.88869,0.77847,5.38008,53.0,45.0,78.0,0.0,69.0,56.25759,1.73552,Idle,53.75,0.9376265
2026-02-02 15:00:00,581.05052,334,374.0,147.80761,291.92421,450.94075,0.83043,0.0,0.0,0.0,289.77015,475.50573,0.78621,7.47866,53.0,45.0,78.0,0.0,69.0,56.0,1.6457,Idle,53.75,0.9333333333333333
2026-02-02 15:05:00,543.86953,334,374.0,148.0,269.94857,424.87968,0.81252,0.0,0.0,0.0,270.12127,452.46072,0.76111,4.14664,53.0,45.0,78.0,0.0,69.0,56.0,1.65829,Idle,53.75,0.9333333333333333
2026-02-02 15:10:00,426.62068,334,374.0,148.0,211.64683,357.63499,0.76219,0.0,0.0,0.0,214.95596,389.4248,0.70665,36.40029,53.0,45.0,78.0,0.0,69.0,56.0,1.75895,Idle,53.75,0.9333333333333333
2026-02-02 15:15:00,584.1142,334,374.0,148.0,285.62064,449.00145,0.8149,0.0,0.0,0.0,300.02112,488.18779,0.79035,78.63193,53.0,45.0,78.0,0.0,69.0,55.28304,1.79273,Idle,53.75,0.921384
2026-02-02 15:20:00,581.18905,334,374.0,148.0,283.28043,451.20558,0.80526,0.0,0.0,0.0,301.4498,494.76269,0.78063,7.25601,53.0,45.0,78.0,0.0,69.0,55.0,1.6654,Idle,53.75,0.9166666666666666
2026-02-02 15:25:00,535.03711,334,374.0,148.0,262.4971,426.37778,0.78875,0.0,0.0,0.0,270.3127,461.90983,0.74926,7.16294,53.0,45.0,78.0,0.0,69.0,55.0,1.62315,Idle,53.75,0.9166666666666666
2026-02-02 15:30:00,630.16013,334,374.0,148.0,315.19095,487.39557,0.83103,0.0,0.0,0.0,313.63202,513.81688,0.78408,3.84374,53.0,45.0,78.0,0.0,69.0,55.0,1.62912,Idle,53.75,0.9166666666666666
2026-02-02 15:35:00,594.65112,334,374.0,148.0,296.04934,461.4762,0.82524,0.0,0.0,0.0,298.40369,490.67071,0.78259,3.86762,53.0,45.0,78.0,0.0,69.0,54.60711,1.68886,Idle,53.75,0.9101184999999999
2026-02-02 15:40:00,590.19366,334,374.0,148.0,292.10539,456.11939,0.82325,0.0,0.0,0.0,297.72399,489.02162,0.78262,152.09854,53.0,45.0,78.0,0.0,69.0,54.0,1.75324,Idle,53.75,0.9
2026-02-02 15:45:00,596.50672,334.46558,374.0,148.0,296.76919,460.7594,0.83261,0.0,0.0,0.0,301.25073,492.98429,0.78574,120.93353,53.0,45.0,78.0,0.0,69.0,54.0,1.83401,Idle,53.75,0.9
2026-02-02 15:50:00,592.20038,335,374.0,148.0,293.5314,456.17277,0.83168,0.0,0.0,0.0,298.16709,488.51356,0.78516,6.49805,53.0,45.0,78.0,0.0,69.0,54.0,1.75657,Idle,53.75,0.9
2026-02-02 15:55:00,605.64626,335,374.0,148.0,302.88331,467.93377,0.82981,0.0,0.0,0.0,303.53202,496.06083,0.78501,118.6258,53.0,45.0,78.0,0.0,69.0,53.88048,1.77676,Idle,53.75,0.898008
2026-02-02 16:00:00,622.76834,335,374.0,148.0,310.01227,483.26527,0.82376,0.0,0.0,0.0,314.22034,516.62684,0.78546,5.18837,53.0,45.0,78.0,0.0,69.0,53.0,1.68421,Idle,53.75,0.8833333333333333
2026-02-02 16:05:00,513.1398,335,374.0,148.0,262.00883,427.16959,0.78562,0.0,0.0,0.0,246.63241,446.81038,0.70812,5.80899,53.0,45.0,78.0,0.0,69.0,53.0,1.42562,Idle,53.75,0.8833333333333333
2026-02-02 16:10:00,458.03711,335,374.0,148.0,237.29269,390.96118,0.78379,0.0,0.0,0.0,220.16582,409.8314,0.68868,13.18408,53.0,45.0,78.0,0.0,69.0,53.0,1.00271,Idle,53.75,0.8833333333333333
2026-02-02 16:15:00,431.17236,335,374.0,148.0,226.53631,371.79654,0.78005,0.0,0.0,0.0,203.00111,386.59627,0.67252,145.66591,53.0,45.0,78.0,0.0,69.0,53.0,1.44883,Idle,53.75,0.8833333333333333
2026-02-02 16:20:00,411.53456,335,374.0,148.0,216.24285,360.17517,0.7687,0.0,0.0,0.0,196.15407,379.81796,0.66228,24.85957,53.0,45.0,78.0,0.0,69.0,53.0,1.63177,Idle,53.75,0.8833333333333333
2026-02-02 16:25:00,411.14991,335,374.0,148.0,216.05918,359.70801,0.77161,0.0,0.0,0.0,196.46701,380.30271,0.66391,3.30381,53.0,45.0,78.0,0.0,69.0,52.37497,1.67881,Idle,53.75,0.8729161666666666
2026-02-02 16:30:00,396.78264,335,374.0,148.0,189.60718,312.75424,0.72671,0.0,0.0,0.0,207.02799,378.12708,0.70045,9.27601,53.0,45.0,78.0,0.0,69.0,52.0,1.58385,Idle,53.75,0.8666666666666667
2026-02-02 16:35:00,381.81873,335,374.0,148.0,0.0,0.0,0.0,0.0,0.0,0.0,383.82705,595.45339,0.82965,4.22539,53.0,45.0,78.0,0.0,69.0,52.0,1.71389,Idle,53.75,0.8666666666666667
2026-02-02 16:40:00,388.64676,335,374.0,148.0,0.0,0.0,0.0,0.0,0.0,0.0,387.02069,598.15738,0.83504,7.97718,53.0,45.0,78.0,0.0,69.0,52.0,1.58038,Idle,53.75,0.8666666666666667
2026-02-02 16:45:00,389.08655,335,374.0,148.0,0.0,0.0,0.0,0.0,0.0,0.0,390.09676,601.88194,0.83384,3.90228,53.0,44.60275,78.0,0.0,69.0,52.0,1.63202,Idle,53.743379166666664,0.8666666666666667
2026-02-02 16:50:00,392.858,335,374.0,148.0,0.0,0.0,0.0,0.0,0.0,0.0,393.09977,607.88762,0.83243,193.67183,53.0,44.0,78.0,0.0,69.0,51.626,1.64722,Idle,53.733333333333334,0.8604333333333333
2026-02-02 16:55:00,400.11129,335,374.0,148.0,0.0,0.0,0.0,0.0,0.0,0.0,402.87183,624.38525,0.83136,4.2848,53.0,44.0,78.0,0.0,69.0,51.0,1.67815,Idle,53.733333333333334,0.85
2026-02-02 17:00:00,456.51128,335,374.0,148.0,0.0,0.0,0.0,0.0,0.0,0.0,456.59185,702.89447,0.83678,10.27187,53.0,44.0,78.0,0.0,69.0,51.0,1.40165,Idle,53.733333333333334,0.85
2026-02-02 17:05:00,437.64166,335,374.0,148.0,0.0,0.0,0.0,0.0,0.0,0.0,437.48567,668.0024,0.84114,30.17689,53.0,44.0,78.0,0.0,69.0,51.0,0.77784,Idle,53.733333333333334,0.85
2026-02-02 17:10:00,417.03499,335,374.0,148.0,0.0,0.0,0.0,0.0,0.0,0.0,415.37543,637.41397,0.84081,34.74169,53.0,44.0,78.0,0.0,69.0,51.0,0.87672,Idle,53.733333333333334,0.85
2026-02-02 17:15:00,397.98005,335,374.0,148.0,0.0,0.0,0.0,0.0,0.0,0.0,397.95263,613.34173,0.83547,23.17938,53.0,44.0,78.0,0.0,69.0,51.0,1.08907,Idle,53.733333333333334,0.85
2026-02-02 17:20:00,406.36034,335,374.0,148.0,0.0,0.0,0.0,0.0,0.0,0.0,406.11296,620.10185,0.84642,23.07578,53.0,44.0,78.0,0.0,69.0,50.49711,1.11477,Idle,53.733333333333334,0.8416184999999999
2026-02-02 17:25:00,399.33057,335,374.0,148.0,0.0,0.0,0.0,0.0,0.0,0.0,399.40306,611.87678,0.8426,12.3465,53.0,44.0,78.0,0.0,69.0,50.0,1.41068,Idle,53.733333333333334,0.8333333333333334
2026-02-02 17:30:00,396.03855,335,374.0,148.0,0.0,0.0,0.0,0.0,0.0,0.0,397.15146,609.0568,0.84143,8.34673,53.0,44.0,78.0,0.0,69.0,50.0,1.4066,Idle,53.733333333333334,0.8333333333333334
2026-02-02 17:35:00,392.45192,335,374.0,148.0,0.0,0.0,0.0,0.0,0.0,0.0,392.94972,607.12925,0.83455,11.51922,53.0,44.0,78.0,0.0,69.0,50.0,1.38592,Idle,53.733333333333334,0.8333333333333334
2026-02-02 17:40:00,393.9091,335,374.0,148.0,0.0,0.0,0.0,0.0,0.0,0.0,392.82552,604.70399,0.83684,11.59633,53.0,44.0,78.0,0.0,69.0,50.0,1.46759,Idle,53.733333333333334,0.8333333333333334
2026-02-02 17:45:00,390.08047,335,374.0,148.0,0.0,0.0,0.0,0.0,0.0,0.0,389.9288,601.20845,0.83389,9.32647,53.0,44.0,78.0,0.0,69.0,50.0,1.44816,Idle,53.733333333333334,0.8333333333333334
2026-02-02 17:50:00,388.69601,335,374.0,148.0,0.0,0.0,0.0,0.0,0.0,0.0,388.23983,600.28105,0.83441,14.11747,53.0,44.0,78.0,0.0,69.0,49.33171,1.34566,Idle,53.733333333333334,0.8221951666666667
2026-02-02 17:55:00,399.57958,335,374.0,148.0,0.0,0.0,0.0,0.0,0.0,0.0,398.36969,613.72471,0.83426,6.79203,53.0,44.0,78.0,0.0,69.0,49.0,1.48698,Idle,53.733333333333334,0.8166666666666667
2026-02-02 18:00:00,419.21645,335,374.0,148.56255,0.0,0.0,0.0,0.0,0.0,0.0,423.48273,655.2031,0.83184,11.46051,53.0,44.0,78.0,0.0,69.0,49.0,1.41504,Idle,53.733333333333334,0.8166666666666667
2026-02-02 18:05:00,449.03274,335,374.0,149.0,0.0,0.0,0.0,0.0,0.0,0.0,448.89459,686.11752,0.84319,26.2581,53.0,44.0,78.0,0.0,69.0,49.0,1.01725,Idle,53.733333333333334,0.8166666666666667
2026-02-02 18:10:00,437.33699,335,374.0,149.0,0.0,0.0,0.0,0.0,0.0,0.0,437.26799,663.94381,0.84717,28.26748,53.0,44.0,78.0,0.0,69.0,49.0,0.87171,Idle,53.733333333333334,0.8166666666666667
2026-02-02 18:15:00,382.8112,335,374.0,149.0,0.0,0.0,0.0,0.0,0.0,0.0,383.50573,591.30412,0.83241,18.742,53.0,44.0,78.0,0.0,69.0,48.84866,1.13046,Idle,53.733333333333334,0.8141443333333334
2026-02-02 18:20:00,382.37122,335,374.0,149.0,0.0,0.0,0.0,0.0,0.0,0.0,383.13119,593.30044,0.83209,13.92239,53.0,44.0,78.0,0.0,69.0,48.0,1.2019,Idle,53.733333333333334,0.8
2026-02-02 18:25:00,392.08461,335,374.0,149.0,0.0,0.0,0.0,0.0,0.0,0.0,391.03691,599.49102,0.83679,13.4128,53.0,44.0,78.0,0.0,69.0,48.0,1.31208,Idle,53.733333333333334,0.8
2026-02-02 18:30:00,393.26572,335,374.0,149.0,0.0,0.0,0.0,0.0,0.0,0.0,394.26915,605.95276,0.84141,13.9053,53.0,44.0,78.0,0.0,69.0,48.0,1.32583,Idle,53.733333333333334,0.8
2026-02-02 18:35:00,396.86232,335,374.0,149.0,0.0,0.0,0.0,0.0,0.0,0.0,396.8839,611.79195,0.83741,14.21685,53.0,44.0,78.0,0.0,69.0,48.0,1.31076,Idle,53.733333333333334,0.8
2026-02-02 18:40:00,402.18888,335,374.0,149.0,0.0,0.0,0.0,0.0,0.0,0.0,401.6291,621.56868,0.8334,13.95519,53.0,44.0,78.0,0.0,69.0,48.0,1.31214,Idle,53.733333333333334,0.8
2026-02-02 18:45:00,393.92079,335,374.0,149.0,0.0,0.0,0.0,0.0,0.0,0.0,392.38485,610.59461,0.82817,13.60847,53.0,44.0,78.0,0.0,69.0,47.48292,1.34069,Idle,53.733333333333334,0.791382
2026-02-02 18:50:00,387.69363,335,374.0,149.0,0.0,0.0,0.0,0.0,0.0,0.0,388.44943,604.52581,0.82731,13.03536,53.0,44.0,78.0,0.0,69.0,47.0,1.31309,Idle,53.733333333333334,0.7833333333333333
2026-02-02 18:55:00,395.15847,335,374.0,149.0,0.0,0.0,0.0,0.0,0.0,0.0,394.64585,609.21268,0.83512,12.65615,53.0,44.0,78.0,0.0,69.0,47.0,1.34346,Idle,53.733333333333334,0.7833333333333333
2026-02-02 19:00:00,393.48374,335,374.0,149.0,0.0,0.0,0.0,0.0,0.0,0.0,394.95559,612.07001,0.82998,13.35308,53.0,44.0,78.0,0.0,69.0,47.0,1.35241,Idle,53.733333333333334,0.7833333333333333
2026-02-02 19:05:00,448.53743,335,374.0,149.0,0.0,0.0,0.0,0.0,0.0,0.0,449.1738,696.54597,0.83345,16.54855,53.0,44.0,78.0,0.0,69.0,47.0,1.63396,Idle,53.733333333333334,0.7833333333333333
2026-02-02 19:10:00,428.03031,335,374.0,149.0,0.0,0.0,0.0,0.0,0.0,0.0,427.5788,658.11467,0.83556,29.68702,53.0,44.0,78.0,0.0,69.0,47.0,1.37194,Idle,53.733333333333334,0.7833333333333333
2026-02-02 19:15:00,382.86772,335,374.0,149.0,0.0,0.0,0.0,0.0,0.0,0.0,382.8554,592.37701,0.83096,17.44676,53.0,44.0,78.0,0.0,69.0,46.0,1.48379,Idle,53.733333333333334,0.7666666666666667
2026-02-02 19:20:00,368.76087,335,374.0,149.0,0.0,0.0,0.0,0.0,0.0,0.0,368.14397,572.83087,0.82734,15.47094,53.0,44.0,78.0,0.0,69.0,46.0,1.49807,Idle,53.733333333333334,0.7666666666666667
2026-02-02 19:25:00,373.33546,335,374.0,149.0,0.0,0.0,0.0,0.0,0.0,0.0,372.97403,580.78797,0.82789,14.16111,53.0,44.0,78.0,0.0,69.0,46.0,1.5566,Idle,53.733333333333334,0.7666666666666667
2026-02-02 19:30:00,377.79031,335,374.0,149.0,0.0,0.0,0.0,0.0,0.0,0.0,377.79879,587.10285,0.83009,11.56942,53.0,44.0,78.0,0.0,69.0,46.0,1.53433,Idle,53.733333333333334,0.7666666666666667
2026-02-02 19:35:00,384.02453,335,374.0,149.0,0.0,0.0,0.0,0.0,0.0,0.0,383.53889,590.11894,0.8379,10.546,53.0,44.0,78.0,0.0,69.0,46.0,1.53057,Idle,53.733333333333334,0.7666666666666667
2026-02-02 19:40:00,381.56935,335,374.0,149.0,0.0,0.0,0.0,0.0,0.0,0.0,380.00461,588.93056,0.82995,10.51632,53.0,44.0,78.0,0.0,69.0,45.18969,1.56653,Idle,53.733333333333334,0.7531614999999999
2026-02-02 19:45:00,372.93533,335,374.0,149.0,0.0,0.0,0.0,0.0,0.0,0.0,374.68282,581.23796,0.82889,8.8751,53.0,44.06338,78.0,0.0,69.0,45.0,1.64127,Idle,53.734389666666665,0.75
2026-02-02 19:50:00,369.7465,335,374.0,149.0,0.0,0.0,0.0,0.0,0.0,0.0,368.8948,574.93486,0.8304,8.50506,53.0,45.0,78.0,0.0,69.0,45.0,1.70489,Idle,53.75,0.75
2026-02-02 19:55:00,437.14791,335,374.0,149.0,0.0,0.0,0.0,0.0,0.0,0.0,435.33544,670.6748,0.83243,172.66594,53.0,45.0,78.0,0.0,69.0,45.0,2.0592,Idle,53.75,0.75
2026-02-02 20:00:00,401.9936,335,374.0,149.0,0.0,0.0,0.0,0.0,0.0,0.0,403.38915,624.16457,0.83296,8.18453,53.0,45.0,78.0,0.0,69.0,45.0,1.94416,Idle,53.75,0.75
2026-02-02 20:05:00,407.33764,335,374.0,149.0,0.0,0.0,0.0,0.0,0.0,0.0,408.09483,627.55445,0.83591,10.28157,53.0,45.0,78.0,0.0,69.0,44.53191,1.79698,Idle,53.75,0.7421985000000001
2026-02-02 20:10:00,393.47005,335,374.0,149.0,0.0,0.0,0.0,0.0,0.0,0.0,393.13561,603.09712,0.83935,12.30666,53.0,45.0,78.0,0.0,69.0,44.0,1.84458,Idle,53.75,0.7333333333333333
2026-02-02 20:15:00,380.7805,335,374.0,149.0,0.0,0.0,0.0,0.0,0.0,0.0,380.31437,587.51402,0.83442,12.3603,53.0,45.0,78.0,0.0,69.0,44.0,1.93059,Idle,53.75,0.7333333333333333
2026-02-02 20:20:00,372.55097,335,374.0,149.0,0.0,0.0,0.0,0.0,0.0,0.0,371.81656,577.43102,0.8295,11.77455,53.0,45.0,78.0,0.0,69.0,44.0,1.98962,Idle,53.75,0.7333333333333333
2026-02-02 20:25:00,372.91247,335,374.0,149.0,0.0,0.0,0.0,0.0,0.0,0.0,372.89482,581.33221,0.82695,5.84943,53.0,45.0,78.0,0.0,69.0,44.0,2.09509,Idle,53.75,0.7333333333333333
2026-02-02 20:30:00,379.00088,335,374.0,149.0,0.0,0.0,0.0,0.0,0.0,0.0,377.58065,588.71373,0.82817,7.00953,53.0,45.0,78.0,0.0,69.0,43.65329,2.12128,Idle,53.75,0.7275548333333333
2026-02-02 20:35:00,468.79022,335,374.0,150.0,0.0,0.0,0.0,0.0,0.0,0.0,467.31431,711.65452,0.8462,25.36821,53.0,46.0,78.0,0.0,69.0,43.0,4.1346,Idle,53.766666666666666,0.7166666666666667
2026-02-02 20:40:00,436.64916,335,374.0,150.0,0.0,0.0,0.0,0.0,0.0,0.0,436.86076,672.12646,0.83858,25.60095,53.0,46.0,78.0,0.0,69.0,43.0,5.73105,Idle,53.766666666666666,0.7166666666666667
2026-02-02 20:45:00,419.60395,335,374.0,150.0,0.0,0.0,0.0,0.0,0.0,0.0,418.64865,646.44269,0.83361,20.41709,53.0,46.47092,78.0,0.0,69.0,43.0,6.49249,Idle,53.77451533333333,0.7166666666666667
2026-02-02 20:50:00,407.92426,335,374.0,150.0,0.0,0.0,0.0,0.0,0.0,0.0,407.59157,631.0466,0.8342,26.04604,53.0,47.0,78.0,0.0,69.0,43.72701,5.04041,Idle,53.78333333333333,0.7287835
2026-02-02 20:55:00,399.33146,335,374.0,150.0,0.0,0.0,0.0,0.0,0.0,0.0,398.92,622.76556,0.82815,19.88549,53.0,47.0,78.0,0.0,69.0,43.0,2.79454,Idle,53.78333333333333,0.7166666666666667
2026-02-02 21:00:00,384.70733,335,374.0,150.0,0.0,0.0,0.0,0.0,0.0,0.0,384.3782,604.59681,0.81754,6.79796,53.0,47.61284,78.0,0.0,69.0,43.0,2.83082,Idle,53.793547333333336,0.7166666666666667
2026-02-02 21:05:00,369.80134,335,374.0,150.0,0.0,0.0,0.0,0.0,0.0,0.0,369.39287,572.68294,0.82772,6.22941,53.0,48.0,78.0,0.0,69.0,43.0,2.85593,Idle,53.8,0.7166666666666667
2026-02-02 21:10:00,378.21598,335,374.0,150.0,0.0,0.0,0.0,0.0,0.0,0.0,378.22757,582.2203,0.83526,10.22324,53.0,48.0,78.0,0.0,69.0,43.0,2.89384,Idle,53.8,0.7166666666666667
2026-02-02 21:15:00,391.67151,335,374.0,150.0,0.0,0.0,0.0,0.0,0.0,0.0,390.99956,598.4104,0.83985,10.78929,53.0,48.0,78.0,0.0,69.0,42.74724,2.88958,Idle,53.8,0.7124539999999999
2026-02-02 21:20:00,382.4044,335,374.0,150.0,0.0,0.0,0.0,0.0,0.0,0.0,381.80805,588.69465,0.83384,15.0547,53.0,48.0,78.0,0.0,69.0,42.0,2.715,Idle,53.8,0.7
2026-02-02 21:25:00,376.97016,335,374.0,150.0,0.0,0.0,0.0,0.0,0.0,0.0,376.10273,581.89207,0.8331,9.02827,53.0,48.24361,78.0,0.0,69.0,42.0,2.80001,Idle,53.804060166666666,0.7
2026-02-02 21:30:00,376.7071,335,374.0,150.0,0.0,0.0,0.0,0.0,0.0,0.0,376.76375,584.34999,0.82773,10.12616,53.0,49.0,78.0,0.0,69.0,42.0,2.78832,Idle,53.81666666666667,0.7
2026-02-02 21:35:00,384.17257,335,374.0,150.0,0.0,0.0,0.0,0.0,0.0,0.0,385.01675,589.74359,0.83836,3.52878,53.0,49.0,78.0,0.0,69.0,41.63979,3.00749,Idle,53.81666666666667,0.6939965
2026-02-02 21:40:00,388.58001,335,374.0,150.0,0.0,0.0,0.0,0.0,0.0,0.0,388.07269,596.74939,0.83814,5.5462,53.0,49.0,78.0,0.0,69.0,41.0,2.98925,Idle,53.81666666666667,0.6833333333333333
2026-02-02 21:45:00,385.15924,335,374.0,150.0,0.0,0.0,0.0,0.0,0.0,0.0,387.32869,593.32961,0.83783,1.94682,53.0,49.0,78.0,0.0,69.0,41.0,3.13268,Idle,53.81666666666667,0.6833333333333333
2026-02-02 21:50:00,387.56163,335,374.0,150.0,0.0,0.0,0.0,0.0,0.0,0.0,387.12878,595.26107,0.83454,7.35447,53.0,49.0,78.0,0.0,69.0,41.0,3.1489,Idle,53.81666666666667,0.6833333333333333
2026-02-02 21:55:00,411.10363,335,374.0,150.0,0.0,0.0,0.0,0.0,0.0,0.0,412.22341,637.26762,0.83292,87.24333,53.0,50.0,78.0,0.0,69.0,40.11924,3.4942,Idle,53.833333333333336,0.668654
2026-02-02 22:00:00,410.60864,335,374.0,150.0,0.0,0.0,0.0,0.0,0.0,0.0,410.02179,631.03759,0.83298,8.31144,53.0,50.0,78.0,0.0,69.0,40.0,3.30937,Idle,53.833333333333336,0.6666666666666666
2026-02-02 22:05:00,409.85456,335,374.0,150.0,0.0,0.0,0.0,0.0,0.0,0.0,409.99992,625.89322,0.84101,11.18633,53.0,50.0,78.0,0.0,69.0,40.0,3.25603,Idle,53.833333333333336,0.6666666666666666
2026-02-02 22:10:00,388.12804,335,374.0,150.0,0.0,0.0,0.0,0.0,0.0,0.0,387.3926,595.98047,0.83629,2.11945,53.0,50.0,78.0,0.0,69.0,40.0,3.38207,Idle,53.833333333333336,0.6666666666666666
2026-02-02 22:15:00,372.11528,335,374.0,150.0,0.0,0.0,0.0,0.0,0.0,0.0,371.48704,576.67647,0.82974,3.44764,53.0,51.0,78.0,0.0,69.0,39.0,3.51008,Idle,53.85,0.65
2026-02-02 22:20:00,383.98808,335,374.0,150.0,0.0,0.0,0.0,0.0,0.0,0.0,384.32185,589.30193,0.83786,44.00487,53.0,51.0,78.0,0.0,69.0,39.0,3.44427,Idle,53.85,0.65
2026-02-02 22:25:00,396.56691,335,374.0,150.0,0.0,0.0,0.0,0.0,0.0,0.0,395.46008,602.72558,0.84193,105.8632,53.0,51.0,78.0,0.0,69.0,39.0,3.51611,Idle,53.85,0.65
2026-02-02 22:30:00,391.39427,335,374.0,150.0,0.0,0.0,0.0,0.0,0.0,0.0,390.49762,600.74319,0.83609,215.26369,53.0,51.0,78.0,0.0,69.0,38.12889,3.52856,Idle,53.85,0.6354814999999999
2026-02-02 22:35:00,415.95773,335,374.0,150.0,0.0,0.0,0.0,0.0,0.0,0.0,417.50138,651.12375,0.82714,215.57577,53.0,51.3317,78.0,0.0,69.0,38.0,3.81125,Idle,53.85552833333333,0.6333333333333333
2026-02-02 22:40:00,460.89844,335,374.0,150.0,0.0,0.0,0.0,0.0,0.0,0.0,461.10323,705.9314,0.84298,30.28725,53.0,52.0,78.0,0.0,69.0,38.0,5.38533,Idle,53.86666666666667,0.6333333333333333
2026-02-02 22:45:00,475.67327,335,374.0,150.0,0.0,0.0,0.0,0.0,0.0,0.0,474.45914,716.50728,0.85358,87.49395,53.0,52.0,78.0,0.0,69.0,38.0,4.06149,Idle,53.86666666666667,0.6333333333333333
2026-02-02 22:50:00,440.83472,335,374.0,150.0,0.0,0.0,0.0,0.0,0.0,0.0,439.73382,670.95115,0.8455,123.36798,53.0,52.0,78.0,0.0,69.0,38.0,2.45388,Idle,53.86666666666667,0.6333333333333333
2026-02-02 22:55:00,415.51389,335,374.0,150.0,0.0,0.0,0.0,0.0,0.0,0.0,415.79875,642.1536,0.83371,123.99948,53.0,52.0,78.0,0.0,69.0,38.0,1.27738,Idle,53.86666666666667,0.6333333333333333
2026-02-02 23:00:00,411.41717,335,374.0,150.37644,0.0,0.0,0.0,0.0,0.0,0.0,412.3656,638.12891,0.83344,125.9772,53.0,52.0,78.0,0.0,69.0,38.0,1.20231,Idle,53.86666666666667,0.6333333333333333
2026-02-02 23:05:00,422.08338,335,374.0,151.0,0.0,0.0,0.0,0.0,0.0,0.0,421.86446,650.98336,0.83367,125.96956,53.0,52.0,78.0,0.0,69.0,38.0,1.04032,Idle,53.86666666666667,0.6333333333333333
2026-02-02 23:10:00,431.86813,335,374.0,151.0,0.0,0.0,0.0,0.0,0.0,0.0,431.54326,658.2822,0.84316,125.0496,53.0,52.0,78.0,0.0,69.0,38.09768,1.2763,Idle,53.86666666666667,0.6349613333333333
2026-02-02 23:15:00,407.56449,335,374.0,151.0,0.0,0.0,0.0,0.0,0.0,0.0,409.53402,636.78102,0.82643,125.78663,53.0,52.0,78.0,0.0,69.0,39.0,1.4301,Idle,53.86666666666667,0.65
2026-02-02 23:20:00,409.16996,335,374.0,151.0,0.0,0.0,0.0,0.0,0.0,0.0,410.59361,635.50848,0.83171,124.93879,53.0,52.0,78.0,0.0,69.0,39.0,1.47501,Idle,53.86666666666667,0.65
2026-02-02 23:25:00,420.8004,335,374.0,151.0,0.0,0.0,0.0,0.0,0.0,0.0,421.82952,650.02342,0.8382,124.53627,53.0,52.0,78.0,0.0,69.0,39.0,1.52587,Idle,53.86666666666667,0.65
2026-02-02 23:30:00,433.17393,335,374.0,151.0,0.0,0.0,0.0,0.0,0.0,0.0,434.56786,662.16846,0.84488,124.12524,53.0,52.0,78.0,0.0,69.0,39.0,1.5836,Idle,53.86666666666667,0.65
2026-02-02 23:35:00,417.92464,335,374.0,151.0,0.0,0.0,0.0,0.0,0.0,0.0,418.28944,645.28285,0.83454,124.81303,53.0,51.86025,78.0,0.0,69.0,39.0,1.56836,Idle,53.8643375,0.65
2026-02-02 23:40:00,425.34527,335,374.0,151.0,0.0,0.0,0.0,0.0,0.0,0.0,425.79506,652.28969,0.83995,124.73897,53.0,51.0,78.0,0.0,69.0,39.0,1.4596,Idle,53.85,0.65
2026-02-02 23:45:00,438.56612,335,374.0,151.0,0.0,0.0,0.0,0.0,0.0,0.0,440.18545,672.55311,0.8425,125.12739,53.0,51.0,78.0,0.0,69.0,39.0,1.46835,Idle,53.85,0.65
2026-02-02 23:50:00,442.39417,335,374.0,151.0,0.0,0.0,0.0,0.0,0.0,0.0,441.74124,674.96269,0.84416,124.99244,53.0,51.0,78.0,0.0,69.0,39.87416,1.48869,Idle,53.85,0.6645693333333333
2026-02-02 23:55:00,423.22106,335,374.0,151.0,0.0,0.0,0.0,0.0,0.0,0.0,423.19918,650.43306,0.83782,100.6187,53.0,51.0,78.0,0.0,69.0,40.0,1.80398,Idle,53.85,0.6666666666666666
2026-02-03 00:00:00,417.96019,335,374.0,151.0,0.0,0.0,0.0,0.0,0.0,0.0,418.15417,645.37481,0.83572,114.05596,53.0,51.0,78.0,0.0,69.0,40.0,1.64008,Idle,53.85,0.6666666666666666
